video_id,comment,likes,published_at,group_comeback
jWQx2f-CErU,Splash,0,2026-03-13T15:47:28Z,aespa_Whiplash
jWQx2f-CErU,"저가문제인들인적아는대로만적었어요참고하세요여기명단문제인이저희집수급비찝적대지못하게여러분이감시해주세요박은지(남매박정환박은애),정규은(친언니정규리정다은),김지은(친오빠김태일),황제희(나랑중1때같은반인적모름),이금비(여동생이혜인),정지원(나랑중1때같은반인적모름),이가영(엄마전성숙),전해령(친언니전혜진),강시은(친오빠강시태),방지영(나친척인대짜증나),장희원(친동생장희수),김은애(엄마아빠양보혜김명철),노은아(남동생노은성)",0,2026-03-13T14:09:12Z,aespa_Whiplash
jWQx2f-CErU,"장희원노은아정지원황제희전해령저랑중1같은반박민희는중2때또김지은,이금비(같은반),박은지저랑석호초졸,박은지박은애박정환3남매(여기인원문제인또한패임)김은애도감시요(김은애97년생7월2일생여자(넥슨플레이톡에글쓰는게빠듯해요예를들어4개다써놓으면예를들어2개가지워져요거기서쓰는거개기면제제되요;그래서문제인이랑남어지글은여기유튜브에적을게요문제인참고해서저희집수급지켜주세요또외부인도저희집수급안산시청구청직원들빙이해서찝적못되게여러분서로서로감시요)유튜브제제수위도빡센거없애주세요그니깐댓글을썻는대쉽게제제땜에댓글이없어져요;김은애도유체이탈의논으로저버러지취급해요김은애가안산시청구청직원빙이해서저희집수급비찝적대지못하게여러분감시좀요",0,2026-03-13T14:08:58Z,aespa_Whiplash
jWQx2f-CErU,2지켜주세요이거내용돌아가면서말좀전해주세요저그리고넥플이랑유튜브군대군대일부러댓글적는거에요군대군대적은거내용모두참고해주세요여러분저참고로노누리저희엄마방명희에요그리고옛날얼짱한아름송이도유체이탈의논으로저버러지취급하고저희집수급찝적못되게여러분이감시요,0,2026-03-13T14:08:47Z,aespa_Whiplash
jWQx2f-CErU,1저가외국여행가는거랑바다에서튜브탄다는거랑저가직접스쿠터주행그런거위험이유로이금비장희원박정환김지은등등저를유체이탈의논으로버러지로넘겨저저엄마수급90만원정도나오는거직원빙이해서찝적대지않게여러분유체이탈해서,0,2026-03-13T14:08:37Z,aespa_Whiplash
jWQx2f-CErU,I'm ready for it (cb),1,2026-03-13T13:02:29Z,aespa_Whiplash
jWQx2f-CErU,"the way I can immediately sense if the song is aespa or not is crazy, just the vibe they are giving are so... unique :)",0,2026-03-13T12:47:55Z,aespa_Whiplash
jWQx2f-CErU,존박이 잘한거구나,0,2026-03-13T12:26:59Z,aespa_Whiplash
jWQx2f-CErU,aespa Comeback in May 2026,1,2026-03-13T10:06:35Z,aespa_Whiplash
jWQx2f-CErU,2026 март ! (:,1,2026-03-13T08:54:31Z,aespa_Whiplash
jWQx2f-CErU,aespa confirmed to comeback this May! oh they're about to eat once again!,1,2026-03-13T08:12:17Z,aespa_Whiplash
jWQx2f-CErU,Here from Attitude.,0,2026-03-13T05:27:50Z,aespa_Whiplash
jWQx2f-CErU,180k,0,2026-03-13T04:18:24Z,aespa_Whiplash
jWQx2f-CErU,"저가문제인들인적아는대로만적었어요참고하세요여기명단문제인이저희집수급비찝적대지못하게여러분이감시해주세요
박민희(친동생박민지),박은지(남매박정환박은애),정규은(친언니정규리정다은),김지은(친오빠김태일),황제희(나랑중1때같은반인적모름),이금비(여동생이혜인),정지원(나랑중1때같은반인적모름),이가영(엄마전성숙),전해령(친언니전혜진),강시은(친오빠강시태),방지영(나친척인대짜증나),장희원(친동생장희수),김은애(엄마아빠양보혜김명철),노은아(남동생노은성)",0,2026-03-13T01:39:46Z,aespa_Whiplash
jWQx2f-CErU,"장희원노은아정지원황제희전해령저랑중1같은반박민희는중2때또김지은,이금비(같은반),박은지저랑석호초졸,박은지박은애박정환3남매(여기인원문제인또한패임)김은애도감시요(김은애97년생7월2일생여자(넥슨플레이톡에글쓰는게빠듯해요예를들어4개다써놓으면예를들어2개가지워져요거기서쓰는거개기면제제되요;그래서문제인이랑남어지글은여기유튜브에적을게요문제인참고해서저희집수급지켜주세요또외부인도저희집수급안산시청구청직원들빙이해서찝적못되게여러분서로서로감시요)유튜브제제수위도빡센거없애주세요그니깐댓글을썻는대쉽게제제땜에댓글이없어져요;김은애도유체이탈의논으로저버러지취급해요김은애가안산시청구청직원빙이해서저희집수급비찝적대지못하게여러분감시좀요",0,2026-03-13T01:39:38Z,aespa_Whiplash
jWQx2f-CErU,2지켜주세요이거내용돌아가면서말좀전해주세요저그리고넥플이랑유튜브군대군대일부러댓글적는거에요군대군대적은거내용모두참고해주세요여러분저참고로노누리저희엄마방명희에요그리고옛날얼짱한아름송이도유체이탈의논으로저버러지취급하고저희집수급찝적못되게여러분이감시요,0,2026-03-13T01:39:29Z,aespa_Whiplash
jWQx2f-CErU,1저가외국여행가는거랑바다에서튜브탄다는거랑저가직접스쿠터주행그런거위험이유로이금비장희원박정환김지은등등저를유체이탈의논으로버러지로넘겨저저엄마수급90만원정도나오는거직원빙이해서찝적대지않게여러분유체이탈해서,0,2026-03-13T01:39:16Z,aespa_Whiplash
jWQx2f-CErU,Aspea been around since the 90s,1,2026-03-12T20:08:12Z,aespa_Whiplash
jWQx2f-CErU,I still don't understand why it was not trending all over the globe,0,2026-03-12T16:18:45Z,aespa_Whiplash
jWQx2f-CErU,aespa we need that cb so bad,1,2026-03-12T12:58:24Z,aespa_Whiplash
jWQx2f-CErU,I feel like we're all hungry for that aespa comeback😭,3,2026-03-12T12:57:46Z,aespa_Whiplash
jWQx2f-CErU,Whiplash is 2024?!?…,1,2026-03-12T07:55:04Z,aespa_Whiplash
jWQx2f-CErU,Best aespa title,1,2026-03-12T04:45:25Z,aespa_Whiplash
jWQx2f-CErU,吒吒,1,2026-03-12T04:40:51Z,aespa_Whiplash
jWQx2f-CErU,Who miss this golden era?,1,2026-03-12T03:28:14Z,aespa_Whiplash
jWQx2f-CErU,"Circle Digital Chart   2026 Weeks 10
#25 (+2)  Whiplash",1,2026-03-12T02:36:48Z,aespa_Whiplash
jWQx2f-CErU,271 jt otw,0,2026-03-12T00:14:10Z,aespa_Whiplash
jWQx2f-CErU,"aespa NEXT LEVEL MV 405M
NEXT LEVEL AUDIO 305M
GO MY
🥳",10,2026-03-11T23:58:34Z,aespa_Whiplash
jWQx2f-CErU,ΧΥΝ,1,2026-03-11T21:01:13Z,aespa_Whiplash
jWQx2f-CErU,the cvntiese song in this gen bruh idc,0,2026-03-11T20:37:30Z,aespa_Whiplash
jWQx2f-CErU,4 faces are the same.. So bore of Kpop😢😢No group can compare  Blackpink.,0,2026-03-11T16:07:26Z,aespa_Whiplash
jWQx2f-CErU,喜欢！😀,3,2026-03-11T15:45:44Z,aespa_Whiplash
jWQx2f-CErU,"This is not a song, its literally a visual and fashion show.
smooth edits and posture are on its peak",10,2026-03-11T15:45:28Z,aespa_Whiplash
jWQx2f-CErU,2026?,5,2026-03-11T14:20:33Z,aespa_Whiplash
jWQx2f-CErU,Vamos  271M,3,2026-03-11T13:12:32Z,aespa_Whiplash
jWQx2f-CErU,Yen’s saving loop HOORAYYY,2,2026-03-11T11:51:19Z,aespa_Whiplash
jWQx2f-CErU,Getting recomended in 2026... Youtube count your days,2,2026-03-11T06:18:37Z,aespa_Whiplash
jWQx2f-CErU,749k,2,2026-03-11T06:16:49Z,aespa_Whiplash
jWQx2f-CErU,Similar to Everglow 😮,0,2026-03-11T02:09:18Z,aespa_Whiplash
jWQx2f-CErU,EU NUNCA ENJOO DISSO,0,2026-03-10T22:13:19Z,aespa_Whiplash
jWQx2f-CErU,Style lagu yang bagus,0,2026-03-10T21:59:10Z,aespa_Whiplash
jWQx2f-CErU,"병사들이 뽑은 '군통령'은
1위 에스파
🩵🌙⭐️🦋
#aespaWhiplash 350",4,2026-03-10T17:08:15Z,aespa_Whiplash
jWQx2f-CErU,"@aespa 25 MILLION ALBUMS
æspa MY
>>>>>>
🌌🦾",4,2026-03-10T17:06:36Z,aespa_Whiplash
jWQx2f-CErU,"@aespa 30 BILLION CirclePoints
+stream audio
my aespa+
🌌🦾",4,2026-03-10T17:06:26Z,aespa_Whiplash
jWQx2f-CErU,Bau besi nya kuat bngtt❤❤,0,2026-03-10T15:54:33Z,aespa_Whiplash
jWQx2f-CErU,Ofcc że się zgodzi,0,2026-03-10T15:36:17Z,aespa_Whiplash
jWQx2f-CErU,One of the best mvs,1,2026-03-10T15:19:59Z,aespa_Whiplash
jWQx2f-CErU,"From Brazil
Brazil loves aespa",2,2026-03-10T15:19:37Z,aespa_Whiplash
jWQx2f-CErU,"Karina❤❤❤❤❤❤❤
Winter❤❤❤❤❤❤❤
Ningning❤❤❤❤❤❤❤
Giselle❤❤❤❤❤❤❤❤",1,2026-03-10T15:19:20Z,aespa_Whiplash
jWQx2f-CErU,Whiplash is classic❤,1,2026-03-10T15:18:53Z,aespa_Whiplash
jWQx2f-CErU,"Uzizni tanishtiring
Uzb name
Korean name 
Yosh",0,2026-03-10T14:56:58Z,aespa_Whiplash
jWQx2f-CErU,this is their best song by far,4,2026-03-10T14:14:02Z,aespa_Whiplash
jWQx2f-CErU,Let's go 280M,0,2026-03-10T08:59:01Z,aespa_Whiplash
jWQx2f-CErU,"Alguém em 2026 por causa do encontrinho da Hanni , e a gótica dançou essa ❤❤❤🎉🎉🎉..amooo",1,2026-03-10T08:11:46Z,aespa_Whiplash
jWQx2f-CErU,2:30 best,0,2026-03-10T07:13:20Z,aespa_Whiplash
jWQx2f-CErU,"I love aespa for their creativity, for me they are the best girl group, they are very hardworking, but at the same time their work and albums are very high quality",3,2026-03-10T03:04:58Z,aespa_Whiplash
jWQx2f-CErU,503k,0,2026-03-10T03:04:41Z,aespa_Whiplash
jWQx2f-CErU,It's giving kinda like dress to impress vibes it's just a fashion runway,3,2026-03-10T00:52:36Z,aespa_Whiplash
jWQx2f-CErU,480k,0,2026-03-10T00:28:51Z,aespa_Whiplash
jWQx2f-CErU,This is definitely the most iconic song I heard in kpop after a loooooooong time....,25,2026-03-09T18:40:19Z,aespa_Whiplash
jWQx2f-CErU,elas eram tão grandonas. 2025 meio que enterrou elas. espero que voltem melhores,1,2026-03-09T18:16:53Z,aespa_Whiplash
jWQx2f-CErU,"Zero emotion, K-Pop tutorial on how to become an NPC.",0,2026-03-09T16:25:19Z,aespa_Whiplash
jWQx2f-CErU,Las amo,1,2026-03-09T13:36:05Z,aespa_Whiplash
jWQx2f-CErU,Karina ❤❤❤ the baddie,2,2026-03-09T13:04:14Z,aespa_Whiplash
jWQx2f-CErU,"#에스파, 日 TV 애니메이션 ‘킬블루’ OP #ATTITUDE 공개 화제
2026년 日 활동 포문 열었다→첫 돔 투어로 잇는 힘찬 기세",4,2026-03-09T06:57:31Z,aespa_Whiplash
jWQx2f-CErU,"久々に見たけどやっぱり美の暴力や…
かっこよすぎます🙏",8,2026-03-09T06:49:47Z,aespa_Whiplash
jWQx2f-CErU,"TVアニメ『#キルアオ』の
OPテーマを担当する #aespa から
コメントが到着✨

ぜひOPテーマPVにも注目してください👀

4月11日(土) 夜11時より放送開始の
『キルアオ』をお楽しみに！🔫",2,2026-03-09T02:51:30Z,aespa_Whiplash
jWQx2f-CErU,"TVアニメ『#キルアオ』の
OPテーマを担当する #aespa から
コメントが到着✨

ぜひOPテーマPVにも注目してください👀

4月11日(土) 夜11時より放送開始の
『キルアオ』をお楽しみに！",1,2026-03-09T02:51:22Z,aespa_Whiplash
jWQx2f-CErU,Thank you!,1,2026-03-09T02:43:59Z,aespa_Whiplash
jWQx2f-CErU,SM 이수만 터치다운 화와이 게이트 제주특별자치도 제주시 제주국제공항 제주지방법원,0,2026-03-09T00:45:48Z,aespa_Whiplash
jWQx2f-CErU,YG family 대우부동산 서울특별시 강북구 부동산,0,2026-03-09T00:44:59Z,aespa_Whiplash
jWQx2f-CErU,서울특별시 강남권,0,2026-03-09T00:44:24Z,aespa_Whiplash
jWQx2f-CErU,전자부동산 소송 양립 분립 SM 현대부동산 하이브는 SK 하이닉스 부동산 이다,1,2026-03-09T00:44:06Z,aespa_Whiplash
jWQx2f-CErU,"Gissele when she was the visual of the group for me, now shes scary 😢",0,2026-03-08T23:01:06Z,aespa_Whiplash
jWQx2f-CErU,252k,0,2026-03-08T21:51:52Z,aespa_Whiplash
jWQx2f-CErU,250k,0,2026-03-08T21:35:46Z,aespa_Whiplash
jWQx2f-CErU,270M,0,2026-03-08T21:35:27Z,aespa_Whiplash
jWQx2f-CErU,winter❤❤❤❤,1,2026-03-08T16:44:43Z,aespa_Whiplash
jWQx2f-CErU,"before 2nd anniversary...
i think Whiplash can top Savage mv views

anyways happy 270M aespa & Mys <3",1,2026-03-08T14:50:25Z,aespa_Whiplash
jWQx2f-CErU,"270M views (March 8,2026)",2,2026-03-08T14:45:49Z,aespa_Whiplash
jWQx2f-CErU,pinkselle is everything to me,3,2026-03-08T13:55:46Z,aespa_Whiplash
jWQx2f-CErU,"2,5M likes soon",3,2026-03-08T13:42:46Z,aespa_Whiplash
jWQx2f-CErU,Were you rushing or dragging?,4,2026-03-08T13:21:22Z,aespa_Whiplash
jWQx2f-CErU,"How can aespa have armageddon, whiplash, drama and supernova ????",5,2026-03-08T12:51:12Z,aespa_Whiplash
jWQx2f-CErU,270M done on 7/3/2026 🎉🎉,5,2026-03-08T10:47:03Z,aespa_Whiplash
jWQx2f-CErU,"그녀들 모두 너무 예쁘고, 스타일이 있어, 반해버렸어",3,2026-03-08T09:50:57Z,aespa_Whiplash
jWQx2f-CErU,Bad,1,2026-03-08T04:42:20Z,aespa_Whiplash
jWQx2f-CErU,Whiplash,0,2026-03-08T03:55:47Z,aespa_Whiplash
jWQx2f-CErU,La mejor visual de todo el K-pop todas hermosas ❤❤❤❤❤❤❤❤❤❤❤❤❤❤❤❤❤❤❤❤❤❤❤❤❤,3,2026-03-08T02:19:52Z,aespa_Whiplash
jWQx2f-CErU,Suas gatas,2,2026-03-08T01:07:20Z,aespa_Whiplash
jWQx2f-CErU,are these girl real they look so ai,5,2026-03-07T22:16:01Z,aespa_Whiplash
jWQx2f-CErU,17M to overcome drama,3,2026-03-07T22:10:41Z,aespa_Whiplash
jWQx2f-CErU,Happy 270M!!!,4,2026-03-07T22:10:23Z,aespa_Whiplash
jWQx2f-CErU,6k,4,2026-03-07T21:10:12Z,aespa_Whiplash
jWQx2f-CErU,270M,1,2026-03-07T21:10:04Z,aespa_Whiplash
jWQx2f-CErU,270M 🥳 go to 300M,3,2026-03-07T20:33:08Z,aespa_Whiplash
jWQx2f-CErU,Hah,0,2026-03-07T19:36:23Z,aespa_Whiplash
jWQx2f-CErU,Istg this is the most addictively modern masterpiece k-pop has EVER witnessed!! I’m here EVERYDAY.,4,2026-03-07T18:57:34Z,aespa_Whiplash
jWQx2f-CErU,Anyone in march 2026???,4,2026-03-07T16:53:58Z,aespa_Whiplash
jWQx2f-CErU,Meanwhile riding my F32 😂 ……. 🎶 🔊,2,2026-03-07T16:03:57Z,aespa_Whiplash
jWQx2f-CErU,2:13 - That part is so catchy,3,2026-03-07T15:52:51Z,aespa_Whiplash
jWQx2f-CErU,Not blackpink copy them 😂😂 oh tankpink,4,2026-03-07T12:41:27Z,aespa_Whiplash
jWQx2f-CErU,얘들아 저녁 뭐먹고싶니?,2,2026-03-07T11:14:18Z,aespa_Whiplash
jWQx2f-CErU,Всех девушек с 8 марта,2,2026-03-07T08:57:24Z,aespa_Whiplash
jWQx2f-CErU,Whiplash es una cancion legendaria y miren ya falta poco para los 270M ❤,1,2026-03-07T08:35:24Z,aespa_Whiplash
jWQx2f-CErU,"@aespa +71 MILLION views today🙏🏻
keep streaming my
🎉🎉🎉🎉
🌌🦾.",6,2026-03-07T05:44:36Z,aespa_Whiplash
jWQx2f-CErU,270M soon!,4,2026-03-07T05:21:23Z,aespa_Whiplash
jWQx2f-CErU,"2:54 ""THEY'RE REASONS YOU'LL NEVER UNDERSTAND"", hire and English speaker that has a basic understanding of how we use punctuation",0,2026-03-07T04:30:32Z,aespa_Whiplash
jWQx2f-CErU,에스파#마이로그 ❤🎉,4,2026-03-07T00:39:53Z,aespa_Whiplash
jWQx2f-CErU,"@aespa 25 MILLION ALBUMS
æspa MY
>>>>>>
🌌🦾
,,,,,,",4,2026-03-07T00:39:43Z,aespa_Whiplash
jWQx2f-CErU,"@aespa 30 BILLION CirclePoints
+stream audio
my aespa+
🌌🦾
.....",5,2026-03-07T00:39:29Z,aespa_Whiplash
jWQx2f-CErU,Queens,1,2026-03-06T23:20:44Z,aespa_Whiplash
jWQx2f-CErU,Ate,1,2026-03-06T23:20:28Z,aespa_Whiplash
jWQx2f-CErU,18M pra passar as views de drama!,2,2026-03-06T23:18:42Z,aespa_Whiplash
jWQx2f-CErU,736k,1,2026-03-06T20:57:39Z,aespa_Whiplash
jWQx2f-CErU,269M,1,2026-03-06T20:57:28Z,aespa_Whiplash
jWQx2f-CErU,Iconic,2,2026-03-06T17:44:04Z,aespa_Whiplash
jWQx2f-CErU,269,1,2026-03-06T17:17:06Z,aespa_Whiplash
jWQx2f-CErU,1:32 the moment I fall in love with Minjeong 🤍,2,2026-03-06T16:25:43Z,aespa_Whiplash
jWQx2f-CErU,Not an aespa fan but this song is so cunty,5,2026-03-06T14:42:34Z,aespa_Whiplash
jWQx2f-CErU,"TVアニメ『#キルアオ』の
OPテーマを担当する #aespa から
コメントが到着✨

ぜひOPテーマPVにも注目してください👀

4月11日(土) 夜11時より放送開始の
『キルアオ』をお楽しみに！🔫",5,2026-03-06T13:47:23Z,aespa_Whiplash
jWQx2f-CErU,Comeback pleassse,3,2026-03-06T10:48:13Z,aespa_Whiplash
jWQx2f-CErU,Best of the 👌 👍 😍 🥰,3,2026-03-06T10:17:26Z,aespa_Whiplash
jWQx2f-CErU,I got sent the link for this and expected the 2014 movie,0,2026-03-06T07:50:40Z,aespa_Whiplash
jWQx2f-CErU,독특한 스타일을 가진 에스파,2,2026-03-06T07:47:38Z,aespa_Whiplash
jWQx2f-CErU,"[💿]
aespa のDigital Single「ATTITUDE」がリリース！
さらに、「ATTITUDE」はTVアニメ『キルアオ』オープニングテーマに決定しました！✨📺
「ATTITUDE」は本日、2026年3月6日（金）から配信開始いたします！
------",5,2026-03-06T03:00:51Z,aespa_Whiplash
jWQx2f-CErU,Every time Someone likes My comment i'll watch it again.,7,2026-03-06T02:57:21Z,aespa_Whiplash
jWQx2f-CErU,kpop(女性)の最高到達点な気がしている,12,2026-03-06T01:09:29Z,aespa_Whiplash
jWQx2f-CErU,Que merda é essa😢,0,2026-03-06T00:46:07Z,aespa_Whiplash
jWQx2f-CErU,Who is here after keychain and ATTITUDE,7,2026-03-05T21:54:51Z,aespa_Whiplash
jWQx2f-CErU,478k,0,2026-03-05T20:06:06Z,aespa_Whiplash
jWQx2f-CErU,"aespa released a new song ATTITUDE, I recommend you listen to it!!",6,2026-03-05T20:05:53Z,aespa_Whiplash
jWQx2f-CErU,heard this like 4 times becuase im using whiplash for school talent show /trio,4,2026-03-05T18:52:34Z,aespa_Whiplash
jWQx2f-CErU,their 2024 run needs to be studied,4,2026-03-05T17:27:09Z,aespa_Whiplash
jWQx2f-CErU,I want a billion views on this mv😭,8,2026-03-05T17:22:37Z,aespa_Whiplash
jWQx2f-CErU,Aespaaa,3,2026-03-05T17:07:46Z,aespa_Whiplash
jWQx2f-CErU,"aespa is currently trending at #1 on MelOn realtime search list, following the release of “ATTITUDE”.",8,2026-03-05T16:33:45Z,aespa_Whiplash
jWQx2f-CErU,aespa has released their Japanese digital single ‘Attitude’ on all streaming platforms!,12,2026-03-05T15:52:46Z,aespa_Whiplash
jWQx2f-CErU,NEW AESPA SONG ATTITUDE OUT NOW Y'ALL!,10,2026-03-05T15:52:37Z,aespa_Whiplash
jWQx2f-CErU,Karina ❤,2,2026-03-05T15:26:36Z,aespa_Whiplash
jWQx2f-CErU,😂,1,2026-03-05T15:10:48Z,aespa_Whiplash
jWQx2f-CErU,Whiplash : 목상해. 자동차 사고시 발생하는 상해부위. 목. 그래서 목붙잡고 춤추나?,6,2026-03-05T14:39:45Z,aespa_Whiplash
jWQx2f-CErU,Keep going mys,1,2026-03-05T13:36:57Z,aespa_Whiplash
jWQx2f-CErU,QUEEN,0,2026-03-05T13:36:45Z,aespa_Whiplash
jWQx2f-CErU,270 jt otw,0,2026-03-05T12:18:20Z,aespa_Whiplash
jWQx2f-CErU,"Cara vote di music bank, music core sma inkigayo gimana?",1,2026-03-05T11:26:41Z,aespa_Whiplash
jWQx2f-CErU,"@aespa 25 MILLION ALBUMS
æspa MY
>>>>>>
🌌🦾",7,2026-03-05T07:27:27Z,aespa_Whiplash
jWQx2f-CErU,"@aespa 30 BILLION CirclePoints
+stream audio
my aespa+
🌌🦾",6,2026-03-05T07:26:50Z,aespa_Whiplash
jWQx2f-CErU,hight note nya gak sesuai ekspektasi 😭😭,0,2026-03-05T05:37:15Z,aespa_Whiplash
jWQx2f-CErU,"no emotions in japan girls , just dools",0,2026-03-05T04:37:41Z,aespa_Whiplash
jWQx2f-CErU,"There is the sound of an eagle, guys 😂",1,2026-03-05T01:27:47Z,aespa_Whiplash
jWQx2f-CErU,에스파 #마이로그 ❤🎉,8,2026-03-04T21:52:39Z,aespa_Whiplash
jWQx2f-CErU,СЕКСИ!!!!!,2,2026-03-04T20:46:12Z,aespa_Whiplash
jWQx2f-CErU,Aespa rules I love them so much I study this dance for weeks now I know how to do it Aespa is so amazing,6,2026-03-04T19:02:57Z,aespa_Whiplash
jWQx2f-CErU,231k,1,2026-03-04T18:58:47Z,aespa_Whiplash
jWQx2f-CErU,"There is no doubt, they were on a whole different level during 2024. Bring this aespa backkkk",3,2026-03-04T16:32:08Z,aespa_Whiplash
jWQx2f-CErU,Ya casi 270M,1,2026-03-04T16:31:23Z,aespa_Whiplash
jWQx2f-CErU,Ma nich,1,2026-03-04T16:29:39Z,aespa_Whiplash
jWQx2f-CErU,"Just so you know, there's a chance that they'll release a song on April 27. It will be a pre-release song for their 2nd full album. And the release of the main title track will be on May 11.

But let's see.",5,2026-03-04T16:07:50Z,aespa_Whiplash
jWQx2f-CErU,作为中国的粉丝还是非常喜欢看到现在这个场面的现场的状态现在有什么需要改变的内容或者流行趋势还是什么的，但是目前来看大部分内容还是非常好看的造型啦，新的idea等等,4,2026-03-04T15:36:20Z,aespa_Whiplash
jWQx2f-CErU,"ga pernah bosen sama lagu whiplash , apalagi sambil belajar dancenya seru bangett",3,2026-03-04T14:10:45Z,aespa_Whiplash
jWQx2f-CErU,270m,5,2026-03-04T13:28:13Z,aespa_Whiplash
jWQx2f-CErU,I often use this song to do the beep test ❤,5,2026-03-04T12:25:41Z,aespa_Whiplash
jWQx2f-CErU,aespa,4,2026-03-04T11:06:01Z,aespa_Whiplash
jWQx2f-CErU,Suka whip whip,1,2026-03-04T09:22:46Z,aespa_Whiplash
jWQx2f-CErU,whiplash was 1 year ago! and it's still ICONIC,5,2026-03-04T06:57:33Z,aespa_Whiplash
jWQx2f-CErU,😮,1,2026-03-04T06:26:38Z,aespa_Whiplash
jWQx2f-CErU,Let's go aespa,4,2026-03-04T05:22:58Z,aespa_Whiplash
jWQx2f-CErU,62k,1,2026-03-04T03:29:52Z,aespa_Whiplash
jWQx2f-CErU,Самые красивые,2,2026-03-04T01:44:54Z,aespa_Whiplash
jWQx2f-CErU,"[📢]
#ドコモMAX #ドコモポイ活MAX のご契約者限定！
『2026 aespa LIVE TOUR - SYNK : aeXIS LINE - in JAPAN [SPECIAL EDITION DOME TOUR』チケット販売(抽選)応募スタート！

3/2(月)18:00～3/8(日)23:59まで🎫.",3,2026-03-03T23:06:49Z,aespa_Whiplash
jWQx2f-CErU,"[📢]
aespaがイメージモデルを務める新カラーコンタクトブランドØTHER（アザー）のPOPUPイベントが、東京＜渋谷＞と大阪＜梅田＞にて開催が決定しました！

＜開催場所・期間＞
■大阪 -梅田- POPUPby LENS LiST
2026年４月３日(金)～４月１５日(水)

■東京 -渋谷- POPUPby LENS LiST
2026年４月24日(金)～５月6日(水・祝)",4,2026-03-03T23:06:42Z,aespa_Whiplash
jWQx2f-CErU,Happy 269M!!!,2,2026-03-03T22:12:44Z,aespa_Whiplash
jWQx2f-CErU,AESPA take this year,5,2026-03-03T20:17:11Z,aespa_Whiplash
jWQx2f-CErU,These queens will return in May,2,2026-03-03T20:16:41Z,aespa_Whiplash
jWQx2f-CErU,2k,0,2026-03-03T19:33:18Z,aespa_Whiplash
jWQx2f-CErU,269M,0,2026-03-03T19:33:08Z,aespa_Whiplash
jWQx2f-CErU,I am not a big fan of aespa but this song is my favorite 😊 😂,7,2026-03-03T18:04:56Z,aespa_Whiplash
jWQx2f-CErU,명곡이다,9,2026-03-03T16:53:48Z,aespa_Whiplash
jWQx2f-CErU,WHIPLASH IN MARCH???,26,2026-03-03T14:49:35Z,aespa_Whiplash
jWQx2f-CErU,Retti tta ya ya,1,2026-03-03T11:48:02Z,aespa_Whiplash
jWQx2f-CErU,Minji we are family 😂😂😂ya 😊😊😊❤❤❤🎉🎉🎉,2,2026-03-03T11:46:22Z,aespa_Whiplash
jWQx2f-CErU,Imagine listening to this flop,0,2026-03-03T09:18:24Z,aespa_Whiplash
jWQx2f-CErU,Aespa flopped✌️💔,0,2026-03-03T09:17:33Z,aespa_Whiplash
jWQx2f-CErU,269 jt otw,0,2026-03-03T04:30:53Z,aespa_Whiplash
jWQx2f-CErU,Easy,0,2026-03-03T02:24:04Z,aespa_Whiplash
jWQx2f-CErU,que arraso,1,2026-03-03T00:43:45Z,aespa_Whiplash
jWQx2f-CErU,😢,0,2026-03-02T23:21:47Z,aespa_Whiplash
jWQx2f-CErU,"❤❤❤❤❤❤❤❤❤❤❤❤❤❤❤❤❤❤❤❤❤❤❤❤❤❤❤❤❤❤❤❤❤❤❤❤























❤❤❤❤❤❤❤❤❤❤❤❤❤❤❤❤❤❤❤❤❤❤❤❤❤❤❤❤❤❤❤❤❤❤❤❤❤❤❤❤❤❤❤❤❤❤❤❤❤❤❤❤❤❤❤❤❤❤❤❤❤❤❤❤❤❤❤❤❤❤❤❤❤❤❤❤❤❤❤❤❤❤❤❤❤❤❤❤❤










❤❤❤❤❤❤❤❤❤❤❤❤❤❤❤❤❤❤❤❤❤❤❤❤❤❤❤❤❤❤❤❤❤❤❤❤❤❤❤❤❤❤❤❤❤❤❤❤❤❤❤❤❤❤❤❤❤❤❤❤❤",0,2026-03-02T20:08:52Z,aespa_Whiplash
jWQx2f-CErU,Whiplash is THAT songgg!!!!!!,9,2026-03-02T17:10:55Z,aespa_Whiplash
jWQx2f-CErU,Better than Blackpink 🤷🏻‍♀️👏🏼,16,2026-03-02T16:39:11Z,aespa_Whiplash
jWQx2f-CErU,"16 months after debut, Whiplash is still on fire !",12,2026-03-02T15:53:02Z,aespa_Whiplash
jWQx2f-CErU,Queens,2,2026-03-02T13:19:27Z,aespa_Whiplash
jWQx2f-CErU,Ate,2,2026-03-02T13:19:18Z,aespa_Whiplash
jWQx2f-CErU,Whiplash is the best song ever!,19,2026-03-02T09:33:09Z,aespa_Whiplash
jWQx2f-CErU,MI ESPOSA YUKA HACE PARTE DE ESTE GRUPO KPOP❤❤❤❤,0,2026-03-02T09:19:10Z,aespa_Whiplash
jWQx2f-CErU,aespa doing a TREND SONGS getting copied HISTORY ❤,4,2026-03-02T09:07:24Z,aespa_Whiplash
jWQx2f-CErU,에스파는 너무 왜소하고 마르고 툭 치면 날아갈 것 같아서 퍼포먼스가 멋잇어 보이질 않음.... 강한 노래가 잘 안 어울림,0,2026-03-02T07:38:13Z,aespa_Whiplash
jWQx2f-CErU,sunday sihaven ice,0,2026-03-02T06:16:35Z,aespa_Whiplash
jWQx2f-CErU,노래가 신나서 자주듣긴하는데 이 노래 가사속 뜻 아는분 있나요?,0,2026-03-02T04:58:36Z,aespa_Whiplash
jWQx2f-CErU,Beat drop,3,2026-03-02T02:35:34Z,aespa_Whiplash
jWQx2f-CErU,2:32 a gigi famando aura amo amo,2,2026-03-01T23:45:33Z,aespa_Whiplash
jWQx2f-CErU,As mamys arrasando como sempre,1,2026-03-01T23:44:35Z,aespa_Whiplash
jWQx2f-CErU,Muito bom a música ❤,1,2026-03-01T22:05:09Z,aespa_Whiplash
jWQx2f-CErU,nsx @ 2:36,0,2026-03-01T21:39:04Z,aespa_Whiplash
jWQx2f-CErU,ILOVE YOU aspa❤,3,2026-03-01T21:06:33Z,aespa_Whiplash
jWQx2f-CErU,517k,0,2026-03-01T17:21:55Z,aespa_Whiplash
jWQx2f-CErU,SOY LA UNNICA QUE HABLA ESPAÑOLLLLL,0,2026-03-01T16:56:39Z,aespa_Whiplash
jWQx2f-CErU,I lover ypur songs❤❤❤❤❤,1,2026-03-01T16:23:01Z,aespa_Whiplash
jWQx2f-CErU,By the way it will be great if we try to achieve 300m v!ews before their comeback,1,2026-03-01T16:14:10Z,aespa_Whiplash
jWQx2f-CErU,"I need them to announce that comeback, I can't wait anymore😭",5,2026-03-01T16:13:23Z,aespa_Whiplash
jWQx2f-CErU,은혜롭다❤,0,2026-03-01T15:12:49Z,aespa_Whiplash
jWQx2f-CErU,Lol,1,2026-03-01T13:55:43Z,aespa_Whiplash
jWQx2f-CErU,Bài hát hay qá,2,2026-03-01T13:18:32Z,aespa_Whiplash
jWQx2f-CErU,歌詞非常有內涵深度 不單調,2,2026-03-01T12:22:58Z,aespa_Whiplash
jWQx2f-CErU,GO flopped to suppress Whiplash,6,2026-03-01T12:16:30Z,aespa_Whiplash
jWQx2f-CErU,2:23,0,2026-03-01T09:44:17Z,aespa_Whiplash
jWQx2f-CErU,"@aespa +60 MILLION views today🙏🏻
keep streaming my
🎉🎉🎉🎉
🌌🦾",5,2026-03-01T09:32:23Z,aespa_Whiplash
jWQx2f-CErU,"@aespa 25 MILLION ALBUMS
 MY
>>>>>>
🌌🦾",3,2026-03-01T09:32:13Z,aespa_Whiplash
jWQx2f-CErU,"@aespa 30 BILLION Circle Points
+stream audio
my aespa 
🌌🦾",2,2026-03-01T09:31:43Z,aespa_Whiplash
jWQx2f-CErU,Can't even reach 300m in one year . And some are saying they are better than BLACKPINK. Seriously 😒🥴 .  Ohhh want limelight frpm blinks,0,2026-03-01T09:29:54Z,aespa_Whiplash
jWQx2f-CErU,412k,5,2026-03-01T08:48:30Z,aespa_Whiplash
jWQx2f-CErU,THE TRENDSETTER,3,2026-03-01T07:28:16Z,aespa_Whiplash
jWQx2f-CErU,Я про эспу ничего не знаю и ради этого послушала песню и в каком месте го расхода виплаш или виплеш извините вот go пахож на whiplash,2,2026-03-01T06:10:07Z,aespa_Whiplash
jWQx2f-CErU,윕라시,1,2026-03-01T05:43:38Z,aespa_Whiplash
jWQx2f-CErU,🎉🎉🎉,0,2026-03-01T05:19:58Z,aespa_Whiplash
jWQx2f-CErU,Omg i liked this is my fav,1,2026-03-01T04:53:30Z,aespa_Whiplash
jWQx2f-CErU,319k,3,2026-02-28T23:39:19Z,aespa_Whiplash
jWQx2f-CErU,"aespa is a sensation, they have everything to be a popular and sought-after group, I understand the aespa haters, I would also be angry if my favorites didn't win anything and everything was given to others",3,2026-02-28T23:35:30Z,aespa_Whiplash
jWQx2f-CErU,Лучшие,0,2026-02-28T23:33:48Z,aespa_Whiplash
jWQx2f-CErU,"The most viewed AESPA videos on YouTube in February:
Whiplash - 6,918,205
Drama - 3,389,288
Supernova - 2,818,840
Dirty Work - 2,487,332
Rich Man - 2,318,483",0,2026-02-28T23:21:37Z,aespa_Whiplash
jWQx2f-CErU,317k,0,2026-02-28T23:14:10Z,aespa_Whiplash
jWQx2f-CErU,"aespa are planning to release their second full-length album this year, I'm really looking forward to it.",5,2026-02-28T23:14:01Z,aespa_Whiplash
jWQx2f-CErU,280k,1,2026-02-28T19:01:54Z,aespa_Whiplash
jWQx2f-CErU,This song and MV will forever be iconic❤,0,2026-02-28T18:41:50Z,aespa_Whiplash
jWQx2f-CErU,This is the era that turned me into a MY.,9,2026-02-28T16:15:19Z,aespa_Whiplash
jWQx2f-CErU,NGL this looks like a making seen,3,2026-02-28T11:20:23Z,aespa_Whiplash
jWQx2f-CErU,위플래쉬짱,3,2026-02-28T08:02:45Z,aespa_Whiplash
jWQx2f-CErU,얘들아 뭐먹고싶니?,1,2026-02-28T07:46:24Z,aespa_Whiplash
jWQx2f-CErU,"2009 yes
2011 yes
2012 yes
2013 yes",0,2026-02-28T07:44:14Z,aespa_Whiplash
jWQx2f-CErU,Lũ mắt híp 🤣,0,2026-02-28T06:56:37Z,aespa_Whiplash
jWQx2f-CErU,"Circle Digital Chart  2026 Weeks 08
#21 (+1)   Whiplash
NOTE:  Whiplash debuted on Oct 21, 2024.",0,2026-02-28T05:59:48Z,aespa_Whiplash
jWQx2f-CErU,2:30,0,2026-02-28T05:57:35Z,aespa_Whiplash
jWQx2f-CErU,why did blackpink copy aespa?,6,2026-02-28T05:51:05Z,aespa_Whiplash
jWQx2f-CErU,103k,0,2026-02-28T05:38:25Z,aespa_Whiplash
jWQx2f-CErU,Aespa es el estándar,6,2026-02-28T04:12:11Z,aespa_Whiplash
jWQx2f-CErU,better than bp’s new album,20,2026-02-28T03:49:57Z,aespa_Whiplash
jWQx2f-CErU,WHIPLASH BEST SONG,52,2026-02-28T00:32:37Z,aespa_Whiplash
jWQx2f-CErU,I don’t now why but this reminds me dupstep,6,2026-02-27T21:13:49Z,aespa_Whiplash
jWQx2f-CErU,Que clase de hermosura acabo de ver😮,14,2026-02-27T20:58:39Z,aespa_Whiplash
jWQx2f-CErU,Omg está bien chido,6,2026-02-27T19:12:47Z,aespa_Whiplash
jWQx2f-CErU,Лучшие!,7,2026-02-27T17:30:54Z,aespa_Whiplash
jWQx2f-CErU,Came from bps new album just to clean my ears,277,2026-02-27T17:23:15Z,aespa_Whiplash
jWQx2f-CErU,on our way to 270M,5,2026-02-27T17:02:02Z,aespa_Whiplash
jWQx2f-CErU,EAR CLEANSE,16,2026-02-27T15:46:17Z,aespa_Whiplash
jWQx2f-CErU,"Fan of Blackpink, but i need to go here just to cleanse my ears,wtf happen @BLACKPINK ??. this is the real techno music, need to delete that ""GO"" music video. 😭",39,2026-02-27T15:26:57Z,aespa_Whiplash
jWQx2f-CErU,귀 세척,5,2026-02-27T15:02:17Z,aespa_Whiplash
jWQx2f-CErU,"나초를 빌려주셔서 감사합니다, 에스파",6,2026-02-27T15:02:05Z,aespa_Whiplash
jWQx2f-CErU,thank you for lending ur nachos aespa,5,2026-02-27T15:01:49Z,aespa_Whiplash
jWQx2f-CErU,Ear cleanse,3,2026-02-27T15:00:45Z,aespa_Whiplash
jWQx2f-CErU,아 다시봐도 개맛있다 이거지,4,2026-02-27T14:11:19Z,aespa_Whiplash
jWQx2f-CErU,268 jt otw,2,2026-02-27T13:31:18Z,aespa_Whiplash
jWQx2f-CErU,Dayuwmn,1,2026-02-27T12:00:13Z,aespa_Whiplash
jWQx2f-CErU,900k,3,2026-02-27T11:27:13Z,aespa_Whiplash
jWQx2f-CErU,aespa ❤,3,2026-02-27T11:26:19Z,aespa_Whiplash
jWQx2f-CErU,Keychains,4,2026-02-27T11:26:11Z,aespa_Whiplash
jWQx2f-CErU,Aespa copied black pink,2,2026-02-27T11:22:12Z,aespa_Whiplash
jWQx2f-CErU,Whi whiplash,3,2026-02-27T10:56:22Z,aespa_Whiplash
jWQx2f-CErU,893K,1,2026-02-27T10:55:33Z,aespa_Whiplash
jWQx2f-CErU,GO 300M,4,2026-02-27T10:55:09Z,aespa_Whiplash
jWQx2f-CErU,BLACK PINK GOOO!! 🖤🩷,1,2026-02-27T10:35:48Z,aespa_Whiplash
jWQx2f-CErU,Let's go 300M,3,2026-02-27T10:30:22Z,aespa_Whiplash
jWQx2f-CErU,Blackpink can't relate HAHAHA,5,2026-02-27T10:20:15Z,aespa_Whiplash
jWQx2f-CErU,this is the blueprint,11,2026-02-27T10:14:01Z,aespa_Whiplash
jWQx2f-CErU,850k,2,2026-02-27T07:46:10Z,aespa_Whiplash
jWQx2f-CErU,"it's like they broke off from their formula, but also, it feels like them...LET'S GO",5,2026-02-27T07:33:50Z,aespa_Whiplash
jWQx2f-CErU,BEST SONG,10,2026-02-27T05:57:10Z,aespa_Whiplash
jWQx2f-CErU,2'26,0,2026-02-27T05:23:41Z,aespa_Whiplash
jWQx2f-CErU,803K,2,2026-02-27T03:09:37Z,aespa_Whiplash
jWQx2f-CErU,I bet no one is in 2026,0,2026-02-27T02:54:01Z,aespa_Whiplash
jWQx2f-CErU,"02:30 “One look, give ’em whiplash” 😮‍🔥
Yeah… that’s the moment Giselle OWNED the whole track.",0,2026-02-27T02:39:05Z,aespa_Whiplash
jWQx2f-CErU,"today aespa my!

2026년 2월 27일 (금)
💽 14:00 [단체] 콜라보 음원 'Keychain' 발매
......",4,2026-02-27T02:26:47Z,aespa_Whiplash
jWQx2f-CErU,ギャル⊹ ࣪ ﹏𓊝﹏𓂁﹏⊹ ࣪ ˖,1,2026-02-27T00:50:12Z,aespa_Whiplash
jWQx2f-CErU,this cVnty song y'all! can't stop listening to it!,3,2026-02-26T22:10:37Z,aespa_Whiplash
jWQx2f-CErU,Korea hamaa,1,2026-02-26T22:05:53Z,aespa_Whiplash
jWQx2f-CErU,في قمة الابداع 💞👌👌,3,2026-02-26T21:30:32Z,aespa_Whiplash
jWQx2f-CErU,Iconic.,1,2026-02-26T19:48:29Z,aespa_Whiplash
jWQx2f-CErU,"2:33 this part does things to me, I like start floating",3,2026-02-26T19:34:13Z,aespa_Whiplash
jWQx2f-CErU,Whiplash,3,2026-02-26T19:08:01Z,aespa_Whiplash
jWQx2f-CErU,Let's go aespa,8,2026-02-26T19:06:42Z,aespa_Whiplash
jWQx2f-CErU,300M,4,2026-02-26T19:06:28Z,aespa_Whiplash
jWQx2f-CErU,745K,2,2026-02-26T19:06:12Z,aespa_Whiplash
jWQx2f-CErU,"Pls support aespa's younger sisters, Hearts2Hearts.",0,2026-02-26T19:02:28Z,aespa_Whiplash
jWQx2f-CErU,Who here a year later ?,5,2026-02-26T18:39:48Z,aespa_Whiplash
jWQx2f-CErU,Still the best aespa song,7,2026-02-26T15:47:21Z,aespa_Whiplash
jWQx2f-CErU,Nice,2,2026-02-26T11:38:16Z,aespa_Whiplash
jWQx2f-CErU,best songgg,10,2026-02-26T11:10:34Z,aespa_Whiplash
jWQx2f-CErU,Winter çok güzell,3,2026-02-26T10:51:12Z,aespa_Whiplash
jWQx2f-CErU,Winter standout most❤,0,2026-02-26T10:39:29Z,aespa_Whiplash
jWQx2f-CErU,GISELLE LOOKS LIKE TOP MODEL,0,2026-02-26T09:40:35Z,aespa_Whiplash
jWQx2f-CErU,#마이로그,0,2026-02-26T08:57:19Z,aespa_Whiplash
jWQx2f-CErU,"[📢]
aespaがイメージモデルを務める新カラーコンタクトブランドØTHER（アザー）のPOPUPイベントが、東京＜渋谷＞と大阪＜梅田＞にて開催が決定しました！

＜開催場所・期間＞
■大阪 -梅田- POPUPby LENS LiST
2026年４月３日(金)～４月１５日(水)

■東京 -渋谷- POPUPby LENS LiST
2026年４月24日(金)～５月6日(水・祝)❤",6,2026-02-26T08:56:59Z,aespa_Whiplash
jWQx2f-CErU,"[📢]
aespaが新カラーコンタクトブランドØTHER（アザー）のイメージモデルに決定しました！✨

イメージモデルを務めるØTHER（アザー）は2月27日(金)より販売！",3,2026-02-26T08:56:35Z,aespa_Whiplash
jWQx2f-CErU,Whiplash is a MASTERPIECE,1,2026-02-26T08:44:19Z,aespa_Whiplash
jWQx2f-CErU,S,1,2026-02-26T08:17:56Z,aespa_Whiplash
jWQx2f-CErU,"pinkselle, my queen.",0,2026-02-26T08:15:12Z,aespa_Whiplash
jWQx2f-CErU,전이랑 지금이랑 에스파 너무 달라짐,0,2026-02-26T05:05:01Z,aespa_Whiplash
jWQx2f-CErU,"Red velvet-exoneration
훠

잊을 수 없는
메모리즈 훠
그것이
여기의 정답
훠
교회 울리는
Fifth harmony
훠
낮은 음률

훠
404
훠

훠
어쩌고저쩌고
옥돔을 구워... ... ...
행복을 채워

우리는 mild star
어쩌면
Straight star
훠
어쩌고저쩌고
흩어진 드래곤볼을 모아

뭉쳐
훠

마치
Connect x
훠",0,2026-02-26T04:57:40Z,aespa_Whiplash
jWQx2f-CErU,"Why it's similar to Bodyrox - Yeah Yeah, especially the intro... 😅😅😂😂",0,2026-02-26T04:57:25Z,aespa_Whiplash
jWQx2f-CErU,580k,0,2026-02-26T04:11:50Z,aespa_Whiplash
jWQx2f-CErU,clock it,0,2026-02-26T02:14:18Z,aespa_Whiplash
jWQx2f-CErU,Buena Música ojala se ha la ultima,0,2026-02-26T01:06:09Z,aespa_Whiplash
jWQx2f-CErU,Anyone in 2026?,0,2026-02-26T00:41:48Z,aespa_Whiplash
jWQx2f-CErU,im new here i barily of them i love them already,2,2026-02-25T23:05:53Z,aespa_Whiplash
jWQx2f-CErU,YUSSSSSSSSSSSSSSSSSSSS,0,2026-02-25T22:44:15Z,aespa_Whiplash
jWQx2f-CErU,🎉🎉🎉🎉,1,2026-02-25T22:23:08Z,aespa_Whiplash
jWQx2f-CErU,❤,0,2026-02-25T22:04:26Z,aespa_Whiplash
jWQx2f-CErU,ピンク髪の子ってなんて名前ですか！,1,2026-02-25T20:21:23Z,aespa_Whiplash
jWQx2f-CErU,Walking bgm,0,2026-02-25T15:37:11Z,aespa_Whiplash
jWQx2f-CErU,coming back for this masterpiece every single day,2,2026-02-25T15:01:45Z,aespa_Whiplash
jWQx2f-CErU,Love you all,0,2026-02-25T14:38:13Z,aespa_Whiplash
jWQx2f-CErU,The banggerrr❤,0,2026-02-25T05:38:37Z,aespa_Whiplash
jWQx2f-CErU,i think the director of this clip wanted to do something and went awfully in other way... is this art?? they go to film school to shot this kind of rubbish???  what a waste of money....,0,2026-02-25T03:23:33Z,aespa_Whiplash
jWQx2f-CErU,Favorite song rn,2,2026-02-25T02:52:44Z,aespa_Whiplash
jWQx2f-CErU,❤❤❤❤,1,2026-02-25T01:20:38Z,aespa_Whiplash
jWQx2f-CErU,Period.,0,2026-02-24T22:36:06Z,aespa_Whiplash
jWQx2f-CErU,Ви виплеш,2,2026-02-24T22:29:17Z,aespa_Whiplash
jWQx2f-CErU,Aespaa,0,2026-02-24T21:33:44Z,aespa_Whiplash
jWQx2f-CErU,gorgeous,1,2026-02-24T20:42:00Z,aespa_Whiplash
jWQx2f-CErU,aespa❤,2,2026-02-24T19:34:21Z,aespa_Whiplash
jWQx2f-CErU,Whip Flash,0,2026-02-24T18:17:06Z,aespa_Whiplash
jWQx2f-CErU,❤,2,2026-02-24T17:25:32Z,aespa_Whiplash
jWQx2f-CErU,WHO MAD THIS VIDEO??????????,0,2026-02-24T16:51:23Z,aespa_Whiplash
jWQx2f-CErU,and when they give us whiplash 2.0 for the cb? I'll be eating that up!,2,2026-02-24T15:08:13Z,aespa_Whiplash
jWQx2f-CErU,whiplash is a timeless hit actually,3,2026-02-24T15:07:38Z,aespa_Whiplash
jWQx2f-CErU,196k,3,2026-02-24T11:46:46Z,aespa_Whiplash
jWQx2f-CErU,1:20,1,2026-02-24T07:52:08Z,aespa_Whiplash
jWQx2f-CErU,1:05,0,2026-02-24T07:51:52Z,aespa_Whiplash
jWQx2f-CErU,0:58,0,2026-02-24T07:51:45Z,aespa_Whiplash
jWQx2f-CErU,300m,3,2026-02-24T07:39:30Z,aespa_Whiplash
jWQx2f-CErU,Unforgettableeee,1,2026-02-24T06:54:55Z,aespa_Whiplash
jWQx2f-CErU,QUE MANERA DE SERVIR CONOOO,1,2026-02-24T02:35:41Z,aespa_Whiplash
jWQx2f-CErU,"위위위플래시~~ ㅋ
이런 중독성 있는 노래 너무 좋아",3,2026-02-24T01:25:16Z,aespa_Whiplash
jWQx2f-CErU,Go to 270m,0,2026-02-23T23:42:15Z,aespa_Whiplash
jWQx2f-CErU,😂,0,2026-02-23T23:19:44Z,aespa_Whiplash
jWQx2f-CErU,4ever 💖 ⚡,0,2026-02-23T23:03:48Z,aespa_Whiplash
jWQx2f-CErU,this should be runway music but with the instrumental instead-,0,2026-02-23T22:46:42Z,aespa_Whiplash
jWQx2f-CErU,This song gives me chills. ❤,0,2026-02-23T21:05:50Z,aespa_Whiplash
jWQx2f-CErU,‏‪0:07‬‏ اكثررر لحضةةة احبهااا🫦🫦!!,0,2026-02-23T21:02:18Z,aespa_Whiplash
jWQx2f-CErU,0:54 giselle,1,2026-02-23T18:01:42Z,aespa_Whiplash
jWQx2f-CErU,Nothing can outdo Whiplash by its quality & uniqueness. The bar has been raised endlessly above the universe fr!!,6,2026-02-23T16:29:49Z,aespa_Whiplash
jWQx2f-CErU,"I barely know Aespa but I'm OBSESSED with the way this song sounds, it's so unique I love the techno vibe.",3,2026-02-23T14:03:57Z,aespa_Whiplash
jWQx2f-CErU,"aespa NEXT LEVEL MV 405M
NEXT LEVEL AUDIO 305M
GO MY
🥳",7,2026-02-23T13:29:35Z,aespa_Whiplash
jWQx2f-CErU,닝닝은 중국으로 안갔으면 좋겠다 너무 이쁘다구,1,2026-02-23T11:24:46Z,aespa_Whiplash
jWQx2f-CErU,"Обычно такое не слушая,но они реально крутые))",2,2026-02-23T10:23:19Z,aespa_Whiplash
jWQx2f-CErU,"In Fortnite, in my playlist, what's next a concert?  🙏🙏🙏😁😊",3,2026-02-23T07:34:33Z,aespa_Whiplash
jWQx2f-CErU,ICONIC,2,2026-02-23T03:11:49Z,aespa_Whiplash
jWQx2f-CErU,"""LET'S GO 300M❤❤🎉🎉",3,2026-02-23T00:20:17Z,aespa_Whiplash
jWQx2f-CErU,841k,0,2026-02-22T23:45:34Z,aespa_Whiplash
jWQx2f-CErU,266M,1,2026-02-22T23:45:24Z,aespa_Whiplash
jWQx2f-CErU,Ты очень классная у вас такая ещё крутая команда😊👍,2,2026-02-22T15:48:58Z,aespa_Whiplash
jWQx2f-CErU,the worst part is when the song end..,0,2026-02-22T15:10:33Z,aespa_Whiplash
jWQx2f-CErU,이 노래 진짜 멋지다👍🏻😎😁💃🏻💃🏻💃🏻💃🏻💃🏻저는 이 노래가 정말 좋아요☺️😍🥰😁,2,2026-02-22T14:03:33Z,aespa_Whiplash
jWQx2f-CErU,270m,2,2026-02-22T13:13:36Z,aespa_Whiplash
jWQx2f-CErU,300M before 2nd full album,6,2026-02-22T09:53:14Z,aespa_Whiplash
jWQx2f-CErU,DAY1 KNOW I BEEN BAD,4,2026-02-22T08:33:48Z,aespa_Whiplash
jWQx2f-CErU,Move fast,2,2026-02-22T08:33:31Z,aespa_Whiplash
jWQx2f-CErU,i love this video and music my4ever!,3,2026-02-22T05:46:37Z,aespa_Whiplash
jWQx2f-CErU,I can’t end to emphasize that even though Yeri was the least vocally powerful member her very characteristic voice really rounded up the Red Velvet voice harmony.,0,2026-02-22T03:45:52Z,aespa_Whiplash
jWQx2f-CErU,"@aespa +57 MILLION views today
keep streaming my
🎉🎉🎉🎉
🌌🦾
...",3,2026-02-22T02:21:28Z,aespa_Whiplash
jWQx2f-CErU,"@aespa 23 MILLION ALBUMS
GO MY
>>>>>>
🌌🦾
.",3,2026-02-22T02:21:06Z,aespa_Whiplash
jWQx2f-CErU,"YouTube Weekly Top Artists   Feb 19, 2026
#6 (=)   aespa",0,2026-02-22T02:09:53Z,aespa_Whiplash
jWQx2f-CErU,"They all look so beautiful, I want to know every detail about each one of them.🤗🤭😍😬😇🤕",1,2026-02-22T00:26:43Z,aespa_Whiplash
jWQx2f-CErU,"YEAH!
Yeah.
yeah...",0,2026-02-21T23:08:34Z,aespa_Whiplash
jWQx2f-CErU,And a new fan,3,2026-02-21T19:59:43Z,aespa_Whiplash
jWQx2f-CErU,Ýe,0,2026-02-21T18:05:11Z,aespa_Whiplash
jWQx2f-CErU,we need a mashup of aespa's Whiplash & hearts2hearts's Rude!  a *Rude Whiplash!*,0,2026-02-21T16:29:19Z,aespa_Whiplash
jWQx2f-CErU,Winter 😑,0,2026-02-21T13:58:35Z,aespa_Whiplash
jWQx2f-CErU,whip whiplash,0,2026-02-21T12:43:49Z,aespa_Whiplash
jWQx2f-CErU,BTS PAVED THE WAY BICH*S 💜💜🔮,0,2026-02-21T12:01:34Z,aespa_Whiplash
jWQx2f-CErU,BTS PAVED THE WAY BICH*S 💜💜🔮,0,2026-02-21T12:01:28Z,aespa_Whiplash
jWQx2f-CErU,When will you girls comeback,0,2026-02-21T09:06:20Z,aespa_Whiplash
jWQx2f-CErU,AESPA WHIPLASH,0,2026-02-21T08:42:54Z,aespa_Whiplash
jWQx2f-CErU,HAPPY 266M AESPA WHIPLASH,0,2026-02-21T08:42:40Z,aespa_Whiplash
jWQx2f-CErU,2.4M LIKES AESPA WHIPLASH,0,2026-02-21T08:42:26Z,aespa_Whiplash
jWQx2f-CErU,266M 421K AESPA WHIPLASH,0,2026-02-21T08:42:10Z,aespa_Whiplash
jWQx2f-CErU,415k,1,2026-02-21T08:18:00Z,aespa_Whiplash
jWQx2f-CErU,クール😎,1,2026-02-21T08:06:23Z,aespa_Whiplash
jWQx2f-CErU,GOGO🎉,2,2026-02-21T08:02:49Z,aespa_Whiplash
jWQx2f-CErU,Let's go aespa!!,3,2026-02-21T08:02:38Z,aespa_Whiplash
jWQx2f-CErU,Ae~~,0,2026-02-21T07:41:35Z,aespa_Whiplash
jWQx2f-CErU,mys❤,1,2026-02-21T06:20:02Z,aespa_Whiplash
jWQx2f-CErU,aespa 2026😊❤,1,2026-02-21T06:19:29Z,aespa_Whiplash
jWQx2f-CErU,2026❤❤,1,2026-02-21T06:19:06Z,aespa_Whiplash
jWQx2f-CErU,love wiplash,1,2026-02-21T06:17:30Z,aespa_Whiplash
jWQx2f-CErU,aespa fighting!!!,0,2026-02-21T05:37:27Z,aespa_Whiplash
jWQx2f-CErU,It got copied 😂,1,2026-02-21T04:38:05Z,aespa_Whiplash
jWQx2f-CErU,Who still listen to Whiplash til now 2026?,1,2026-02-21T03:00:48Z,aespa_Whiplash
jWQx2f-CErU,hi sweety,1,2026-02-21T02:35:11Z,aespa_Whiplash
jWQx2f-CErU,aespa was named the most powerful kpop group of 2025 @Forbes,7,2026-02-21T02:00:56Z,aespa_Whiplash
jWQx2f-CErU,닝닝 사랑해요,1,2026-02-21T01:39:08Z,aespa_Whiplash
jWQx2f-CErU,Only newer song I’ve come back for repeat listens by Aespa. It’s catchy and highlights their vocals/vocal strains in the best way here,3,2026-02-21T01:34:32Z,aespa_Whiplash
jWQx2f-CErU,2024 was aespa's year! AN UNSTOPPABLE FORCE!,1,2026-02-21T00:59:45Z,aespa_Whiplash
jWQx2f-CErU,Carmennnn,0,2026-02-21T00:53:00Z,aespa_Whiplash
jWQx2f-CErU,넥플에는인원간추려놨어요어쩔수없음글쓰는공간이부족해요,0,2026-02-20T23:50:40Z,aespa_Whiplash
jWQx2f-CErU,"장희원노은아정지원황제희전해령저랑중1같은반박민희는중2때또김지은,이금비(같은반),박은지저랑석호초졸,박은지박은애박정환3남매(여기인원문제인또한패임)김은애도감시요(김은애97년생7월2일생여자(넥슨플레이톡글쓰는게빠듯해요8개다써놓으면예를들어4개가지워져요거기서쓰는거개기면제제되요;그래서문제인이랑남어지글은여기유튜브에적을게요)유튜브제제수위도빡센거없애주세요그니깐댓글을썻는대쉽게제제땜에댓글이없어져요;김은애도유체이탈의논으로저버러지취급해요김은애가안산시청구청직원빙이해서저희집수급비찝적대지못하게여러분감시좀요",0,2026-02-20T23:50:32Z,aespa_Whiplash
jWQx2f-CErU,2지켜주세요이거내용돌아가면서말좀전해주세요저그리고넥플이랑숲군대군대일부러댓글적는거에요군대군대적은거내용모두참고해주세요여러분저참고로노누리저희엄마방명희에요그리고옛날얼짱한아름송이도유체이탈의논으로저버러지취급하고저희집수급찝적못되게여러분이감시요,0,2026-02-20T23:50:23Z,aespa_Whiplash
jWQx2f-CErU,1저가외국여행가는거랑바다에서튜브탄다는거랑저가직접스쿠터주행그런거위험이유로이금비장희원박정환김지은등등저를유체이탈의논으로버러지로넘겨저저엄마수급90만원정도나오는거직원빙이해서찝적대지않게여러분유체이탈해서,0,2026-02-20T23:50:16Z,aespa_Whiplash
jWQx2f-CErU,"aespa NEXT LEVEL MV 405M
NEXT LEVEL AUDIO 305M
GO MY
🥳",4,2026-02-20T23:44:33Z,aespa_Whiplash
jWQx2f-CErU,267 otw,0,2026-02-20T19:51:06Z,aespa_Whiplash
jWQx2f-CErU,300M let's gooo,0,2026-02-20T18:59:42Z,aespa_Whiplash
jWQx2f-CErU,"Go 270M
Happy 266",3,2026-02-20T18:49:07Z,aespa_Whiplash
jWQx2f-CErU,One look give em whiplash,1,2026-02-20T18:20:51Z,aespa_Whiplash
jWQx2f-CErU,"#마이로그
#에스파
#æspa
❤🎉",2,2026-02-20T17:40:22Z,aespa_Whiplash
jWQx2f-CErU,"@aespa +57 MILLION views today
keep streaming my
🎉🎉🎉🎉
🌌🦾
.....",4,2026-02-20T17:39:50Z,aespa_Whiplash
jWQx2f-CErU,2.5👍🏻,2,2026-02-20T17:39:16Z,aespa_Whiplash
jWQx2f-CErU,270.,2,2026-02-20T17:38:48Z,aespa_Whiplash
jWQx2f-CErU,who are the visual ?? 😭🥰,0,2026-02-20T16:57:14Z,aespa_Whiplash
jWQx2f-CErU,Aaaaaaaa❤❤❤❤❤❤❤,0,2026-02-20T15:38:22Z,aespa_Whiplash
jWQx2f-CErU,The bangger🎉,1,2026-02-20T10:28:39Z,aespa_Whiplash
jWQx2f-CErU,"Anjiirr kereennn❤❤❤❤
Yg masih bikin gak percaya tuhh Carmen coyy anak bangsa bisa di SM😍",0,2026-02-20T10:26:20Z,aespa_Whiplash
jWQx2f-CErU,lo de karina en 0:38 no tiene sentido,0,2026-02-20T10:22:37Z,aespa_Whiplash
jWQx2f-CErU,Lucuuuu🥺🥺💓,0,2026-02-20T10:19:42Z,aespa_Whiplash
jWQx2f-CErU,"🏆 2026 대한민국 퍼스트브랜드 대상 🏆
<여자아이돌 부문> aespa
수상을 축하드립니다 💐

...",3,2026-02-20T09:52:29Z,aespa_Whiplash
jWQx2f-CErU,"병사들이 뽑은 '군통령'은
1위 에스파
🩵🌙⭐️🦋
#aespaWhiplash 300",2,2026-02-20T09:52:17Z,aespa_Whiplash
jWQx2f-CErU,Enakk bangettt lagunya 🥰🥰🥰,0,2026-02-20T09:15:35Z,aespa_Whiplash
jWQx2f-CErU,Jay park lu ikut campur mulu😭,0,2026-02-20T09:05:47Z,aespa_Whiplash
jWQx2f-CErU,Why does this remind me of Metallica even though it's very different?,0,2026-02-20T06:59:55Z,aespa_Whiplash
jWQx2f-CErU,"aespa NEXT LEVEL MV 405M
NEXT LEVEL AUDIO 305M
GO MY
🥳",2,2026-02-20T04:46:23Z,aespa_Whiplash
jWQx2f-CErU,"aespa NEXT LEVEL MV 405M
NEXT LEVEL AUDIO 305M
GO MY
🥳",2,2026-02-20T04:46:13Z,aespa_Whiplash
jWQx2f-CErU,"aespa NEXT LEVEL MV 405M
NEXT LEVEL AUDIO 305M
GO MY
🥳",2,2026-02-20T04:46:02Z,aespa_Whiplash
jWQx2f-CErU,"Circle Digital Chart   2026  Weeks 07
#22 (+1)   Whiplash",0,2026-02-20T03:18:56Z,aespa_Whiplash
jWQx2f-CErU,Que diosaaaas no defraudan ❤,0,2026-02-20T02:57:54Z,aespa_Whiplash
jWQx2f-CErU,"和訳見たら歌詞はいい曲やん
戦場のメリークリスマスのサンプリングで天国のようとか言うのはどうかと思うけど
編曲がクラブミュージックすぎて台無しになってるだけやね",0,2026-02-20T02:33:49Z,aespa_Whiplash
jWQx2f-CErU,Deadly 😎👌,1,2026-02-19T23:33:14Z,aespa_Whiplash
jWQx2f-CErU,"I smiled when I heard the beat
I cried when I heard the lyrics

Thanks SB19 for making me feel human.",0,2026-02-19T21:48:11Z,aespa_Whiplash
jWQx2f-CErU,넥플에는인원간추려놨어요어쩔수없음글쓰는공간이부족해요,0,2026-02-19T20:11:15Z,aespa_Whiplash
jWQx2f-CErU,"장희원노은아정지원황제희전해령저랑중1같은반박민희는중2때또김지은,이금비(같은반),박은지저랑석호초졸,박은지박은애박정환3남매(여기인원문제인또한패임)김은애도감시요(김은애97년생7월2일생여자(넥슨플레이톡글쓰는게빠듯해요8개다써놓으면예를들어4개가지워져요거기서쓰는거개기면제제되요;그래서문제인이랑남어지글은여기유튜브에적을게요)유튜브제제수위도빡센거없애주세요그니깐댓글을썻는대쉽게제제땜에댓글이없어져요;김은애도유체이탈의논으로저버러지취급해요김은애가안산시청구청직원빙이해서저희집수급비찝적대지못하게여러분감시좀요",0,2026-02-19T20:11:06Z,aespa_Whiplash
jWQx2f-CErU,2지켜주세요이거내용돌아가면서말좀전해주세요저그리고넥플이랑숲군대군대일부러댓글적는거에요군대군대적은거내용모두참고해주세요여러분저참고로노누리저희엄마방명희에요그리고옛날얼짱한아름송이도유체이탈의논으로저버러지취급하고저희집수급찝적못되게여러분이감시요,0,2026-02-19T20:10:56Z,aespa_Whiplash
jWQx2f-CErU,1저가외국여행가는거랑바다에서튜브탄다는거랑저가직접스쿠터주행그런거위험이유로이금비장희원박정환김지은등등저를유체이탈의논으로버러지로넘겨저저엄마수급90만원정도나오는거직원빙이해서찝적대지않게여러분유체이탈해서,0,2026-02-19T20:10:48Z,aespa_Whiplash
jWQx2f-CErU,It's here !  266M.,0,2026-02-19T18:44:09Z,aespa_Whiplash
jWQx2f-CErU,ビッグフラッシュ！💥🍄‍🟫,0,2026-02-19T18:06:06Z,aespa_Whiplash
jWQx2f-CErU,Whiplash❤,2,2026-02-19T16:20:59Z,aespa_Whiplash
jWQx2f-CErU,this gave me a throwback to that protests and the martial law crisis in sk..,0,2026-02-19T16:09:15Z,aespa_Whiplash
jWQx2f-CErU,998k,0,2026-02-19T16:04:59Z,aespa_Whiplash
jWQx2f-CErU,Mari hancurkan produk produk budaya plastik & rasis korea selatan...,0,2026-02-19T15:19:39Z,aespa_Whiplash
jWQx2f-CErU,"병사들이 뽑은 '군통령'은
1위 에스파
🩵🌙⭐️🦋
#aespaWhiplash 300M😊",8,2026-02-19T15:18:05Z,aespa_Whiplash
jWQx2f-CErU,"@aespa 25 BILLION CirclePoints
+stream audio
my aespa go
🌌🦾.",5,2026-02-19T15:17:56Z,aespa_Whiplash
jWQx2f-CErU,"@aespa 23 MILLION ALBUMS
GO MY
>>>>>>
🌌🦾",5,2026-02-19T15:17:46Z,aespa_Whiplash
jWQx2f-CErU,"Because of racist Koreans, Aespa and Blackpink are receiving a lot of hate online.",2,2026-02-19T15:07:42Z,aespa_Whiplash
jWQx2f-CErU,Now why they're getting hate,2,2026-02-19T14:09:57Z,aespa_Whiplash
jWQx2f-CErU,😍🥰😘🥴,1,2026-02-19T14:04:05Z,aespa_Whiplash
jWQx2f-CErU,True.,1,2026-02-19T11:44:24Z,aespa_Whiplash
jWQx2f-CErU,Wajah sampah plastik,0,2026-02-19T08:39:51Z,aespa_Whiplash
jWQx2f-CErU,"🏆 2026 대한민국 퍼스트브랜드 대상 🏆
<여자아이돌 부문> aespa
수상을 축하드립니다 💐

.....",3,2026-02-19T04:39:16Z,aespa_Whiplash
jWQx2f-CErU,"병사들이 뽑은 '군통령'은
1위 에스파
🩵🌙⭐️🦋
#aespaWhiplash 300
.....",3,2026-02-19T04:38:58Z,aespa_Whiplash
jWQx2f-CErU,"@aespa +57 MILLION views today
keep streaming my
🎉🎉🎉🎉
🌌🦾
.",6,2026-02-19T04:38:39Z,aespa_Whiplash
jWQx2f-CErU,Phong cách giống blackpink,0,2026-02-19T04:20:25Z,aespa_Whiplash
jWQx2f-CErU,Knetz rasis,0,2026-02-19T03:58:32Z,aespa_Whiplash
jWQx2f-CErU,Kpop low class😂,1,2026-02-18T23:06:46Z,aespa_Whiplash
jWQx2f-CErU,Anyone in 2026?,3,2026-02-18T22:41:33Z,aespa_Whiplash
jWQx2f-CErU,"People are commenting negatively as if they'll gain something from it. If you want attention, go get a job and people will recognize you 💁🏻‍♂️",10,2026-02-18T21:28:28Z,aespa_Whiplash
jWQx2f-CErU,"头摇断了

💞",1,2026-02-18T19:35:49Z,aespa_Whiplash
jWQx2f-CErU,我没有看过任何一个女团这么吸引我无限循环的看视频！！！！！！ 我爱大家,1,2026-02-18T19:34:55Z,aespa_Whiplash
jWQx2f-CErU,Queen whiplashh❤,1,2026-02-18T19:31:53Z,aespa_Whiplash
jWQx2f-CErU,Perfec,1,2026-02-18T18:03:57Z,aespa_Whiplash
jWQx2f-CErU,Which one is the one with the short black hair? 😊,1,2026-02-18T16:50:13Z,aespa_Whiplash
jWQx2f-CErU,"korea is💩 pup
kore💩a UNFOLLOW SUNAMI


knets vs seabling+all the world",3,2026-02-18T14:07:46Z,aespa_Whiplash
jWQx2f-CErU,歯ブラシ持ったまま磨くの忘れて最後まで見てた,32,2026-02-18T13:36:31Z,aespa_Whiplash
jWQx2f-CErU,Rasisme,1,2026-02-18T07:46:40Z,aespa_Whiplash
jWQx2f-CErU,사랑해요❤ 응원할게요❤🎉🎉🎉🎉🎉🎉🎉🎉🎉🎉🎉🎉😊😊😊😊😊😊😊😊❤❤❤,2,2026-02-18T04:37:42Z,aespa_Whiplash
jWQx2f-CErU,Thank you mommy giselle ❤,0,2026-02-18T04:16:12Z,aespa_Whiplash
jWQx2f-CErU,"#에스파 최고중 최고
#마이로그
🎉🎉❤❤
-",3,2026-02-18T02:23:11Z,aespa_Whiplash
jWQx2f-CErU,"🏆 2026 대한민국 퍼스트브랜드 대상 🏆
<여자아이돌 부문> aespa
수상을 축하드립니다 💐

-",3,2026-02-18T02:22:36Z,aespa_Whiplash
jWQx2f-CErU,"병사들이 뽑은 '군통령'은
1위 에스파
🩵🌙⭐️🦋
#aespaWhiplash 300

.",2,2026-02-18T02:22:11Z,aespa_Whiplash
jWQx2f-CErU,"Jembut,, jembot,, njuawis,,,",0,2026-02-18T02:21:24Z,aespa_Whiplash
jWQx2f-CErU,Poor neck,0,2026-02-18T02:13:16Z,aespa_Whiplash
jWQx2f-CErU,ts will always be fire,2,2026-02-18T01:38:51Z,aespa_Whiplash
jWQx2f-CErU,Ate,1,2026-02-18T01:23:57Z,aespa_Whiplash
jWQx2f-CErU,I won't find a better song than this one.,3,2026-02-17T21:26:50Z,aespa_Whiplash
jWQx2f-CErU,‏‪1:21‬‏ the diva,0,2026-02-17T21:26:16Z,aespa_Whiplash
jWQx2f-CErU,The best,2,2026-02-17T21:25:57Z,aespa_Whiplash
jWQx2f-CErU,"AESPA THE DIVAS

WINTER 
KARINA
GISELLE 
NINGNING",0,2026-02-17T21:19:17Z,aespa_Whiplash
jWQx2f-CErU,Plastic woman dancing disco,0,2026-02-17T20:59:50Z,aespa_Whiplash
jWQx2f-CErU,a batida dessa musica é sinistra,0,2026-02-17T19:18:59Z,aespa_Whiplash
jWQx2f-CErU,놀라운,0,2026-02-17T17:41:26Z,aespa_Whiplash
jWQx2f-CErU,fortunately this song clears some groups ENTIRE discography,2,2026-02-17T15:53:07Z,aespa_Whiplash
jWQx2f-CErU,現在最高のオルタナティブガールズグループ,1,2026-02-17T15:04:46Z,aespa_Whiplash
jWQx2f-CErU,"Carmen PLIS RAMBUT MU LUCU BANGET PINK❤❤❤❤COCOK BANGET😊😊😊😊❤❤❤LOVE CARMEN, GAYA RAMBUT NYA BAGUSSS PLIS❤❤",0,2026-02-17T15:02:29Z,aespa_Whiplash
jWQx2f-CErU,AESPA WHIPLASH,0,2026-02-17T13:52:19Z,aespa_Whiplash
jWQx2f-CErU,HAPPY 265M AESPA WHIPLASH,2,2026-02-17T13:52:05Z,aespa_Whiplash
jWQx2f-CErU,2.4M LIKES AESPA WHIPLASH,0,2026-02-17T13:51:51Z,aespa_Whiplash
jWQx2f-CErU,265M 495K AESPA WHIPLASH,0,2026-02-17T13:51:34Z,aespa_Whiplash
jWQx2f-CErU,Keep it CLASSY,0,2026-02-17T08:39:19Z,aespa_Whiplash
jWQx2f-CErU,Can't touch that,0,2026-02-17T08:38:57Z,aespa_Whiplash
jWQx2f-CErU,Think fast,0,2026-02-17T08:38:41Z,aespa_Whiplash
jWQx2f-CErU,1:50からラスサビ来ると思わせてから、焦らして焦らしてのスーパジゼルタイムの構成がもう病みつき,0,2026-02-17T08:31:25Z,aespa_Whiplash
jWQx2f-CErU,넥플에는인원간추려놨어요어쩔수없음글쓰는공간이부족해요,1,2026-02-17T07:22:07Z,aespa_Whiplash
jWQx2f-CErU,"장희원노은아정지원황제희전해령저랑중1같은반박민희는중2때또김지은,이금비(같은반),박은지저랑석호초졸,박은지박은애박정환3남매(여기인원문제인또한패임)김은애도감시요(김은애97년생7월2일생여자(넥슨플레이톡글쓰는게빠듯해요8개다써놓으면예를들어4개가지워져요거기서쓰는거개기면제제되요;그래서문제인이랑남어지글은여기유튜브에적을게요)유튜브제제수위도빡센거없애주세요그니깐댓글을썻는대쉽게제제땜에댓글이없어져요;김은애도유체이탈의논으로저버러지취급해요김은애가안산시청구청직원빙이해서저희집수급비찝적대지못하게여러분감시좀요",0,2026-02-17T07:21:59Z,aespa_Whiplash
jWQx2f-CErU,2지켜주세요이거내용돌아가면서말좀전해주세요저그리고넥플이랑숲군대군대일부러댓글적는거에요군대군대적은거내용모두참고해주세요여러분저참고로노누리저희엄마방명희에요그리고옛날얼짱한아름송이도유체이탈의논으로저버러지취급하고저희집수급찝적못되게여러분이감시요,0,2026-02-17T07:21:47Z,aespa_Whiplash
g36q0ZLvygQ,Omg Lizzzzzzzzzzz,2,2026-03-13T08:30:41Z,IVE_RebelHeart
g36q0ZLvygQ,I just want to say this song deserve more view as it is fantastic,8,2026-03-12T15:09:32Z,IVE_RebelHeart
g36q0ZLvygQ,予言します。2026年中に逆走します。,5,2026-03-12T13:17:45Z,IVE_RebelHeart
g36q0ZLvygQ,🎉,3,2026-03-12T09:47:15Z,IVE_RebelHeart
g36q0ZLvygQ,REBEL HEART has reached 88M stream on Spotify. Let's strive for 100M!,4,2026-03-12T05:42:28Z,IVE_RebelHeart
g36q0ZLvygQ,"🚨 Daily reminder to str3@m everyday dives, along with other mv's — goal 100M for IVE REBEL HEART",5,2026-03-12T00:41:13Z,IVE_RebelHeart
g36q0ZLvygQ,🐾🐾,1,2026-03-11T22:09:51Z,IVE_RebelHeart
g36q0ZLvygQ,♥️,1,2026-03-11T18:19:51Z,IVE_RebelHeart
g36q0ZLvygQ,❤❤❤❤❤😢😢😢😢😢,1,2026-03-11T12:48:40Z,IVE_RebelHeart
g36q0ZLvygQ,I came here because Heesung left enhypen 💔😭,6,2026-03-10T23:19:08Z,IVE_RebelHeart
g36q0ZLvygQ,30 seconds before the song end is really ATE!!! 😭😭,7,2026-03-10T08:38:22Z,IVE_RebelHeart
g36q0ZLvygQ,So you can love me hate me you will never be never be me,7,2026-03-10T00:04:59Z,IVE_RebelHeart
g36q0ZLvygQ,Looks like huntrix,6,2026-03-09T21:31:24Z,IVE_RebelHeart
g36q0ZLvygQ,Golden song?,5,2026-03-09T21:31:06Z,IVE_RebelHeart
g36q0ZLvygQ,💃🏼,2,2026-03-09T13:30:23Z,IVE_RebelHeart
g36q0ZLvygQ,We are rebels in our heart ❤️,6,2026-03-08T23:01:36Z,IVE_RebelHeart
g36q0ZLvygQ,rebel heart возвращается в чарты!,9,2026-03-08T15:19:28Z,IVE_RebelHeart
g36q0ZLvygQ,65M?❤,4,2026-03-08T14:51:14Z,IVE_RebelHeart
g36q0ZLvygQ,YAY 64M NEXT,5,2026-03-08T06:38:14Z,IVE_RebelHeart
g36q0ZLvygQ,"「永遠を望む仲より今を理解してあげたい」
本当の友情ってなんだろうって考えていた時の私に刺さった",22,2026-03-08T02:16:46Z,IVE_RebelHeart
g36q0ZLvygQ,이거 나만 2022~2024쯤 들어본 거 같지? 분명 학교 2024발표회 때 여자애들이 췄던걸로 기억하는데.. 비슷한 노래가 있나? 그때랑 똑같은데..분명 들어봤단말이야..,2,2026-03-07T12:08:31Z,IVE_RebelHeart
g36q0ZLvygQ,nice song,4,2026-03-07T03:24:04Z,IVE_RebelHeart
g36q0ZLvygQ,COME JOIN AS WHO YOU ARE WE ARE REBELS WE ARE ONE,8,2026-03-06T15:39:58Z,IVE_RebelHeart
g36q0ZLvygQ,I LOVE you IVE! No one can make me HATE you! DIVE FOREVER,3,2026-03-06T14:29:27Z,IVE_RebelHeart
g36q0ZLvygQ,시작은 항상 다 이룬 것처럼 엔딩은 마치 승리한 것처럼 이 가사 정말 좋다,3,2026-03-06T08:17:27Z,IVE_RebelHeart
g36q0ZLvygQ,✨We will always be a rebaaaaaaaaaaaals ✨omgg she ate  that high note she always slay when she hit highnots ❤‍🔥✨💅,3,2026-03-06T07:59:19Z,IVE_RebelHeart
g36q0ZLvygQ,This is song which actually saved me,15,2026-03-05T18:02:43Z,IVE_RebelHeart
g36q0ZLvygQ,"Don’t be afraid to bring in the background drum/guitar combo like at (0:43). The hardcore rebel theme always demands strength in their music, sometimes even above vocals depending on the song. This is a song for feeling built up passion. Let it out!

The subtle to VERY escalated differences of outward expression from emotions bursting based on individual member personalities is really beautiful to see. Anger, calm/numb, sad, dissociative, outward physical expression, and even breaking down entirely. All of it lets everyone watching know their feelings are valid and should be felt, even if it hurts, it’s healthy and should be more normalized to express these feelings. Any and all emotions are valid, especially after being suppressed!",3,2026-03-05T15:05:50Z,IVE_RebelHeart
g36q0ZLvygQ,After BLACKHOLE?,8,2026-03-05T14:16:39Z,IVE_RebelHeart
g36q0ZLvygQ,I LOVE IVE SO MUCH MY QUEENS,7,2026-03-05T12:00:31Z,IVE_RebelHeart
g36q0ZLvygQ,"Aku terhuraa😭
Walau gx ngerti",1,2026-03-05T09:03:11Z,IVE_RebelHeart
g36q0ZLvygQ,❤,1,2026-03-05T01:11:00Z,IVE_RebelHeart
g36q0ZLvygQ,🐾🐾,0,2026-03-04T21:19:08Z,IVE_RebelHeart
g36q0ZLvygQ,Love ive 🐚🥰,3,2026-03-04T20:20:46Z,IVE_RebelHeart
g36q0ZLvygQ,63M done on 4/3/2026 🎉🎉,1,2026-03-04T18:23:19Z,IVE_RebelHeart
g36q0ZLvygQ,Everytime this song i cry,1,2026-03-04T14:20:58Z,IVE_RebelHeart
g36q0ZLvygQ,❤,1,2026-03-04T12:25:32Z,IVE_RebelHeart
g36q0ZLvygQ,Happy 63m,1,2026-03-04T12:01:15Z,IVE_RebelHeart
g36q0ZLvygQ,Happy 780k like,2,2026-03-04T12:01:05Z,IVE_RebelHeart
g36q0ZLvygQ,"Kpop songs really never make me cry but this song made cryyy, soo good songgg",2,2026-03-04T06:54:36Z,IVE_RebelHeart
g36q0ZLvygQ,"I love rei's ""Watch out watch out""❤",0,2026-03-03T22:02:08Z,IVE_RebelHeart
g36q0ZLvygQ,63!!!!,1,2026-03-03T14:58:30Z,IVE_RebelHeart
g36q0ZLvygQ,🇰🇷🇵🇭,0,2026-03-03T11:57:42Z,IVE_RebelHeart
g36q0ZLvygQ,의지할 사람 없이 밤에 울기만 했는데 가사 듣고 울었어요....,3,2026-03-03T06:09:46Z,IVE_RebelHeart
g36q0ZLvygQ,"🚨 Daily reminder to str3@m everyday dives, along with other mv's — goal 100M for IVE REBEL HEART",7,2026-03-03T00:49:46Z,IVE_RebelHeart
g36q0ZLvygQ,Rebel Heart,2,2026-03-01T21:05:08Z,IVE_RebelHeart
g36q0ZLvygQ,"🚨 Daily reminder to str3@m everyday dives, along with other mv's — goal 100M for IVE REBEL HEART",3,2026-03-01T19:28:14Z,IVE_RebelHeart
g36q0ZLvygQ,❤❤,1,2026-03-01T18:46:43Z,IVE_RebelHeart
g36q0ZLvygQ,"Bunnyx because every time she fights Ladybug,she can just go back to before the fight started and she will know Ladybug's move before anything happens.",1,2026-03-01T11:46:03Z,IVE_RebelHeart
g36q0ZLvygQ,Прррррриррр,0,2026-03-01T11:03:44Z,IVE_RebelHeart
g36q0ZLvygQ,日本で撮影してくれただけでもう泣ける,3,2026-03-01T09:29:40Z,IVE_RebelHeart
g36q0ZLvygQ,80M+ in 2026!!!,3,2026-02-28T20:22:43Z,IVE_RebelHeart
g36q0ZLvygQ,😍😍😍,1,2026-02-28T18:58:05Z,IVE_RebelHeart
g36q0ZLvygQ,Haven't stopped listening to Rebel Heart since it came out. I didn't even realize that a year had passed 😔,3,2026-02-28T12:35:58Z,IVE_RebelHeart
g36q0ZLvygQ,さっくん主演映画の大事なタイミングなのに本当にごめんなさい😭さっくんセンター、さっくんにぴったりの笑顔になれる曲持ってきてくれてありがとう😌,1,2026-02-28T08:01:53Z,IVE_RebelHeart
g36q0ZLvygQ,"this was the first IVE song i heard and I still think it eats that is how I got to find other IVE sings like XOXZ and attitude,Bang bang and so much more!!!",2,2026-02-28T02:29:56Z,IVE_RebelHeart
g36q0ZLvygQ,진짜불인가?!,2,2026-02-28T02:21:08Z,IVE_RebelHeart
g36q0ZLvygQ,Guys support all of their songs,6,2026-02-28T02:13:47Z,IVE_RebelHeart
g36q0ZLvygQ,아이브 뮤직비디오를 처음 봐요😭😭,3,2026-02-27T23:12:39Z,IVE_RebelHeart
g36q0ZLvygQ,Come back i love this song so much,2,2026-02-27T18:10:26Z,IVE_RebelHeart
g36q0ZLvygQ,REBEL HEART❤❤❤❤,4,2026-02-27T15:56:41Z,IVE_RebelHeart
g36q0ZLvygQ,Im here again in 2026,2,2026-02-27T13:40:10Z,IVE_RebelHeart
g36q0ZLvygQ,아이브 행복하세요❤❤❤❤🎉,2,2026-02-27T08:22:49Z,IVE_RebelHeart
g36q0ZLvygQ,is the revolution,1,2026-02-27T05:21:20Z,IVE_RebelHeart
g36q0ZLvygQ,❤❤❤,2,2026-02-27T04:51:58Z,IVE_RebelHeart
g36q0ZLvygQ,"🚨 Daily reminder to str3@m everyday dives, along with other mv's — goal 100M for IVE REBEL HEART",3,2026-02-27T02:11:30Z,IVE_RebelHeart
g36q0ZLvygQ,Thia part2:11  ams this till the end is soooo good2:21,1,2026-02-26T21:22:23Z,IVE_RebelHeart
g36q0ZLvygQ,I HOPE THERE ARE STILL SOMEONE LISTENING TO THIS MASTERPIECE.,9,2026-02-26T19:23:29Z,IVE_RebelHeart
g36q0ZLvygQ,This is sooooooooooooooo cool and good🔥🔥🔥🔥🔥🔥🔥🔥🔥🔥🔥🔥🔥🔥🔥🔥🔥🔥🔥🔥🔥🔥🔥🔥🔥🔥🔥🔥🔥🔥🔥🔥💯💯💯💯💯💯💯💯💯💯💯💯💯💯💯💯💯💯💯💯💯💯💯💯💯💯💯💯💯💯💯💯💯💯💯💯💯💯💯,2,2026-02-26T14:47:24Z,IVE_RebelHeart
g36q0ZLvygQ,가사가 엄청 좋네 애티튜드도 그렇고,5,2026-02-26T13:06:10Z,IVE_RebelHeart
g36q0ZLvygQ,"🚨 Daily reminder to str3@m everyday dives, along with other mv's — goal 100M for IVE REBEL HEART",2,2026-02-26T03:38:57Z,IVE_RebelHeart
g36q0ZLvygQ,The fact that we got 20M views in 24 hours for AFTER LIKE and now did people really leave Kpop??,2,2026-02-26T02:42:43Z,IVE_RebelHeart
g36q0ZLvygQ,日本の制服きてるイソちゃん可愛すぎる,1,2026-02-26T00:21:44Z,IVE_RebelHeart
g36q0ZLvygQ,Who's are here after I am,3,2026-02-25T17:14:27Z,IVE_RebelHeart
g36q0ZLvygQ,너무 좋아..,0,2026-02-25T11:29:42Z,IVE_RebelHeart
g36q0ZLvygQ,❤,2,2026-02-24T18:07:00Z,IVE_RebelHeart
g36q0ZLvygQ,"탁구를 치고 있는데
대회에 나갈때마다 진군가 처럼 이노래를 들으며 갑니다
아주높은 볼륨을 켜고 들으면 전투력이 급상승해요
없던 기술도 없던 의지도 불러일으켜주는 것 같아요
승리를 하지 않아도
대회에서 우승을 하지 않아도 최선을 다하는 마음을 끌어내는
신비로운 마법같은 노래 입니다",2,2026-02-24T14:29:59Z,IVE_RebelHeart
g36q0ZLvygQ,"2025 PAK with Rebel Heart
2026 PAK with BangBang",46,2026-02-24T06:59:24Z,IVE_RebelHeart
g36q0ZLvygQ,Was this song supposed to be emotional? 🥺,1,2026-02-24T06:50:09Z,IVE_RebelHeart
g36q0ZLvygQ,이것만 보면 눈물나… 어후 늙엇나바…,2,2026-02-24T02:18:35Z,IVE_RebelHeart
g36q0ZLvygQ,como que un año ya ;-;,2,2026-02-24T01:06:35Z,IVE_RebelHeart
g36q0ZLvygQ,"I'm back here after blackhole, it's like a mix of I Am and Rebel Heart",2,2026-02-23T23:32:54Z,IVE_RebelHeart
g36q0ZLvygQ,I loveee ive,3,2026-02-23T17:26:09Z,IVE_RebelHeart
g36q0ZLvygQ,fireworks kinds sounds like this AND I LOVE ITTT,2,2026-02-23T14:28:17Z,IVE_RebelHeart
g36q0ZLvygQ,이곡도 개좋네❤,2,2026-02-23T12:10:14Z,IVE_RebelHeart
g36q0ZLvygQ,My fav song😭💗,1,2026-02-23T10:44:12Z,IVE_RebelHeart
g36q0ZLvygQ,63M NEXT,1,2026-02-23T10:17:28Z,IVE_RebelHeart
g36q0ZLvygQ,"Who come here after BLACKHOLE?
I like REBEL HEART so much 😭",234,2026-02-23T10:09:40Z,IVE_RebelHeart
g36q0ZLvygQ,I'VE is the best place to work for the Victorious ㅋㄷㅋㄷ 😆,1,2026-02-23T09:40:14Z,IVE_RebelHeart
g36q0ZLvygQ,REBEL HEART after BLACKHOLE,3,2026-02-23T09:22:05Z,IVE_RebelHeart
g36q0ZLvygQ,난 아이엠보다 레블하트가 더 좋다 아이브 인생곡..,4,2026-02-23T04:20:06Z,IVE_RebelHeart
g36q0ZLvygQ,Ive I am be sounding a bit different today 🗣️🗣️🗣️🔥🔥🔥,1,2026-02-23T00:52:33Z,IVE_RebelHeart
g36q0ZLvygQ,Good is music ive😊😊😊 rebel heart,3,2026-02-22T23:37:04Z,IVE_RebelHeart
g36q0ZLvygQ,❤i love this song😊,1,2026-02-22T22:38:22Z,IVE_RebelHeart
g36q0ZLvygQ,eu sou linda,0,2026-02-22T19:45:17Z,IVE_RebelHeart
g36q0ZLvygQ,igual eu,0,2026-02-22T19:45:09Z,IVE_RebelHeart
g36q0ZLvygQ,só tem linda,0,2026-02-22T19:45:03Z,IVE_RebelHeart
g36q0ZLvygQ,lara❤❤❤❤❤❤❤❤❤❤❤❤❤❤❤❤❤❤❤❤❤❤❤❤❤❤❤,0,2026-02-22T19:44:49Z,IVE_RebelHeart
g36q0ZLvygQ,LARA LINDA,0,2026-02-22T19:44:33Z,IVE_RebelHeart
g36q0ZLvygQ,BABYMONSTER É UM LIXO,0,2026-02-22T19:44:20Z,IVE_RebelHeart
g36q0ZLvygQ,melhor que babymonster,0,2026-02-22T19:43:57Z,IVE_RebelHeart
g36q0ZLvygQ,Not all heroes wear capes. Some just build tools like Blockify so we can actually watch videos in peace.🫡,0,2026-02-22T17:06:25Z,IVE_RebelHeart
g36q0ZLvygQ,0:51 1:47 2:51,0,2026-02-22T13:28:03Z,IVE_RebelHeart
g36q0ZLvygQ,0:17 hamster 🐹,1,2026-02-22T11:20:25Z,IVE_RebelHeart
g36q0ZLvygQ,新曲が出てもずっと聴き続けます,1,2026-02-22T09:56:27Z,IVE_RebelHeart
g36q0ZLvygQ,입대곡..,2,2026-02-22T04:42:06Z,IVE_RebelHeart
g36q0ZLvygQ,みかん食べてるレイさん可愛い🐥,1,2026-02-21T22:18:49Z,IVE_RebelHeart
g36q0ZLvygQ,This touched my heart somehow 🥺💞,3,2026-02-21T20:46:15Z,IVE_RebelHeart
g36q0ZLvygQ,Woonyoung sooo cute💗🤏🏻,0,2026-02-21T14:35:28Z,IVE_RebelHeart
g36q0ZLvygQ,1:22,0,2026-02-21T10:59:53Z,IVE_RebelHeart
g36q0ZLvygQ,"Happy birthday, our dear Leeseo, I wish you happiness, wealth, and that your loved ones and those close to you will always be there and support you in everything. You will always be the most talented and beautiful maknae for us. Dive will always be with you and will support you in everything. I wish you to always shine and be happy.",3,2026-02-21T10:49:00Z,IVE_RebelHeart
g36q0ZLvygQ,62 300k,0,2026-02-21T10:06:55Z,IVE_RebelHeart
g36q0ZLvygQ,Let's make 70M 🔜,8,2026-02-21T07:01:09Z,IVE_RebelHeart
g36q0ZLvygQ,Fighting 70m! 🎉,11,2026-02-21T00:31:49Z,IVE_RebelHeart
g36q0ZLvygQ,저게 벌써 1년전 ㄷㄷ,0,2026-02-20T20:21:12Z,IVE_RebelHeart
g36q0ZLvygQ,"This song is suppose look like GOLDEN from K-Pop demon hunters 0:50 (they are girls group are secretly)
(listening carefully)",0,2026-02-20T19:46:20Z,IVE_RebelHeart
g36q0ZLvygQ,0:49 I felt very strong emotions in Yujin's part!! AHN YUJIN you did it very well,4,2026-02-20T07:11:16Z,IVE_RebelHeart
g36q0ZLvygQ,0:26 This pony Rei is very cute,3,2026-02-20T07:10:31Z,IVE_RebelHeart
g36q0ZLvygQ,Her makeup is soooooo pretty,1,2026-02-20T07:01:10Z,IVE_RebelHeart
g36q0ZLvygQ,"Try me, I'll break free",2,2026-02-20T06:52:53Z,IVE_RebelHeart
g36q0ZLvygQ,"🚨 Daily reminder to str3@m everyday dives, along with other mv's — goal 100M for IVE REBEL HEART",2,2026-02-20T06:15:33Z,IVE_RebelHeart
g36q0ZLvygQ,"""we are rebel heart"" ""we are the lovesick girls"" love this concept",21,2026-02-20T04:34:14Z,IVE_RebelHeart
g36q0ZLvygQ,Anyone after Bang Bang?,3,2026-02-20T01:16:44Z,IVE_RebelHeart
g36q0ZLvygQ,IVE is always glowing,2,2026-02-19T23:37:28Z,IVE_RebelHeart
g36q0ZLvygQ,"This song hits so hard!❤️‍🔥The energy, the vocals, the vibe- everything fells so powerful and fearless. It makes me want to chase my dreams without caring what anyone says.",2,2026-02-19T08:57:46Z,IVE_RebelHeart
g36q0ZLvygQ,65M soon,3,2026-02-19T08:03:59Z,IVE_RebelHeart
g36q0ZLvygQ,18/02/2026 alguem?,1,2026-02-18T19:06:42Z,IVE_RebelHeart
g36q0ZLvygQ,"essa musica e tao boa que as vezes quando escuto eu ate choro de tao linda ate traduzida, numero 1 a melhor musica que ja escutei na vida",0,2026-02-18T19:05:10Z,IVE_RebelHeart
g36q0ZLvygQ,Who's after bang bang ❤❤❤❤,0,2026-02-18T16:30:28Z,IVE_RebelHeart
g36q0ZLvygQ,oh my god I get chills every time I watch this,0,2026-02-18T15:31:41Z,IVE_RebelHeart
g36q0ZLvygQ,이게 외모정병인지 몰랐음,0,2026-02-18T14:22:52Z,IVE_RebelHeart
g36q0ZLvygQ,0:10 AHN YUJIN YOOO🔥🔥,0,2026-02-18T07:31:08Z,IVE_RebelHeart
g36q0ZLvygQ,암부_gg님 제 멤버이네요,0,2026-02-18T02:42:31Z,IVE_RebelHeart
g36q0ZLvygQ,Happy 62m,2,2026-02-17T23:45:11Z,IVE_RebelHeart
g36q0ZLvygQ,Happy 770k like,2,2026-02-17T23:44:58Z,IVE_RebelHeart
g36q0ZLvygQ,62M done on 17/2/2026 🎉🎉,5,2026-02-17T15:38:48Z,IVE_RebelHeart
g36q0ZLvygQ,🇰🇷🤜🏻🇭🇰,0,2026-02-17T10:03:35Z,IVE_RebelHeart
g36q0ZLvygQ,💥🇭🇰🇭🇰🇭🇰🇭🇰🇭🇰🇭🇰🇭🇰🇭🇰🇭🇰🇭🇰🇭🇰🇭🇰🇭🇰🇭🇰🇭🇰🇭🇰💥💥💥💥💥💥💥💥💥💥💥💥💥💥💥💥💥💥🇭🇰🇭🇰🇭🇰🇭🇰🇭🇰🇭🇰🇭🇰💔💔💔💔💔💔💔,0,2026-02-17T09:58:11Z,IVE_RebelHeart
g36q0ZLvygQ,"この曲マジで大好き聞いてるだけで元気になるし関東にIVEが来たって考えるとワクワクする
もう1年経ったのかぁ早いね〜少し寂しさもある",9,2026-02-17T03:26:58Z,IVE_RebelHeart
g36q0ZLvygQ,0:34,1,2026-02-16T17:32:37Z,IVE_RebelHeart
g36q0ZLvygQ,Is it only me or Wonyoung sings it so beautifuly??? 1:22,3,2026-02-16T16:39:31Z,IVE_RebelHeart
g36q0ZLvygQ,'You will never be me' made me cry 🙃❤️,2,2026-02-16T13:41:42Z,IVE_RebelHeart
g36q0ZLvygQ,The true goosebumps after listening this song....,3,2026-02-16T10:13:38Z,IVE_RebelHeart
g36q0ZLvygQ,"2:23 Leeseoyaa you have entered your legal age, you have gone through perhaps the most difficult thing in your life, but you survived and I am proud 💝",2,2026-02-16T08:22:54Z,IVE_RebelHeart
g36q0ZLvygQ,"1:11 I don't care what people say, people can easily judge it while I'm the one doing it",3,2026-02-16T08:21:48Z,IVE_RebelHeart
g36q0ZLvygQ,"As a non dive, this song matters so much to me ❤️‍🩹",2,2026-02-16T05:59:47Z,IVE_RebelHeart
g36q0ZLvygQ,진짜 사랑한다 리즈 ❤️,0,2026-02-16T05:23:24Z,IVE_RebelHeart
g36q0ZLvygQ,Bang Bang is superior and powerful but still Rebel Heart is undefeatable 👐,2,2026-02-16T03:33:14Z,IVE_RebelHeart
g36q0ZLvygQ,아이들이 장원영 팬입니다 ❤❤❤❤❤❤❤,2,2026-02-16T02:00:47Z,IVE_RebelHeart
g36q0ZLvygQ,아이브이런 컨셉 짱임,2,2026-02-15T20:24:18Z,IVE_RebelHeart
g36q0ZLvygQ,毎日聴いてる〜IVE最高！！,2,2026-02-15T15:18:27Z,IVE_RebelHeart
g36q0ZLvygQ,"🚨 Daily reminder to str3@m everyday dives, along with other mv's — goal 100M for IVE REBEL HEART",3,2026-02-15T15:15:11Z,IVE_RebelHeart
g36q0ZLvygQ,Anyone in 2026?,18,2026-02-15T10:50:46Z,IVE_RebelHeart
g36q0ZLvygQ,heart chain for ive in 2026!😍,3,2026-02-15T10:42:57Z,IVE_RebelHeart
g36q0ZLvygQ,2:35 Yujin - AAAAAAAAAAAAA😂😂😂😂😂,0,2026-02-15T04:49:36Z,IVE_RebelHeart
g36q0ZLvygQ,When i get bullied i always listen to this song it just helps me alot ❤,4,2026-02-14T20:53:09Z,IVE_RebelHeart
g36q0ZLvygQ,Str3@m BANG BANG too Dive,2,2026-02-14T15:07:30Z,IVE_RebelHeart
g36q0ZLvygQ,WE LOVE IVE,2,2026-02-14T12:29:35Z,IVE_RebelHeart
g36q0ZLvygQ,This part I lovee ittt❤❤❤❤,1,2026-02-14T11:47:55Z,IVE_RebelHeart
g36q0ZLvygQ,i am your new subscriber,4,2026-02-14T11:35:16Z,IVE_RebelHeart
g36q0ZLvygQ,Lyrics,0,2026-02-14T11:14:37Z,IVE_RebelHeart
g36q0ZLvygQ,너무 예쁘당❤,3,2026-02-14T09:25:16Z,IVE_RebelHeart
g36q0ZLvygQ,Kpop demon hunt brought me here 😊.,2,2026-02-14T06:01:40Z,IVE_RebelHeart
g36q0ZLvygQ,Love me hate me - that is so ME,1,2026-02-13T23:50:45Z,IVE_RebelHeart
g36q0ZLvygQ,this song still makes me cry to this day. it's just so... human.,2,2026-02-13T12:28:38Z,IVE_RebelHeart
g36q0ZLvygQ,Malaysian Dive,3,2026-02-13T07:43:28Z,IVE_RebelHeart
g36q0ZLvygQ,.,0,2026-02-13T06:50:44Z,IVE_RebelHeart
g36q0ZLvygQ,i got visual attacked,1,2026-02-13T04:57:34Z,IVE_RebelHeart
g36q0ZLvygQ,0:59 was my fav part i loved how she did that😂,0,2026-02-13T03:54:45Z,IVE_RebelHeart
g36q0ZLvygQ,🐾🐾,0,2026-02-12T20:54:25Z,IVE_RebelHeart
g36q0ZLvygQ,"와 노래 완전 최고다! 왜 이제 알았지 ? 이 노래를..
아이브 최고다!!!!!!",2,2026-02-12T07:25:14Z,IVE_RebelHeart
g36q0ZLvygQ,"Rebel Heart please pass the throne to bang bang please queen Rebel Heart, give us at least a RAK",2,2026-02-12T07:08:36Z,IVE_RebelHeart
g36q0ZLvygQ,empathy 神專,2,2026-02-12T04:58:42Z,IVE_RebelHeart
g36q0ZLvygQ,"""So you can love me, hate me you will never be never be never be never be me""",1,2026-02-11T22:09:03Z,IVE_RebelHeart
g36q0ZLvygQ,Crazy how the newest comment was now a year ago…,2,2026-02-11T19:06:33Z,IVE_RebelHeart
g36q0ZLvygQ,1 year already,1,2026-02-11T18:27:43Z,IVE_RebelHeart
g36q0ZLvygQ,Here from Bang Bang. Why Rebel Hearts feels better and better in time....,1,2026-02-11T14:48:18Z,IVE_RebelHeart
g36q0ZLvygQ,February 2026?,20,2026-02-11T03:32:16Z,IVE_RebelHeart
g36q0ZLvygQ,💮,0,2026-02-10T19:18:43Z,IVE_RebelHeart
g36q0ZLvygQ,Who's hear after Bang Bang?,543,2026-02-10T18:45:49Z,IVE_RebelHeart
g36q0ZLvygQ,i love this mv and song so much!,6,2026-02-10T14:37:43Z,IVE_RebelHeart
g36q0ZLvygQ,"🚨 Daily reminder to str3@m everyday dives, along with other mv's 📣",7,2026-02-10T11:42:13Z,IVE_RebelHeart
g36q0ZLvygQ,❤❤❤,2,2026-02-10T09:39:25Z,IVE_RebelHeart
g36q0ZLvygQ,나요..ㅠ 소통못해줘서 미안해,0,2026-02-10T06:58:45Z,IVE_RebelHeart
g36q0ZLvygQ,Here After Bang Bang 🩷,4,2026-02-10T02:44:42Z,IVE_RebelHeart
g36q0ZLvygQ,70M 🔜✨,2,2026-02-10T02:04:19Z,IVE_RebelHeart
g36q0ZLvygQ,0:39 Wonyoung's bride,2,2026-02-10T01:07:54Z,IVE_RebelHeart
g36q0ZLvygQ,"I thought it's not going to be addictive at first, but I'm wrong, it really is. Well done, my girls! 👏",8,2026-02-09T23:18:32Z,IVE_RebelHeart
g36q0ZLvygQ,"this song is about to dont care what others think about you,youre perfect how exactly you are .",1,2026-02-09T20:54:49Z,IVE_RebelHeart
g36q0ZLvygQ,"The mv and the lyrics is such a comfort to me, i can't explain !",9,2026-02-09T19:44:24Z,IVE_RebelHeart
g36q0ZLvygQ,"하.. 다들 너무 노래도 잘 부르시고 춤도 잘 추시네요.. 노래 너무 좋아요!!❤ 

2026 anyone??😊",3,2026-02-09T15:27:16Z,IVE_RebelHeart
g36q0ZLvygQ,曲も 詞も MVも ダンスも 音楽番組見ても 授賞式見ても Liveも REBEL HEART 何もかも好き♡,5,2026-02-09T14:56:51Z,IVE_RebelHeart
g36q0ZLvygQ,Bang bang,6,2026-02-09T14:32:03Z,IVE_RebelHeart
g36q0ZLvygQ,"They are rebels 😢❤ engulfed in pure aspirations 😮, not forced conscription . Therefore , their sincerity touches 🥲 my heart .",2,2026-02-09T14:03:46Z,IVE_RebelHeart
g36q0ZLvygQ,아이브 너무 좋아❤,1,2026-02-09T13:36:23Z,IVE_RebelHeart
g36q0ZLvygQ,REBEL HEART after Bang Bang^^,11,2026-02-09T11:52:08Z,IVE_RebelHeart
g36q0ZLvygQ,Here again after Bang Bang,29,2026-02-09T11:32:00Z,IVE_RebelHeart
g36q0ZLvygQ,Im here after bang bang❤,9,2026-02-09T10:26:04Z,IVE_RebelHeart
g36q0ZLvygQ,"Here after BANG BANG
BANG BANG will achieve PAK soon",19,2026-02-09T09:11:12Z,IVE_RebelHeart
g36q0ZLvygQ,Liz❤so pretty much 💖 😍 💗 💕 💓 kpop quen mua ❤cute little girl 😊❤❤❤❤❤,2,2026-02-09T07:01:50Z,IVE_RebelHeart
g36q0ZLvygQ,아이브넘좋음,1,2026-02-08T17:33:50Z,IVE_RebelHeart
g36q0ZLvygQ,정말 좋은 노래인데 왜 눈물이 날깡...ㅠ,4,2026-02-08T16:16:33Z,IVE_RebelHeart
g36q0ZLvygQ,ZUZIA ODDAJE KILL,1,2026-02-08T12:42:20Z,IVE_RebelHeart
g36q0ZLvygQ,the best music video,2,2026-02-08T08:21:24Z,IVE_RebelHeart
g36q0ZLvygQ,"誤解される時はそっとしておこう...っていうのがすごく刺さる
いつでもIVEは味方でいてくれるって信じれる！！
初めて曲で泣いた。IVEありがとう、これからも頑張るね。",5,2026-02-08T06:35:46Z,IVE_RebelHeart
g36q0ZLvygQ,원영이 언니 예뻐요 ❤❤❤❤,1,2026-02-08T01:50:25Z,IVE_RebelHeart
g36q0ZLvygQ,1 ano 😭💞,0,2026-02-07T23:12:36Z,IVE_RebelHeart
g36q0ZLvygQ,62M NEXT,2,2026-02-07T12:42:06Z,IVE_RebelHeart
g36q0ZLvygQ,if only we stand against bullying and harassment and support the victims... this song is about them,2,2026-02-07T09:40:51Z,IVE_RebelHeart
g36q0ZLvygQ,"2026년에 듣는사람
ㅜ
ㅜ",10,2026-02-07T07:44:55Z,IVE_RebelHeart
g36q0ZLvygQ,"🚨 Daily reminder to str3@m everyday dives, along with other mv's 📣",6,2026-02-07T01:07:19Z,IVE_RebelHeart
g36q0ZLvygQ,Happy 61m,2,2026-02-06T22:07:34Z,IVE_RebelHeart
g36q0ZLvygQ,🐅🐹🐥❤‍🔥🐿🐇🐕,1,2026-02-06T17:33:58Z,IVE_RebelHeart
g36q0ZLvygQ,Ive bang bang teaser is out🎉,2,2026-02-06T17:03:15Z,IVE_RebelHeart
g36q0ZLvygQ,real kpop🫴🏻👑,4,2026-02-06T15:41:49Z,IVE_RebelHeart
g36q0ZLvygQ,LET'S DIVE GET UP AND MAKE THIS YEAR'S IVE COMEBACK A SUCCESS!!,2,2026-02-06T15:17:03Z,IVE_RebelHeart
g36q0ZLvygQ,love u forever ive,2,2026-02-06T15:09:51Z,IVE_RebelHeart
g36q0ZLvygQ,IVE BANG BANG MV TEASER OUT NOW!!!!,6,2026-02-06T14:38:24Z,IVE_RebelHeart
g36q0ZLvygQ,ליאן🙂🩷,0,2026-02-06T14:26:38Z,IVE_RebelHeart
g36q0ZLvygQ,가을❤❤❤,1,2026-02-06T12:26:53Z,IVE_RebelHeart
g36q0ZLvygQ,0:37 OMG SHE IS SO GORGEOUSSSS,2,2026-02-06T04:20:05Z,IVE_RebelHeart
g36q0ZLvygQ,IVE ❤,2,2026-02-06T03:54:48Z,IVE_RebelHeart
g36q0ZLvygQ,"whenever I listen to the part after the bridge I start automatically weeping, ts song is soo good and I love so much its meaning",5,2026-02-05T18:31:30Z,IVE_RebelHeart
g36q0ZLvygQ,61M done on 5/2/2026 🎉🎉,2,2026-02-05T12:57:33Z,IVE_RebelHeart
g36q0ZLvygQ,I love the music especially the lyrics it really touched me ive really is underrated,1,2026-02-05T12:01:11Z,IVE_RebelHeart
g36q0ZLvygQ,"Finally, 61M for Rebel Heart. Next is 65M",3,2026-02-05T10:11:08Z,IVE_RebelHeart
g36q0ZLvygQ,时间会证明rebel heart的伟大,6,2026-02-05T09:51:16Z,IVE_RebelHeart
g36q0ZLvygQ,ok,0,2026-02-05T07:57:36Z,IVE_RebelHeart
g36q0ZLvygQ,0:59,0,2026-02-05T06:38:48Z,IVE_RebelHeart
g36q0ZLvygQ,I always feel sad in this part  2:05,1,2026-02-05T03:24:23Z,IVE_RebelHeart
g36q0ZLvygQ,61 013k,0,2026-02-05T02:24:02Z,IVE_RebelHeart
g36q0ZLvygQ,Woww,0,2026-02-04T20:22:39Z,IVE_RebelHeart
g36q0ZLvygQ,AYYYY 61M!!!!!,2,2026-02-04T17:22:52Z,IVE_RebelHeart
g36q0ZLvygQ,บริษัทฯเคยควบคุมพฤติกรรม ของศิลปินมั้ย จะไม่มีอีก ดารา กักขังในบ้าน แล้วปล่อย ชู้ หรือ โสเภณี นักร้องไป ปรนเปรอ อุบาตกาม ..... รอ ส่วขึ้นศาลตรวจสอบ จะเหมือนวง บิ๊กแบง,0,2026-02-04T11:36:49Z,IVE_RebelHeart
g36q0ZLvygQ,I always love the lyricism their team writes it well very empowering,4,2026-02-03T17:29:25Z,IVE_RebelHeart
g36q0ZLvygQ,원영언니화이팅,0,2026-02-03T13:48:08Z,IVE_RebelHeart
g36q0ZLvygQ,We going up up.....,0,2026-02-03T12:53:28Z,IVE_RebelHeart
g36q0ZLvygQ,❤,0,2026-02-03T12:32:47Z,IVE_RebelHeart
g36q0ZLvygQ,61M SOON!!!,4,2026-02-03T11:02:15Z,IVE_RebelHeart
g36q0ZLvygQ,🔫🔫,0,2026-02-03T06:31:27Z,IVE_RebelHeart
g36q0ZLvygQ,가사 좋은 노래 많이 없는데 이 노래는 가사도 좋아~,4,2026-02-02T22:04:53Z,IVE_RebelHeart
g36q0ZLvygQ,አማረኛ,0,2026-02-02T16:08:34Z,IVE_RebelHeart
g36q0ZLvygQ,"60,8M
2/2/26",0,2026-02-02T16:00:24Z,IVE_RebelHeart
g36q0ZLvygQ,"HappyREIday♡
いつも元気をもらってるよ！",2,2026-02-02T15:16:56Z,IVE_RebelHeart
g36q0ZLvygQ,My IVE,0,2026-02-02T09:19:21Z,IVE_RebelHeart
g36q0ZLvygQ,Happy 770k like,0,2026-02-02T03:56:30Z,IVE_RebelHeart
g36q0ZLvygQ,идём к 70 миллионам! это же хит,1,2026-02-01T18:14:07Z,IVE_RebelHeart
g36q0ZLvygQ,770K LIKES!!!,3,2026-02-01T17:14:27Z,IVE_RebelHeart
g36q0ZLvygQ,Let's make 70M 🔜,3,2026-02-01T15:20:04Z,IVE_RebelHeart
g36q0ZLvygQ,Go girls🎉🎉,1,2026-02-01T15:01:37Z,IVE_RebelHeart
g36q0ZLvygQ,1:23,1,2026-02-01T11:14:52Z,IVE_RebelHeart
g36q0ZLvygQ,🌸🌸🌸🌸🌸,1,2026-02-01T10:55:59Z,IVE_RebelHeart
g36q0ZLvygQ,❤️🇰🇷❤️🇰🇷❤️🇰🇷❤️🇰🇷❤️🇰🇷🇰🇷❤️🇰🇷❤️🇰🇷❤️🇰🇷❤️🇰🇷❤️🇰🇷🇰🇷❤️🇰🇷❤️🇰🇷❤️🇰🇷❤️🇰🇷❤️🇰🇷❤️🇰🇷❤️🇰🇷❤️🇰🇷❤️🇰🇷❤️🇰🇷❤️🇰🇷❤️🇰🇷❤️🇰🇷🇰🇷❤️🇰🇷❤️🇰🇷❤️🇰🇷❤️🇰🇷❤️😘🇰🇷😘🇰🇷😘🇰🇷😘🇰🇷😘🇰🇷😘🇰🇷😘🇰🇷😘🇰🇷😘🇰🇷😘🇰🇷🇰🇷😘🇰🇷😘🇰🇷😘🇰🇷😘Marco Constantino,1,2026-02-01T10:02:31Z,IVE_RebelHeart
g36q0ZLvygQ,넘이뽀,0,2026-02-01T07:26:16Z,IVE_RebelHeart
g36q0ZLvygQ,Cocok buat +62,0,2026-02-01T07:21:19Z,IVE_RebelHeart
g36q0ZLvygQ,Bridge of the year,3,2026-02-01T06:59:18Z,IVE_RebelHeart
g36q0ZLvygQ,Queens organic vi3ews,3,2026-02-01T06:59:00Z,IVE_RebelHeart
g36q0ZLvygQ,Omgg lets go for 70m dives,3,2026-02-01T06:58:35Z,IVE_RebelHeart
g36q0ZLvygQ,LAST IVE,0,2026-02-01T06:29:53Z,IVE_RebelHeart
g36q0ZLvygQ,2026 and still masterpiece 🔥🔥,3,2026-02-01T04:50:07Z,IVE_RebelHeart
g36q0ZLvygQ,2026,2,2026-02-01T01:42:27Z,IVE_RebelHeart
g36q0ZLvygQ,지금도 듣고 있음 ❤❤❤,5,2026-01-31T14:58:40Z,IVE_RebelHeart
g36q0ZLvygQ,Is anyone listening to this song in 2026?,4,2026-01-31T14:00:48Z,IVE_RebelHeart
g36q0ZLvygQ,Good,8,2026-01-31T10:35:36Z,IVE_RebelHeart
g36q0ZLvygQ,2:15 🎉🎉,3,2026-01-31T08:22:51Z,IVE_RebelHeart
g36q0ZLvygQ,i want to meet ive live,3,2026-01-30T18:49:07Z,IVE_RebelHeart
g36q0ZLvygQ,2:51,2,2026-01-30T18:10:50Z,IVE_RebelHeart
g36q0ZLvygQ,😘😘😘😘😘😘😘😘😘😘✨✨✨✨✨✨✨✨✨💕💕💕💕💕💕💕💕💙💙💙💙💙💙💙💙🤍🤍🤍🤍🤍🤍🤍💜💜💜💜💜💜IVE   BANG BANG  AM HERE NW AT  REBEL HEART  FR EVER REBEL  HEART  FAV  OF  IVE LOVER  OF IVE ✨✨✨❤️❤️❤️💕💕💕💙💙💙🤍🤍🤍💜💜💜💝💝💝💝💖💖💖💖😘😘😘😘😘😘😘😘😘,6,2026-01-30T05:27:43Z,IVE_RebelHeart
g36q0ZLvygQ,KEEP STR3@MING ORGANIC VIEWS LET'S GO ✨🍃,8,2026-01-29T23:28:51Z,IVE_RebelHeart
g36q0ZLvygQ,❤‍🔥🐕🐾🐾🐹🐾🐾🐅,3,2026-01-29T18:27:39Z,IVE_RebelHeart
g36q0ZLvygQ,MURD 1M 59 S,1,2026-01-29T18:15:58Z,IVE_RebelHeart
g36q0ZLvygQ,This song is about self love and not caring about what society thinks its about motivating people who feel they are less important.,7,2026-01-29T17:09:37Z,IVE_RebelHeart
g36q0ZLvygQ,This song made me cry,5,2026-01-29T10:38:12Z,IVE_RebelHeart
g36q0ZLvygQ,Bang Bang 🔜,4,2026-01-29T06:15:25Z,IVE_RebelHeart
g36q0ZLvygQ,毎日聴いてるカムバも楽しみ！,3,2026-01-29T03:38:51Z,IVE_RebelHeart
g36q0ZLvygQ,KEEP STR3@MING ORGANIC VIEWS LET'S GO ✨🍃,2,2026-01-29T00:38:09Z,IVE_RebelHeart
g36q0ZLvygQ,como es posible que ya haya pasado 1 año?!,1,2026-01-28T22:46:16Z,IVE_RebelHeart
g36q0ZLvygQ,"anyone who speaks korean, what did she write on the mirror?",0,2026-01-28T18:10:14Z,IVE_RebelHeart
g36q0ZLvygQ,저나중에아이브가입할건데...?꽉차 나요....?(어른일때언닝),1,2026-01-28T11:01:39Z,IVE_RebelHeart
g36q0ZLvygQ,"The song is ""I love you, Wonnie"" 🐰🥺🍓",1,2026-01-28T10:53:43Z,IVE_RebelHeart
g36q0ZLvygQ,dives давайте поддержим kiiikiii с камбеком new era!,4,2026-01-27T20:47:48Z,IVE_RebelHeart
g36q0ZLvygQ,💖,1,2026-01-27T20:01:33Z,IVE_RebelHeart
g36q0ZLvygQ,Get ready for revive album dives we need to stream hard for Ive!!!,7,2026-01-27T14:45:39Z,IVE_RebelHeart
g36q0ZLvygQ,AVNYONE IN 2026 ????,2,2026-01-27T11:57:20Z,IVE_RebelHeart
g36q0ZLvygQ,revive+ album coming on 23rd feb get ready dives,8,2026-01-27T11:25:21Z,IVE_RebelHeart
g36q0ZLvygQ,"2:30 a year later, and this part never fails to make me emotional 🥹",5,2026-01-27T04:52:17Z,IVE_RebelHeart
g36q0ZLvygQ,"🎉 UPDATE 26/01/2025 🎉

REBEL HEART MV reached 60M views. 

It's IVE's 9th MV to do it so far. 

🎶 So you can, love me, hate me, you will never be never be never be me...

We are Rebels in our heart Dive!!!!",5,2026-01-27T00:50:34Z,IVE_RebelHeart
g36q0ZLvygQ,KEEP STR3@MING ORGANIC VIEWS LET'S GO ✨🍃,3,2026-01-27T00:01:15Z,IVE_RebelHeart
g36q0ZLvygQ,BE READY DIVES FOR THEIR UPCOMING COMEBACK THIS FEB 🔜✨,4,2026-01-27T00:00:50Z,IVE_RebelHeart
g36q0ZLvygQ,AYYY ALREADY 60.3M!!,4,2026-01-26T19:40:43Z,IVE_RebelHeart
g36q0ZLvygQ,60.2M!!!,5,2026-01-26T16:09:22Z,IVE_RebelHeart
g36q0ZLvygQ,2분 14초에 럽다 안무가...,2,2026-01-26T15:03:07Z,IVE_RebelHeart
g36q0ZLvygQ,Rebel heart gives me 2019 vibes😫,6,2026-01-26T12:40:31Z,IVE_RebelHeart
g36q0ZLvygQ,ちゃんと曲の意図が伝わってくるのがアイブちゃんの曲のいいところ❤︎,7,2026-01-26T11:51:01Z,IVE_RebelHeart
g36q0ZLvygQ,60M❤❤❤❤❤❤,4,2026-01-26T09:56:34Z,IVE_RebelHeart
g36q0ZLvygQ,"Lah
udah setahun aja nih lagu❤",4,2026-01-26T08:16:52Z,IVE_RebelHeart
g36q0ZLvygQ,2026년 1월 말에 듣고있는 나.. 그와중에 초반 레이가 귤 오물거리는거 짱귀..❤,7,2026-01-26T04:39:22Z,IVE_RebelHeart
g36q0ZLvygQ,60M!🎉,4,2026-01-25T23:31:45Z,IVE_RebelHeart
g36q0ZLvygQ,I love the vibe of this song smm<3333,4,2026-01-25T19:42:25Z,IVE_RebelHeart
g36q0ZLvygQ,"제목에서부터 rebel 이라는 센 단어가 들어있지만... 질투+혐오+갈라치기+꼰대스러움+커뮤식나락문화+빈정거림+가스라이팅+악플이 주류로 자리잡은 옹졸하고 비열한 세상에 대항하여 서로 다른 것에 대한 이해심, 포용력, 따뜻함으로 용기있게 맞서보자는 취지로 느껴져서 굉장히 위로가 되고 힘이 나는 가사임.",14,2026-01-25T18:47:56Z,IVE_RebelHeart
g36q0ZLvygQ,1:41 I HAVE THAT EXACT SAME KEYBOARD,2,2026-01-25T16:21:16Z,IVE_RebelHeart
g36q0ZLvygQ,First year: 60M,2,2026-01-25T16:10:07Z,IVE_RebelHeart
g36q0ZLvygQ,🥹🥹❤,3,2026-01-25T15:13:47Z,IVE_RebelHeart
g36q0ZLvygQ,204k,2,2026-01-25T13:47:11Z,IVE_RebelHeart
g36q0ZLvygQ,60M ✅  KEEP STR3@MING DIVES !!!,5,2026-01-25T08:33:00Z,IVE_RebelHeart
g36q0ZLvygQ,이게 벌써 1년전? 그냥 이 노래가 25년에 나오고 내가 26년에 봐서 그런가,2,2026-01-25T05:40:53Z,IVE_RebelHeart
g36q0ZLvygQ,beautiful,2,2026-01-25T03:20:27Z,IVE_RebelHeart
g36q0ZLvygQ,"아 다시 와서 또, 들으니까, 힘센 여자 강남순이 생각나는데. 혹시 여기 걔시는 분들 얘들은 다들 어떻게 생각하는지? 하시는지 모르겠네?? 나랑 같은 생각인가? 아무튼..",5,2026-01-25T02:24:06Z,IVE_RebelHeart
g36q0ZLvygQ,💥💥,2,2026-01-25T02:23:05Z,IVE_RebelHeart
g36q0ZLvygQ,NEXT 70M 🔜 COMEON DIVESS WE CAN MAKE THIS!!,13,2026-01-25T01:41:28Z,IVE_RebelHeart
g36q0ZLvygQ,노래 진짜 좋다 ㅠㅠ,4,2026-01-24T17:09:32Z,IVE_RebelHeart
g36q0ZLvygQ,i love you love IVE,2,2026-01-24T14:59:04Z,IVE_RebelHeart
g36q0ZLvygQ,60.1M!!!,2,2026-01-24T10:48:58Z,IVE_RebelHeart
g36q0ZLvygQ,60000000 Dive,2,2026-01-24T10:36:06Z,IVE_RebelHeart
g36q0ZLvygQ,OMGGG IVEEEEEE MY GlRLSSSSS😭😭😭😭😍❤️❤️❤️❤️ my baby leeseo,3,2026-01-24T06:24:18Z,IVE_RebelHeart
g36q0ZLvygQ,83k,1,2026-01-24T05:25:31Z,IVE_RebelHeart
g36q0ZLvygQ,Wonyoung pls shout me out,2,2026-01-24T02:22:11Z,IVE_RebelHeart
g36q0ZLvygQ,60M!!!🎉🎉🎉,5,2026-01-24T00:08:35Z,IVE_RebelHeart
g36q0ZLvygQ,Happy 60m,6,2026-01-23T21:41:57Z,IVE_RebelHeart
g36q0ZLvygQ,Happy 760k like,6,2026-01-23T21:41:47Z,IVE_RebelHeart
g36q0ZLvygQ,🐿❤‍🔥🐾🐕🐾🐾🐹🐾,2,2026-01-23T21:02:32Z,IVE_RebelHeart
g36q0ZLvygQ,6000万回再生おめでとう!!ずーーっと好きな曲！！カムバも楽しみ！！！,23,2026-01-23T18:14:03Z,IVE_RebelHeart
g36q0ZLvygQ,60M！IVE & DIVE〜♡,7,2026-01-23T15:29:58Z,IVE_RebelHeart
g36q0ZLvygQ,"마저 구독 좋아요👍✅️🙏🐿
그건 그렇고, 들으니까 문득 생각나는게, 자꾸 아이브의 I AM이 들리고 생각이 나는거야 그래서 말인데요 ㅇㅇ ㅋㅋㅋㅋ 다들 동의하죠? 그조? 아 ㅋㅋㅋㅋ 탈모탄조? ㅋㅋㅋㅋ 참 나🤦🤦‍♀️..~~.... 아무튼, 네ㅎㅎ",4,2026-01-23T12:32:14Z,IVE_RebelHeart
g36q0ZLvygQ,"YAYYY 61M NEXTT, FIGHTING DIVE",9,2026-01-23T10:38:07Z,IVE_RebelHeart
g36q0ZLvygQ,2:18 😓,1,2026-01-23T10:27:35Z,IVE_RebelHeart
g36q0ZLvygQ,Lizzzz❤❤,2,2026-01-23T10:04:58Z,IVE_RebelHeart
g36q0ZLvygQ,완성도 높은 뮤직비디오...,3,2026-01-23T08:07:58Z,IVE_RebelHeart
g36q0ZLvygQ,조회수 6천만 돌파~!,8,2026-01-23T07:59:33Z,IVE_RebelHeart
g36q0ZLvygQ,60M <3,6,2026-01-23T06:51:04Z,IVE_RebelHeart
g36q0ZLvygQ,Happy 60M to Rebel Heart!!!,15,2026-01-23T06:44:25Z,IVE_RebelHeart
g36q0ZLvygQ,60M done on 23/1/2026 🎉🎉,7,2026-01-23T06:17:45Z,IVE_RebelHeart
g36q0ZLvygQ,60M 🎉,8,2026-01-23T05:42:04Z,IVE_RebelHeart
g36q0ZLvygQ,2k,0,2026-01-23T05:25:59Z,IVE_RebelHeart
g36q0ZLvygQ,0:40 wonyoung:🫦,2,2026-01-23T05:24:06Z,IVE_RebelHeart
g36q0ZLvygQ,"60M and IVE will be back  
DIVE Are you ready to support this comeback?",14,2026-01-23T05:21:53Z,IVE_RebelHeart
g36q0ZLvygQ,60Mviews‼‼🎊,13,2026-01-23T04:53:02Z,IVE_RebelHeart
g36q0ZLvygQ,60M!!!!!,12,2026-01-23T04:04:22Z,IVE_RebelHeart
g36q0ZLvygQ,Happy 1 year!!🎉🎉,6,2026-01-23T00:08:30Z,IVE_RebelHeart
g36q0ZLvygQ,💖,2,2026-01-22T19:29:27Z,IVE_RebelHeart
g36q0ZLvygQ,Lets go 60 million dive,25,2026-01-22T17:35:41Z,IVE_RebelHeart
g36q0ZLvygQ,好听,2,2026-01-22T15:50:08Z,IVE_RebelHeart
g36q0ZLvygQ,The bridge the end it’s all perfect and heavenly,5,2026-01-22T15:23:35Z,IVE_RebelHeart
g36q0ZLvygQ,This is by far the best IVE era,4,2026-01-22T15:23:05Z,IVE_RebelHeart
g36q0ZLvygQ,이노래 들으면 묘하게 2010년대가 생각나네,3,2026-01-22T14:40:25Z,IVE_RebelHeart
g36q0ZLvygQ,"IVE 2ND FULL ALBUM RELEASE DATE 23 FEBRUARY 
With a pre release 'BANG BANG' 9 FEB",22,2026-01-22T08:31:48Z,IVE_RebelHeart
g36q0ZLvygQ,2:36 😭,0,2026-01-22T03:19:37Z,IVE_RebelHeart
g36q0ZLvygQ,자존감을 키워주고 위로해주고 도전의식을 담아내는곡,4,2026-01-21T22:34:17Z,IVE_RebelHeart
g36q0ZLvygQ,60M 🔜 KEEP STR3@MING DIVES !!!,6,2026-01-21T22:28:49Z,IVE_RebelHeart
g36q0ZLvygQ,❤‍🔥🐿🐾🐾🐕🐾🐾🐹,2,2026-01-21T20:17:17Z,IVE_RebelHeart
g36q0ZLvygQ,❤저 이거 학교방과후에서 베웠어요❤,2,2026-01-20T23:56:58Z,IVE_RebelHeart
g36q0ZLvygQ,😢,0,2026-01-20T23:55:23Z,IVE_RebelHeart
g36q0ZLvygQ,헉....아이브들 너무 😢예쁘다,1,2026-01-20T23:55:11Z,IVE_RebelHeart
g36q0ZLvygQ,I like it!!!,2,2026-01-20T17:53:50Z,IVE_RebelHeart
g36q0ZLvygQ,2:14 love dive :),2,2026-01-20T12:43:52Z,IVE_RebelHeart
g36q0ZLvygQ,五女一五颜一张元英做得好,0,2026-01-20T12:05:00Z,IVE_RebelHeart
g36q0ZLvygQ,"노래 너무잘행용
❤❤❤❤❤❤❤❤ 아이브팬이에요",4,2026-01-20T04:33:14Z,IVE_RebelHeart
g36q0ZLvygQ,노래 계속 들어도 좋다. 스타쉽 감다살.,2,2026-01-20T01:40:12Z,IVE_RebelHeart
g36q0ZLvygQ,1 year ago 😢,3,2026-01-20T00:53:39Z,IVE_RebelHeart
g36q0ZLvygQ,Esta canción la conocí tarde pero desde que la escuché me encantó,6,2026-01-19T19:14:25Z,IVE_RebelHeart
g36q0ZLvygQ,🐇❤‍🔥🐾🐿🐾🐾🐕🐾,0,2026-01-19T18:07:42Z,IVE_RebelHeart
g36q0ZLvygQ,🐹,0,2026-01-19T18:04:32Z,IVE_RebelHeart
g36q0ZLvygQ,19/01/2026 às 14:22,1,2026-01-19T17:22:45Z,IVE_RebelHeart
g36q0ZLvygQ,2:34초..페아리테일....흐규,1,2026-01-19T16:26:33Z,IVE_RebelHeart
g36q0ZLvygQ,let's support ive's next comeback dive!!!!!!!!,63,2026-01-19T10:38:26Z,IVE_RebelHeart
g36q0ZLvygQ,SONG OF THE YEAR 2025 YOU ALLLL,10,2026-01-19T10:37:12Z,IVE_RebelHeart
g36q0ZLvygQ,伟大的rebel heart,6,2026-01-19T09:07:13Z,IVE_RebelHeart
g36q0ZLvygQ,Где все русские.....,1,2026-01-19T08:31:20Z,IVE_RebelHeart
g36q0ZLvygQ,Где все русские.....,0,2026-01-19T08:31:20Z,IVE_RebelHeart
g36q0ZLvygQ,She can be next Jennie if they keep this concept for her and not cute one,2,2026-01-19T08:19:08Z,IVE_RebelHeart
g36q0ZLvygQ,アニメーション！歌詞！振り付け！衣装！歌声！可愛さ！全部最高すぎる！,4,2026-01-19T07:11:38Z,IVE_RebelHeart
g36q0ZLvygQ,The chorus is stuck in my head 🔁,8,2026-01-19T06:55:01Z,IVE_RebelHeart
g36q0ZLvygQ,Can’t believe it’s already been a year😅,9,2026-01-19T06:48:18Z,IVE_RebelHeart
g36q0ZLvygQ,I love this song❤,7,2026-01-19T04:59:24Z,IVE_RebelHeart
g36q0ZLvygQ,"DIVES BE READY FOR IVE COMEBACK THIS COMING FEB, STR3@M HARDER ‼️",8,2026-01-18T17:41:22Z,IVE_RebelHeart
g36q0ZLvygQ,60M 🔜 KEEP STR3@MING DIVES !!!,9,2026-01-18T17:40:49Z,IVE_RebelHeart
g36q0ZLvygQ,HOW IS IVE SO INSANELY PERFECT,12,2026-01-18T15:10:14Z,IVE_RebelHeart
g36q0ZLvygQ,god i love ive,8,2026-01-18T15:09:08Z,IVE_RebelHeart
g36q0ZLvygQ,ALMOST 60M!!!,8,2026-01-18T12:49:16Z,IVE_RebelHeart
g36q0ZLvygQ,One years ago...,7,2026-01-18T11:05:32Z,IVE_RebelHeart
g36q0ZLvygQ,Stream,4,2026-01-18T10:38:51Z,IVE_RebelHeart
g36q0ZLvygQ,I'm still in the Rebel Heart era,13,2026-01-18T09:13:08Z,IVE_RebelHeart
g36q0ZLvygQ,"i always feel emotional in this song, idk why",8,2026-01-18T08:25:40Z,IVE_RebelHeart
g36q0ZLvygQ,사랑해요❤❤❤❤,5,2026-01-18T05:56:15Z,IVE_RebelHeart
g36q0ZLvygQ,이노레좋은사람ㅜㅜ,2,2026-01-18T04:32:38Z,IVE_RebelHeart
g36q0ZLvygQ,Beautiful ending IVE😊,8,2026-01-18T02:01:43Z,IVE_RebelHeart
g36q0ZLvygQ,IVE's music videos are always really good,13,2026-01-17T23:28:30Z,IVE_RebelHeart
g36q0ZLvygQ,共通テスト2日目頑張る💪,36,2026-01-17T22:16:23Z,IVE_RebelHeart
g36q0ZLvygQ,60M 🔜 KEEP STR3@MING DIVES !!!,9,2026-01-17T19:29:14Z,IVE_RebelHeart
g36q0ZLvygQ,Huh sudah 1 tahun aja😢😢,5,2026-01-17T17:22:16Z,IVE_RebelHeart
g36q0ZLvygQ,"Guys, I'm crying....",3,2026-01-17T14:31:54Z,IVE_RebelHeart
g36q0ZLvygQ,💛,2,2026-01-17T14:01:35Z,IVE_RebelHeart
g36q0ZLvygQ,"So you can love me, hate me
You will never be, never be, never be me
Try me, I'll break free
You will never be, never be, never be me
We are rebels in our hearts, rebels in our hearts
We are rebels in our hearts
We are rebels in our hearts, 꺾이지 않아
We are rebels in our hearts",5,2026-01-17T13:19:52Z,IVE_RebelHeart
g36q0ZLvygQ,❤❤❤🎉,1,2026-01-17T13:12:45Z,IVE_RebelHeart
g36q0ZLvygQ,Now this what I like about ive❤,3,2026-01-17T12:26:00Z,IVE_RebelHeart
g36q0ZLvygQ,"Lagu candu banget, setelah mendengar semua lagu IVE ternyata lagu ini yang paling kusuka ❤",3,2026-01-17T10:12:57Z,IVE_RebelHeart
g36q0ZLvygQ,❤‍🔥🐇🐾🐾🐿🐾🐾🐕,2,2026-01-17T07:51:57Z,IVE_RebelHeart
g36q0ZLvygQ,새해에도 행복한 2026년 보내시고 항상 행복한일과 웃는날과 마음을 표현할수있는 하루가 되세요 전 개인적으로 이 노래가 살짝 슬프면서도 포기하지않는 노래라고 생각해요!,3,2026-01-17T04:03:51Z,IVE_RebelHeart
g36q0ZLvygQ,"아이브 REBEL HEART 파트별 가사

All)REBEL IN OUR HEART!

안유진)시작은 항상 다 이룬 것처럼 엔딩은 마치 승리한 것처럼
리즈)겁내지 않고 마음을 쏟을래 내 모양대로

레이)이제 더 이상 신경 쓰지 않아 어디에서도 내 맘을 지키기
이서)오해 받을 땐 자유에 맡겨둘래 다 알게 될 거니까

장원영)So you can Love me, hate me You will never be never be never be me
안유진)Try me, I'll break free You will never be never be never be me

All, 가을)We are rebels in our heart, Rebels in our heart We are rebels in our heart
All, 이서)We are rebels in our heart, 꺾이지 않아 We are rebels in our heart

레이)너는 어디가 조금 부족해 너는 거기가 뭔가 좀 넘쳐 
가을)I don't care 뭐든 말은 참 쉽지 그래 실행이 어려운 거야

이서)Do it, move it, do it 우린 그냥 할께
레이)내 갈 길은 멀고 그 위에는 드라마가 있어

장원영)또 외로움이 너무 길어지는 밤엔 그 맘을 쏘아 올려

안유진)Love me, hate me You will never be never be never be me
리즈)Try me, I'll break free You will never be never be never be me

All, 장원영)We are rebels in our heart, Rebels in our heart We are rebels in our heart
All, 레이)We are rebels in our heart, 꺾이지 않아 We are rebels in our heart

All)Rebels in our heart!

안유진)Rebels in our heart!×2

가을)Rebels in our heart!×2

장원영)우린 따로 이유를 묻지 않고 서로가 필요할 때가 있어 그런 맘이 어떤 건지 잘 알기에
리즈)영원을 바라는 사이보단 지금을 이해해주고 싶어 We will always be the rebels!

[폭죽터짐]

안유진)Come, join as who you are We are rebels, we are one
이서)이 마음만으로 We are rebels, we are one

All, 리즈)We are rebels in our heart, Rebels in our heart We are rebels in our heart
안유진)We are rebels in our heart, 꺾이지 않아 We are rebels in our heart!",2,2026-01-17T03:04:58Z,IVE_RebelHeart
g36q0ZLvygQ,Beautiful mv,3,2026-01-17T01:47:27Z,IVE_RebelHeart
g36q0ZLvygQ,고3 잘 버텨내자 할 수 있다,3,2026-01-16T16:48:03Z,IVE_RebelHeart
g36q0ZLvygQ,💗,1,2026-01-16T16:45:23Z,IVE_RebelHeart
g36q0ZLvygQ,"En enero y febrero, cuando me fui de viaje a Disney escuchaba mucho IVE EMPATHY, por eso es mi álbum favorito de IVE, tiene un valor sentimental muy profundo para mi, cada que lo escucho me acuerdo de Florida.",2,2026-01-16T16:02:11Z,IVE_RebelHeart
g36q0ZLvygQ,超好聽尤其是張原瑛唱的那段，很好聽,2,2026-01-16T12:03:47Z,IVE_RebelHeart
g36q0ZLvygQ,💝,1,2026-01-16T10:05:12Z,IVE_RebelHeart
g36q0ZLvygQ,0:34,0,2026-01-16T08:38:48Z,IVE_RebelHeart
g36q0ZLvygQ,this is julie percy's song❤❤❤❤,0,2026-01-16T07:34:10Z,IVE_RebelHeart
g36q0ZLvygQ,Not a fan but this is lit. Also love I've stage performances.,2,2026-01-16T04:26:18Z,IVE_RebelHeart
g36q0ZLvygQ,이게 어느새 1년이라니..컴백한지 일주일 전 같은데..,4,2026-01-16T01:12:10Z,IVE_RebelHeart
g36q0ZLvygQ,Hi IVE,1,2026-01-15T20:53:21Z,IVE_RebelHeart
g36q0ZLvygQ,제가 가장 좋아하는 노래 중 하나가 나온 지 벌써 1년이 됐네요. 🎉❤,5,2026-01-15T17:21:13Z,IVE_RebelHeart
g36q0ZLvygQ,Happy 1st anniversary of the epic song that came in its perfect time to describe the storm existed in our souls in that time.,4,2026-01-15T14:15:32Z,IVE_RebelHeart
g36q0ZLvygQ,It's officially been a year!,1,2026-01-15T12:45:45Z,IVE_RebelHeart
g36q0ZLvygQ,Happy 1st anniversary rebel heart diveeeeee❤️❤️❤️❤️❤️,24,2026-01-14T23:15:49Z,IVE_RebelHeart
g36q0ZLvygQ,Happy one year to Rebel heart,13,2026-01-14T23:02:26Z,IVE_RebelHeart
g36q0ZLvygQ,happy 1 year anniversary rebel heart!❤️,10,2026-01-14T22:58:55Z,IVE_RebelHeart
g36q0ZLvygQ,It's already been a year?,8,2026-01-14T22:09:16Z,IVE_RebelHeart
g36q0ZLvygQ,🐈❤‍🔥🐾🐇🐾🐾🐿🐾,2,2026-01-14T20:36:47Z,IVE_RebelHeart
g36q0ZLvygQ,Who Is after of 2025,5,2026-01-14T20:06:11Z,IVE_RebelHeart
g36q0ZLvygQ,Reality.end💢,0,2026-01-14T20:04:14Z,IVE_RebelHeart
g36q0ZLvygQ,"End ,happylasting afterdied👍",0,2026-01-14T20:03:53Z,IVE_RebelHeart
g36q0ZLvygQ,Happy bday🖕,1,2026-01-14T20:00:37Z,IVE_RebelHeart
g36q0ZLvygQ,💘💘💘🫁🖤,1,2026-01-14T20:00:21Z,IVE_RebelHeart
g36q0ZLvygQ,Can’t believe it’s been a year.,4,2026-01-14T15:56:11Z,IVE_RebelHeart
g36q0ZLvygQ,もう1年,1,2026-01-14T14:50:55Z,IVE_RebelHeart
g36q0ZLvygQ,IVE always delivers confidence anthems 💥,1,2026-01-14T13:56:29Z,IVE_RebelHeart
g36q0ZLvygQ,1 year 🎉,1,2026-01-14T13:47:49Z,IVE_RebelHeart
g36q0ZLvygQ,1 year ago..,1,2026-01-14T13:43:30Z,IVE_RebelHeart
g36q0ZLvygQ,Road to 60M,1,2026-01-14T13:10:57Z,IVE_RebelHeart
g36q0ZLvygQ,一年経っても色褪せることの無い名曲,14,2026-01-14T12:59:06Z,IVE_RebelHeart
g36q0ZLvygQ,갑분 천만이였다가 5천만?,0,2026-01-14T11:33:53Z,IVE_RebelHeart
g36q0ZLvygQ,🧡,1,2026-01-14T09:35:53Z,IVE_RebelHeart
g36q0ZLvygQ,"1주년이라 해서 왔어요. 올해도 아프지말고 행복하자!! 아이브도, 나도! 꼭 임용 합격해서 아이브 콘서트 또 갈게. 유진이 꿈이었던 교사!! 내가 대신 이뤄줄게",1,2026-01-14T08:07:31Z,IVE_RebelHeart
g36q0ZLvygQ,I really like this song😭😭,4,2026-01-14T07:30:41Z,IVE_RebelHeart
g36q0ZLvygQ,It's a Nice song .... congratulation 1 year anniversary for Rebel Heart ...it still good for listening until now....❤🌷😊🌷✌️,3,2026-01-14T06:32:13Z,IVE_RebelHeart
g36q0ZLvygQ,AMOOOOOOOOOOOOO DEMAIS,2,2026-01-14T06:21:10Z,IVE_RebelHeart
g36q0ZLvygQ,soty,1,2026-01-14T04:45:35Z,IVE_RebelHeart
g36q0ZLvygQ,"Alguien en 2026 , como que un año ya",2,2026-01-14T03:35:02Z,IVE_RebelHeart
g36q0ZLvygQ,HAPPY 1 YEAR TO THIS MASTERPIECE ❤🏆,7,2026-01-14T02:20:09Z,IVE_RebelHeart
g36q0ZLvygQ,HAPPY 1 YEAR TO THE SOTY!!!🦋✨,5,2026-01-14T01:30:56Z,IVE_RebelHeart
g36q0ZLvygQ,One year of this hit omgg,5,2026-01-14T01:27:49Z,IVE_RebelHeart
g36q0ZLvygQ,It's already one year and my heart is still rebel ❤️‍🔥❤️‍🔥,3,2026-01-14T00:30:49Z,IVE_RebelHeart
g36q0ZLvygQ,this song is exactly 1 year old today❤,7,2026-01-14T00:21:46Z,IVE_RebelHeart
g36q0ZLvygQ,Happy 1 Year!,11,2026-01-14T00:14:47Z,IVE_RebelHeart
g36q0ZLvygQ,happy 1 year 🎉🎉,8,2026-01-13T23:55:20Z,IVE_RebelHeart
g36q0ZLvygQ,1 year ago! Rebels in our heart <3,8,2026-01-13T23:12:00Z,IVE_RebelHeart
g36q0ZLvygQ,happy one year *⸜(* ॑꒳ ॑* )⸝*° 🍀,6,2026-01-13T22:17:52Z,IVE_RebelHeart
g36q0ZLvygQ,"Omg, I can't believe this masterpiece is already 1 year",11,2026-01-13T21:32:48Z,IVE_RebelHeart
g36q0ZLvygQ,"Ik it's 2026 but I cant stop listening to this masterpiece!!
Liz vocal is so PERFECT💕
I love them all every member is sm talented!

~ baby Dive",5,2026-01-13T20:50:53Z,IVE_RebelHeart
g36q0ZLvygQ,"Happy one year of Rebel Heart! It came by so fast. I love this song, it's really awesome. Ive keep on moving! 💖",7,2026-01-13T20:15:11Z,IVE_RebelHeart
g36q0ZLvygQ,💜💜💜,2,2026-01-13T19:31:13Z,IVE_RebelHeart
g36q0ZLvygQ,🩷🩷🩷,2,2026-01-13T19:31:06Z,IVE_RebelHeart
g36q0ZLvygQ,💖💖💖,2,2026-01-13T19:30:56Z,IVE_RebelHeart
g36q0ZLvygQ,"Wow, today marks one year since Ive's return 💔😭💗",1,2026-01-13T19:30:40Z,IVE_RebelHeart
g36q0ZLvygQ,Rebel heart,2,2026-01-13T17:41:41Z,IVE_RebelHeart
g36q0ZLvygQ,ya 1 anñooo a mo esta cancion,3,2026-01-13T17:38:10Z,IVE_RebelHeart
g36q0ZLvygQ,HAPPY 1ST ANNIVERSARY IVE THE BEST GROUP 4 GEN,4,2026-01-13T16:39:41Z,IVE_RebelHeart
g36q0ZLvygQ,1 YEAR CONGRATULATIONS IVE 🎉,2,2026-01-13T16:39:12Z,IVE_RebelHeart
g36q0ZLvygQ,"1 year of this masterpiece, i will FOREVER love rebel heart. Best ive song ‼‼",2,2026-01-13T16:20:59Z,IVE_RebelHeart
g36q0ZLvygQ,Год....❤,1,2026-01-13T15:39:47Z,IVE_RebelHeart
g36q0ZLvygQ,Rebel Heart 1주년 축하해!!!!🎉🎉🎉🎉,2,2026-01-13T15:34:58Z,IVE_RebelHeart
g36q0ZLvygQ,anniversary one year 🎉🎉🎉,2,2026-01-13T14:46:41Z,IVE_RebelHeart
g36q0ZLvygQ,Love me hate me you will never be  never be never be me,1,2026-01-13T14:41:56Z,IVE_RebelHeart
g36q0ZLvygQ,❤️‍🩹,1,2026-01-13T14:34:25Z,IVE_RebelHeart
g36q0ZLvygQ,Happy anniversary SOTY,6,2026-01-13T13:15:51Z,IVE_RebelHeart
g36q0ZLvygQ,레블하트 1주년❤❤,2,2026-01-13T12:53:02Z,IVE_RebelHeart
g36q0ZLvygQ,Anyone in 2026👋🏼,2,2026-01-13T12:52:49Z,IVE_RebelHeart
g36q0ZLvygQ,"A full year has passed since the release of the song Year 2025"". ☹️💞",3,2026-01-13T12:52:06Z,IVE_RebelHeart
g36q0ZLvygQ,1周年おめでとう!!本当にだいすきな曲,6,2026-01-13T12:23:33Z,IVE_RebelHeart
g36q0ZLvygQ,HAPPY 1ST ANNIVERSARY REBEL HEART ❤,4,2026-01-13T11:50:09Z,IVE_RebelHeart
g36q0ZLvygQ,Guys it been one year since rebel heart release 😢😮,3,2026-01-13T11:31:50Z,IVE_RebelHeart
g36q0ZLvygQ,1:48 was that Wonyoung With highlight blondes!??? Omg too pretty like a Hot Barbie!,1,2026-01-13T11:03:25Z,IVE_RebelHeart
g36q0ZLvygQ,"Beautiful and Meaningful music video and song!  Too many good lines in lyrics ❤❤ Love me, hate me , you will never be me.  “ We are rebels and We are One  “ touches me most",1,2026-01-13T11:01:19Z,IVE_RebelHeart
g36q0ZLvygQ,1 year ago! happy anniversary rebel heart! 🫶,222,2026-01-13T10:03:15Z,IVE_RebelHeart
g36q0ZLvygQ,STREAM FOR IVE,3,2026-01-13T09:35:10Z,IVE_RebelHeart
g36q0ZLvygQ,1 year of rebels in your heart💗,9,2026-01-13T09:28:22Z,IVE_RebelHeart
g36q0ZLvygQ,REBEL HEART,4,2026-01-13T09:16:51Z,IVE_RebelHeart
g36q0ZLvygQ,60M NEXTT,2,2026-01-13T09:09:52Z,IVE_RebelHeart
g36q0ZLvygQ,OMG IT WAS 1 YEAR AGO,1,2026-01-13T09:09:32Z,IVE_RebelHeart
g36q0ZLvygQ,레블하트 1주년 🎉,1,2026-01-13T09:07:53Z,IVE_RebelHeart
g36q0ZLvygQ,It's already a year ago 😢,0,2026-01-13T09:07:41Z,IVE_RebelHeart
g36q0ZLvygQ,HAPPY 1st year Anniversary rebel heart by Queen IVE,2,2026-01-13T09:00:43Z,IVE_RebelHeart
g36q0ZLvygQ,내 최애곡 레블이 1주년 축하해❤🎉,2,2026-01-13T09:00:01Z,IVE_RebelHeart
g36q0ZLvygQ,반항적인 마음 - 이달의 마지막 날,1,2026-01-13T08:34:55Z,IVE_RebelHeart
g36q0ZLvygQ,Happy anniversary to Rebel Heart,1,2026-01-13T08:09:43Z,IVE_RebelHeart
g36q0ZLvygQ,1주년 ✨ 새해때 이 노래로 시작함,1,2026-01-13T08:06:36Z,IVE_RebelHeart
g36q0ZLvygQ,레블하트 1주년이다…🥹🤍,4,2026-01-13T07:37:57Z,IVE_RebelHeart
g36q0ZLvygQ,1 year ago today T-T,1,2026-01-13T07:25:06Z,IVE_RebelHeart
g36q0ZLvygQ,1 year since realese of this banger 🎉,0,2026-01-13T07:24:45Z,IVE_RebelHeart
g36q0ZLvygQ,# Where is MOMOLAND??,0,2026-01-13T07:04:22Z,IVE_RebelHeart
g36q0ZLvygQ,買尬 安俞真我的神,0,2026-01-13T06:56:50Z,IVE_RebelHeart
g36q0ZLvygQ,ONE YEAR ? I LOVE THIS SONG ❤❤❤❤,1,2026-01-13T06:45:14Z,IVE_RebelHeart
g36q0ZLvygQ,I can’t believe this has been a year already.,1,2026-01-13T05:18:06Z,IVE_RebelHeart
g36q0ZLvygQ,It's been almost a year and I still love this song as much as the first day,0,2026-01-13T03:58:30Z,IVE_RebelHeart
g36q0ZLvygQ,"Ya casi un año de esta joyita?, no lo ouedo creer",0,2026-01-13T03:58:02Z,IVE_RebelHeart
g36q0ZLvygQ,Ya cumple un año esta canción y me sigue encantando más,0,2026-01-13T03:38:18Z,IVE_RebelHeart
g36q0ZLvygQ,I can't believe that this masterpiece has been a year,1,2026-01-13T03:31:25Z,IVE_RebelHeart
g36q0ZLvygQ,Still listening to this masterpiece ❤❤,2,2026-01-13T03:24:30Z,IVE_RebelHeart
g36q0ZLvygQ,리벨 하트 Rebel Heart 가 발매된 지 벌써 1년이 되었네요. 🥹❤️ 아직도 이 명곡을 듣고 있는 분들이 있나요?💖✨️,9,2026-01-13T02:47:50Z,IVE_RebelHeart
g36q0ZLvygQ,1周年おめでとう❤これからもたくさん聴くよ！,3,2026-01-13T02:25:18Z,IVE_RebelHeart
Sz_wWzgh-vQ,❤❤❤❤❤❤❤❤❤❤❤❤❤❤❤❤❤❤❤❤❤❤❤❤❤❤❤❤❤❤❤❤❤❤❤❤,0,2026-03-13T17:06:31Z,TWICE_Strategy
Sz_wWzgh-vQ,Go🕚gle,0,2026-03-13T16:16:58Z,TWICE_Strategy
Sz_wWzgh-vQ,Yes me i love k pop denob hubters,0,2026-03-13T15:58:56Z,TWICE_Strategy
Sz_wWzgh-vQ,Twiceeee,0,2026-03-13T15:18:55Z,TWICE_Strategy
Sz_wWzgh-vQ,"Não importa quantas vezes irei escutar,nunca irei enjoarX3🥹💖",0,2026-03-13T14:59:56Z,TWICE_Strategy
Sz_wWzgh-vQ,This is banger❤,0,2026-03-13T14:25:52Z,TWICE_Strategy
Sz_wWzgh-vQ,2:33 What a woman! What a woman!,0,2026-03-13T14:25:32Z,TWICE_Strategy
Sz_wWzgh-vQ,119k,0,2026-03-13T12:48:40Z,TWICE_Strategy
Sz_wWzgh-vQ,2:15,0,2026-03-13T12:24:03Z,TWICE_Strategy
Sz_wWzgh-vQ,ONCES STREAM THIS IS FORRRR,1,2026-03-13T09:24:45Z,TWICE_Strategy
Sz_wWzgh-vQ,Love yall,0,2026-03-13T06:10:37Z,TWICE_Strategy
Sz_wWzgh-vQ,yayyy,0,2026-03-13T05:17:04Z,TWICE_Strategy
Sz_wWzgh-vQ,Let's go Once,0,2026-03-13T04:25:00Z,TWICE_Strategy
Sz_wWzgh-vQ,Does anyone from 2026,1,2026-03-13T02:55:57Z,TWICE_Strategy
Sz_wWzgh-vQ,"I love this song with all my heart, I hope it never gets lost",1,2026-03-13T02:24:07Z,TWICE_Strategy
Sz_wWzgh-vQ,145M🎉,2,2026-03-13T00:56:40Z,TWICE_Strategy
Sz_wWzgh-vQ,Mother jihyo,2,2026-03-13T00:54:21Z,TWICE_Strategy
Sz_wWzgh-vQ,STRATEGYYYYYYY,0,2026-03-13T00:54:09Z,TWICE_Strategy
Sz_wWzgh-vQ,Im new,0,2026-03-13T00:35:08Z,TWICE_Strategy
Sz_wWzgh-vQ,In community of onces,0,2026-03-13T00:34:48Z,TWICE_Strategy
Sz_wWzgh-vQ,Hii,0,2026-03-13T00:34:15Z,TWICE_Strategy
Sz_wWzgh-vQ,No offense but the song would be a bit more enjoyable if Megan would not be screaming,1,2026-03-12T23:45:37Z,TWICE_Strategy
Sz_wWzgh-vQ,omg,0,2026-03-12T23:22:58Z,TWICE_Strategy
Sz_wWzgh-vQ,TWICE❤,0,2026-03-12T21:49:55Z,TWICE_Strategy
Sz_wWzgh-vQ,Soy la única que no entiende pero le gusta?,0,2026-03-12T21:28:35Z,TWICE_Strategy
Sz_wWzgh-vQ,MEEE,0,2026-03-12T21:06:24Z,TWICE_Strategy
Sz_wWzgh-vQ,3:27 ナヨンちゃんドアップ可愛すぎる！！！！,0,2026-03-12T18:42:40Z,TWICE_Strategy
Sz_wWzgh-vQ,"全然日本人のコメントないTT
コメントして盛り上げていこう(⁠^⁠^⁠)",2,2026-03-12T18:41:05Z,TWICE_Strategy
Sz_wWzgh-vQ,3/13/26 🎧🫀🫶🫶🫶🫶🫶 Bop! So good!,0,2026-03-12T18:40:24Z,TWICE_Strategy
Sz_wWzgh-vQ,"K-POPQUEENのためにできることを頑張ろう！
最愛ドルでTWICEに投票しよう！
メンバーの誕生日にハートを投票してハートが目標数に到達すれば韓国の駅に広告が出ます！
まずはハートを集めてみて！
メンバーの誕生日がきたらONCEみんなで投票しようー！",0,2026-03-12T18:40:06Z,TWICE_Strategy
Sz_wWzgh-vQ,TWICE,0,2026-03-12T17:45:25Z,TWICE_Strategy
Sz_wWzgh-vQ,TZUYU,0,2026-03-12T17:45:20Z,TWICE_Strategy
Sz_wWzgh-vQ,CHAEYOUNG,0,2026-03-12T17:45:11Z,TWICE_Strategy
Sz_wWzgh-vQ,DAHYUN,0,2026-03-12T17:45:04Z,TWICE_Strategy
Sz_wWzgh-vQ,MINA,0,2026-03-12T17:44:59Z,TWICE_Strategy
Sz_wWzgh-vQ,JIHYO,0,2026-03-12T17:44:54Z,TWICE_Strategy
Sz_wWzgh-vQ,SANA,0,2026-03-12T17:44:49Z,TWICE_Strategy
Sz_wWzgh-vQ,MOMO,0,2026-03-12T17:44:39Z,TWICE_Strategy
Sz_wWzgh-vQ,JEONGYEON,0,2026-03-12T17:44:33Z,TWICE_Strategy
Sz_wWzgh-vQ,NAYEON,0,2026-03-12T17:44:26Z,TWICE_Strategy
Sz_wWzgh-vQ,TWICE,0,2026-03-12T17:44:21Z,TWICE_Strategy
Sz_wWzgh-vQ,ICONIC ❤,0,2026-03-12T17:43:27Z,TWICE_Strategy
Sz_wWzgh-vQ,Best EVER SONG IN THE 2HOLE KPOP,1,2026-03-12T16:23:40Z,TWICE_Strategy
Sz_wWzgh-vQ,"Temazo de canción 
Me gusta 
12 de marzo de 2026 10:16 am",4,2026-03-12T15:16:05Z,TWICE_Strategy
Sz_wWzgh-vQ,ola me gusta twice,2,2026-03-12T14:57:27Z,TWICE_Strategy
Sz_wWzgh-vQ,Every time some like my comment I'll will watch it again!!!,2,2026-03-12T14:44:39Z,TWICE_Strategy
Sz_wWzgh-vQ,946k,2,2026-03-12T13:14:10Z,TWICE_Strategy
Sz_wWzgh-vQ,"Off Topic

Ariaz Girl Group - a member talking about her first shocking settlement statement. She kept scanning through it looking for earnings to help her parents but all she found was page after page of debt. Her agency eventually wrote it off but not till she'd thrown in years of her youth for no earnings. (They did concerts etc etc.)

I posted the article and her explainion vid references to the only MV of theirs I could find quickly.

---
I love K-Pop but thought their story may be of interest to a tiny minority here.",2,2026-03-12T11:34:24Z,TWICE_Strategy
Sz_wWzgh-vQ,Anyone from Pakistan??,2,2026-03-12T05:51:08Z,TWICE_Strategy
Sz_wWzgh-vQ,I listen this song💝,2,2026-03-12T05:08:47Z,TWICE_Strategy
Sz_wWzgh-vQ,Momo i love❤❤❤❤❤❤❤❤❤❤❤,1,2026-03-12T04:24:53Z,TWICE_Strategy
Sz_wWzgh-vQ,Cute❤️,1,2026-03-12T04:17:27Z,TWICE_Strategy
Sz_wWzgh-vQ,So cute Momo ❤❤,2,2026-03-12T04:14:06Z,TWICE_Strategy
Sz_wWzgh-vQ,I want performance on one stage!,1,2026-03-12T04:13:01Z,TWICE_Strategy
Sz_wWzgh-vQ,0:14 It's Megan Thee Stallion and Twice,4,2026-03-12T03:47:21Z,TWICE_Strategy
Sz_wWzgh-vQ,1:39 quien de 2026,2,2026-03-12T03:23:23Z,TWICE_Strategy
Sz_wWzgh-vQ,"TWICE's albums with multiple tracks surpassing 200K plays on Shazam:

TWICEcoaster: Lane 2
Merry & Happy
Summer Nights
Eyes wide open
Formula of Love: O+T=<3
READY TO BE
THIS IS FOR",2,2026-03-12T03:17:29Z,TWICE_Strategy
Sz_wWzgh-vQ,Your mine 😮‍💨 1:38,1,2026-03-12T02:45:06Z,TWICE_Strategy
Sz_wWzgh-vQ,lalalalallalalilili,1,2026-03-12T01:24:12Z,TWICE_Strategy
Sz_wWzgh-vQ,patita,0,2026-03-12T01:24:02Z,TWICE_Strategy
Sz_wWzgh-vQ,felix ama a hyunjin y nayeon pero no sabe con quien quedarse,0,2026-03-12T01:23:49Z,TWICE_Strategy
Sz_wWzgh-vQ,onichan,0,2026-03-12T01:23:21Z,TWICE_Strategy
Sz_wWzgh-vQ,mi 2 bias es momo,0,2026-03-12T01:23:12Z,TWICE_Strategy
Sz_wWzgh-vQ,pata con keso,0,2026-03-12T01:23:00Z,TWICE_Strategy
Sz_wWzgh-vQ,me pika e kul0,0,2026-03-12T01:22:52Z,TWICE_Strategy
Sz_wWzgh-vQ,uwu,0,2026-03-12T01:22:39Z,TWICE_Strategy
Sz_wWzgh-vQ,denme laiks,0,2026-03-12T01:22:33Z,TWICE_Strategy
Sz_wWzgh-vQ,comento puro pa que se aga mas viral xd,1,2026-03-12T01:22:25Z,TWICE_Strategy
Sz_wWzgh-vQ,q linda la dahyun,0,2026-03-12T01:22:05Z,TWICE_Strategy
Sz_wWzgh-vQ,Best collab till this date!,0,2026-03-12T00:44:23Z,TWICE_Strategy
Sz_wWzgh-vQ,✋✋ hold on I was planning on hating on this it's kinda peak,0,2026-03-11T22:52:13Z,TWICE_Strategy
Sz_wWzgh-vQ,Mi favorite,1,2026-03-11T22:20:07Z,TWICE_Strategy
Sz_wWzgh-vQ,Que pro el diosado,0,2026-03-11T19:55:32Z,TWICE_Strategy
Sz_wWzgh-vQ,150M :3!!,0,2026-03-11T19:37:51Z,TWICE_Strategy
Sz_wWzgh-vQ,❤❤❤❤❤,0,2026-03-11T19:24:16Z,TWICE_Strategy
Sz_wWzgh-vQ,Its Manon not Megan,0,2026-03-11T18:02:44Z,TWICE_Strategy
Sz_wWzgh-vQ,can't let the homies know i fw ts,0,2026-03-11T15:24:33Z,TWICE_Strategy
Sz_wWzgh-vQ,Stream ONCE 150M please 🙏🏻,4,2026-03-11T15:12:44Z,TWICE_Strategy
Sz_wWzgh-vQ,😔😔💕😭❤️,0,2026-03-11T14:15:36Z,TWICE_Strategy
Sz_wWzgh-vQ,Strategy mi canción,0,2026-03-11T13:51:15Z,TWICE_Strategy
Sz_wWzgh-vQ,Why all twice songs are so good???,0,2026-03-11T13:04:50Z,TWICE_Strategy
Sz_wWzgh-vQ,모든 멤버들 너무 멋지고 아름다운 무대 장인들!!   사랑해요 트와이스!💗💗,1,2026-03-11T12:13:36Z,TWICE_Strategy
Sz_wWzgh-vQ,Hey boy~,0,2026-03-11T11:53:36Z,TWICE_Strategy
Sz_wWzgh-vQ,Strems onces,1,2026-03-11T11:53:14Z,TWICE_Strategy
Sz_wWzgh-vQ,We can do it,1,2026-03-11T07:53:26Z,TWICE_Strategy
Sz_wWzgh-vQ,Stream once,3,2026-03-11T07:53:16Z,TWICE_Strategy
Sz_wWzgh-vQ,Fighting once,7,2026-03-11T07:50:49Z,TWICE_Strategy
Sz_wWzgh-vQ,200m,2,2026-03-11T07:50:33Z,TWICE_Strategy
Sz_wWzgh-vQ,When did dream came true I meet with twice members❤,0,2026-03-11T07:28:02Z,TWICE_Strategy
Sz_wWzgh-vQ,Is this a Demon Hunters song?🥺,5,2026-03-11T06:11:06Z,TWICE_Strategy
Sz_wWzgh-vQ,2:15 🤮🤮,2,2026-03-11T05:41:58Z,TWICE_Strategy
Sz_wWzgh-vQ,streaming,2,2026-03-11T03:22:41Z,TWICE_Strategy
Sz_wWzgh-vQ,alguien de 2026?,12,2026-03-11T01:40:16Z,TWICE_Strategy
Sz_wWzgh-vQ,"Hey

Does anyone need tickets to Twice THIS IS FOR WORLD TOUR Orlando? I have 3 tickets I'm selling for $188 each. I ended up getting seats for the Chicago date with my friends and no longer need the tickets for this show. #Twice #ThisIsForWorldTourOrlando",3,2026-03-11T01:35:02Z,TWICE_Strategy
Sz_wWzgh-vQ,TWICEEE,5,2026-03-11T00:38:03Z,TWICE_Strategy
Sz_wWzgh-vQ,P,0,2026-03-11T00:36:18Z,TWICE_Strategy
Sz_wWzgh-vQ,AMEIIIIIIIII,1,2026-03-11T00:00:01Z,TWICE_Strategy
Sz_wWzgh-vQ,Anyone miss Danielle in the group :(,1,2026-03-10T23:02:16Z,TWICE_Strategy
Sz_wWzgh-vQ,Momo i love ❤,1,2026-03-10T22:51:07Z,TWICE_Strategy
Sz_wWzgh-vQ,me encanta la música,3,2026-03-10T22:47:49Z,TWICE_Strategy
Sz_wWzgh-vQ,I love stragety,5,2026-03-10T22:28:20Z,TWICE_Strategy
Sz_wWzgh-vQ,i love this music,3,2026-03-10T22:12:52Z,TWICE_Strategy
Sz_wWzgh-vQ,🤦🤦🤦🤦🤦🤦🤦🤦🤦🤦,2,2026-03-10T22:05:10Z,TWICE_Strategy
Sz_wWzgh-vQ,"TWICE METAS 
STRATEGY..144M✅➡️145M
MOONLIGHT SONRISE..139M✅➡️140
CHEER UP..595..✅➡️599M
ONE SPARK..68M✅➡️69M
THIS IS FOR..106M✅➡️110M",3,2026-03-10T21:47:39Z,TWICE_Strategy
Sz_wWzgh-vQ,I love Chaeyoung❤,1,2026-03-10T21:32:52Z,TWICE_Strategy
Sz_wWzgh-vQ,Esta canción me encanta mi bias es Chaeyoung con sana obvio❤,1,2026-03-10T21:32:39Z,TWICE_Strategy
Sz_wWzgh-vQ,Me encanta ❤ está canción es muy pegadiza ❤💗💝🌷🐇,1,2026-03-10T21:31:33Z,TWICE_Strategy
Sz_wWzgh-vQ,I love nayeon 💝🐇,1,2026-03-10T21:28:16Z,TWICE_Strategy
Sz_wWzgh-vQ,"Hear me out this song at 90 speed starting at "" step on do my highlight"" and gnarly dance practice matches so much and when strategy ends at talk with my body that's my strategy is gnarly",0,2026-03-10T21:21:54Z,TWICE_Strategy
Sz_wWzgh-vQ,Única brasileira?,0,2026-03-10T19:57:08Z,TWICE_Strategy
Sz_wWzgh-vQ,2:15,1,2026-03-10T19:48:51Z,TWICE_Strategy
Sz_wWzgh-vQ,Anyone 2026❤❤❤❤❤,1,2026-03-10T19:41:36Z,TWICE_Strategy
Sz_wWzgh-vQ,Antônio 2026❤❤❤,1,2026-03-10T19:40:49Z,TWICE_Strategy
Sz_wWzgh-vQ,Hey boy....,1,2026-03-10T18:54:26Z,TWICE_Strategy
Sz_wWzgh-vQ,So good!,1,2026-03-10T18:24:21Z,TWICE_Strategy
Sz_wWzgh-vQ,ISO perfect,1,2026-03-10T16:25:47Z,TWICE_Strategy
Sz_wWzgh-vQ,One of the only songs that ever makes me cry from happiness 😭,1,2026-03-10T15:09:41Z,TWICE_Strategy
Sz_wWzgh-vQ,I was in 2024 last year,1,2026-03-10T10:14:42Z,TWICE_Strategy
Sz_wWzgh-vQ,"Não acredito que gosto disso, mas não me arrependo de gostar",1,2026-03-10T09:56:53Z,TWICE_Strategy
Sz_wWzgh-vQ,"man, i love women so much",5,2026-03-10T09:40:13Z,TWICE_Strategy
Sz_wWzgh-vQ,Yuqii,0,2026-03-10T07:42:07Z,TWICE_Strategy
Sz_wWzgh-vQ,TWICE TWICE TWICE 🎉🎉🎉,5,2026-03-10T06:30:07Z,TWICE_Strategy
Sz_wWzgh-vQ,196Million Like,1,2026-03-10T03:32:42Z,TWICE_Strategy
Sz_wWzgh-vQ,"""Strategy"" — eligible certifications (song):

Canada: 2x Platinum (160,000)
Australia: 2x Platinum (140,000)
Brazil: 2x Platinum (80,000)
Mexico: Gold (70,000)
New Zealand: Platinum (30,000)
Belgium: Gold (20,000)
Sweden: Gold (6m streams)",13,2026-03-10T03:29:52Z,TWICE_Strategy
Sz_wWzgh-vQ,Yo los odio  es lo peor,0,2026-03-10T01:33:33Z,TWICE_Strategy
Sz_wWzgh-vQ,No yes the fac that,0,2026-03-10T01:14:52Z,TWICE_Strategy
Sz_wWzgh-vQ,"ONCE!
Please watch MISAMO's ""Confetti"". If possible, please leave lots of comments and help get MISAMO's new song excited! We can do it!",3,2026-03-10T01:07:33Z,TWICE_Strategy
Sz_wWzgh-vQ,Love twice❤,4,2026-03-09T23:36:25Z,TWICE_Strategy
Sz_wWzgh-vQ,"Que bonita Chae! Amo, linda mi Nayeon! Wow, Jeongyeon, que tal cambiooo! Sana, bonita como siempre, Jihyo y esa vocezota? Momo estas hermosa, Dahyun siempre linda por dentro y por fuera,  Tzuyu, amo tu estilooo! Mina, i love youuuuuu! 🤩😍",1,2026-03-09T23:21:29Z,TWICE_Strategy
Sz_wWzgh-vQ,1:20 1:20 1:20 1:20 1:20 1:21 1:21 1:21 1:21 1:21 1:22 1:22 1:22 1:22 ❤❤❤❤❤❤❤❤❤ 1:27 1:27 1:28,1,2026-03-09T22:05:36Z,TWICE_Strategy
Sz_wWzgh-vQ,😊,0,2026-03-09T21:34:34Z,TWICE_Strategy
Sz_wWzgh-vQ,this song appearing in the movie for 20 seconds is crazy,1,2026-03-09T21:30:18Z,TWICE_Strategy
Sz_wWzgh-vQ,"저는 채영이가 제일 좋아하는데, 여러분은 어떠세요? ❤",2,2026-03-09T21:05:17Z,TWICE_Strategy
Sz_wWzgh-vQ,Is cool 😮❤,1,2026-03-09T20:28:07Z,TWICE_Strategy
Sz_wWzgh-vQ,Tzuyu barely has any lines,0,2026-03-09T19:39:41Z,TWICE_Strategy
Sz_wWzgh-vQ,Esta cool tenemos que llegar a 150m,1,2026-03-09T18:40:07Z,TWICE_Strategy
Sz_wWzgh-vQ,amo esta cancion,1,2026-03-09T17:53:25Z,TWICE_Strategy
Sz_wWzgh-vQ,creyente cristiano,0,2026-03-09T17:45:34Z,TWICE_Strategy
Sz_wWzgh-vQ,hoe is gowing toe twice concert in amsterdam 30 may,1,2026-03-09T16:42:56Z,TWICE_Strategy
Sz_wWzgh-vQ,Twice,1,2026-03-09T16:04:12Z,TWICE_Strategy
Sz_wWzgh-vQ,Summer is coming right back Press rewind on this!,1,2026-03-09T15:54:43Z,TWICE_Strategy
Sz_wWzgh-vQ,Twiceeeeeee,1,2026-03-09T15:20:04Z,TWICE_Strategy
Sz_wWzgh-vQ,🍲🍲🍲🍲🍲🍲🍲🍲🍲🍲🍲🍲🍲🍲🥗🥗🥗🥗🥗🥗🥗🥗🥗🥗🥗🥗🥗🧋🧋🧋🧋🧋🧋🧋🧋🧋🧋🧋🧋🍗🍗🍗🍗🍗🍗🍗🍗🍗🍗🍗🍗🍗🍝🍝🍝🍝🍝🍝🍝🍝🍝🍝🍝🍝🍰🍰🍰🍰🍰🍰🍰🍰🍰🍰🍰🍰🍰🎂🎂🎂🎂🎂🎂🎂🎂🎂🎂🎂🎂🎂🎂🎂🍬🍬🍬🍬🍬🍬🍬🍬🍬🍬🍬🍬🍹🍹🍹🍹🍹🍹🍹🍹🍹🍹🍹🍹🍹🍹🍹,0,2026-03-09T15:06:38Z,TWICE_Strategy
Sz_wWzgh-vQ,422k,0,2026-03-09T14:52:28Z,TWICE_Strategy
Sz_wWzgh-vQ,3:44 best,1,2026-03-09T14:50:36Z,TWICE_Strategy
Sz_wWzgh-vQ,트와이스 응원하고 사랑해요!💗💗,2,2026-03-09T14:36:32Z,TWICE_Strategy
Sz_wWzgh-vQ,417k,0,2026-03-09T14:08:49Z,TWICE_Strategy
Sz_wWzgh-vQ,STRATEGEは最高だぁ～,0,2026-03-09T14:08:20Z,TWICE_Strategy
Sz_wWzgh-vQ,そたーーーー秒で落ちるてぇ,0,2026-03-09T13:59:20Z,TWICE_Strategy
Sz_wWzgh-vQ,YouTube MUSICから視聴,0,2026-03-09T12:18:16Z,TWICE_Strategy
Sz_wWzgh-vQ,STRATEGE,0,2026-03-09T11:23:16Z,TWICE_Strategy
Sz_wWzgh-vQ,401k,0,2026-03-09T10:34:41Z,TWICE_Strategy
Sz_wWzgh-vQ,0:10 Trivia: Page No. 215 is derived from Megan Pete's birthdate!,1,2026-03-09T09:58:37Z,TWICE_Strategy
Sz_wWzgh-vQ,150M đi,1,2026-03-09T07:50:37Z,TWICE_Strategy
Sz_wWzgh-vQ,Asi se escucha el cielo? 🤩😍,2,2026-03-09T06:59:43Z,TWICE_Strategy
Sz_wWzgh-vQ,LOVE YOU GIRLS ALL 10 OF YOU!!!,1,2026-03-09T05:07:23Z,TWICE_Strategy
Sz_wWzgh-vQ,My toxic trait is that Megan unnie is my favorite K-pop idol. 😂😂😂,1,2026-03-09T05:06:40Z,TWICE_Strategy
Sz_wWzgh-vQ,200m,1,2026-03-09T04:09:18Z,TWICE_Strategy
Sz_wWzgh-vQ,"Canción bodria
Mala letra
Mala canción
No sé entiende 
Malas integrantes
Mal coreografía
Letra sin sentido
Todo eso le falta🔥",0,2026-03-09T03:29:41Z,TWICE_Strategy
Sz_wWzgh-vQ,"""Strategy"" is now eligible 2x Platinum in Australia for selling over 140,000 units",1,2026-03-09T02:29:19Z,TWICE_Strategy
Sz_wWzgh-vQ,1:45 mina is so perfect 🤌❤,1,2026-03-09T01:41:11Z,TWICE_Strategy
Sz_wWzgh-vQ,Me encanta🎉,1,2026-03-09T00:08:57Z,TWICE_Strategy
Sz_wWzgh-vQ,Haciendo stream,1,2026-03-08T21:56:15Z,TWICE_Strategy
Sz_wWzgh-vQ,AMO. 👌😍❤️,2,2026-03-08T21:30:50Z,TWICE_Strategy
Sz_wWzgh-vQ,저는 음악을 사랑합니다,4,2026-03-08T21:16:31Z,TWICE_Strategy
Sz_wWzgh-vQ,"mmM,MamMmMmMmM,MmEEeeEeEeEee",0,2026-03-08T20:57:03Z,TWICE_Strategy
Sz_wWzgh-vQ,Love u twice,3,2026-03-08T20:16:22Z,TWICE_Strategy
Sz_wWzgh-vQ,So Good...saw then live and they brought the house down!!,2,2026-03-08T20:08:59Z,TWICE_Strategy
Sz_wWzgh-vQ,Eres mi mejor banda tú eres la que me da ganas de bailar siempre escucho tu canción,2,2026-03-08T19:51:06Z,TWICE_Strategy
Sz_wWzgh-vQ,Me gusta,0,2026-03-08T19:50:48Z,TWICE_Strategy
Sz_wWzgh-vQ,Está muy buena la música,3,2026-03-08T19:17:02Z,TWICE_Strategy
Sz_wWzgh-vQ,CHIKOSS HAGAN STREAM ESTO TIENE QUE LLEGAR A 200 MILLONES DE VISITASSSS,3,2026-03-08T19:15:40Z,TWICE_Strategy
Sz_wWzgh-vQ,Oncess streammmm,1,2026-03-08T19:14:55Z,TWICE_Strategy
Sz_wWzgh-vQ,Twicequeens,1,2026-03-08T19:10:56Z,TWICE_Strategy
Sz_wWzgh-vQ,Espppp,1,2026-03-08T19:10:40Z,TWICE_Strategy
Sz_wWzgh-vQ,OJALA QUEGANENE WINS😂,1,2026-03-08T19:10:31Z,TWICE_Strategy
Sz_wWzgh-vQ,TWICE PILAR DEJYP😊,2,2026-03-08T19:10:06Z,TWICE_Strategy
Sz_wWzgh-vQ,ESO TWICE SIGUE ASIIIII,2,2026-03-08T18:59:14Z,TWICE_Strategy
Sz_wWzgh-vQ,Hay que llegar a los 200 millonesvisit,1,2026-03-08T18:58:37Z,TWICE_Strategy
Sz_wWzgh-vQ,2026???,2,2026-03-08T18:01:56Z,TWICE_Strategy
Sz_wWzgh-vQ,This song is in my veins,8,2026-03-08T17:39:34Z,TWICE_Strategy
Sz_wWzgh-vQ,The real yandere🤓👆,6,2026-03-08T17:31:55Z,TWICE_Strategy
Sz_wWzgh-vQ,Luv,2,2026-03-08T17:00:56Z,TWICE_Strategy
Sz_wWzgh-vQ,Go Latinoamérica,0,2026-03-08T16:05:08Z,TWICE_Strategy
Sz_wWzgh-vQ,Go Latinoamérica,1,2026-03-08T16:04:34Z,TWICE_Strategy
Sz_wWzgh-vQ,Go latinoamerica,0,2026-03-08T16:04:21Z,TWICE_Strategy
Sz_wWzgh-vQ,Vengan a Latinoamérica xfa,0,2026-03-08T16:04:05Z,TWICE_Strategy
Sz_wWzgh-vQ,Feliz dia das mulheres,0,2026-03-08T15:58:17Z,TWICE_Strategy
Sz_wWzgh-vQ,ja jestem z polski i kocham k-pop,0,2026-03-08T14:51:30Z,TWICE_Strategy
Sz_wWzgh-vQ,I'm starting to think I like Kpop,2,2026-03-08T13:08:44Z,TWICE_Strategy
Sz_wWzgh-vQ,Las love gilr ❤❤❤,0,2026-03-08T12:50:44Z,TWICE_Strategy
Sz_wWzgh-vQ,❤❤❤❤❤❤❤❤❤❤❤❤❤❤❤❤❤❤❤❤❤❤❤❤❤❤❤❤❤❤❤❤❤❤❤❤❤❤❤❤❤❤❤❤❤❤😂❤❤❤,0,2026-03-08T10:16:43Z,TWICE_Strategy
Sz_wWzgh-vQ,HEY BOY!!!,0,2026-03-08T10:15:11Z,TWICE_Strategy
Sz_wWzgh-vQ,1:24  my favorite part,1,2026-03-08T09:43:56Z,TWICE_Strategy
Sz_wWzgh-vQ,Happy Women's Day,0,2026-03-08T09:20:34Z,TWICE_Strategy
Sz_wWzgh-vQ,STRATEGE,0,2026-03-08T09:16:27Z,TWICE_Strategy
Sz_wWzgh-vQ,Me,1,2026-03-08T08:47:38Z,TWICE_Strategy
Sz_wWzgh-vQ,TWICE,0,2026-03-08T08:20:43Z,TWICE_Strategy
Sz_wWzgh-vQ,Who stream,1,2026-03-08T04:25:36Z,TWICE_Strategy
Sz_wWzgh-vQ,시간이 흐를수록 더욱더 듣고 싶고 보고싶어지는 트와이스 노래와 뮤비!,4,2026-03-08T03:44:01Z,TWICE_Strategy
Sz_wWzgh-vQ,"""STRATEGY"" has now earned more on-demand video streams in the US than ""With YOU-th"" and ""READY TO BE"" combined, representing an increase of 155% (49 million).",8,2026-03-08T03:26:35Z,TWICE_Strategy
Sz_wWzgh-vQ,👍👍,1,2026-03-08T03:00:12Z,TWICE_Strategy
Sz_wWzgh-vQ,Ok this is from K-pop demon hunters,2,2026-03-08T02:59:25Z,TWICE_Strategy
Sz_wWzgh-vQ,Twice,2,2026-03-08T02:50:55Z,TWICE_Strategy
Sz_wWzgh-vQ,195Million Like,0,2026-03-08T02:37:34Z,TWICE_Strategy
Sz_wWzgh-vQ,i love it strategy,0,2026-03-08T01:09:43Z,TWICE_Strategy
Sz_wWzgh-vQ,Katseye,0,2026-03-08T01:00:37Z,TWICE_Strategy
Sz_wWzgh-vQ,❤❤❤❤,1,2026-03-07T23:47:54Z,TWICE_Strategy
Sz_wWzgh-vQ,TREMENDO TEMAZO,2,2026-03-07T23:36:52Z,TWICE_Strategy
Sz_wWzgh-vQ,I LOVE JIHYO ❤❤❤,1,2026-03-07T22:46:45Z,TWICE_Strategy
Sz_wWzgh-vQ,"I'll never get tired of listening to this song. I love you, TWICE! ❤️🌷",3,2026-03-07T21:44:05Z,TWICE_Strategy
Sz_wWzgh-vQ,Ok todas viendo a todas Yo viendo a Nayeon,3,2026-03-07T21:20:31Z,TWICE_Strategy
Sz_wWzgh-vQ,MOMO,1,2026-03-07T21:10:43Z,TWICE_Strategy
Sz_wWzgh-vQ,Lets go for 150M,3,2026-03-07T21:06:33Z,TWICE_Strategy
Sz_wWzgh-vQ,2M likes lets go,4,2026-03-07T20:34:08Z,TWICE_Strategy
Sz_wWzgh-vQ,144M HAPPY,2,2026-03-07T18:21:02Z,TWICE_Strategy
Sz_wWzgh-vQ,Me gusta mucho est music,5,2026-03-07T18:01:33Z,TWICE_Strategy
Sz_wWzgh-vQ,Beautiful song 🤍,7,2026-03-07T17:42:17Z,TWICE_Strategy
Sz_wWzgh-vQ,🩷💗,6,2026-03-07T17:38:52Z,TWICE_Strategy
Sz_wWzgh-vQ,I LOVE MINA❤❤❤❤❤❤❤❤❤😊❤😊❤😊❤😊❤😊❤😊❤😊😊❤😊❤😊❤😊❤😊😊❤😊❤😊❤😊❤😊❤😊😊❤😊❤😊❤😊😊❤😊❤😊❤😊😊❤😊❤😊❤😊😊❤😊❤😊❤😊😊❤😊❤😊❤😊❤😊😊❤😊❤😊❤😊❤😊😊❤😊❤😊❤😊😊❤😊❤😊❤😊❤😊😊❤😊❤😊❤😊❤😊😊❤😊❤😊❤😊😊❤😊❤😊❤😊❤😊❤😊😊❤😊❤😊❤😊😊❤😊❤😊❤😊❤😊😊❤😊❤😊❤😊😊❤😊❤😊😊❤😊❤😊❤😊❤😊😊❤😊😊❤😊😊😊😊😊😊❤😊😊❤😊❤😊❤😊❤😊❤😊❤😊😊❤😊❤😊❤😊❤😊❤😊❤😊❤😊😊❤😊❤😊❤😊❤😊❤😊😊❤😊❤😊❤😊❤😊😊❤😊❤😊❤😊❤😊😊❤😊❤😊😊❤😊❤😊❤😊❤😊😊❤😊❤😊❤😊❤😊❤😊❤😊❤😊😊❤😊❤😊❤😊😊❤😊❤😊❤😊❤😊😊❤😊❤😊❤😊❤😊❤😊❤😊❤😊😊❤😊❤😊❤😊❤😊❤😊❤😊❤😊😊❤😊❤😊❤😊😊❤😊❤😊❤😊😊❤😊❤😊😊❤😊❤😊❤😊😊❤😊❤😊😊😊😊❤❤❤❤😊😊❤😊😊❤😊😊❤😊😊❤😊❤😊😊❤😊😊😊😊❤😊😊❤😊❤😊❤😊❤😊😊❤😊❤😊❤😊❤😊😊❤😊❤😊❤😊❤😊❤😊❤😊😊❤😊❤😊❤😊❤😊😊❤😊❤😊❤😊😊❤😊❤😊❤😊😊❤😊❤😊❤😊❤😊❤😊❤😊😊❤😊❤😊❤😊❤😊😊❤😊❤😊❤😊❤😊😊❤😊❤😊❤😊😊❤😊❤😊❤😊❤😊❤😊😊❤😊❤😊❤😊❤😊❤😊❤😊😊❤😊❤😊😊❤😊❤😊❤😊❤😊❤😊😊❤😊❤😊❤😊😊❤😊❤😊❤😊❤😊😊❤😊❤😊❤😊❤😊😊❤😊❤😊❤😊😊❤😊😊❤😊❤😊❤😊😊❤😊❤😊❤😊❤😊❤😊❤😊😊❤😊❤😊❤😊😊❤😊❤😊😊❤😊❤😊😊❤😊❤😊😊❤😊😊❤😊❤😊❤😊❤😊😊❤😊😊❤😊❤😊❤😊❤😊😊❤😊❤😊❤😊❤😊😊❤😊❤😊❤😊❤😊😊❤😊❤😊❤😊❤😊❤😊😊❤😊❤😊❤😊😊❤😊❤😊❤😊❤😊❤😊❤,3,2026-03-07T16:57:51Z,TWICE_Strategy
Sz_wWzgh-vQ,Congratulations for 144M,12,2026-03-07T16:15:25Z,TWICE_Strategy
Sz_wWzgh-vQ,"I love Twice, they're my favorite group and this song is the best",5,2026-03-07T16:13:21Z,TWICE_Strategy
Sz_wWzgh-vQ,Anyony 2026,3,2026-03-07T15:37:17Z,TWICE_Strategy
Sz_wWzgh-vQ,996k,0,2026-03-07T14:50:14Z,TWICE_Strategy
Sz_wWzgh-vQ,0:55  me encantsaaaaa,1,2026-03-07T13:55:37Z,TWICE_Strategy
Sz_wWzgh-vQ,❤❤❤❤❤❤❤❤❤😍😍😍😍,1,2026-03-07T13:48:43Z,TWICE_Strategy
Sz_wWzgh-vQ,"983k/J−ONCE
来月の国立競技場3daysにむけて〜動き出しましたね。
来月の国立競技場の3days
24万人動員が想定されている為〜
会場周辺はかなり交通規制が敷かれると思います。",1,2026-03-07T13:04:50Z,TWICE_Strategy
Sz_wWzgh-vQ,❤,1,2026-03-07T12:54:58Z,TWICE_Strategy
Sz_wWzgh-vQ,"I’m a KPDH fan.
I see a song in KPDH.
I click.",3,2026-03-07T12:39:07Z,TWICE_Strategy
Sz_wWzgh-vQ,"975k/久しぶりに〜YouTubeで視聴
最近仕事で疲れて〜
Spotifyで毎日STRATEGYのALBUM全曲聴いたり〜音盤で聴いたりしていました。",1,2026-03-07T11:46:19Z,TWICE_Strategy
Sz_wWzgh-vQ,2026 somone,2,2026-03-07T11:17:36Z,TWICE_Strategy
Sz_wWzgh-vQ,TWICE,2,2026-03-07T10:49:40Z,TWICE_Strategy
Sz_wWzgh-vQ,I LOVE THE SONG💖💖,6,2026-03-07T06:46:40Z,TWICE_Strategy
Sz_wWzgh-vQ,"this one has fancy vibes, crazy chorus",2,2026-03-07T06:10:12Z,TWICE_Strategy
Sz_wWzgh-vQ,Vamoos onces 200M,4,2026-03-07T06:09:23Z,TWICE_Strategy
Sz_wWzgh-vQ,Not Adidas 😂,0,2026-03-07T05:10:00Z,TWICE_Strategy
Sz_wWzgh-vQ,Hola 😅😊buenos días,3,2026-03-07T01:54:29Z,TWICE_Strategy
Sz_wWzgh-vQ,"STRATEGY..143M✅..➡️145M🔓🔐
STRATEGY..LIKES..1.9M✅..➡️2MILLONES 
STRATEGY..COMNTARIOS..203K✅..➡️205K🔓🔐",3,2026-03-07T01:46:25Z,TWICE_Strategy
Sz_wWzgh-vQ,Love twice❤,1,2026-03-07T01:14:15Z,TWICE_Strategy
Sz_wWzgh-vQ,Love ❤,1,2026-03-07T01:13:52Z,TWICE_Strategy
Sz_wWzgh-vQ,❤😊🎉,1,2026-03-07T00:53:30Z,TWICE_Strategy
Sz_wWzgh-vQ,Anyone march 2026???,1,2026-03-07T00:52:25Z,TWICE_Strategy
Sz_wWzgh-vQ,🤩🤩🤩🤩❤❤❤🎉❤😢😢😢🎉🎉🎉❤❤,1,2026-03-07T00:47:19Z,TWICE_Strategy
Sz_wWzgh-vQ,Xdd,0,2026-03-06T23:21:20Z,TWICE_Strategy
Sz_wWzgh-vQ,I love❤,1,2026-03-06T22:21:39Z,TWICE_Strategy
Sz_wWzgh-vQ,Xgciyehk 22oluhlemncube,1,2026-03-06T20:42:13Z,TWICE_Strategy
Sz_wWzgh-vQ,Twice nailed it!,1,2026-03-06T19:10:14Z,TWICE_Strategy
Sz_wWzgh-vQ,A discografia delas é como vinho vai envelhecendo e ficando melhor a cada dia,2,2026-03-06T18:37:50Z,TWICE_Strategy
Sz_wWzgh-vQ,I Love you  Twice❤❤❤❤❤❤❤❤❤,1,2026-03-06T18:24:36Z,TWICE_Strategy
Sz_wWzgh-vQ,2:16 amo está parte xdd,1,2026-03-06T17:39:57Z,TWICE_Strategy
Sz_wWzgh-vQ,"First Month: 29.3M / 1.1M likes / 120k comments.
Sixth Month: 78M / 1.5M likes / 177k comments. 
Twelve month: 124M / 1.8M likes / 200k comments.

Thirteen month: 131M / 1.8M likes
Fourteen month: 138M / 1.9M likes
Fifteen month: 143M /  1.9M likes",2,2026-03-06T17:29:33Z,TWICE_Strategy
Sz_wWzgh-vQ,nenhum br aqui afs,3,2026-03-06T16:17:33Z,TWICE_Strategy
Sz_wWzgh-vQ,PASS THE STRATEGY PLEASEE,0,2026-03-06T15:34:17Z,TWICE_Strategy
Sz_wWzgh-vQ,STEP ONE,1,2026-03-06T15:07:03Z,TWICE_Strategy
Sz_wWzgh-vQ,"143 million views?, case 143?",1,2026-03-06T14:45:28Z,TWICE_Strategy
Sz_wWzgh-vQ,"아홉 명 모두 너무 예쁜데, 왜 저런 부적절한 옷을 입혔는지 모르겠어요. 소녀들이 다 어린데 저런 옷을 입으면 안 되잖아요. 하지만 그런 옷을 입힌 건 JYP의 잘못이고, JYP 직원들의 잘못도 있는 것 같아요.",1,2026-03-06T12:14:55Z,TWICE_Strategy
Sz_wWzgh-vQ,Love it~,3,2026-03-06T11:31:37Z,TWICE_Strategy
Sz_wWzgh-vQ,200M ONCE!!,2,2026-03-06T07:11:53Z,TWICE_Strategy
Sz_wWzgh-vQ,"👑👑STREAM (PRIORITY): ENEMY 10M, LIKE 1 2M, ME+YOU 10M, TIF 150M, CONFETTI 5M, SHOOT 8M, WAKE UP 1M✨ ALSO PLAY ALBUM, TEN ALBUM, ENEMY ALBUM, TIF ALBUM & LIL FANTASY ALBUM🤍🤍
👑👑TOGETHER W/ FOLLOWING:
💅🏻KOREAN MV
-SIGNAL 400M - 1.8M
-TBTIED 50M - 2.6M
-FS 550M -2.8M
-RA 25M - 3.2M
-CU 600M - 5.7M
-IGY 50M - 6M
-STRATEGY 150M -10.4M
-YOY 450M - 10.9M
-KK 350M - 11.4M
-HS 500M -13.1M
-MS 150M - 13.6M
-FANCY 700M -13.8M
-KMG 50M - 15M
-LOA 550M -20.8M
-ABCD 100M -24.9M
💅🏻JAPAN MV
-TW 1M - 180K
-DA 5M - 750K
-DIVE 25M - 900K
-PW 100M - 2M
-IDENTITY 20M - 2.6M
-SBMS 25M - 4M
-TT 125M - 4.2M
-BT 150M - 5M
-BNG 50 - 7.3M
-FANCY 25M - 7.6M
-FANFARE 100M - 7.8M
-MARSHMALLOW 25M - 7.9M
-TT 125M - 10M
💅🏻DANCE VIDEOS
-KMG PERF 10M - 120K
-HS STUDIO 10M - 400K
-LOA NAME TAG 25M - 450K
-LOA REMIX 2 10M- 500K
-POP CHOREO 10M -650K
-DNT 5M - 800K
-JELLY JELLY 20M - 800K
-ABCD PERF 20M - 900K
-BETTER 10M - 1.2M
-SMF PERF 25M -1.3M
-YOY MOMO 10M - 1.3M
-OS PERF 15M -1.5M
-BETTER RE EDIT 25M - 1.6M
-ICSM MOMO 10M - 1.6M
-CFM CHOREO 1 15M - 1.8M
-DTNA STUDIO 10M - 1.8M",4,2026-03-06T06:17:01Z,TWICE_Strategy
Sz_wWzgh-vQ,Jeongyeon is so pretty,1,2026-03-06T05:41:31Z,TWICE_Strategy
Sz_wWzgh-vQ,"Twice muy bonitas, ojalá lleguen al billon❤❤",2,2026-03-06T00:42:58Z,TWICE_Strategy
Sz_wWzgh-vQ,"❤❤ Twice tan hermosas siempre, las mejores❤",1,2026-03-06T00:39:05Z,TWICE_Strategy
Sz_wWzgh-vQ,Ahora tiene 143 mil vistaaaaasss (case 143 referencia),1,2026-03-05T23:10:28Z,TWICE_Strategy
Sz_wWzgh-vQ,omg sanaaaaaaaaaaaa mi bias,1,2026-03-05T22:07:08Z,TWICE_Strategy
Sz_wWzgh-vQ,pink 🩷,1,2026-03-05T22:05:35Z,TWICE_Strategy
Sz_wWzgh-vQ,"안녕 에미, 잘 지내? 난 잘 지내. 나연이 보고 싶어💖",1,2026-03-05T20:18:28Z,TWICE_Strategy
Sz_wWzgh-vQ,3/6/26 🎧🫀🫶🫶🫶🫶🫶 Bop! So good!,2,2026-03-05T18:39:28Z,TWICE_Strategy
Sz_wWzgh-vQ,Amo la parte del rap,2,2026-03-05T18:17:58Z,TWICE_Strategy
Sz_wWzgh-vQ,❤❤❤❤,1,2026-03-05T17:50:08Z,TWICE_Strategy
Sz_wWzgh-vQ,다음달 드디어 일본 콘서트에서 무대를 볼수 있어서 너무 기대되고  기다리고 있어요! 사랑해요 트와이스!,3,2026-03-05T17:18:55Z,TWICE_Strategy
Sz_wWzgh-vQ,😂🎉,0,2026-03-05T15:32:04Z,TWICE_Strategy
Sz_wWzgh-vQ,Anyone in 2026?,1,2026-03-05T04:11:00Z,TWICE_Strategy
Sz_wWzgh-vQ,I hope twice is also in the sequel for KPOP DEMON HUNTERS,11,2026-03-05T02:22:48Z,TWICE_Strategy
Sz_wWzgh-vQ,Anyone's in the NEW 2027 K-pop demon hunters???,5,2026-03-05T02:21:42Z,TWICE_Strategy
Sz_wWzgh-vQ,Pink 🩷,2,2026-03-05T02:11:23Z,TWICE_Strategy
Sz_wWzgh-vQ,Once let's hit 100M WE  FINALLY DID THAT❤❤❤❤❤❤❤❤❤❤,7,2026-03-05T00:39:45Z,TWICE_Strategy
Sz_wWzgh-vQ,A,2,2026-03-04T22:57:33Z,TWICE_Strategy
Sz_wWzgh-vQ,Babe,2,2026-03-04T22:38:21Z,TWICE_Strategy
Sz_wWzgh-vQ,"omg,this iso so perfect,my thats obssecation for the music,that's SO PERFEEEECT >;3",3,2026-03-04T22:36:35Z,TWICE_Strategy
Sz_wWzgh-vQ,私は二度音楽を楽しみます,3,2026-03-04T20:32:35Z,TWICE_Strategy
Sz_wWzgh-vQ,Got here just after hunter/x 🫦🎶,3,2026-03-04T20:15:13Z,TWICE_Strategy
Sz_wWzgh-vQ,Cute! 💘💘,1,2026-03-04T20:08:05Z,TWICE_Strategy
Sz_wWzgh-vQ,otra colaboración porfis,0,2026-03-04T19:07:33Z,TWICE_Strategy
Sz_wWzgh-vQ,Once forever,1,2026-03-04T18:51:26Z,TWICE_Strategy
Sz_wWzgh-vQ,Brazil loves twice,1,2026-03-04T18:51:11Z,TWICE_Strategy
Sz_wWzgh-vQ,Megan fits so well with twice❤❤❤❤❤❤❤,2,2026-03-04T18:50:53Z,TWICE_Strategy
Sz_wWzgh-vQ,OT9 forever🐯🐺🦊🦝🐱🐶🦁🐷🦄,1,2026-03-04T18:50:28Z,TWICE_Strategy
Sz_wWzgh-vQ,Twice have the best mvs,1,2026-03-04T18:49:55Z,TWICE_Strategy
Sz_wWzgh-vQ,OMG I love you katsye!!!,0,2026-03-04T18:21:39Z,TWICE_Strategy
Sz_wWzgh-vQ,تثث,0,2026-03-04T17:59:15Z,TWICE_Strategy
Sz_wWzgh-vQ,I love you 1:07 twice❤❤❤,0,2026-03-04T17:49:23Z,TWICE_Strategy
Sz_wWzgh-vQ,TWICE 150 million❤❤❤❤❤❤,1,2026-03-04T17:40:07Z,TWICE_Strategy
Sz_wWzgh-vQ,Alguém em2026,0,2026-03-04T17:35:52Z,TWICE_Strategy
Sz_wWzgh-vQ,"I, Love You dice",0,2026-03-04T16:15:52Z,TWICE_Strategy
Sz_wWzgh-vQ,I LOVE THIS MUSIC 😭💖,0,2026-03-04T16:02:55Z,TWICE_Strategy
Sz_wWzgh-vQ,"Once we have accumulated 183k in 24hrs , Good job everyone :) !!! . Don't forget to Str3am "" This is For"" ""CONFETTI""; ""One Spark"" ; ""Shoot"" & ""Blink""

(⁠♡⁠ω⁠♡⁠ ⁠)⁠ ⁠~⁠♪.

4-03-2026",1,2026-03-04T14:15:12Z,TWICE_Strategy
Sz_wWzgh-vQ,"I love this song, I can't stop listening to it",0,2026-03-04T14:10:37Z,TWICE_Strategy
Sz_wWzgh-vQ,1年も経ったの早いよт т♡,0,2026-03-04T14:07:47Z,TWICE_Strategy
Sz_wWzgh-vQ,Las chicas se merecen llegar a los 200MILLONES CON TREMENDO TEMAZO!!! A MÁS!!!,3,2026-03-04T14:00:16Z,TWICE_Strategy
Sz_wWzgh-vQ,VAMOS ONCEEE 150MILLONES,0,2026-03-04T13:59:32Z,TWICE_Strategy
Sz_wWzgh-vQ,LOVE YOU MEGAN UNNIE,3,2026-03-04T13:49:22Z,TWICE_Strategy
Sz_wWzgh-vQ,LOVE YOU NAYEON,1,2026-03-04T13:49:10Z,TWICE_Strategy
Sz_wWzgh-vQ,LOVE YOU JEONGYEON,1,2026-03-04T13:49:03Z,TWICE_Strategy
Sz_wWzgh-vQ,LOVE YOU MOMO,1,2026-03-04T13:48:55Z,TWICE_Strategy
Sz_wWzgh-vQ,LOVE YOU SANA,1,2026-03-04T13:48:47Z,TWICE_Strategy
Sz_wWzgh-vQ,LOVE YOU JIHYO,1,2026-03-04T13:48:37Z,TWICE_Strategy
Sz_wWzgh-vQ,LOVE YOU MINA,1,2026-03-04T13:48:28Z,TWICE_Strategy
Sz_wWzgh-vQ,LOVE YOU DAHYUN,1,2026-03-04T13:48:19Z,TWICE_Strategy
Sz_wWzgh-vQ,LOVE YOU CHAEYOUNG,1,2026-03-04T13:48:11Z,TWICE_Strategy
Sz_wWzgh-vQ,LOVE YOU TZUYU,1,2026-03-04T13:48:02Z,TWICE_Strategy
Sz_wWzgh-vQ,amo voces,0,2026-03-04T13:47:52Z,TWICE_Strategy
Sz_wWzgh-vQ,150M soon,0,2026-03-04T13:47:34Z,TWICE_Strategy
Sz_wWzgh-vQ,will getcha getcha babyyyy,0,2026-03-04T13:46:34Z,TWICE_Strategy
Sz_wWzgh-vQ,Twice❤,1,2026-03-04T13:46:22Z,TWICE_Strategy
Sz_wWzgh-vQ,stream PLAY by misamo,0,2026-03-04T12:57:49Z,TWICE_Strategy
Sz_wWzgh-vQ,We need others feature on twice songs,1,2026-03-04T12:57:16Z,TWICE_Strategy
Sz_wWzgh-vQ,2026 anyone???,1,2026-03-04T12:39:02Z,TWICE_Strategy
Sz_wWzgh-vQ,"not me thinking

members of TWICE that were separated:
Momo, Sana & Mina = MISAMO
Jeongyeon, Jihyo & Chaeyoung = HUNTR/X
Nayeon, Dahyun & Tzuyu = ??? (not sure🤷‍♂️)

😭😭😭😭😭😭😭😭😭",0,2026-03-04T12:12:48Z,TWICE_Strategy
Sz_wWzgh-vQ,Hi,0,2026-03-04T10:58:29Z,TWICE_Strategy
Sz_wWzgh-vQ,"내 전략은 완전 간단함 
계속 “야옹 야옹”하다가 누가 쓰다듬어주면 츄르 득템 ✨ meow meow",0,2026-03-04T07:22:37Z,TWICE_Strategy
Sz_wWzgh-vQ,It's Huntrix??????,0,2026-03-04T07:17:11Z,TWICE_Strategy
Sz_wWzgh-vQ,🍭200M vamos once,0,2026-03-04T04:37:38Z,TWICE_Strategy
Sz_wWzgh-vQ,200M en strategy vamos ONCE🍭🍭,0,2026-03-04T04:36:46Z,TWICE_Strategy
Sz_wWzgh-vQ,aged like fine wine,0,2026-03-04T04:30:39Z,TWICE_Strategy
Sz_wWzgh-vQ,143 M visits?! referenciaa skz i love twiceee :D,0,2026-03-04T04:27:40Z,TWICE_Strategy
Sz_wWzgh-vQ,Omg 143 수백만 stray kids 참조,0,2026-03-04T03:47:51Z,TWICE_Strategy
Sz_wWzgh-vQ,"""Hey boy"" suena bonito desde que Twice lo dijo",2,2026-03-04T03:33:22Z,TWICE_Strategy
Sz_wWzgh-vQ,#1 STRATEGY 👑🥇🏆🏅,1,2026-03-04T03:28:28Z,TWICE_Strategy
Sz_wWzgh-vQ,#1 STRATEGY 👑🥇🏆,1,2026-03-04T03:28:11Z,TWICE_Strategy
Sz_wWzgh-vQ,#1 STRATEGY 👑🥇🏆🏅🏆👑🏆🥇🏆🏅🏆,1,2026-03-04T03:27:52Z,TWICE_Strategy
Sz_wWzgh-vQ,#1 STRATEGY 👑🥇,1,2026-03-04T03:27:11Z,TWICE_Strategy
Sz_wWzgh-vQ,#1 STRATEGY 👑,1,2026-03-04T03:26:57Z,TWICE_Strategy
Sz_wWzgh-vQ,#1 STRATEGY 👑,1,2026-03-04T03:26:44Z,TWICE_Strategy
Sz_wWzgh-vQ,STRATEGY 👑🥇,1,2026-03-04T03:26:21Z,TWICE_Strategy
Sz_wWzgh-vQ,STRATEGY 👑,1,2026-03-04T03:26:11Z,TWICE_Strategy
Sz_wWzgh-vQ,"TWICE is the only K-Pop group with songs over 20 million on-demand streams in the US this year so far (""Strategy"" and ""Takedown"").",1,2026-03-04T03:00:28Z,TWICE_Strategy
Sz_wWzgh-vQ,Sou cute 💕🫶🏻✨,2,2026-03-04T01:51:37Z,TWICE_Strategy
Sz_wWzgh-vQ,i would love to see a kpop / rapper queen crossover renaissance in the coming years.  let this be the first of many!,2,2026-03-04T00:18:43Z,TWICE_Strategy
Sz_wWzgh-vQ,I love TWICE💙💜🩵🩷🧡💛,1,2026-03-03T23:23:19Z,TWICE_Strategy
Sz_wWzgh-vQ,"This song is so cool, come on Once, let's do stream!🫶",0,2026-03-03T20:32:06Z,TWICE_Strategy
Sz_wWzgh-vQ,Es mi canción favorita ❤,0,2026-03-03T19:21:04Z,TWICE_Strategy
Sz_wWzgh-vQ,🇹 🇿 🇺 🇾 🇺,1,2026-03-03T18:13:20Z,TWICE_Strategy
Sz_wWzgh-vQ,Te amo 😍,1,2026-03-03T17:30:51Z,TWICE_Strategy
Sz_wWzgh-vQ,Em breve estaremos em 150Mi!! Não podemos parar once,1,2026-03-03T17:13:39Z,TWICE_Strategy
Sz_wWzgh-vQ,Lo amoooo😭😭❤️,1,2026-03-03T14:14:19Z,TWICE_Strategy
Sz_wWzgh-vQ,This is my favorite song💕,0,2026-03-03T13:52:18Z,TWICE_Strategy
Sz_wWzgh-vQ,"Once we have accumulated 192k in 24hrs , Good job everyone :) !!! . Don't forget to Str3am "" This is For"" ""CONFETTI""; ""One Spark"" ; ""Shoot"" & ""Blink""

(⁠♡⁠ω⁠♡⁠ ⁠)⁠ ⁠~⁠♪.

3-03-2026",1,2026-03-03T12:01:08Z,TWICE_Strategy
Sz_wWzgh-vQ,This sound made ears ring,1,2026-03-03T11:06:25Z,TWICE_Strategy
Sz_wWzgh-vQ,2:42 baile insanote para generar aura🗣️🗣️🗣️,0,2026-03-03T08:38:51Z,TWICE_Strategy
Sz_wWzgh-vQ,"143M 

😈...",1,2026-03-03T08:26:34Z,TWICE_Strategy
Sz_wWzgh-vQ,"i hope there will come a time they can sing this with megan unnie, her rap verse blends so well!",2,2026-03-03T07:46:50Z,TWICE_Strategy
Sz_wWzgh-vQ,"みんな大好き
これからも一緒˶> <˶",0,2026-03-03T07:23:49Z,TWICE_Strategy
Sz_wWzgh-vQ,200m?,2,2026-03-03T07:19:32Z,TWICE_Strategy
Sz_wWzgh-vQ,200M ONCE!!,5,2026-03-03T05:15:59Z,TWICE_Strategy
Sz_wWzgh-vQ,146k,1,2026-03-03T02:19:47Z,TWICE_Strategy
Sz_wWzgh-vQ,Twice the best group of all time,6,2026-03-03T00:31:30Z,TWICE_Strategy
Sz_wWzgh-vQ,Who in 2026??,9,2026-03-03T00:21:51Z,TWICE_Strategy
Sz_wWzgh-vQ,Im genuinely talking this is the best kpop song imo no cap,4,2026-03-02T21:37:39Z,TWICE_Strategy
Sz_wWzgh-vQ,Right now I'm doing a fan made photocards of twice😮😮😮❤,3,2026-03-02T20:38:56Z,TWICE_Strategy
Sz_wWzgh-vQ,girls singing bout getting boys when they are contractually obligated not to date 😂,0,2026-03-02T19:32:06Z,TWICE_Strategy
Sz_wWzgh-vQ,OMG,0,2026-03-02T19:29:33Z,TWICE_Strategy
Sz_wWzgh-vQ,Gözlerimin onunde 143m oldu,1,2026-03-02T16:50:01Z,TWICE_Strategy
Sz_wWzgh-vQ,150 million let's go,8,2026-03-02T15:29:27Z,TWICE_Strategy
Sz_wWzgh-vQ,Come on,2,2026-03-02T13:41:57Z,TWICE_Strategy
Sz_wWzgh-vQ,J'adore.  Bravo les filles,2,2026-03-02T11:16:52Z,TWICE_Strategy
Sz_wWzgh-vQ,"Once we have accumulated 224k in 24hrs , Good job everyone :) !!! . Don't forget to Str3am "" This is For"" ""CONFETTI""; ""One Spark"" ; ""Shoot"" & ""Blink""

(⁠♡⁠ω⁠♡⁠ ⁠)⁠ ⁠~⁠♪.

2-03-2026",6,2026-03-02T11:14:53Z,TWICE_Strategy
Sz_wWzgh-vQ,"Today 仕事から帰宅して
すぐに〜TWICEがAPインタビューっていうのが〜LIVE通知で上がっていますね。AP通信であっていますか？",3,2026-03-02T10:50:29Z,TWICE_Strategy
Sz_wWzgh-vQ,143M HAPPY,0,2026-03-02T10:48:49Z,TWICE_Strategy
Sz_wWzgh-vQ,最初から最高なの！！,1,2026-03-02T09:57:04Z,TWICE_Strategy
Sz_wWzgh-vQ,Onces no sean flojos lleguemos alos 5M DE LIKES,4,2026-03-02T08:42:09Z,TWICE_Strategy
Sz_wWzgh-vQ,De esos 19.1MILLON DE Suscriptores NO AN LLEGADO NI ALOS 5M Q PENA ONCES FLOJOS,4,2026-03-02T08:41:38Z,TWICE_Strategy
Sz_wWzgh-vQ,META para STRATEGY 2MILLONES DE LIKES,1,2026-03-02T08:40:48Z,TWICE_Strategy
Sz_wWzgh-vQ,Eso es todo once en una demanda logramos 3M PARA STRATEGY Q HACEN 143m,0,2026-03-02T08:39:57Z,TWICE_Strategy
Sz_wWzgh-vQ,Onces se ponen las pilas en strategy ya vamos 143M EN UNA SEMANDA,1,2026-03-02T08:39:25Z,TWICE_Strategy
Sz_wWzgh-vQ,Who is that girl with the blonde hair 😍,2,2026-03-02T04:27:50Z,TWICE_Strategy
Sz_wWzgh-vQ,megan thee so hot... and really good artist,0,2026-03-02T04:08:40Z,TWICE_Strategy
Sz_wWzgh-vQ,"""Strategy"" is now eligible Gold in Belgium (20,000 units; song).",1,2026-03-02T02:52:47Z,TWICE_Strategy
Sz_wWzgh-vQ,quien era la q estaba y no era de el grupo de twice y para colmo era latinoamericana 😮,0,2026-03-02T01:54:52Z,TWICE_Strategy
Sz_wWzgh-vQ,So good,1,2026-03-02T00:30:09Z,TWICE_Strategy
Sz_wWzgh-vQ,Esto está en español xdxdxd,1,2026-03-02T00:29:44Z,TWICE_Strategy
Sz_wWzgh-vQ,loveeeeeeee,2,2026-03-02T00:17:29Z,TWICE_Strategy
Sz_wWzgh-vQ,941k,1,2026-03-02T00:10:10Z,TWICE_Strategy
Sz_wWzgh-vQ,I love this song,2,2026-03-02T00:09:48Z,TWICE_Strategy
Sz_wWzgh-vQ,Let's go for 150M,2,2026-03-02T00:07:38Z,TWICE_Strategy
Sz_wWzgh-vQ,"That's it, baby.",1,2026-03-01T23:48:42Z,TWICE_Strategy
Sz_wWzgh-vQ,Me encantaaaaaaaaaa❤❤,3,2026-03-01T23:13:17Z,TWICE_Strategy
Sz_wWzgh-vQ,Streamm,1,2026-03-01T22:33:58Z,TWICE_Strategy
Sz_wWzgh-vQ,"Why did they have to say hey boys I’m gonna get you like that’s the weirdest thing but I like the song it sounds good. I usually watch them all the time, but I don’t know why they say that.",0,2026-03-01T22:28:13Z,TWICE_Strategy
Sz_wWzgh-vQ,Única que Abla español,0,2026-03-01T21:30:47Z,TWICE_Strategy
Sz_wWzgh-vQ,❤❤❤❤❤❤,0,2026-03-01T20:40:29Z,TWICE_Strategy
Sz_wWzgh-vQ,What is the best song keep it up,0,2026-03-01T19:53:05Z,TWICE_Strategy
Sz_wWzgh-vQ,Hermosas 💗,0,2026-03-01T19:25:42Z,TWICE_Strategy
Sz_wWzgh-vQ,Hey boy ❤,1,2026-03-01T19:22:32Z,TWICE_Strategy
Sz_wWzgh-vQ,Anyone March 2026??❤,1,2026-03-01T18:57:58Z,TWICE_Strategy
Sz_wWzgh-vQ,❤❤❤ twice,2,2026-03-01T18:17:37Z,TWICE_Strategy
Sz_wWzgh-vQ,I LOVE teice❤️🫦,0,2026-03-01T17:53:44Z,TWICE_Strategy
Sz_wWzgh-vQ,Amo este álbum porq tiene unas photocards re lindas,1,2026-03-01T17:53:00Z,TWICE_Strategy
Sz_wWzgh-vQ,Twice needs to release more songs like this 😭💙,6,2026-03-01T17:50:43Z,TWICE_Strategy
Sz_wWzgh-vQ,Who stream?,3,2026-03-01T17:35:48Z,TWICE_Strategy
Sz_wWzgh-vQ,Getcha getcha boy,1,2026-03-01T17:33:55Z,TWICE_Strategy
Sz_wWzgh-vQ,"That’s the song acting, K-pop demon hunters",0,2026-03-01T17:03:06Z,TWICE_Strategy
Sz_wWzgh-vQ,솔직히 마미손은 입에서 나오는 것도 나쁘지 않다고 생각함,0,2026-03-01T16:27:46Z,TWICE_Strategy
Sz_wWzgh-vQ,143M soon,0,2026-03-01T16:26:44Z,TWICE_Strategy
Sz_wWzgh-vQ,good ❤,1,2026-03-01T15:53:27Z,TWICE_Strategy
Sz_wWzgh-vQ,이 뮤직비디오 너무 좋아요,1,2026-03-01T15:47:19Z,TWICE_Strategy
Sz_wWzgh-vQ,3/2/26 🎧🫀🫶🫶🫶🫶🫶 Bop! So good!,0,2026-03-01T14:35:24Z,TWICE_Strategy
Sz_wWzgh-vQ,Me encanta esta cancion es la mejor de todas mi favorita❤🎉,0,2026-03-01T13:42:10Z,TWICE_Strategy
Sz_wWzgh-vQ,"835k/昨日の土曜日
久しぶりに追加購入音盤してきました。STRATEGYとMISAMOのALBUM　PLAYを〜",0,2026-03-01T13:09:36Z,TWICE_Strategy
Sz_wWzgh-vQ,"Once we have accumulated 221k in 24hrs , Good job everyone :) !!! . Don't forget to Str3am "" This is For"" ""CONFETTI""; ""One Spark"" ; ""Shoot"" & ""Blink""

(⁠♡⁠ω⁠♡⁠ ⁠)⁠ ⁠~⁠♪.

1-03-2026",2,2026-03-01T12:29:31Z,TWICE_Strategy
Sz_wWzgh-vQ,OTW 2M Likes,2,2026-03-01T11:10:38Z,TWICE_Strategy
Sz_wWzgh-vQ,"Can we get 150mi asap, Once? 🔥",3,2026-03-01T08:33:02Z,TWICE_Strategy
Sz_wWzgh-vQ,carefully designed,3,2026-03-01T08:23:45Z,TWICE_Strategy
Sz_wWzgh-vQ,393,1,2026-03-01T06:43:12Z,TWICE_Strategy
Sz_wWzgh-vQ,Música de kpop demon Hunters,1,2026-03-01T06:17:07Z,TWICE_Strategy
Sz_wWzgh-vQ,"Cleansing my ears (you know what I mean). Thank you TWICE Nayeon, Jeongyeon, Momo, Sana, Jihyo, Mina, Dahyun, Chaeyoung and Tzuyu",4,2026-03-01T04:19:26Z,TWICE_Strategy
Sz_wWzgh-vQ,776k,0,2026-03-01T04:10:17Z,TWICE_Strategy
Sz_wWzgh-vQ,wow,1,2026-03-01T03:54:07Z,TWICE_Strategy
Sz_wWzgh-vQ,200M lets go <3,1,2026-03-01T02:57:36Z,TWICE_Strategy
Sz_wWzgh-vQ,I LOVE TWICE 💗💗💗,1,2026-03-01T02:56:15Z,TWICE_Strategy
Sz_wWzgh-vQ,TWICEEEEE🎉,1,2026-03-01T01:22:19Z,TWICE_Strategy
Sz_wWzgh-vQ,I love You twice,1,2026-03-01T01:21:28Z,TWICE_Strategy
Sz_wWzgh-vQ,Ya casi 150MILLONES ONCE,2,2026-03-01T01:03:46Z,TWICE_Strategy
Sz_wWzgh-vQ,No se olviden de SPOTIFY! No perdamos la racha con el maximo de oyentes mensuales,1,2026-03-01T01:03:28Z,TWICE_Strategy
Sz_wWzgh-vQ,VAMONOS PARA LOS 200MILLONES ONCE,1,2026-03-01T01:02:40Z,TWICE_Strategy
Sz_wWzgh-vQ,The feels,1,2026-03-01T00:49:24Z,TWICE_Strategy
Sz_wWzgh-vQ,これで〜39曲ですか〜ゴールドなども含めると〜記録更新,1,2026-02-28T23:51:13Z,TWICE_Strategy
Sz_wWzgh-vQ,"さらに追加情報
ムーンライトサンライズとハートシェイカー同時プラチナ認定
（RIAJ）日本国内でのストリーミング1億再生以上",3,2026-02-28T23:49:29Z,TWICE_Strategy
Sz_wWzgh-vQ,Them You like  it's name  too more woh    My     nayeon l dol favorite  song since,0,2026-02-28T23:04:30Z,TWICE_Strategy
Sz_wWzgh-vQ,718k/ムーンライトサンライズが日本レコード協会からプラチナ認定されました。,1,2026-02-28T22:55:35Z,TWICE_Strategy
Sz_wWzgh-vQ,Step 1  chaeyoung step 2 mina step 3 dahyun❤,3,2026-02-28T22:41:56Z,TWICE_Strategy
Sz_wWzgh-vQ,I love the song,2,2026-02-28T22:39:30Z,TWICE_Strategy
Sz_wWzgh-vQ,March for Strategy !,1,2026-02-28T19:39:09Z,TWICE_Strategy
Sz_wWzgh-vQ,"ONCE, let's support ILLIT in their new song ""No Cute Anymore"" to repay their great love for TWICE🥹❤",3,2026-02-28T19:28:34Z,TWICE_Strategy
Sz_wWzgh-vQ,"I'm addicted to this song, I know all the words, I'm from Mexico",2,2026-02-28T19:17:22Z,TWICE_Strategy
Sz_wWzgh-vQ,MY GIIIIIIIIRLLLLLSSSSSS,2,2026-02-28T18:49:27Z,TWICE_Strategy
Sz_wWzgh-vQ,"Wow, I loved the song ❤️❤️❤️❤️",2,2026-02-28T18:45:18Z,TWICE_Strategy
Sz_wWzgh-vQ,"JEONGYEONN İ LOVE YOUUU YOU ARE NOT OVERWEIGHT, YOU JUST HAVE A VERY GOOD BODY. DON'T PAY ATTENTION TO THE CRITICISM YOU RECEIVE AND KEEP GOING. YOU ARE A VERY BEAUTIFUL ANGEL. I'M NOT A TWICE FAN, BUT JEONGYEON IS VERY BEAUTIFUL, AND OF COURSE, THE OTHER TWICE MEMBERS TOO.I LOVE YOU JEONGYEON 🤍🤍🤍🤍🤍🤍🤍🤍🤍🤍",3,2026-02-28T18:43:46Z,TWICE_Strategy
Sz_wWzgh-vQ,Twce me Yamo Salome 😊,2,2026-02-28T18:30:14Z,TWICE_Strategy
Sz_wWzgh-vQ,This is sooooo good,2,2026-02-28T18:09:27Z,TWICE_Strategy
Sz_wWzgh-vQ,"Anyone watching this on February 28, 2026? Awesome song, I still love Twice.트와이스를 너무 좋아해요, 언제나 사랑해요, ONCE 키스 💕😍",4,2026-02-28T17:40:05Z,TWICE_Strategy
Sz_wWzgh-vQ,I love you twice,3,2026-02-28T17:38:09Z,TWICE_Strategy
Sz_wWzgh-vQ,Once lets go,0,2026-02-28T17:38:01Z,TWICE_Strategy
Sz_wWzgh-vQ,"Once, where are you?
Me: Brazil",3,2026-02-28T17:37:56Z,TWICE_Strategy
Sz_wWzgh-vQ,Yo,3,2026-02-28T17:31:11Z,TWICE_Strategy
Sz_wWzgh-vQ,0:47 0:53 0:53 0:54 0:56 I love it💗💗,3,2026-02-28T16:38:43Z,TWICE_Strategy
Sz_wWzgh-vQ,0:18 This part❤❤,3,2026-02-28T16:37:50Z,TWICE_Strategy
Sz_wWzgh-vQ,Every time someone like my comment i will watch it again,7,2026-02-28T16:23:51Z,TWICE_Strategy
Sz_wWzgh-vQ,❤,1,2026-02-28T16:22:27Z,TWICE_Strategy
Sz_wWzgh-vQ,Victoriq❤🎉😊,5,2026-02-28T16:19:59Z,TWICE_Strategy
Sz_wWzgh-vQ,Aww so cute,4,2026-02-28T16:14:47Z,TWICE_Strategy
Sz_wWzgh-vQ,Hagas stream chicos🙌✨🩷,3,2026-02-28T16:03:09Z,TWICE_Strategy
Sz_wWzgh-vQ,Let’s get 150M for strategy!!!!!,3,2026-02-28T16:00:55Z,TWICE_Strategy
Sz_wWzgh-vQ,Hey boy im hetcha real good x2 ㅛㄱㄹㅎ롫공ㅎ옳엃국ㅎ롳ㅎ옹ㅅ옹ㄹ옹독골ㅠ두오어 오ㅗ오ㅗㅗㅗㄱ 어엉ㅇ체아역옹ㅅ눙ㅎ웅 ㅊㅇㅎ옹ㅎㅇ옹ㅎㅎㅇ옿ㅊㅇㄹㅎ ㅗㅗ옹ㅎ로력 ㅕ로러오럻어요영호요욕 ㄱㅎ옹호어오 어여둉 ㅕ옪ㄴㅎ유오올 ㅗ롫ㅎ오굑hey boy im a hetcha real hetcha 2x ㅗㄱㅎ롱ㅅ고ㅛㄹㅎㄹ혹롫곯롫럻ㅇㅗ로ㅗ료려료루로오초로로롫오초유ㅜ오오오ㅗ겨롫로초초ㅗㅗ용룘ㄱㅅㅇㅎㅇㅎ록ㄱㅇ 옹ㅎㅇ혹ㅎ곻러고ㅓ교겻ㅎ롤로료럭ㅎ울옥ㄱ ㅎ곻룻ㅎ솟ㅎ로ㅗㄹ 류럻롯옿록ㅎ촐 ㄹㅎ롱ㅎㅇ ㅎ넏ㅅ둦ㅎ옪 ㅇㅎ덩ㅎㄱ ㅇㅎ엉ㅎ어ㅑ력 로겨댜도옷 ㅗㄹㅎㄹ hey boy im a hetcha x2ㅗ로러ㅗㄹ러ㅓ러ㅗ후ㅜㅗ❤❤,3,2026-02-28T15:08:55Z,TWICE_Strategy
Sz_wWzgh-vQ,Hola,3,2026-02-28T14:40:20Z,TWICE_Strategy
Sz_wWzgh-vQ,"안녕하세요, 저는 파스쿠알라예요. 트와이스를 정말 좋아해요.",3,2026-02-28T14:40:03Z,TWICE_Strategy
Sz_wWzgh-vQ,Marching in place for the stallion,4,2026-02-28T13:56:30Z,TWICE_Strategy
Sz_wWzgh-vQ,I listen this song every day🥰🥰,6,2026-02-28T13:34:26Z,TWICE_Strategy
Sz_wWzgh-vQ,🎉la vibra,2,2026-02-28T13:19:11Z,TWICE_Strategy
Sz_wWzgh-vQ,200M soon,5,2026-02-28T13:08:57Z,TWICE_Strategy
Sz_wWzgh-vQ,"Once we have accumulated 196k in 24hrs , Good job everyone :) !!! . Don't forget to Str3am "" This is For"" ""CONFETTI""; ""One Spark"" ; ""Shoot"" & ""Blink""

(⁠♡⁠ω⁠♡⁠ ⁠)⁠ ⁠~⁠♪.

28-02-2026",6,2026-02-28T12:48:12Z,TWICE_Strategy
Sz_wWzgh-vQ,Very good!!!!! ❤❤❤❤❤🎉🎉🎉🎉,2,2026-02-28T12:21:29Z,TWICE_Strategy
Sz_wWzgh-vQ,J’adore BLACKPINK,0,2026-02-28T11:53:31Z,TWICE_Strategy
Sz_wWzgh-vQ,Cheer Up 600M,5,2026-02-28T11:31:50Z,TWICE_Strategy
Sz_wWzgh-vQ,200M this year!,4,2026-02-28T11:31:30Z,TWICE_Strategy
Sz_wWzgh-vQ,This is my fav song!❤,5,2026-02-28T11:22:19Z,TWICE_Strategy
Sz_wWzgh-vQ,"I LOVE Nayeon, Jeongyeon, Momo, Sana, Jihyo, Mina, Dahyun/dubu, Chaeyoung and Tzuyu",9,2026-02-28T08:10:06Z,TWICE_Strategy
Sz_wWzgh-vQ,Strategy my favorite song of twice,8,2026-02-28T08:02:27Z,TWICE_Strategy
Sz_wWzgh-vQ,I LOVE TWICE,2,2026-02-28T07:59:27Z,TWICE_Strategy
Sz_wWzgh-vQ,"💐💐💐❤❤🌷🌷
         Twice",2,2026-02-28T04:39:14Z,TWICE_Strategy
Sz_wWzgh-vQ,❤️❤️,0,2026-02-28T03:37:40Z,TWICE_Strategy
Sz_wWzgh-vQ,"""STRATEGY"" has now earned over 100 million on-demand streams in Japan (EP).",9,2026-02-28T03:27:17Z,TWICE_Strategy
Sz_wWzgh-vQ,let's go 200 million,5,2026-02-28T03:15:22Z,TWICE_Strategy
Sz_wWzgh-vQ,The,1,2026-02-28T01:30:05Z,TWICE_Strategy
Sz_wWzgh-vQ,love startegy,1,2026-02-28T00:40:45Z,TWICE_Strategy
Sz_wWzgh-vQ,Bye bye 👐🏻 i leave,1,2026-02-27T23:54:15Z,TWICE_Strategy
Sz_wWzgh-vQ,1:28,0,2026-02-27T23:48:02Z,TWICE_Strategy
Sz_wWzgh-vQ,Uyftyr 😂😂🎉🎉🎉😢,0,2026-02-27T23:16:32Z,TWICE_Strategy
Sz_wWzgh-vQ,Twice ile her zaman gurur duyuyorum. Sıkı çalışarak ne yapıp ne edip her zaman başarılı olmayı başardılar❤❤❤,1,2026-02-27T22:07:26Z,TWICE_Strategy
Sz_wWzgh-vQ,142M and 2M Likes Soon🎉,3,2026-02-27T21:36:04Z,TWICE_Strategy
Sz_wWzgh-vQ,Once Cheer up 600m vamos a dar más stream,2,2026-02-27T20:46:19Z,TWICE_Strategy
Sz_wWzgh-vQ,TWICE suscriptores..19M✅➡️20M🔓🔐,3,2026-02-27T20:45:11Z,TWICE_Strategy
Sz_wWzgh-vQ,Vamooos STRATEGY 200M✅🔓🔐,2,2026-02-27T20:42:42Z,TWICE_Strategy
Sz_wWzgh-vQ,Bop,1,2026-02-27T19:28:48Z,TWICE_Strategy
Sz_wWzgh-vQ,"TWICE was the Most streamed KPOP Girl Group on Spotify on February 25th. Now 166 days #1 in a row!!

1. TWICE —  +5.6M🔥📈",6,2026-02-27T19:28:42Z,TWICE_Strategy
Sz_wWzgh-vQ,I really like this era the songs are really good!!!,4,2026-02-27T19:02:19Z,TWICE_Strategy
Sz_wWzgh-vQ,:3,0,2026-02-27T18:13:56Z,TWICE_Strategy
Sz_wWzgh-vQ,I love TWICE,5,2026-02-27T16:46:43Z,TWICE_Strategy
Sz_wWzgh-vQ,Nayeon's voice omg so beautiful,7,2026-02-27T16:46:36Z,TWICE_Strategy
Sz_wWzgh-vQ,The choreography is so perfect,3,2026-02-27T16:46:20Z,TWICE_Strategy
Sz_wWzgh-vQ,Sana omg she is so beautiful,4,2026-02-27T16:46:01Z,TWICE_Strategy
Sz_wWzgh-vQ,Anyone in 2026?,8,2026-02-27T16:45:52Z,TWICE_Strategy
Sz_wWzgh-vQ,I love strategy,4,2026-02-27T16:45:43Z,TWICE_Strategy
Sz_wWzgh-vQ,Hey boy,6,2026-02-27T16:45:37Z,TWICE_Strategy
Sz_wWzgh-vQ,Jihyo best leader,6,2026-02-27T16:45:24Z,TWICE_Strategy
Sz_wWzgh-vQ,Tzuyu is so pretty,4,2026-02-27T16:45:11Z,TWICE_Strategy
Sz_wWzgh-vQ,Chaeyoung looks so good,5,2026-02-27T16:45:01Z,TWICE_Strategy
Sz_wWzgh-vQ,Jeongyeon é linda demais,4,2026-02-27T16:44:52Z,TWICE_Strategy
Sz_wWzgh-vQ,A Momo é tão talentosa,2,2026-02-27T16:44:46Z,TWICE_Strategy
Sz_wWzgh-vQ,Eu amo essa música,2,2026-02-27T16:44:39Z,TWICE_Strategy
Sz_wWzgh-vQ,Strategy Song Of The Year,3,2026-02-27T16:44:27Z,TWICE_Strategy
B1qq8IvzSz4,"🚂 NCT DREAM's MV Commentary 🚂
00:57 #RENJUN #런쥔 사과를 정말 먹고 싶었어요 사과가 너무 빨갛고 먹음직스러워서 참는데 좀 힘들었습니다
01:17 #HAECHAN #해찬 솔직히 퍼즐인 줄 몰랐는데 우선 그냥 피해야 한다고 생각하고 도망치면서 촬영한 장면이에요
01:46 #MARK #마크 뛰는 연기가 생각보다 어렵더라구요... 그치만 이날 하늘이 너무 예뻤어요..ㅠ 행복하게 촬영했습니다! 시즈니도 꼭 일상생활에서 버스나 기차 놓치지 마시고 저처럼 뛰지 마세여!
02:16 #JISUNG #지성 이게 CG가 아니었다는 거..
02:57 #JENO #제노 실제로 숨을 참으면서 찍었던 씬이어서 찍으면서도 재밌었지만 굉장히 어려웠던 장면이에요 ㅠㅠ
03:10 #CHENLE #천러 여기 엄청 달리는 안무를 하다가 확 분위기를 잡는 안무를 하는게 포인트에여 느낌있죠
03:41 #JAEMIN #재민 저도 뮤비를 찍다가 저런 씬이 있다는 걸 알게 되었는데 저는 열린 결말을 좋아하기 때문에 시즈니💚의 상상에 맡기겠습니다! 근데 솔직히 제 개인적으로는 저의 꿈속이 아니었을까라고 조심스럽게 생각해 봅니다 ㅎㅎ",5021,2024-11-15T03:46:40Z,NCTDREAM_WhenImWithYou
B1qq8IvzSz4,underrated,1,2026-03-06T20:03:30Z,NCTDREAM_WhenImWithYou
B1qq8IvzSz4,848,0,2026-03-06T20:03:21Z,NCTDREAM_WhenImWithYou
B1qq8IvzSz4,我又来看了😢真的很爱wiwy,3,2026-03-04T07:41:57Z,NCTDREAM_WhenImWithYou
B1qq8IvzSz4,Chenle bridge let's go!!,1,2026-03-03T05:00:42Z,NCTDREAM_WhenImWithYou
B1qq8IvzSz4,15m,0,2026-03-02T11:42:54Z,NCTDREAM_WhenImWithYou
B1qq8IvzSz4,A FA A FA A FIVE SIX SEVEN EIGHT~,0,2026-02-27T00:30:14Z,NCTDREAM_WhenImWithYou
B1qq8IvzSz4,hello Renjun <3,1,2026-02-21T13:18:46Z,NCTDREAM_WhenImWithYou
B1qq8IvzSz4,Hello,1,2026-02-15T12:52:22Z,NCTDREAM_WhenImWithYou
B1qq8IvzSz4,曲がまず最高❤😊,0,2026-02-08T00:42:04Z,NCTDREAM_WhenImWithYou
B1qq8IvzSz4,해찬개잘생겼네,0,2026-02-06T14:42:29Z,NCTDREAM_WhenImWithYou
B1qq8IvzSz4,타팬인데 이 노래 좋아서 1시간동안 찾았다..,1,2026-02-05T09:23:26Z,NCTDREAM_WhenImWithYou
B1qq8IvzSz4,literal en el top de mejores canciones de nct dream,0,2026-02-03T16:50:21Z,NCTDREAM_WhenImWithYou
B1qq8IvzSz4,15.717,0,2026-01-30T10:02:01Z,NCTDREAM_WhenImWithYou
B1qq8IvzSz4,todavía no superoooo,0,2026-01-28T18:46:15Z,NCTDREAM_WhenImWithYou
B1qq8IvzSz4,"15,6M
22/1/26",1,2026-01-23T04:24:14Z,NCTDREAM_WhenImWithYou
B1qq8IvzSz4,🎉,0,2026-01-14T00:06:01Z,NCTDREAM_WhenImWithYou
B1qq8IvzSz4,15.651,1,2026-01-10T09:44:37Z,NCTDREAM_WhenImWithYou
B1qq8IvzSz4,need them to reheat these nachos for the next comeback,0,2026-01-06T07:31:44Z,NCTDREAM_WhenImWithYou
B1qq8IvzSz4,Jisung's voice is my healing therapy,0,2026-01-04T18:04:49Z,NCTDREAM_WhenImWithYou
B1qq8IvzSz4,"When I see you, NCT Dream, you make me sooo happy I'm scared",0,2025-12-31T15:37:02Z,NCTDREAM_WhenImWithYou
B1qq8IvzSz4,Who’s in 2025🙌🏻,1,2025-12-28T07:22:45Z,NCTDREAM_WhenImWithYou
B1qq8IvzSz4,Jeno & Jisung fun chat: https://youtu.be/BD-0sPL5W6Q?si=h9L7YYOTP5QdjJIt,1,2025-12-27T23:34:26Z,NCTDREAM_WhenImWithYou
B1qq8IvzSz4,💚,0,2025-12-26T14:20:00Z,NCTDREAM_WhenImWithYou
B1qq8IvzSz4,"I love this song, is my NCT Dream's favorite song 'cause this is the reason about I can see more to Jisung <3",3,2025-12-25T02:40:23Z,NCTDREAM_WhenImWithYou
B1qq8IvzSz4,I wanna cry 😭😭,0,2025-12-14T04:08:13Z,NCTDREAM_WhenImWithYou
B1qq8IvzSz4,Sobbing,0,2025-12-13T16:51:40Z,NCTDREAM_WhenImWithYou
B1qq8IvzSz4,💐💐💐💚💚💚💚💚,0,2025-12-06T11:41:13Z,NCTDREAM_WhenImWithYou
B1qq8IvzSz4,15.512,0,2025-12-06T09:41:05Z,NCTDREAM_WhenImWithYou
B1qq8IvzSz4,❤❤❤❤❤🎉🎉🎉🎉🎉,0,2025-12-04T22:36:16Z,NCTDREAM_WhenImWithYou
B1qq8IvzSz4,Congratulations for being most stream song along with Chiller in Spotify Thailand,0,2025-12-04T19:17:17Z,NCTDREAM_WhenImWithYou
B1qq8IvzSz4,I LOVE YOU DREAMSCAPE 😢,2,2025-12-01T21:46:07Z,NCTDREAM_WhenImWithYou
B1qq8IvzSz4,November  2025 💚,0,2025-12-01T00:30:27Z,NCTDREAM_WhenImWithYou
B1qq8IvzSz4,Happy 15.4M to When I’m With You and Happy December to DREAMzens,0,2025-11-30T22:47:14Z,NCTDREAM_WhenImWithYou
B1qq8IvzSz4,one of my fave songs by them <333,0,2025-11-30T17:14:17Z,NCTDREAM_WhenImWithYou
B1qq8IvzSz4,one of my favorite songs of dreamies <333,0,2025-11-27T07:25:13Z,NCTDREAM_WhenImWithYou
B1qq8IvzSz4,1:54,1,2025-11-26T19:52:34Z,NCTDREAM_WhenImWithYou
B1qq8IvzSz4,I miss.. I LOVE THISS,4,2025-11-26T14:46:41Z,NCTDREAM_WhenImWithYou
B1qq8IvzSz4,soo cute i love it,3,2025-11-22T20:17:46Z,NCTDREAM_WhenImWithYou
B1qq8IvzSz4,I'm I the only one that watched this in VR meta horizon 🫣,3,2025-11-21T18:11:47Z,NCTDREAM_WhenImWithYou
B1qq8IvzSz4,Still today my favorite song 💚🐹,4,2025-11-21T15:28:18Z,NCTDREAM_WhenImWithYou
B1qq8IvzSz4,"아무래도 그 누구도 보지 않을 말일 테지만, 드림에게 웬암윗유가 트라우마로 남은 듯 해서 적고 싶다.

나한테 있어서 웬암윗유는 천국이야. 발매 전날, 각오했단 이별임에도 불구하고 너무 큰 충격에 말도 안 하고 밥도 안 먹고 있다가 11일에 발매된 웬암윗유를 듣고 얼마나 울었는지 아마 드림은 모르겠지? 드림의 컴백 라이브 덕분에 향을 지키는 새벽이 크게 어둡지 않았어. 너무나 어두웠던 공간에 드림이 큰 빛이 되어주었어. 😊

이별의 아픔을 짧게 느낀 후에야 알았어, 내가 드림의 노래로 치유를 받는동안 드림에게 큰 충격이 갔다는 걸 말이야. 너무 늦게 알아서 미안해, 하지만 웬암윗유 앨범은 너무 좋았어 이 노래가 발매된 덕분에 내가 살 수 있었어.

앙콘에서 봤던 웬암윗유가 드사쇼에 없어서 조금 섭섭했어... 앞으로 올 앙콘과 새로운 시리즈의 드림쇼에서 웬암윗유를 또 볼 수 있으면 좋겠다. ㅎㅎ 항상 사랑해 칠드림 💚",10,2025-11-19T16:11:11Z,NCTDREAM_WhenImWithYou
B1qq8IvzSz4,What a beautiful song!,2,2025-11-18T11:19:41Z,NCTDREAM_WhenImWithYou
B1qq8IvzSz4,Not even 20M after 1 year 😂 nugu privilege lmaoo,2,2025-11-17T17:29:49Z,NCTDREAM_WhenImWithYou
B1qq8IvzSz4,Im always love this songgg,1,2025-11-17T14:22:18Z,NCTDREAM_WhenImWithYou
B1qq8IvzSz4,tui yêu zhong chenle,0,2025-11-16T13:28:05Z,NCTDREAM_WhenImWithYou
B1qq8IvzSz4,Jaemin❤,0,2025-11-14T10:33:30Z,NCTDREAM_WhenImWithYou
B1qq8IvzSz4,It's already been a yr 😭💚,2,2025-11-11T17:57:06Z,NCTDREAM_WhenImWithYou
B1qq8IvzSz4,1 YEARS,0,2025-11-11T16:21:54Z,NCTDREAM_WhenImWithYou
B1qq8IvzSz4,I love you all and I encourage you all,0,2025-11-11T15:50:42Z,NCTDREAM_WhenImWithYou
B1qq8IvzSz4,I love you all,0,2025-11-11T15:50:28Z,NCTDREAM_WhenImWithYou
B1qq8IvzSz4,"드림은 아름답다,,,",2,2025-11-11T14:54:33Z,NCTDREAM_WhenImWithYou
B1qq8IvzSz4,이것도 벌써 1년전이라고...? 시간이 너무 빨네..ㅜ 근데 이번 컴백도 기대할게영💚 Beat It Up활동 가자ㅏ,0,2025-11-11T14:07:03Z,NCTDREAM_WhenImWithYou
B1qq8IvzSz4,이노래도 이제 추억이다,2,2025-11-11T12:13:04Z,NCTDREAM_WhenImWithYou
B1qq8IvzSz4,"🎉Happy 1th Aniversary DREAMSCAPE🎉
When I'm With You~💚",13,2025-11-11T01:59:15Z,NCTDREAM_WhenImWithYou
B1qq8IvzSz4,DAMN JAEMIN GANTENG BANGETT WOOI,0,2025-11-10T11:45:54Z,NCTDREAM_WhenImWithYou
B1qq8IvzSz4,WHEN IM WITH YOUUUUUUU ( I love myselfffff),2,2025-11-09T16:12:20Z,NCTDREAM_WhenImWithYou
B1qq8IvzSz4,15.398,0,2025-11-08T04:50:21Z,NCTDREAM_WhenImWithYou
B1qq8IvzSz4,2:37 Jisung’s vocals are so attractive omg,0,2025-11-05T18:25:54Z,NCTDREAM_WhenImWithYou
B1qq8IvzSz4,Knetz are crazy stop the hate they worked so hard for every comeback why the hate?,0,2025-11-04T19:27:29Z,NCTDREAM_WhenImWithYou
B1qq8IvzSz4,They ateee 🔥🔥🔥,0,2025-11-04T16:25:36Z,NCTDREAM_WhenImWithYou
B1qq8IvzSz4,Im in love when im with nct dream ❤❤,0,2025-11-04T16:25:02Z,NCTDREAM_WhenImWithYou
B1qq8IvzSz4,"one year and not even 20M yet omg what happened to nct dream, chiller and bttf are also there... the vi3ws are stuckkk",0,2025-11-04T06:02:35Z,NCTDREAM_WhenImWithYou
B1qq8IvzSz4,It's gonna be one year old in 8 days. Can't actually believe. This song is my serotonin,3,2025-11-03T22:43:16Z,NCTDREAM_WhenImWithYou
B1qq8IvzSz4,WIWY จะครบ 1 ปีแล้วหรอ ไวมากก,0,2025-11-03T08:59:42Z,NCTDREAM_WhenImWithYou
B1qq8IvzSz4,Happy 15.3M to When I’m With You and Happy November to DREAMzens,1,2025-11-01T12:28:59Z,NCTDREAM_WhenImWithYou
B1qq8IvzSz4,JAEMINNNNN,0,2025-11-01T06:25:27Z,NCTDREAM_WhenImWithYou
B1qq8IvzSz4,MY KISAH WHEN?? When I'm with you,0,2025-10-30T01:11:13Z,NCTDREAM_WhenImWithYou
B1qq8IvzSz4,I hope wiwy make it to the setlist for the next tour 😢,1,2025-10-29T22:41:53Z,NCTDREAM_WhenImWithYou
B1qq8IvzSz4,MY KISAH WHEN?? When I'm with you,0,2025-10-29T00:23:47Z,NCTDREAM_WhenImWithYou
B1qq8IvzSz4,te amo canción perfecta los amo dream,0,2025-10-26T20:39:59Z,NCTDREAM_WhenImWithYou
B1qq8IvzSz4,THIS SONG IS EVERYTHING TO ME,1,2025-10-25T14:05:42Z,NCTDREAM_WhenImWithYou
B1qq8IvzSz4,เพลงนี้เป็นเพลงแรกของวงนี้ที่ฉันฟังหลังจากโดนตกหลุมรักโน่มิน❤❤❤❤,0,2025-10-24T19:20:56Z,NCTDREAM_WhenImWithYou
B1qq8IvzSz4,perfect MV,0,2025-10-20T23:59:03Z,NCTDREAM_WhenImWithYou
B1qq8IvzSz4,15.304,1,2025-10-18T10:41:30Z,NCTDREAM_WhenImWithYou
B1qq8IvzSz4,"It doesn't feel like this album will be 1 year old next month, time flies so fast",29,2025-10-13T01:50:07Z,NCTDREAM_WhenImWithYou
B1qq8IvzSz4,I really love this song T-T,0,2025-10-09T11:21:32Z,NCTDREAM_WhenImWithYou
B1qq8IvzSz4,I'M SATISFIED,1,2025-10-08T01:14:21Z,NCTDREAM_WhenImWithYou
B1qq8IvzSz4,this song is growing on me,1,2025-10-06T21:56:02Z,NCTDREAM_WhenImWithYou
B1qq8IvzSz4,SM은 진짜 오래된 그룹들 관리하는 버릇 좀 고쳐야 해 😭 NCT DREAM의 전성기는 진짜 2023년까지였던 것 같아… 그때는 정말 멈출 수 없었지 💚💔,2,2025-10-04T09:49:20Z,NCTDREAM_WhenImWithYou
B1qq8IvzSz4,Happy 15.2M to When I’m With You and Happy October to DREAMzens,4,2025-10-01T12:01:40Z,NCTDREAM_WhenImWithYou
B1qq8IvzSz4,Buee!! Que están pasando con las vistas ? esto  se va para los 50M si!!!,3,2025-09-29T20:32:22Z,NCTDREAM_WhenImWithYou
B1qq8IvzSz4,keren banget,0,2025-09-29T14:36:12Z,NCTDREAM_WhenImWithYou
B1qq8IvzSz4,Mne,0,2025-09-28T01:30:06Z,NCTDREAM_WhenImWithYou
B1qq8IvzSz4,รักน้อง WIWY มากเลย น้องดรีมเอามาใส่ในเซ็ตลิสต์ TDS5 ได้มั้ยลูก,1,2025-09-27T15:10:31Z,NCTDREAM_WhenImWithYou
B1qq8IvzSz4,웬암윗유 붐은 온다…. 이 노래 진짜 왜 안 뜬건지 모르겠음,21,2025-09-27T03:40:48Z,NCTDREAM_WhenImWithYou
B1qq8IvzSz4,이거 노래 명곡인데..... 지금 들어도 너무 좋음,24,2025-09-25T07:30:01Z,NCTDREAM_WhenImWithYou
B1qq8IvzSz4,Nm srkbinbg,1,2025-09-23T11:13:33Z,NCTDREAM_WhenImWithYou
B1qq8IvzSz4,I love this song! Always On Repeat!!!,3,2025-09-20T08:45:18Z,NCTDREAM_WhenImWithYou
B1qq8IvzSz4,I really love this song❤❤❤,4,2025-09-18T05:24:32Z,NCTDREAM_WhenImWithYou
B1qq8IvzSz4,Dgu,1,2025-09-17T04:00:08Z,NCTDREAM_WhenImWithYou
B1qq8IvzSz4,😢😢❤❤🎉,1,2025-09-16T01:11:55Z,NCTDREAM_WhenImWithYou
B1qq8IvzSz4,<3,2,2025-09-16T00:34:10Z,NCTDREAM_WhenImWithYou
B1qq8IvzSz4,I'm here for Chenle's bridge!,3,2025-09-14T01:00:54Z,NCTDREAM_WhenImWithYou
B1qq8IvzSz4,15.136,1,2025-09-13T14:31:23Z,NCTDREAM_WhenImWithYou
B1qq8IvzSz4,"언제까지
귀여울꺼야 힙뚜루맛뚜루ㅜ후루룩 😂❤",1,2025-09-09T12:17:27Z,NCTDREAM_WhenImWithYou
B1qq8IvzSz4,love,2,2025-09-08T14:53:08Z,NCTDREAM_WhenImWithYou
B1qq8IvzSz4,oh mis dreamies los amo,2,2025-09-06T23:40:14Z,NCTDREAM_WhenImWithYou
B1qq8IvzSz4,That's so cool sist!!!😎😎💅💅,1,2025-09-05T16:08:08Z,NCTDREAM_WhenImWithYou
B1qq8IvzSz4,Why is jaemin so handsome helppp,5,2025-09-04T18:49:07Z,NCTDREAM_WhenImWithYou
B1qq8IvzSz4,1:17 my chocoball,1,2025-09-04T18:48:42Z,NCTDREAM_WhenImWithYou
B1qq8IvzSz4,15M🎉,2,2025-09-04T10:10:26Z,NCTDREAM_WhenImWithYou
B1qq8IvzSz4,When i am with you i am so blind,1,2025-09-03T19:11:58Z,NCTDREAM_WhenImWithYou
B1qq8IvzSz4,15M,3,2025-08-31T18:10:31Z,NCTDREAM_WhenImWithYou
B1qq8IvzSz4,Happy 15.06M to When I’m With You and Happy September to DREAMzens,1,2025-08-31T17:09:39Z,NCTDREAM_WhenImWithYou
B1qq8IvzSz4,Jaemin so handsome❤❤❤,3,2025-08-28T05:30:15Z,NCTDREAM_WhenImWithYou
B1qq8IvzSz4,"2:44

*Chenle's legendary bridge*",3,2025-08-25T12:03:25Z,NCTDREAM_WhenImWithYou
B1qq8IvzSz4,Happy 15M to When I’m With You & Happy 9th Anniversary to my 7DREAM💚,1,2025-08-24T18:10:51Z,NCTDREAM_WhenImWithYou
B1qq8IvzSz4,Happy 15 M,1,2025-08-23T18:54:51Z,NCTDREAM_WhenImWithYou
B1qq8IvzSz4,15M🎉🎉🎉,1,2025-08-22T04:12:35Z,NCTDREAM_WhenImWithYou
B1qq8IvzSz4,I'm still here 😭😭,1,2025-08-22T00:25:11Z,NCTDREAM_WhenImWithYou
B1qq8IvzSz4,"Remind me of this song 
https://youtu.be/98WtmW-lfeE?si=POdcScsAm7PdSid8",1,2025-08-21T08:08:42Z,NCTDREAM_WhenImWithYou
B1qq8IvzSz4,Why did they not include this in the setlist for TDS4? Haven't seen this perform on live yet 😢,2,2025-08-20T04:54:47Z,NCTDREAM_WhenImWithYou
B1qq8IvzSz4,Almost 15m😊,1,2025-08-20T04:52:12Z,NCTDREAM_WhenImWithYou
B1qq8IvzSz4,This song is literally my taste.,3,2025-08-16T07:36:53Z,NCTDREAM_WhenImWithYou
B1qq8IvzSz4,top 3 dream title track i fear,3,2025-08-15T08:41:24Z,NCTDREAM_WhenImWithYou
B1qq8IvzSz4,EXO wants they're song back,2,2025-08-14T21:16:49Z,NCTDREAM_WhenImWithYou
B1qq8IvzSz4,August 10 2025,3,2025-08-10T04:53:00Z,NCTDREAM_WhenImWithYou
B1qq8IvzSz4,웬암윗유 뮤비는 영상미가 미쳤슨 너무 예뽀 특히 흰옷착때 자연광이 최고임,7,2025-08-07T20:08:44Z,NCTDREAM_WhenImWithYou
B1qq8IvzSz4,los amo mucho,2,2025-08-06T16:58:21Z,NCTDREAM_WhenImWithYou
B1qq8IvzSz4,"efectivamente, es temazo",2,2025-08-05T17:01:14Z,NCTDREAM_WhenImWithYou
B1qq8IvzSz4,900,1,2025-08-05T07:17:30Z,NCTDREAM_WhenImWithYou
B1qq8IvzSz4,14.899,1,2025-08-05T05:02:59Z,NCTDREAM_WhenImWithYou
B1qq8IvzSz4,15M gogogogo,4,2025-08-04T23:01:32Z,NCTDREAM_WhenImWithYou
B1qq8IvzSz4,i love this,1,2025-08-04T21:57:44Z,NCTDREAM_WhenImWithYou
B1qq8IvzSz4,"Glad to know that NCT Dream try all genre of music, their skill isbon top 🎉💚",1,2025-08-04T10:55:59Z,NCTDREAM_WhenImWithYou
B1qq8IvzSz4,886,1,2025-08-03T07:00:25Z,NCTDREAM_WhenImWithYou
B1qq8IvzSz4,874,1,2025-08-01T08:00:30Z,NCTDREAM_WhenImWithYou
B1qq8IvzSz4,Happy 14.8M to When I’m With You and Happy August to DREAMzens,1,2025-07-31T17:48:38Z,NCTDREAM_WhenImWithYou
B1qq8IvzSz4,"Eu amei esse retorno super viciante, NCT DREAM NUNCA DECEPCIONA",1,2025-07-31T15:47:26Z,NCTDREAM_WhenImWithYou
B1qq8IvzSz4,Por que las visitas son tan bajas :( vamos nctzen apoyemos a NCT Dream,1,2025-07-30T22:15:31Z,NCTDREAM_WhenImWithYou
B1qq8IvzSz4,나온 시기 때문에 억까 당한 느낌 하여튼 좋은데,2,2025-07-28T17:10:51Z,NCTDREAM_WhenImWithYou
B1qq8IvzSz4,Selang seling gais biar mv lain ikut naik jugaa,3,2025-07-24T03:20:51Z,NCTDREAM_WhenImWithYou
B1qq8IvzSz4,Honkai Star Rail reference? 🙀,2,2025-07-22T21:25:09Z,NCTDREAM_WhenImWithYou
B1qq8IvzSz4,웬암위듀의 진가는 들으면 들을수록 좋은 노래라는 거지,2,2025-07-22T17:15:54Z,NCTDREAM_WhenImWithYou
B1qq8IvzSz4,Dreamies are so cool,2,2025-07-22T11:23:44Z,NCTDREAM_WhenImWithYou
B1qq8IvzSz4,"when i’m with you, i’m so blind🙈",2,2025-07-21T06:57:12Z,NCTDREAM_WhenImWithYou
B1qq8IvzSz4,stream team fighting,3,2025-07-21T03:45:56Z,NCTDREAM_WhenImWithYou
B1qq8IvzSz4,Unforgetable us ur scent drive s me crazy iam not self Day n night 💋iam not self 💋🌹🌹🌹🌹🌹🌹🌹🌹🌹🌹🌹🌹🌹🌹🌹🌹🌹🌹🌹🌹🌹🌹🌹,1,2025-07-21T00:42:35Z,NCTDREAM_WhenImWithYou
B1qq8IvzSz4,hai,2,2025-07-20T07:36:08Z,NCTDREAM_WhenImWithYou
B1qq8IvzSz4,I'm still not over how amazing this song is and how angelic the ✨vocals✨ are💖,1,2025-07-20T00:36:31Z,NCTDREAM_WhenImWithYou
B1qq8IvzSz4,nice song <3,0,2025-07-19T11:14:33Z,NCTDREAM_WhenImWithYou
B1qq8IvzSz4,I shed a tear this was so beautiful,0,2025-07-17T16:26:50Z,NCTDREAM_WhenImWithYou
B1qq8IvzSz4,めっちゃいい曲だからもっと伸びて欲しいんだけど！！！,0,2025-07-17T10:22:40Z,NCTDREAM_WhenImWithYou
B1qq8IvzSz4,LET'S GO GUYS WE CAN DO THISSSSS,1,2025-07-17T02:55:19Z,NCTDREAM_WhenImWithYou
B1qq8IvzSz4,Who's here after watching BTTF and CHILLER???,13,2025-07-17T02:54:59Z,NCTDREAM_WhenImWithYou
B1qq8IvzSz4,gotta love this one!!!,0,2025-07-17T02:54:38Z,NCTDREAM_WhenImWithYou
B1qq8IvzSz4,I love you WIWY,0,2025-07-17T02:44:26Z,NCTDREAM_WhenImWithYou
B1qq8IvzSz4,Wahhh bentar lagi 15M. Kita usahakan yg satu ini jga yuk,2,2025-07-16T08:10:30Z,NCTDREAM_WhenImWithYou
B1qq8IvzSz4,Dream being be actor,2,2025-07-16T07:15:08Z,NCTDREAM_WhenImWithYou
B1qq8IvzSz4,Day and night with you Renjun,1,2025-07-16T07:14:33Z,NCTDREAM_WhenImWithYou
B1qq8IvzSz4,Renjun when i’m with you,1,2025-07-16T07:13:47Z,NCTDREAM_WhenImWithYou
B1qq8IvzSz4,Renjun vs Apple,1,2025-07-16T07:12:38Z,NCTDREAM_WhenImWithYou
B1qq8IvzSz4,Comeback apapun renjun selalu ganteng poll,3,2025-07-16T07:11:40Z,NCTDREAM_WhenImWithYou
B1qq8IvzSz4,2:43 legend bridge let's go 🕺,2,2025-07-15T23:40:01Z,NCTDREAM_WhenImWithYou
B1qq8IvzSz4,1:55 haechan so pretty😍,0,2025-07-15T23:38:54Z,NCTDREAM_WhenImWithYou
B1qq8IvzSz4,Omggg kecww,0,2025-07-15T13:30:01Z,NCTDREAM_WhenImWithYou
B1qq8IvzSz4,RAP LINEE VOCALLLLLLLL,1,2025-07-15T12:40:44Z,NCTDREAM_WhenImWithYou
B1qq8IvzSz4,Fav song,0,2025-07-15T07:48:11Z,NCTDREAM_WhenImWithYou
B1qq8IvzSz4,kenapa tds 4 ga ada when im with you ya😢,1,2025-07-15T02:15:54Z,NCTDREAM_WhenImWithYou
B1qq8IvzSz4,Temazoo!,0,2025-07-14T23:23:11Z,NCTDREAM_WhenImWithYou
B1qq8IvzSz4,Jaemin,7,2025-07-14T23:22:13Z,NCTDREAM_WhenImWithYou
B1qq8IvzSz4,This song is very suitable for summer,5,2025-07-14T14:52:05Z,NCTDREAM_WhenImWithYou
B1qq8IvzSz4,เย้❤,0,2025-07-14T14:30:10Z,NCTDREAM_WhenImWithYou
B1qq8IvzSz4,Brasil está aqui,0,2025-07-14T14:22:53Z,NCTDREAM_WhenImWithYou
B1qq8IvzSz4,"Why in the world is dreamies apologising for this refreshing upbeat song with amazing vocals ,harmony and aesthetic visuals ..i resent how some knctzens are so fickle with whom they love and support",4,2025-07-14T14:04:43Z,NCTDREAM_WhenImWithYou
B1qq8IvzSz4,0:31 sfs 2025 mending nonton ini,0,2025-07-14T12:43:43Z,NCTDREAM_WhenImWithYou
B1qq8IvzSz4,đỉnh xỉuuu luôn,0,2025-07-14T10:45:48Z,NCTDREAM_WhenImWithYou
B1qq8IvzSz4,Jaemin,8,2025-07-14T10:04:06Z,NCTDREAM_WhenImWithYou
B1qq8IvzSz4,이번 앨범 너무 좋은데?????,4,2025-07-14T09:53:00Z,NCTDREAM_WhenImWithYou
B1qq8IvzSz4,WIWY was my most favorite song,1,2025-07-14T09:19:08Z,NCTDREAM_WhenImWithYou
B1qq8IvzSz4,💚❤️‍🔥💚❤️‍🔥💚❤️‍🔥💚,0,2025-07-14T09:08:59Z,NCTDREAM_WhenImWithYou
B1qq8IvzSz4,Jaemin,6,2025-07-14T04:29:57Z,NCTDREAM_WhenImWithYou
B1qq8IvzSz4,i love it,0,2025-07-14T02:14:57Z,NCTDREAM_WhenImWithYou
B1qq8IvzSz4,"Guys, let's stream the BTTF music video!!",3,2025-07-13T06:25:12Z,NCTDREAM_WhenImWithYou
B1qq8IvzSz4,Renjun smile,1,2025-07-13T03:36:49Z,NCTDREAM_WhenImWithYou
B1qq8IvzSz4,💃💃💃,1,2025-07-13T03:36:11Z,NCTDREAM_WhenImWithYou
B1qq8IvzSz4,Ayooo dikit lagi 15jt,3,2025-07-12T11:05:21Z,NCTDREAM_WhenImWithYou
B1qq8IvzSz4,when im with you💃🏻🕺🏻,0,2025-07-11T22:55:22Z,NCTDREAM_WhenImWithYou
B1qq8IvzSz4,7dream <3,0,2025-07-11T16:06:33Z,NCTDREAM_WhenImWithYou
B1qq8IvzSz4,Bet's mv!!,0,2025-07-11T14:43:16Z,NCTDREAM_WhenImWithYou
B1qq8IvzSz4,When?I'm🙋🏻‍♀️with🧏🏻‍♀️+🧏🏼you🫵🏻~~~,0,2025-07-11T13:20:58Z,NCTDREAM_WhenImWithYou
B1qq8IvzSz4,💚💚💚💚💚💚💚,0,2025-07-11T04:58:27Z,NCTDREAM_WhenImWithYou
B1qq8IvzSz4,"hello i’m back, who’s streaming today?",4,2025-07-11T03:50:41Z,NCTDREAM_WhenImWithYou
B1qq8IvzSz4,Chnele's bridge! 😂,0,2025-07-10T00:54:58Z,NCTDREAM_WhenImWithYou
B1qq8IvzSz4,keren banget sih ini gilaaaaa *_^,0,2025-07-09T15:26:19Z,NCTDREAM_WhenImWithYou
B1qq8IvzSz4,Stream BTTF,3,2025-07-09T11:46:42Z,NCTDREAM_WhenImWithYou
B1qq8IvzSz4,love uuu,0,2025-07-09T07:29:31Z,NCTDREAM_WhenImWithYou
B1qq8IvzSz4,STREAM BTTF!!!,2,2025-07-09T06:37:08Z,NCTDREAM_WhenImWithYou
B1qq8IvzSz4,fightinggggggggggg,0,2025-07-08T14:51:44Z,NCTDREAM_WhenImWithYou
B1qq8IvzSz4,Ayo guys naikin lagi😢,3,2025-07-08T07:22:05Z,NCTDREAM_WhenImWithYou
B1qq8IvzSz4,Yuuu 15M,4,2025-07-08T02:14:36Z,NCTDREAM_WhenImWithYou
B1qq8IvzSz4,Cant wait for the new songgg,2,2025-07-07T12:33:44Z,NCTDREAM_WhenImWithYou
B1qq8IvzSz4,Seperti tidak niat comeback lagu ini,0,2025-07-07T12:12:49Z,NCTDREAM_WhenImWithYou
B1qq8IvzSz4,2022 ~2023년도 청량으러 돌아와 ㅠ,0,2025-07-07T05:08:08Z,NCTDREAM_WhenImWithYou
B1qq8IvzSz4,Semangat semangat ini hari Senin,0,2025-07-07T03:51:27Z,NCTDREAM_WhenImWithYou
B1qq8IvzSz4,Wow,0,2025-07-06T23:41:24Z,NCTDREAM_WhenImWithYou
B1qq8IvzSz4,See youuu dreamies in tds4😊,1,2025-07-06T10:34:23Z,NCTDREAM_WhenImWithYou
B1qq8IvzSz4,Dikit lagi 15m,6,2025-07-06T04:34:10Z,NCTDREAM_WhenImWithYou
B1qq8IvzSz4,I really miss nct comeback so I'm repeating this again,3,2025-07-05T09:57:11Z,NCTDREAM_WhenImWithYou
B1qq8IvzSz4,supercute MV,0,2025-07-05T08:34:09Z,NCTDREAM_WhenImWithYou
B1qq8IvzSz4,amazing,0,2025-07-05T08:32:33Z,NCTDREAM_WhenImWithYou
B1qq8IvzSz4,Who else is ready for the new comeback in a few days?,5,2025-07-05T06:51:32Z,NCTDREAM_WhenImWithYou
B1qq8IvzSz4,sm better count their days with how underrated this whole album is. Honestly the best of dream,2,2025-07-04T14:09:49Z,NCTDREAM_WhenImWithYou
B1qq8IvzSz4,14.621,0,2025-07-04T08:48:51Z,NCTDREAM_WhenImWithYou
B1qq8IvzSz4,Keren,0,2025-07-03T16:03:33Z,NCTDREAM_WhenImWithYou
B1qq8IvzSz4,amazing <3,0,2025-07-03T13:51:10Z,NCTDREAM_WhenImWithYou
B1qq8IvzSz4,Fightingg,0,2025-07-03T09:33:16Z,NCTDREAM_WhenImWithYou
B1qq8IvzSz4,Go,0,2025-07-03T09:15:08Z,NCTDREAM_WhenImWithYou
B1qq8IvzSz4,kalian keren,0,2025-07-03T04:35:07Z,NCTDREAM_WhenImWithYou
B1qq8IvzSz4,First time komen akun baru,0,2025-07-03T04:22:35Z,NCTDREAM_WhenImWithYou
B1qq8IvzSz4,❤❤❤,0,2025-07-03T04:21:00Z,NCTDREAM_WhenImWithYou
B1qq8IvzSz4,"lista para el comeback, los amooo",0,2025-07-02T15:23:30Z,NCTDREAM_WhenImWithYou
B1qq8IvzSz4,14.595 fightiing before comeback!,1,2025-07-01T19:40:41Z,NCTDREAM_WhenImWithYou
B1qq8IvzSz4,❤❤,0,2025-07-01T02:01:02Z,NCTDREAM_WhenImWithYou
B1qq8IvzSz4,Happy 14.58 yuhuuu,0,2025-07-01T00:45:00Z,NCTDREAM_WhenImWithYou
B1qq8IvzSz4,Happy 14.5M to When I’m With You and Happy July to DREAMzens,0,2025-06-30T17:26:45Z,NCTDREAM_WhenImWithYou
B1qq8IvzSz4,i love it!,0,2025-06-30T04:09:14Z,NCTDREAM_WhenImWithYou
B1qq8IvzSz4,I like haechan,0,2025-06-29T10:36:18Z,NCTDREAM_WhenImWithYou
B1qq8IvzSz4,When I'm with Dream,0,2025-06-29T02:46:50Z,NCTDREAM_WhenImWithYou
B1qq8IvzSz4,intronya😭,0,2025-06-28T23:47:35Z,NCTDREAM_WhenImWithYou
B1qq8IvzSz4,when i'm with you...,0,2025-06-28T13:35:30Z,NCTDREAM_WhenImWithYou
B1qq8IvzSz4,the song is very beautiful,1,2025-06-28T13:32:42Z,NCTDREAM_WhenImWithYou
B1qq8IvzSz4,HOW DID I MISSED THIS WHOLE MASTERPIECE OMG,0,2025-06-28T10:52:19Z,NCTDREAM_WhenImWithYou
B1qq8IvzSz4,jaemin happy face <3,1,2025-06-28T06:34:02Z,NCTDREAM_WhenImWithYou
B1qq8IvzSz4,14.554 ... top bgt !,0,2025-06-28T03:41:15Z,NCTDREAM_WhenImWithYou
B1qq8IvzSz4,😻😻😻😻,0,2025-06-28T01:53:48Z,NCTDREAM_WhenImWithYou
B1qq8IvzSz4,Yukk guyss streamingg,2,2025-06-28T00:48:56Z,NCTDREAM_WhenImWithYou
B1qq8IvzSz4,"My expectations were too high, the concept alone looked wow but it turned out to be below Armageddon and the drama was even lower 👎",0,2025-06-27T09:26:50Z,NCTDREAM_WhenImWithYou
B1qq8IvzSz4,Semoga comeback nanti pecah abisszz syemangat dreamies dan dreamzen,2,2025-06-26T14:53:49Z,NCTDREAM_WhenImWithYou
B1qq8IvzSz4,happyyy 14.53 yuhuu,1,2025-06-26T08:26:20Z,NCTDREAM_WhenImWithYou
B1qq8IvzSz4,かわいい❤💚,2,2025-06-26T03:25:03Z,NCTDREAM_WhenImWithYou
B1qq8IvzSz4,❤❤❤🎉🎉,0,2025-06-25T15:04:47Z,NCTDREAM_WhenImWithYou
B1qq8IvzSz4,"strim ini sambil nunggu 14 juli
anw i always feel sorry karena wiwy gak dapet hype sebesar effort member
semoga next comeback bisa petcah abiez
semoga chiller bisa as famous as istj dan hot sauce",2,2025-06-25T06:07:05Z,NCTDREAM_WhenImWithYou
B1qq8IvzSz4,can we get to 15m before the cb please?,1,2025-06-23T20:04:47Z,NCTDREAM_WhenImWithYou
B1qq8IvzSz4,"They don’t just perform—they heal, they inspire, they stay.❤",1,2025-06-23T14:35:56Z,NCTDREAM_WhenImWithYou
B1qq8IvzSz4,❤❤❤,0,2025-06-23T09:04:34Z,NCTDREAM_WhenImWithYou
B1qq8IvzSz4,nct dream comeback in JULY!!,1,2025-06-23T02:27:53Z,NCTDREAM_WhenImWithYou
B1qq8IvzSz4,7 dream let’s go !🎉,1,2025-06-22T22:52:11Z,NCTDREAM_WhenImWithYou
B1qq8IvzSz4,🤩🤩🤩,0,2025-06-22T19:04:40Z,NCTDREAM_WhenImWithYou
B1qq8IvzSz4,"happy 14.5m YUHUUUUU, letsgoooo get 500k",3,2025-06-22T11:52:41Z,NCTDREAM_WhenImWithYou
B1qq8IvzSz4,Sayangg sayangkuuu,0,2025-06-22T11:45:24Z,NCTDREAM_WhenImWithYou
B1qq8IvzSz4,"Waiting for your cb...
I miss my 7DREAM so much!!!!!",0,2025-06-22T08:36:21Z,NCTDREAM_WhenImWithYou
B1qq8IvzSz4,Jaemin❤,0,2025-06-22T02:22:01Z,NCTDREAM_WhenImWithYou
B1qq8IvzSz4,Congratulations NCT DREAM for winning Bonsang at the 34th Seoul Music Awards,4,2025-06-21T12:06:45Z,NCTDREAM_WhenImWithYou
B1qq8IvzSz4,0:48 healing the world,0,2025-06-21T07:38:18Z,NCTDREAM_WhenImWithYou
B1qq8IvzSz4,i love myself when i'm with you~,0,2025-06-21T06:49:28Z,NCTDREAM_WhenImWithYou
B1qq8IvzSz4,DREAM CB SOON ❤,0,2025-06-20T20:03:02Z,NCTDREAM_WhenImWithYou
B1qq8IvzSz4,Jaemin ❤,0,2025-06-20T15:59:24Z,NCTDREAM_WhenImWithYou
B1qq8IvzSz4,jaemin mark partı çok fake olmuş ya,0,2025-06-19T16:58:43Z,NCTDREAM_WhenImWithYou
B1qq8IvzSz4,ders arası mola için geldiğim nokta,0,2025-06-19T16:56:53Z,NCTDREAM_WhenImWithYou
B1qq8IvzSz4,NCT DREAM love love love love love love you forever forever you so cute 🥰 forever you 💜💜💜💜💜💜🤍🩵💛🧡🩵💙❤️‍🩹🥰😘❤️❤️💟💟💟💟💟💟💟💟💟💟💟💟💟💟💟💟💟,0,2025-06-19T16:07:11Z,NCTDREAM_WhenImWithYou
B1qq8IvzSz4,Congratulations 🎉🎉🎉🎉🎉🎉🎉🎉🎉🎉🎉🎉🎉🎉🎉🎉🎉🎉🎉🎉❤❤❤❤❤❤❤❤❤❤❤❤❤❤❤❤❤❤❤❤❤❤❤❤❤❤,0,2025-06-19T16:05:32Z,NCTDREAM_WhenImWithYou
B1qq8IvzSz4,Jaemin,1,2025-06-18T18:46:06Z,NCTDREAM_WhenImWithYou
B1qq8IvzSz4,7dream ❤,0,2025-06-18T13:15:00Z,NCTDREAM_WhenImWithYou
B1qq8IvzSz4,duh sayang2kuh❤,0,2025-06-18T08:43:16Z,NCTDREAM_WhenImWithYou
B1qq8IvzSz4,this song has such a happy place in my heart. Always come back to it when i need that feeling again <3,2,2025-06-17T15:50:03Z,NCTDREAM_WhenImWithYou
B1qq8IvzSz4,Succes for your cb dream,1,2025-06-15T12:56:00Z,NCTDREAM_WhenImWithYou
B1qq8IvzSz4,Fighthingg 7dream,0,2025-06-15T12:47:18Z,NCTDREAM_WhenImWithYou
B1qq8IvzSz4,7dream,1,2025-06-15T02:14:34Z,NCTDREAM_WhenImWithYou
B1qq8IvzSz4,Lets go 7Dream,0,2025-06-14T13:37:47Z,NCTDREAM_WhenImWithYou
B1qq8IvzSz4,Happyy 14.43. Its sound we can get 14.5 before comebackk yuhuuu,3,2025-06-14T09:09:41Z,NCTDREAM_WhenImWithYou
B1qq8IvzSz4,"I discovered them in 2020, it’s a bit late however, I still support them and love their songs. I hope they will live happily and successful as always.❤",1,2025-06-14T08:14:40Z,NCTDREAM_WhenImWithYou
B1qq8IvzSz4,3:00 tetesan airnya mirip banget sama Sugar Rush Ride TXT beneran,1,2025-06-11T13:45:24Z,NCTDREAM_WhenImWithYou
B1qq8IvzSz4,Happy 14.41 yuhuuu,0,2025-06-11T07:26:44Z,NCTDREAM_WhenImWithYou
B1qq8IvzSz4,❤❤❤❤❤,1,2025-06-11T00:46:17Z,NCTDREAM_WhenImWithYou
B1qq8IvzSz4,Jaemin❤,0,2025-06-10T23:38:11Z,NCTDREAM_WhenImWithYou
B1qq8IvzSz4,SM will pay for what they did to this album,0,2025-06-10T17:55:29Z,NCTDREAM_WhenImWithYou
B1qq8IvzSz4,❤,0,2025-06-10T16:36:12Z,NCTDREAM_WhenImWithYou
B1qq8IvzSz4,15M lezz go,1,2025-06-10T00:29:17Z,NCTDREAM_WhenImWithYou
B1qq8IvzSz4,💚💚💚💚💚💚💚,0,2025-06-09T11:30:07Z,NCTDREAM_WhenImWithYou
B1qq8IvzSz4,i like this song,0,2025-06-09T09:45:07Z,NCTDREAM_WhenImWithYou
B1qq8IvzSz4,💚💚💚,1,2025-06-09T04:03:48Z,NCTDREAM_WhenImWithYou
B1qq8IvzSz4,Nice song (⁠ ⁠◜⁠‿⁠◝⁠ ⁠)⁠♡,0,2025-06-08T22:45:10Z,NCTDREAM_WhenImWithYou
B1qq8IvzSz4,"Happyy 14.39 yuhuuu, How much can we get before comeback? Can we get atleast 15M? Fighting dreamzensss",0,2025-06-08T21:51:23Z,NCTDREAM_WhenImWithYou
B1qq8IvzSz4,"I love you 7dream . Today check 14.383 
More str3ming before next comeback 💪🏻🍀🌸🌼🥰",0,2025-06-07T15:02:12Z,NCTDREAM_WhenImWithYou
B1qq8IvzSz4,"I hope our 7 babies are doing well. I come to this song every day, a lot of people really enjoy it 🥰Thank you guys for another great album!",2,2025-06-06T20:57:23Z,NCTDREAM_WhenImWithYou
B1qq8IvzSz4,🩵🩵,0,2025-06-06T15:46:52Z,NCTDREAM_WhenImWithYou
B1qq8IvzSz4,Jaemin❤❤❤❤❤,0,2025-06-05T23:43:20Z,NCTDREAM_WhenImWithYou
B1qq8IvzSz4,❤❤❤❤❤❤❤❤,0,2025-06-05T19:13:24Z,NCTDREAM_WhenImWithYou
B1qq8IvzSz4,💖💖💖😎😎,0,2025-06-05T12:10:55Z,NCTDREAM_WhenImWithYou
B1qq8IvzSz4,Dreamies jjang,0,2025-06-05T07:13:42Z,NCTDREAM_WhenImWithYou
B1qq8IvzSz4,Uiykgwyr❤❤😂❤❤❤❤❤❤❤❤❤❤❤❤❤❤❤🎉🎉🎉🎉❤🎉❤🎉❤🎉❤🎉❤🎉🎉❤🎉❤,0,2025-06-04T07:36:41Z,NCTDREAM_WhenImWithYou
B1qq8IvzSz4,Tak sabar 7dream comeback,1,2025-06-03T02:44:30Z,NCTDREAM_WhenImWithYou
B1qq8IvzSz4,Happy 14.34 yuhuu,1,2025-06-02T23:11:41Z,NCTDREAM_WhenImWithYou
B1qq8IvzSz4,keren bgt,0,2025-06-02T21:55:02Z,NCTDREAM_WhenImWithYou
B1qq8IvzSz4,"MY here streaming because nctzens aren't here at all...:( at least is 100M+ on spotify and i know why, because the song starts and do not have 30 extra seconds. they ruined the mv by making it 4 minutes long",4,2025-06-02T20:32:09Z,NCTDREAM_WhenImWithYou
B1qq8IvzSz4,renjun... 💐💐,0,2025-06-01T13:51:01Z,NCTDREAM_WhenImWithYou
B1qq8IvzSz4,14.332 fightiing ! this is a sweet song,1,2025-06-01T13:50:12Z,NCTDREAM_WhenImWithYou
B1qq8IvzSz4,"Hey Hey Hey , I love guys ! You make my days full of love to dance ! Thank you so much so much !",0,2025-06-01T10:43:58Z,NCTDREAM_WhenImWithYou
B1qq8IvzSz4,Happy 14.3M to When I’m With You and Happy June to DREAMzens,9,2025-05-31T17:10:57Z,NCTDREAM_WhenImWithYou
B1qq8IvzSz4,14.312,0,2025-05-30T08:28:30Z,NCTDREAM_WhenImWithYou
B1qq8IvzSz4,💚💚💚💚,1,2025-05-30T04:12:25Z,NCTDREAM_WhenImWithYou
B1qq8IvzSz4,"mature music for these grown men, we need a song like poison for tittle track",3,2025-05-27T17:30:07Z,NCTDREAM_WhenImWithYou
B1qq8IvzSz4,7dream best group,2,2025-05-27T12:55:53Z,NCTDREAM_WhenImWithYou
B1qq8IvzSz4,LETS GO 15 MILLION FOR OUR CUTEST DREAMIES,4,2025-05-26T11:10:14Z,NCTDREAM_WhenImWithYou
B1qq8IvzSz4,OMG this is a nice song,1,2025-05-25T22:04:45Z,NCTDREAM_WhenImWithYou
B1qq8IvzSz4,14.270 (⁠ ⁠◜⁠‿⁠◝⁠ ⁠)⁠♡,0,2025-05-25T22:03:24Z,NCTDREAM_WhenImWithYou
B1qq8IvzSz4,❤❤❤❤❤,0,2025-05-25T01:54:19Z,NCTDREAM_WhenImWithYou
B1qq8IvzSz4,14.261 legooo❤,0,2025-05-25T01:23:23Z,NCTDREAM_WhenImWithYou
B1qq8IvzSz4,Kajja 15M,1,2025-05-24T10:20:45Z,NCTDREAM_WhenImWithYou
B1qq8IvzSz4,Give dreamies a proper comeback,2,2025-05-24T07:23:15Z,NCTDREAM_WhenImWithYou
B1qq8IvzSz4,"I LOVE YOU GUYS, YOU DONT HAVE TO LISTEN TO HATERS, LETS JUST LOOK INTO EACH OTHER CUS NO MATTER WHAT I WILL ALWAYS BE LOVING ALL NCT IDC ABOUT WHAT PEOPLE SAY CUS EVERYTHING THEY SAY IS NOT REAL. NCT DREAM, NCT 127, NCT WISH, WAYV, ALL NCT I LOVE YOU GUYS",3,2025-05-22T14:34:14Z,NCTDREAM_WhenImWithYou
B1qq8IvzSz4,Always here for 7Dream  <3,2,2025-05-21T17:37:50Z,NCTDREAM_WhenImWithYou
B1qq8IvzSz4,Absen streaming,3,2025-05-21T02:10:01Z,NCTDREAM_WhenImWithYou
B1qq8IvzSz4,Lettssgoo 15M before comebackk,1,2025-05-20T14:01:45Z,NCTDREAM_WhenImWithYou
B1qq8IvzSz4,"its getting 14.2... woah dreamzen stll streamingg, goodjob guysss",0,2025-05-20T14:01:14Z,NCTDREAM_WhenImWithYou
B1qq8IvzSz4,help… im curious with type of adidas that haechan wearing in this mv🥲🥲,0,2025-05-20T05:42:32Z,NCTDREAM_WhenImWithYou
B1qq8IvzSz4,14.208,0,2025-05-19T23:19:30Z,NCTDREAM_WhenImWithYou
B1qq8IvzSz4,Go 15M,2,2025-05-18T13:56:45Z,NCTDREAM_WhenImWithYou
B1qq8IvzSz4,Stay together 7dream,1,2025-05-17T12:23:25Z,NCTDREAM_WhenImWithYou
B1qq8IvzSz4,7DREAM THE FUTURE KPOP,1,2025-05-17T12:22:59Z,NCTDREAM_WhenImWithYou
B1qq8IvzSz4,15M GO GO,2,2025-05-17T04:49:45Z,NCTDREAM_WhenImWithYou
B1qq8IvzSz4,fighting for dream5,1,2025-05-16T14:31:30Z,NCTDREAM_WhenImWithYou
B1qq8IvzSz4,7Dream,2,2025-05-16T11:31:39Z,NCTDREAM_WhenImWithYou
B1qq8IvzSz4,"1:10 Mark, ahhh!",1,2025-05-15T11:23:33Z,NCTDREAM_WhenImWithYou
B1qq8IvzSz4,"悠太くんと蜷川実花監督との世界観引き込まれました。
そしてすごく胸が苦しくて切なくて泣けました。
他の方も書いてましたが
あちらの世界で生きていくには悠太くんは優しすぎるのではないかでもずっと走り続けてくれてありがとうと言いたいです
悠太くんが走り続けてくれる理由に
プライドとか仲間とかたくさんあるだろうけどその中に私達🌱も入れてくれてると嬉しいな",0,2025-05-14T13:11:51Z,NCTDREAM_WhenImWithYou
B1qq8IvzSz4,I missed u guys sm,0,2025-05-13T13:05:29Z,NCTDREAM_WhenImWithYou
B1qq8IvzSz4,💚💚💚💚,1,2025-05-11T17:50:35Z,NCTDREAM_WhenImWithYou
B1qq8IvzSz4,eu te amo dream❤ sempre,1,2025-05-11T00:26:48Z,NCTDREAM_WhenImWithYou
B1qq8IvzSz4,HAPPY 14M YUHUU,0,2025-05-09T02:30:48Z,NCTDREAM_WhenImWithYou
B1qq8IvzSz4,ESTA CANCION ES TAN BONITTA,2,2025-05-07T19:57:12Z,NCTDREAM_WhenImWithYou
B1qq8IvzSz4,Setelah lama g dengerin ternyata stug di 14 jt 😢,0,2025-05-07T12:49:24Z,NCTDREAM_WhenImWithYou
B1qq8IvzSz4,nct dream comeback please?????,0,2025-05-07T06:26:05Z,NCTDREAM_WhenImWithYou
B1qq8IvzSz4,loveeee,0,2025-05-06T23:24:16Z,NCTDREAM_WhenImWithYou
B1qq8IvzSz4,Ppl are so weird hating on this song,1,2025-05-06T12:10:34Z,NCTDREAM_WhenImWithYou
B1qq8IvzSz4,i love 7Dream,1,2025-05-06T06:46:07Z,NCTDREAM_WhenImWithYou
B1qq8IvzSz4,💚💚💚💚💚💚💚 7Dream fighting for next schedule,1,2025-05-04T23:01:10Z,NCTDREAM_WhenImWithYou
B1qq8IvzSz4,❤,0,2025-05-04T10:10:48Z,NCTDREAM_WhenImWithYou
B1qq8IvzSz4,💖💖💖💖💖💖💖,0,2025-05-03T22:08:23Z,NCTDREAM_WhenImWithYou
B1qq8IvzSz4,keep listening this beautiful song,4,2025-05-03T10:42:09Z,NCTDREAM_WhenImWithYou
B1qq8IvzSz4,woww !,1,2025-05-03T09:58:00Z,NCTDREAM_WhenImWithYou
B1qq8IvzSz4,14M🎉,3,2025-05-03T09:46:14Z,NCTDREAM_WhenImWithYou
B1qq8IvzSz4,"woww 500k likee, keep streaming guyss",4,2025-05-03T02:07:27Z,NCTDREAM_WhenImWithYou
B1qq8IvzSz4,GIVE COMEBACK DREAM PROPER!!!!!!!!!!!,1,2025-05-02T17:25:17Z,NCTDREAM_WhenImWithYou
B1qq8IvzSz4,NCT DREAM ┌⁠(⁠・⁠。⁠・⁠)⁠┘⁠♪,0,2025-05-01T23:37:28Z,NCTDREAM_WhenImWithYou
B1qq8IvzSz4,14m 🔥,4,2025-05-01T19:02:23Z,NCTDREAM_WhenImWithYou
B1qq8IvzSz4,드림이들 사랑해💚,0,2025-05-01T16:09:44Z,NCTDREAM_WhenImWithYou
B1qq8IvzSz4,1:26 mark lee serving sm here,0,2025-05-01T15:40:49Z,NCTDREAM_WhenImWithYou
B1qq8IvzSz4,💚💚💚💚💚💚💚,1,2025-05-01T03:47:34Z,NCTDREAM_WhenImWithYou
B1qq8IvzSz4,14M🎉🎉🎉🎉🎉,3,2025-05-01T03:47:22Z,NCTDREAM_WhenImWithYou
B1qq8IvzSz4,happy  14M🎉🎉🎉🎉🎉❤❤❤,4,2025-05-01T03:47:11Z,NCTDREAM_WhenImWithYou
B1qq8IvzSz4,"Yok yg mau pemanasan streaming buat comeback besok , pemanasan wiwy dulu , kajaa 15 m",2,2025-05-01T02:43:22Z,NCTDREAM_WhenImWithYou
B1qq8IvzSz4,4.591,0,2025-05-01T02:33:24Z,NCTDREAM_WhenImWithYou
B1qq8IvzSz4,yeay... congrats for 14M... 15M soon,2,2025-05-01T01:16:40Z,NCTDREAM_WhenImWithYou
B1qq8IvzSz4,Happy 14M to When I’m With You and Happy May to DREAMzens!!!,5,2025-04-30T17:27:13Z,NCTDREAM_WhenImWithYou
B1qq8IvzSz4,14m🎉🎉🎉,3,2025-04-30T12:45:24Z,NCTDREAM_WhenImWithYou
B1qq8IvzSz4,MANIFESTING DREAM5 SUKSES BESAR!!!!,2,2025-04-30T09:51:05Z,NCTDREAM_WhenImWithYou
B1qq8IvzSz4,"13,995",0,2025-04-30T02:07:04Z,NCTDREAM_WhenImWithYou
B1qq8IvzSz4,Praying that next comeback will be fun and successful for Dreamies,10,2025-04-29T02:05:43Z,NCTDREAM_WhenImWithYou
B1qq8IvzSz4,Ainda ouço essa música com frequência a ponte do chenle é tão satisfatória,3,2025-04-28T17:53:38Z,NCTDREAM_WhenImWithYou
B1qq8IvzSz4,Semoga comeback 7Dream tahun 2025 ini lebih lebih dan lebih proper persiapannya,3,2025-04-28T16:16:26Z,NCTDREAM_WhenImWithYou
B1qq8IvzSz4,한국드프손♡,3,2025-04-28T06:44:58Z,NCTDREAM_WhenImWithYou
B1qq8IvzSz4,na jaemin,3,2025-04-27T22:55:36Z,NCTDREAM_WhenImWithYou
B1qq8IvzSz4,Almost 14m,1,2025-04-27T14:04:33Z,NCTDREAM_WhenImWithYou
B1qq8IvzSz4,"967 , dikit lagi 14",1,2025-04-27T02:55:25Z,NCTDREAM_WhenImWithYou
B1qq8IvzSz4,この曲大好きすぎて毎日必ず聴いてる,0,2025-04-26T12:37:36Z,NCTDREAM_WhenImWithYou
B1qq8IvzSz4,13.962,0,2025-04-26T11:16:56Z,NCTDREAM_WhenImWithYou
B1qq8IvzSz4,soon 14 M... fighting,3,2025-04-26T11:16:14Z,NCTDREAM_WhenImWithYou
B1qq8IvzSz4,14m lets go,3,2025-04-25T20:22:39Z,NCTDREAM_WhenImWithYou
B1qq8IvzSz4,13.952,0,2025-04-25T09:50:20Z,NCTDREAM_WhenImWithYou
B1qq8IvzSz4,13948,0,2025-04-25T03:10:41Z,NCTDREAM_WhenImWithYou
B1qq8IvzSz4,13.937,0,2025-04-23T22:48:27Z,NCTDREAM_WhenImWithYou
B1qq8IvzSz4,Omg the vocals😮. They're so gorgeous 😍,1,2025-04-23T22:09:52Z,NCTDREAM_WhenImWithYou
B1qq8IvzSz4,"13,928",0,2025-04-23T02:53:11Z,NCTDREAM_WhenImWithYou
B1qq8IvzSz4,13.921🎉,2,2025-04-22T09:16:47Z,NCTDREAM_WhenImWithYou
B1qq8IvzSz4,13.9.... letsgoo 14 before april,4,2025-04-22T02:34:03Z,NCTDREAM_WhenImWithYou
B1qq8IvzSz4,⚡💜💜💜💜💜⚡⚡🥰🔥🔥🔥🥀🥀,0,2025-04-21T07:58:32Z,NCTDREAM_WhenImWithYou
B1qq8IvzSz4,❤❤❤,0,2025-04-21T07:52:32Z,NCTDREAM_WhenImWithYou
B1qq8IvzSz4,Lets go 14M !,1,2025-04-21T05:46:43Z,NCTDREAM_WhenImWithYou
B1qq8IvzSz4,keep listening this beautiful song,1,2025-04-20T07:03:51Z,NCTDREAM_WhenImWithYou
B1qq8IvzSz4,❤❤❤❤,0,2025-04-20T03:01:54Z,NCTDREAM_WhenImWithYou
B1qq8IvzSz4,A new nct zen here I'm late ;(,2,2025-04-19T15:33:21Z,NCTDREAM_WhenImWithYou
B1qq8IvzSz4,here,0,2025-04-19T10:29:40Z,NCTDREAM_WhenImWithYou
B1qq8IvzSz4,Go 14M,3,2025-04-19T02:14:32Z,NCTDREAM_WhenImWithYou
B1qq8IvzSz4,😮,0,2025-04-18T18:31:51Z,NCTDREAM_WhenImWithYou
B1qq8IvzSz4,Who comes here after @areucuriousyeah make unitzen ranking?,4,2025-04-18T16:34:11Z,NCTDREAM_WhenImWithYou
B1qq8IvzSz4,Go go go 7DREAM,1,2025-04-18T14:48:48Z,NCTDREAM_WhenImWithYou
B1qq8IvzSz4,"중앙 5, 광고를 추가하십시오",0,2025-04-18T14:26:02Z,NCTDREAM_WhenImWithYou
B1qq8IvzSz4,중앙 5 NCT를 잘 홍보하십시오,0,2025-04-18T14:25:04Z,NCTDREAM_WhenImWithYou
B1qq8IvzSz4,I'm here!,0,2025-04-18T13:37:19Z,NCTDREAM_WhenImWithYou
B1qq8IvzSz4,น่ารักมากลูก❤❤❤,0,2025-04-18T06:57:31Z,NCTDREAM_WhenImWithYou
B1qq8IvzSz4,13.871 <3,0,2025-04-18T01:09:54Z,NCTDREAM_WhenImWithYou
B1qq8IvzSz4,"When I’m With You’ is more than just a song—it feels like a warm hug in the form of music. The lyrics are simple yet so meaningful, like a heartfelt message to someone you love. What makes it truly special is the way NCT DREAM sings it. Their voices are soft, sincere, and filled with emotion. Each member brings something unique, but together, their harmonies feel so natural and healing. You can tell they’re not just performing—they’re feeling every word. It’s the kind of song that makes you feel safe, understood, and loved. A beautiful reminder of how comforting music can be, especially when it’s from artists who sing straight from the heart. 💚💚💚💚💚💚💚🎉🎉",9,2025-04-17T22:03:05Z,NCTDREAM_WhenImWithYou
B1qq8IvzSz4,Cool ♡♡♡♡♡♡♡,0,2025-04-17T21:29:50Z,NCTDREAM_WhenImWithYou
B1qq8IvzSz4,"It's CONCERNING how NCT dream's comebacks (vi3ws) were decreasing since ISTJ era, please SM take care of one of your best boygroups! 

There is no comeback since 2023 that surpassed 25M+... we are talking about a group from SM entertainment, this is NOT a group under newer companies, like BE FR SM!!!",3,2025-04-17T00:20:02Z,NCTDREAM_WhenImWithYou
B1qq8IvzSz4,13.855,0,2025-04-16T14:43:53Z,NCTDREAM_WhenImWithYou
B1qq8IvzSz4,"when i'm with youuu, love you dreamies!!!",0,2025-04-16T14:09:01Z,NCTDREAM_WhenImWithYou
B1qq8IvzSz4,LETS GO 14M,1,2025-04-16T12:55:13Z,NCTDREAM_WhenImWithYou
B1qq8IvzSz4,Semoga kalo comeback lagunya lebih bagus dari ini,1,2025-04-16T08:43:37Z,NCTDREAM_WhenImWithYou
B1qq8IvzSz4,언제 컴백해?,1,2025-04-16T07:29:41Z,NCTDREAM_WhenImWithYou
B1qq8IvzSz4,2025 anyone?,3,2025-04-16T02:32:24Z,NCTDREAM_WhenImWithYou
B1qq8IvzSz4,Tetap streaming walo ga gerak2,2,2025-04-15T16:40:45Z,NCTDREAM_WhenImWithYou
B1qq8IvzSz4,13.839,0,2025-04-15T04:16:17Z,NCTDREAM_WhenImWithYou
B1qq8IvzSz4,let’s go 14m,4,2025-04-14T16:10:00Z,NCTDREAM_WhenImWithYou
B1qq8IvzSz4,AYO STREAMING TERUSS SAMPAI 20 JT VIEW,4,2025-04-14T15:15:00Z,NCTDREAM_WhenImWithYou
B1qq8IvzSz4,13.830 => soon 14M,2,2025-04-14T09:43:57Z,NCTDREAM_WhenImWithYou
B1qq8IvzSz4,Los conoci x la tele que lindos los chicos 💖😭,1,2025-04-14T00:16:58Z,NCTDREAM_WhenImWithYou
B1qq8IvzSz4,¡Es muy bueno! día y noche escuchándola ✨🌃,1,2025-04-13T22:36:00Z,NCTDREAM_WhenImWithYou
B1qq8IvzSz4,13.819,0,2025-04-13T09:53:33Z,NCTDREAM_WhenImWithYou
B1qq8IvzSz4,Dreamzen love dream,4,2025-04-12T13:27:02Z,NCTDREAM_WhenImWithYou
B1qq8IvzSz4,"We need nct dream with darker concepts, their bsides of 2024 were much better than the tittle tracks",3,2025-04-12T04:32:38Z,NCTDREAM_WhenImWithYou
B1qq8IvzSz4,"Let's go sijeuni, almost 14M views",5,2025-04-12T03:44:58Z,NCTDREAM_WhenImWithYou
B1qq8IvzSz4,"13,803",1,2025-04-12T03:44:37Z,NCTDREAM_WhenImWithYou
B1qq8IvzSz4,CHENLE BRIDGE CANDU BANGET,8,2025-04-11T02:53:15Z,NCTDREAM_WhenImWithYou
B1qq8IvzSz4,Bu şarkı çok iyi ya,4,2025-04-10T12:49:43Z,NCTDREAM_WhenImWithYou
B1qq8IvzSz4,Or give them better song next time??,3,2025-04-10T11:52:00Z,NCTDREAM_WhenImWithYou
B1qq8IvzSz4,Day and night 💗,2,2025-04-10T10:06:36Z,NCTDREAM_WhenImWithYou
B1qq8IvzSz4,lovely 7 dream,2,2025-04-10T09:52:17Z,NCTDREAM_WhenImWithYou
B1qq8IvzSz4,เพราะมาก🥹,2,2025-04-10T05:11:46Z,NCTDREAM_WhenImWithYou
B1qq8IvzSz4,jisung voice <3,2,2025-04-10T02:05:37Z,NCTDREAM_WhenImWithYou
B1qq8IvzSz4,ザパフォで見てから聞きに来るようになりました。爽やかで元気になる！,3,2025-04-10T01:53:27Z,NCTDREAM_WhenImWithYou
B1qq8IvzSz4,Chenle çok güzel söylüyor ya,4,2025-04-09T14:58:07Z,NCTDREAM_WhenImWithYou
B1qq8IvzSz4,when i'm with youuuuuu,3,2025-04-09T13:33:57Z,NCTDREAM_WhenImWithYou
B1qq8IvzSz4,who is still streaming in here guys???,11,2025-04-09T08:34:19Z,NCTDREAM_WhenImWithYou
B1qq8IvzSz4,april 2025 still here,4,2025-04-09T08:01:28Z,NCTDREAM_WhenImWithYou
B1qq8IvzSz4,769,2,2025-04-09T05:18:09Z,NCTDREAM_WhenImWithYou
B1qq8IvzSz4,"Aku suka semua lagu di album ini. Heavenly , you , wiwy, flying kiss , i hate fruit , semuanya .. pokoknya enak bngt lagu² mereka tuhhh 💕💕 7 dreams teruslah berkarya , 7 dreams fighting , mark solo congrats  mark lee fighting 🥳💗",4,2025-04-09T04:02:49Z,NCTDREAM_WhenImWithYou
B1qq8IvzSz4,"Lagu nct dream nggk pernah gagal , mereka selalu pinter ngebawain lagu dan dancenya .  fighting buat comeback besok 💕💕",4,2025-04-09T04:00:11Z,NCTDREAM_WhenImWithYou
B1qq8IvzSz4,13.767,3,2025-04-09T03:35:57Z,NCTDREAM_WhenImWithYou
B1qq8IvzSz4,13.765,3,2025-04-08T20:57:07Z,NCTDREAM_WhenImWithYou
B1qq8IvzSz4,"April 8 2025
I love dream 
Thank you",3,2025-04-08T14:10:30Z,NCTDREAM_WhenImWithYou
B1qq8IvzSz4,hoy martes escuchando música a full volumen  NCT DREAM 🥳😍,3,2025-04-08T13:14:14Z,NCTDREAM_WhenImWithYou
B1qq8IvzSz4,13.757,2,2025-04-08T08:22:31Z,NCTDREAM_WhenImWithYou
B1qq8IvzSz4,ayoo streaming teruuss gaiisss ❤,4,2025-04-08T03:48:10Z,NCTDREAM_WhenImWithYou
B1qq8IvzSz4,very handsome,2,2025-04-08T01:06:43Z,NCTDREAM_WhenImWithYou
B1qq8IvzSz4,"congrats Mark, finally u did it so well 🥹🔥",3,2025-04-08T00:00:52Z,NCTDREAM_WhenImWithYou
B1qq8IvzSz4,Listening my most fav Healing song at bedtime ....,5,2025-04-07T15:45:50Z,NCTDREAM_WhenImWithYou
B1qq8IvzSz4,molo day,4,2025-04-07T11:29:47Z,NCTDREAM_WhenImWithYou
B1qq8IvzSz4,👏🏻Mark Lee🎉🔥🙌🏻,2,2025-04-07T09:10:59Z,NCTDREAM_WhenImWithYou
B1qq8IvzSz4,MY BEST SON,3,2025-04-07T01:33:21Z,NCTDREAM_WhenImWithYou
B1qq8IvzSz4,"I appreciate this MV more after watching the behind the scenes, daang the way they polished this",10,2025-04-06T17:51:14Z,NCTDREAM_WhenImWithYou
B1qq8IvzSz4,730,3,2025-04-06T05:27:28Z,NCTDREAM_WhenImWithYou
B1qq8IvzSz4,The china members looks horrible,3,2025-04-05T16:53:19Z,NCTDREAM_WhenImWithYou
B1qq8IvzSz4,Deobie ( the boyz fandom here ) to support them gonna be Nct dream soon but am I too late,6,2025-04-05T09:37:23Z,NCTDREAM_WhenImWithYou
B1qq8IvzSz4,"1:45のシーンでマークだけが乗り遅れそうになってるのって、1回グループを卒業してみんなから離れていた時期を表しているのでは……？
そしてマークの手を掴もうとしてるのはデビューして間もない頃に活動を長期間休止していたジェミン……。
なんか深い意味を感じるなぁ……。",10,2025-04-04T09:16:10Z,NCTDREAM_WhenImWithYou
B1qq8IvzSz4,707,1,2025-04-04T06:25:32Z,NCTDREAM_WhenImWithYou
B1qq8IvzSz4,the performanceを会場で見てハマりそうです。。歌うまいし高音綺麗すぎた。。。,10,2025-04-04T02:46:30Z,NCTDREAM_WhenImWithYou
B1qq8IvzSz4,💚💚💚💚💚💚💚,1,2025-04-03T08:28:07Z,NCTDREAM_WhenImWithYou
B1qq8IvzSz4,"since istj era all their comebacks were so mid, please give them better songs sm ent.",3,2025-04-03T03:19:40Z,NCTDREAM_WhenImWithYou
B1qq8IvzSz4,My favorit song😍😍💚💚,2,2025-04-01T05:35:49Z,NCTDREAM_WhenImWithYou
B1qq8IvzSz4,NCT DREAM son tan geniales obsesionada al máximo ♡♡,3,2025-03-31T23:10:04Z,NCTDREAM_WhenImWithYou
B1qq8IvzSz4,Happy 13.6M to When I’m With You and Happy April to DREAMzens,1,2025-03-31T18:31:26Z,NCTDREAM_WhenImWithYou
B1qq8IvzSz4,13.667,1,2025-03-31T10:25:20Z,NCTDREAM_WhenImWithYou
B1qq8IvzSz4,"To,
SM Entertainment,

As a dedicated fan, I am deeply concerned about recent events regarding NCT 127 and NCT Dream. It appears that someone is attempting to leak private information about the members, which could potentially harm their reputation.

I urge you to take immediate legal action to protect them from any privacy violations or false rumors. It also seems that some are trying to tarnish the image of major entertainment groups to divert attention from something bigger happening.

Please address this situation as soon as possible to ensure the members' safety and well-being.

Sincerely,
nctzen",0,2025-03-31T09:45:11Z,NCTDREAM_WhenImWithYou
B1qq8IvzSz4,노래 너모조음요 진짜 지성이 미모두 ㄹㅈㄷ 다들 너무 이쁨🥹🥹,2,2025-03-30T09:32:48Z,NCTDREAM_WhenImWithYou
B1qq8IvzSz4,그들에게 더 나은 노래를 선사해주세요.,3,2025-03-29T14:51:47Z,NCTDREAM_WhenImWithYou
B1qq8IvzSz4,GILA KERENNNN POLLLL GAK NGOTAKKK🤯🤩🤩🤩,1,2025-03-29T12:11:08Z,NCTDREAM_WhenImWithYou
B1qq8IvzSz4,643,2,2025-03-29T08:09:56Z,NCTDREAM_WhenImWithYou
B1qq8IvzSz4,Pls give Dreamies better songs for their next comeback,10,2025-03-27T05:30:14Z,NCTDREAM_WhenImWithYou
B1qq8IvzSz4,안녕하세요 항상 노래 잘 듣고 있습니다 계속 응원하겠습니다,3,2025-03-27T04:50:25Z,NCTDREAM_WhenImWithYou
B1qq8IvzSz4,I’M SO IN LOVE WITH THIS SONG,3,2025-03-27T02:25:39Z,NCTDREAM_WhenImWithYou
B1qq8IvzSz4,❤❤❤❤,1,2025-03-26T10:13:51Z,NCTDREAM_WhenImWithYou
B1qq8IvzSz4,Nana and Nono kuuu kelennn banget,1,2025-03-25T23:36:36Z,NCTDREAM_WhenImWithYou
B1qq8IvzSz4,7dream always amazing，best group ever,3,2025-03-25T23:06:44Z,NCTDREAM_WhenImWithYou
B1qq8IvzSz4,7dream...,2,2025-03-24T23:30:28Z,NCTDREAM_WhenImWithYou
B1qq8IvzSz4,lagunya candu banget❤❤,2,2025-03-24T13:21:11Z,NCTDREAM_WhenImWithYou
B1qq8IvzSz4,Missing dream,2,2025-03-23T23:09:02Z,NCTDREAM_WhenImWithYou
B1qq8IvzSz4,572,2,2025-03-23T06:58:37Z,NCTDREAM_WhenImWithYou
B1qq8IvzSz4,7dream ❤,0,2025-03-22T16:30:31Z,NCTDREAM_WhenImWithYou
B1qq8IvzSz4,7dream always <3,1,2025-03-22T14:40:12Z,NCTDREAM_WhenImWithYou
B1qq8IvzSz4,💚💚,0,2025-03-22T14:29:14Z,NCTDREAM_WhenImWithYou
B1qq8IvzSz4,Ily guys❤,0,2025-03-22T10:08:11Z,NCTDREAM_WhenImWithYou
B1qq8IvzSz4,"Cwo"" ku🫶🏻🫶🏻🫶🏻",0,2025-03-22T10:06:50Z,NCTDREAM_WhenImWithYou
B1qq8IvzSz4,13.561 still listening this beautiful song :),2,2025-03-22T09:37:43Z,NCTDREAM_WhenImWithYou
B1qq8IvzSz4,"los neos merecen más que 13 millones de vistas, apoyenlos más nctzen/dreamzen 😞",6,2025-03-22T03:39:12Z,NCTDREAM_WhenImWithYou
B1qq8IvzSz4,Nct dream❤,0,2025-03-22T02:31:51Z,NCTDREAM_WhenImWithYou
B1qq8IvzSz4,i love them❤,0,2025-03-21T15:08:25Z,NCTDREAM_WhenImWithYou
B1qq8IvzSz4,13.544,0,2025-03-21T04:21:10Z,NCTDREAM_WhenImWithYou
B1qq8IvzSz4,🐯🦊🐶🐻🐰🐬🐹,2,2025-03-20T14:33:28Z,NCTDREAM_WhenImWithYou
B1qq8IvzSz4,I love u guys,2,2025-03-20T05:00:55Z,NCTDREAM_WhenImWithYou
B1qq8IvzSz4,Jaemin,0,2025-03-19T23:50:41Z,NCTDREAM_WhenImWithYou
B1qq8IvzSz4,13.527,0,2025-03-19T20:56:39Z,NCTDREAM_WhenImWithYou
B1qq8IvzSz4,NCT DREAM es arte,0,2025-03-19T17:33:17Z,NCTDREAM_WhenImWithYou
B1qq8IvzSz4,When you with me,0,2025-03-19T13:04:37Z,NCTDREAM_WhenImWithYou
B1qq8IvzSz4,lonjin ku cakeppp kali woiiiiiiiii😮,0,2025-03-19T10:28:25Z,NCTDREAM_WhenImWithYou
B1qq8IvzSz4,im hereeee❤,0,2025-03-19T10:27:56Z,NCTDREAM_WhenImWithYou
B1qq8IvzSz4,"#WHENIMWITHYOU NCT I feel like I'm going to make it, that all this pain will pass and that everything will be fine, because you're always here by my side...
Thank you for existing and for making me happy every day (literally)🥲🥰🤭🥺",4,2025-03-18T17:35:15Z,NCTDREAM_WhenImWithYou
B1qq8IvzSz4,13.507,0,2025-03-18T08:11:34Z,NCTDREAM_WhenImWithYou
B1qq8IvzSz4,"dengerin lagi, dengeri terus, eh tiba-tiba nyantol trus suka banget sama ini lagu",0,2025-03-18T06:03:03Z,NCTDREAM_WhenImWithYou
B1qq8IvzSz4,MARKKKK,0,2025-03-18T04:50:00Z,NCTDREAM_WhenImWithYou
B1qq8IvzSz4,Letsgooo 14M,3,2025-03-17T22:29:40Z,NCTDREAM_WhenImWithYou
B1qq8IvzSz4,My Love :),0,2025-03-17T21:41:06Z,NCTDREAM_WhenImWithYou
B1qq8IvzSz4,135,0,2025-03-17T16:46:49Z,NCTDREAM_WhenImWithYou
B1qq8IvzSz4,when im with dream,0,2025-03-17T13:53:47Z,NCTDREAM_WhenImWithYou
B1qq8IvzSz4,"no quisiera que esta era se fuera nunca </3
amo mucho",2,2025-03-17T01:32:49Z,NCTDREAM_WhenImWithYou
B1qq8IvzSz4,I am proud of 7dream,2,2025-03-17T01:19:38Z,NCTDREAM_WhenImWithYou
B1qq8IvzSz4,<3 <3,0,2025-03-16T12:23:17Z,NCTDREAM_WhenImWithYou
B1qq8IvzSz4,13.483,0,2025-03-16T05:42:35Z,NCTDREAM_WhenImWithYou
B1qq8IvzSz4,483,0,2025-03-16T05:23:24Z,NCTDREAM_WhenImWithYou
B1qq8IvzSz4,me encanta esta canción,1,2025-03-15T17:22:24Z,NCTDREAM_WhenImWithYou
B1qq8IvzSz4,Miss you,3,2025-03-15T12:30:01Z,NCTDREAM_WhenImWithYou
B1qq8IvzSz4,🩵💛,0,2025-03-15T01:43:14Z,NCTDREAM_WhenImWithYou
B1qq8IvzSz4,❤,0,2025-03-15T01:42:30Z,NCTDREAM_WhenImWithYou
B1qq8IvzSz4,WHEN I WITH U 🗣🗣🗣🗣,1,2025-03-13T16:20:55Z,NCTDREAM_WhenImWithYou
B1qq8IvzSz4,❤❤,0,2025-03-13T09:36:44Z,NCTDREAM_WhenImWithYou
B1qq8IvzSz4,Jenoli cada vez más guapo,0,2025-03-13T06:34:28Z,NCTDREAM_WhenImWithYou
B1qq8IvzSz4,Amo,0,2025-03-13T06:31:21Z,NCTDREAM_WhenImWithYou
B1qq8IvzSz4,청량 최고,1,2025-03-13T01:27:54Z,NCTDREAM_WhenImWithYou
B1qq8IvzSz4,When Im w u,0,2025-03-13T00:36:37Z,NCTDREAM_WhenImWithYou
pS57UX6s-xw,❤❤❤❤❤❤❤,0,2026-03-13T16:22:26Z,SEVENTEEN_Thunder
pS57UX6s-xw,どんどん積み上げていこうTHUNDER,0,2026-03-13T13:27:14Z,SEVENTEEN_Thunder
pS57UX6s-xw,"THUNDER今日もありがとう。
明日もよろしくお願いします",0,2026-03-13T12:15:47Z,SEVENTEEN_Thunder
pS57UX6s-xw,金曜日お疲れさまですTHUNDER,2,2026-03-13T09:52:58Z,SEVENTEEN_Thunder
pS57UX6s-xw,"MINIです。
仕事が始まる前に…
『ALO ALO』をMINI聴きに来たよ♪
元気パワーをもらって↑
こちらから仕事頑張って来まーす。
いつもINIへ
暖かい応援に感謝してます。
Caratちゃん♡
ありがとうね↑",4,2026-03-13T08:59:56Z,SEVENTEEN_Thunder
pS57UX6s-xw,Revisiting :),2,2026-03-13T08:58:27Z,SEVENTEEN_Thunder
pS57UX6s-xw,JAM here to feel the THUNDER,2,2026-03-13T04:37:51Z,SEVENTEEN_Thunder
pS57UX6s-xw,正午のお知らせですTHUNDER,1,2026-03-13T03:00:52Z,SEVENTEEN_Thunder
pS57UX6s-xw,78M,0,2026-03-12T21:54:17Z,SEVENTEEN_Thunder
pS57UX6s-xw,❤,0,2026-03-12T20:21:57Z,SEVENTEEN_Thunder
pS57UX6s-xw,Seventeen is always 13!!!!,1,2026-03-12T16:13:25Z,SEVENTEEN_Thunder
pS57UX6s-xw,Allow Heeseung to Pursue Solo Activities Without Leaving ENHYPEN pls help engene carat plsssss,0,2026-03-12T14:43:32Z,SEVENTEEN_Thunder
pS57UX6s-xw,"I am staymontiez But the music video is for Seventeen, it's amazing, really cool. I really like Seventeen's style of music This song is very catchy.",4,2026-03-12T14:21:48Z,SEVENTEEN_Thunder
pS57UX6s-xw,"Fantasy comes to listen to the thunder roar. I wish you a beautiful day, friends Carats. 
Thunder x Mute is Off      SVT x IN Seong ( SF9)",2,2026-03-12T13:22:48Z,SEVENTEEN_Thunder
pS57UX6s-xw,"SEVENTEENの誕生日には、億いきたいなぁ
がんばろうTHUNDER",5,2026-03-12T13:19:56Z,SEVENTEEN_Thunder
pS57UX6s-xw,"今日もおつかれさまです
ユニットも楽しみTHUNDER",5,2026-03-12T12:12:07Z,SEVENTEEN_Thunder
pS57UX6s-xw,"退勤THUNDER
ろく月の嬉しいお知らせで、ハオちゃんリンリンで帰りまーす♪",5,2026-03-12T09:17:40Z,SEVENTEEN_Thunder
pS57UX6s-xw,Morning and happy Thursday !!! Atiny passing by :),2,2026-03-12T06:59:13Z,SEVENTEEN_Thunder
pS57UX6s-xw,:),1,2026-03-12T05:54:49Z,SEVENTEEN_Thunder
pS57UX6s-xw,carats start collecting for verhao unit <3,2,2026-03-12T05:49:27Z,SEVENTEEN_Thunder
pS57UX6s-xw,お昼休憩にTHUNDER聴ける幸せ♡,6,2026-03-12T03:26:21Z,SEVENTEEN_Thunder
pS57UX6s-xw,I don’t Stan svt but dayummmmmmm- Edit: also I love the way on the first t.h.u.n.d.e.r I love hey they say r,5,2026-03-12T02:08:56Z,SEVENTEEN_Thunder
pS57UX6s-xw,78.124,1,2026-03-12T01:23:38Z,SEVENTEEN_Thunder
pS57UX6s-xw,"Alo Alo once again. JAM here. ♡⁠(⁠Ӧ⁠ｖ⁠Ӧ⁠｡⁠)
_JO1 Handz In My Pocket x Thunder collab_",2,2026-03-11T17:09:01Z,SEVENTEEN_Thunder
pS57UX6s-xw,なんかふと思うんやけど、一生わたしの側にSEVENTEENだけいてくれたらいいなって本当に思った,5,2026-03-11T14:06:30Z,SEVENTEEN_Thunder
pS57UX6s-xw,心の友達THUNDER,4,2026-03-11T13:22:52Z,SEVENTEEN_Thunder
pS57UX6s-xw,"hii, aku uda lama ya aku ga komen disinii",3,2026-03-11T12:54:48Z,SEVENTEEN_Thunder
pS57UX6s-xw,KANGEN LEE JIHOON PLEASEEE KEMBALIIII,3,2026-03-11T11:55:38Z,SEVENTEEN_Thunder
pS57UX6s-xw,疲労をなくしてくれるTHUNDER,4,2026-03-11T11:55:26Z,SEVENTEEN_Thunder
pS57UX6s-xw,終業と同時にTHUNDER,5,2026-03-11T09:12:14Z,SEVENTEEN_Thunder
pS57UX6s-xw,"0:17 0:38 1:06 2:26
2:24 2:26 2:32",2,2026-03-11T07:24:17Z,SEVENTEEN_Thunder
pS57UX6s-xw,JAM here. Have a great day Carats,4,2026-03-11T04:10:19Z,SEVENTEEN_Thunder
pS57UX6s-xw,"MINIです。
遅くなりました。
⑦⑧⓪⓪満開おめでとう↑
いつもINIへ
そして私の推しの西洸人のソロ曲や…
ちゃんみな＆HIROTOにもMINI聴きに行ってくれて♪
Caratちゃん♡
ありがとうございます。
これから〜仕事頑張って来まーす。",5,2026-03-10T23:34:45Z,SEVENTEEN_Thunder
pS57UX6s-xw,"大好きTHUNDER
大好きSEVENTEEN",5,2026-03-10T14:14:24Z,SEVENTEEN_Thunder
pS57UX6s-xw,To this 13 fine men thank you for choosing to be with each other.  Thank you for staying as Seventeen members. Thank you for always keeping the promise sealed for Carat's.,4,2026-03-10T14:12:33Z,SEVENTEEN_Thunder
pS57UX6s-xw,SEVENTEEN,2,2026-03-10T12:10:46Z,SEVENTEEN_Thunder
pS57UX6s-xw,夕食後、こたつに入っていいのは足までですTHUNDER,4,2026-03-10T11:49:57Z,SEVENTEEN_Thunder
pS57UX6s-xw,THUNDERを浴びよう,3,2026-03-10T10:23:46Z,SEVENTEEN_Thunder
pS57UX6s-xw,"退勤THUNDER
火曜日お疲れさまです",5,2026-03-10T09:27:31Z,SEVENTEEN_Thunder
pS57UX6s-xw,Atiny present :) Happy Tuesday everyone !!!,4,2026-03-10T06:58:23Z,SEVENTEEN_Thunder
pS57UX6s-xw,Coming back here because y not bru 😌,1,2026-03-10T04:48:07Z,SEVENTEEN_Thunder
pS57UX6s-xw,1:07 WHO IS HE??,4,2026-03-10T04:09:44Z,SEVENTEEN_Thunder
pS57UX6s-xw,JAM here. Congratulations for 78M!,2,2026-03-10T01:04:26Z,SEVENTEEN_Thunder
pS57UX6s-xw,"Hello Carat friends, I hope you got through Monday with ease! Love and thanks from Fantasy!! 🎶💖✨️",3,2026-03-09T18:31:09Z,SEVENTEEN_Thunder
pS57UX6s-xw,"Happy 78M
9.3.26",2,2026-03-09T16:13:16Z,SEVENTEEN_Thunder
pS57UX6s-xw,This is such a  vibe,1,2026-03-09T15:59:17Z,SEVENTEEN_Thunder
pS57UX6s-xw,THUNDER聴いて毎日、元気でいよう,9,2026-03-09T14:36:37Z,SEVENTEEN_Thunder
pS57UX6s-xw,rock 'n roll,1,2026-03-09T14:32:21Z,SEVENTEEN_Thunder
pS57UX6s-xw,大好きTHUNDERファイティン！！,4,2026-03-09T13:34:02Z,SEVENTEEN_Thunder
pS57UX6s-xw,まだまだThunder,4,2026-03-09T13:01:42Z,SEVENTEEN_Thunder
pS57UX6s-xw,祝78M!,3,2026-03-09T10:50:13Z,SEVENTEEN_Thunder
pS57UX6s-xw,Stopping by :),1,2026-03-09T10:06:12Z,SEVENTEEN_Thunder
pS57UX6s-xw,月曜日のお勤め完了ですTHUNDER,4,2026-03-09T09:27:14Z,SEVENTEEN_Thunder
pS57UX6s-xw,78M,2,2026-03-09T09:04:11Z,SEVENTEEN_Thunder
pS57UX6s-xw,きた！ななはち♡,7,2026-03-09T07:33:14Z,SEVENTEEN_Thunder
pS57UX6s-xw,80M let's goooo!!,1,2026-03-09T07:15:50Z,SEVENTEEN_Thunder
pS57UX6s-xw,ななはちーーー♡,6,2026-03-09T06:54:48Z,SEVENTEEN_Thunder
pS57UX6s-xw,Happy 78M ♡,6,2026-03-09T06:49:07Z,SEVENTEEN_Thunder
pS57UX6s-xw,腹ペコTHUNDER,7,2026-03-09T03:09:05Z,SEVENTEEN_Thunder
pS57UX6s-xw,Stay here ❤,1,2026-03-08T18:06:28Z,SEVENTEEN_Thunder
pS57UX6s-xw,"MINIです。
こんばんは↑
カッコいいセブチくんに逢いにMINI聴きに来たよ♪
いつもINIへ
暖かい応援にMINI来てくれて…
Caratちゃん♡
ありがとう。
そんな中…
私の推しの西洸人(にしひろと)が
INIになる前までは…
プロダンサーで『ちゃんみな』ちゃんのバックダンサーをしていて↑
そんな…
ちゃんみなちゃんと♡
コラボ曲が⓪時にデジタルリリース
して↑
㉑時にMVが
アップします↑
『ちゃんみな』ちゃんのチャンネルに
『Let you go』という曲がアップします↑
もし良かったらMINI聴きに行ってくれたら嬉しいので↑
賛同してくれるCaratちゃん
宜しくお願いします。",3,2026-03-08T11:56:47Z,SEVENTEEN_Thunder
pS57UX6s-xw,this is kpop,2,2026-03-08T10:36:40Z,SEVENTEEN_Thunder
pS57UX6s-xw,憂鬱な日曜日の夜はTHUNDER聴く,4,2026-03-08T10:07:31Z,SEVENTEEN_Thunder
pS57UX6s-xw,Once are here too,7,2026-03-08T09:44:26Z,SEVENTEEN_Thunder
pS57UX6s-xw,どんどん月曜日が近づいてきますTHUNDER,5,2026-03-08T09:05:19Z,SEVENTEEN_Thunder
pS57UX6s-xw,it turns out it's been almost a year,1,2026-03-08T08:44:29Z,SEVENTEEN_Thunder
pS57UX6s-xw,His unique voice is so calming to me love,1,2026-03-08T08:06:13Z,SEVENTEEN_Thunder
pS57UX6s-xw,JAM here to feel the THUNDER,2,2026-03-08T03:51:16Z,SEVENTEEN_Thunder
pS57UX6s-xw,"77.9M ☆☆☆
Happy Sunday",2,2026-03-08T01:35:41Z,SEVENTEEN_Thunder
pS57UX6s-xw,おはようTHUNDER,4,2026-03-08T01:24:08Z,SEVENTEEN_Thunder
pS57UX6s-xw,"ALMOST 78M!!!!!!!!


Let's go go go Carats!!!!!",1,2026-03-07T23:27:08Z,SEVENTEEN_Thunder
pS57UX6s-xw,Atiny swimming after blue :),2,2026-03-07T18:00:11Z,SEVENTEEN_Thunder
pS57UX6s-xw,まずは、はちまる目指してTHUNDER,5,2026-03-07T10:15:04Z,SEVENTEEN_Thunder
pS57UX6s-xw,아직도 듣는다..,3,2026-03-07T10:06:39Z,SEVENTEEN_Thunder
pS57UX6s-xw,Anybody in 2026😅,31,2026-03-07T06:59:33Z,SEVENTEEN_Thunder
pS57UX6s-xw,Alo alo,3,2026-03-07T06:03:33Z,SEVENTEEN_Thunder
pS57UX6s-xw,"土曜日THUNDER
休日も、はりきってまいります！",4,2026-03-07T02:42:41Z,SEVENTEEN_Thunder
pS57UX6s-xw,Thunder最高,1,2026-03-06T21:49:35Z,SEVENTEEN_Thunder
pS57UX6s-xw,اجمل فرقه في الكيبوب 🤎🤎❤️‍🔥,2,2026-03-06T19:21:48Z,SEVENTEEN_Thunder
pS57UX6s-xw,Nah this song is so fire 🔥 ALO ALO T-H-U-N-D-E-R ALO ALO🔥🔥🔥,2,2026-03-06T17:30:56Z,SEVENTEEN_Thunder
pS57UX6s-xw,Almost 78M carats keep going we need to surpass 80M asap!!!!,2,2026-03-06T16:28:38Z,SEVENTEEN_Thunder
pS57UX6s-xw,I might have heard thunder at jisoo's boyfriend on demand idkk,1,2026-03-06T16:23:49Z,SEVENTEEN_Thunder
pS57UX6s-xw,세븐틴 썬더는 알로쿱스가 레전드인데 무대위에서 퍼포먼스를 멋지게 보여주는 썬더 무대를 재미있게 잘보고 있어요 알로쿱스가 무대위에서 멋지게 퍼포먼스를 보여주는 모습이 너무 좋아요,5,2026-03-06T12:11:49Z,SEVENTEEN_Thunder
pS57UX6s-xw,LOVE THIS MASTERPIECE,6,2026-03-06T10:34:16Z,SEVENTEEN_Thunder
pS57UX6s-xw,金曜日の夜ですTHUNDER,3,2026-03-06T10:20:53Z,SEVENTEEN_Thunder
pS57UX6s-xw,SEVENTEENが誇りですTHUNDER,2,2026-03-06T05:31:03Z,SEVENTEEN_Thunder
pS57UX6s-xw,JAM here to visit~,2,2026-03-06T03:52:17Z,SEVENTEEN_Thunder
pS57UX6s-xw,"THUNDER聴いて
がんばっていこーっ",3,2026-03-06T03:41:21Z,SEVENTEEN_Thunder
pS57UX6s-xw,Atiny here to thank you fo ryour support :),1,2026-03-05T20:58:00Z,SEVENTEEN_Thunder
pS57UX6s-xw,77 m yoooow alllooooo,1,2026-03-05T15:48:26Z,SEVENTEEN_Thunder
pS57UX6s-xw,"Alo, alo. Fantasy here. 78m fighting!! 🎶💖✨️",3,2026-03-05T15:00:15Z,SEVENTEEN_Thunder
pS57UX6s-xw,let's reach 80m until summer!,1,2026-03-05T14:48:51Z,SEVENTEEN_Thunder
pS57UX6s-xw,"明日さえ出勤すれば、お休みだからねと、自分に言い聞かせながらカッコいいTHUNDER聴いてます
リンリン♪",5,2026-03-05T12:18:23Z,SEVENTEEN_Thunder
pS57UX6s-xw,821...,1,2026-03-05T11:46:11Z,SEVENTEEN_Thunder
pS57UX6s-xw,Stopping by :),1,2026-03-05T11:04:31Z,SEVENTEEN_Thunder
pS57UX6s-xw,"木曜日の退勤THUNDER
みなさまお疲れさまです",3,2026-03-05T09:32:23Z,SEVENTEEN_Thunder
pS57UX6s-xw,kamu minta apa aja aku kasih Ming,1,2026-03-05T04:57:11Z,SEVENTEEN_Thunder
pS57UX6s-xw,とっても良い天気ですTHUNDER,4,2026-03-05T03:08:57Z,SEVENTEEN_Thunder
pS57UX6s-xw,At seventeen,0,2026-03-05T01:18:11Z,SEVENTEEN_Thunder
pS57UX6s-xw,Can we do 100m before it reaches 1 year??,0,2026-03-05T00:04:19Z,SEVENTEEN_Thunder
pS57UX6s-xw,"hi, semua aku balik lagii💗💗",0,2026-03-04T22:52:54Z,SEVENTEEN_Thunder
pS57UX6s-xw,隙間THUNDERしにきたら、とってもめでたい！おめでとう♡,4,2026-03-04T09:29:38Z,SEVENTEEN_Thunder
pS57UX6s-xw,"退勤THUNDER
寄り道せずに帰ります",5,2026-03-04T09:02:40Z,SEVENTEEN_Thunder
pS57UX6s-xw,JAM here stopping by to visit,2,2026-03-04T04:01:56Z,SEVENTEEN_Thunder
pS57UX6s-xw,Wow!,1,2026-03-04T03:21:04Z,SEVENTEEN_Thunder
pS57UX6s-xw,"あんにょんTHUNDER
お昼でーす",4,2026-03-04T03:01:49Z,SEVENTEEN_Thunder
pS57UX6s-xw,"keep streaming, Carat, let's go to 80M!! CARATT",2,2026-03-04T01:44:34Z,SEVENTEEN_Thunder
pS57UX6s-xw,I miss you HOSHI,2,2026-03-03T16:05:14Z,SEVENTEEN_Thunder
pS57UX6s-xw,"""March"" with me as we bring SVT the ""Thunder"" they deserve, Caratdeul!!!",1,2026-03-03T15:08:16Z,SEVENTEEN_Thunder
pS57UX6s-xw,Atiny swimming with you :) Have a lovely day,2,2026-03-03T14:42:54Z,SEVENTEEN_Thunder
pS57UX6s-xw,"元気充電完了THUNDER
明日も頑張れる！！",4,2026-03-03T13:50:20Z,SEVENTEEN_Thunder
pS57UX6s-xw,明日の仕事に備えてTHUNDER,4,2026-03-03T13:14:07Z,SEVENTEEN_Thunder
pS57UX6s-xw,LETS GO 78M!!!,1,2026-03-03T12:53:36Z,SEVENTEEN_Thunder
pS57UX6s-xw,FLASH,1,2026-03-03T11:05:01Z,SEVENTEEN_Thunder
pS57UX6s-xw,Carats double take by joshua(cover) and beteulgeuse cover by dk is 19M pls keep them as fillers so we can make them 20M,2,2026-03-03T11:01:19Z,SEVENTEEN_Thunder
pS57UX6s-xw,帰りに同僚に捕まり立ち話しに付き合いましたTHUNDER,5,2026-03-03T09:52:02Z,SEVENTEEN_Thunder
pS57UX6s-xw,Alo Alo :),2,2026-03-03T06:27:40Z,SEVENTEEN_Thunder
pS57UX6s-xw,もうすぐななななななななTHUNDER,4,2026-03-03T05:40:25Z,SEVENTEEN_Thunder
pS57UX6s-xw,Anyone in March 2026,0,2026-03-03T04:04:00Z,SEVENTEEN_Thunder
pS57UX6s-xw,お昼休憩ですTHUNDER,2,2026-03-03T03:09:52Z,SEVENTEEN_Thunder
pS57UX6s-xw,❤❤,0,2026-03-02T23:45:41Z,SEVENTEEN_Thunder
pS57UX6s-xw,Stream thunder we are stuck on 77 million views make it 100 million,1,2026-03-02T16:48:25Z,SEVENTEEN_Thunder
pS57UX6s-xw,❤❤❤❤❤😮😮😮😮😮,0,2026-03-02T12:57:09Z,SEVENTEEN_Thunder
pS57UX6s-xw,頭痛お大事にTHUNDER,3,2026-03-02T12:55:54Z,SEVENTEEN_Thunder
pS57UX6s-xw,"緊張型頭痛の方は水をたくさん飲んで頭蓋骨下の首筋のコリをストレッチしてください！
ちなみに私は群発頭痛持ちですTHUNDER",3,2026-03-02T12:30:16Z,SEVENTEEN_Thunder
pS57UX6s-xw,明日低気圧が来るから頭痛でThunder！！,4,2026-03-02T11:41:51Z,SEVENTEEN_Thunder
pS57UX6s-xw,"hii, aku balik lagii",0,2026-03-02T11:24:53Z,SEVENTEEN_Thunder
pS57UX6s-xw,"退勤THUNDER
月曜日お疲れさまですぅ〜",4,2026-03-02T09:37:42Z,SEVENTEEN_Thunder
pS57UX6s-xw,Morning and happy Monday :) Atiny,1,2026-03-02T07:53:16Z,SEVENTEEN_Thunder
pS57UX6s-xw,78M⬆,0,2026-03-02T06:54:07Z,SEVENTEEN_Thunder
pS57UX6s-xw,JAM here. Hope you have a THUNDERous day Carats,0,2026-03-02T04:35:36Z,SEVENTEEN_Thunder
pS57UX6s-xw,THUNDERで充電,3,2026-03-02T02:46:29Z,SEVENTEEN_Thunder
pS57UX6s-xw,Cool,1,2026-03-02T02:11:46Z,SEVENTEEN_Thunder
pS57UX6s-xw,Maret....?,1,2026-03-02T00:26:20Z,SEVENTEEN_Thunder
pS57UX6s-xw,Anyone in March 2026?,1,2026-03-02T00:22:33Z,SEVENTEEN_Thunder
pS57UX6s-xw,"jangan bosen' yaa, kalo liat komen akuu",0,2026-03-01T23:16:22Z,SEVENTEEN_Thunder
pS57UX6s-xw,"once is here, this song ate!.",3,2026-03-01T14:46:52Z,SEVENTEEN_Thunder
pS57UX6s-xw,明日からのお仕事に備えてTHUNDER,4,2026-03-01T10:50:04Z,SEVENTEEN_Thunder
pS57UX6s-xw,明日から忙しくなるのでTHUNDERが必要です,7,2026-03-01T10:34:58Z,SEVENTEEN_Thunder
pS57UX6s-xw,Let's gather and keep swimming carats :)),7,2026-03-01T09:26:10Z,SEVENTEEN_Thunder
pS57UX6s-xw,2027 anyone ?,2,2026-03-01T07:34:44Z,SEVENTEEN_Thunder
pS57UX6s-xw,I miss you WOOZI,2,2026-03-01T04:25:26Z,SEVENTEEN_Thunder
pS57UX6s-xw,"hii, seperti biasa aku akan komenn",1,2026-03-01T03:06:06Z,SEVENTEEN_Thunder
pS57UX6s-xw,久しぶりのいいお天気THUNDER,4,2026-03-01T02:49:05Z,SEVENTEEN_Thunder
pS57UX6s-xw,"休日THUNDER
年中無休です♡",6,2026-03-01T02:29:46Z,SEVENTEEN_Thunder
pS57UX6s-xw,"Fantasy wishing you a happy weekend, dear Carat friends!! 🎶💖✨️",2,2026-02-28T16:04:40Z,SEVENTEEN_Thunder
pS57UX6s-xw,who here in 02/28/2026?,10,2026-02-28T14:28:37Z,SEVENTEEN_Thunder
pS57UX6s-xw,👍🏻😁,0,2026-02-28T13:40:17Z,SEVENTEEN_Thunder
pS57UX6s-xw,レツゴ！THUNDER,7,2026-02-28T11:14:41Z,SEVENTEEN_Thunder
pS57UX6s-xw,17:17SEVENTEEN時間にTHUNDER,3,2026-02-28T08:15:56Z,SEVENTEEN_Thunder
pS57UX6s-xw,Atiny here to thank you for your constant support :)  Have a lovely day !!!,8,2026-02-28T07:56:39Z,SEVENTEEN_Thunder
pS57UX6s-xw,JAM here to feel the THUNDER,3,2026-02-28T04:14:45Z,SEVENTEEN_Thunder
pS57UX6s-xw,土曜日THUNDER,9,2026-02-28T04:14:20Z,SEVENTEEN_Thunder
pS57UX6s-xw,"今日もかっこいいSEVENTEENを供給供給♡
CARATほど幸せなファンダムはないよねって毎日感謝しながら観てるよー！",8,2026-02-28T01:41:43Z,SEVENTEEN_Thunder
pS57UX6s-xw,"jangan, bosen' yaa liat komen aku hehehe, btw aku balik lagii",1,2026-02-28T00:18:23Z,SEVENTEEN_Thunder
pS57UX6s-xw,파나마 관광청 동영상에 이 음악이 배경으로 있어서 반갑더라구요❤,1,2026-02-27T18:51:54Z,SEVENTEEN_Thunder
pS57UX6s-xw,carats listen to tiny light new svt japan ost song <3,1,2026-02-27T17:05:08Z,SEVENTEEN_Thunder
pS57UX6s-xw,Stopping by on a Friday :),1,2026-02-27T15:45:39Z,SEVENTEEN_Thunder
pS57UX6s-xw,Club svt is one if my fav genres,1,2026-02-27T15:43:41Z,SEVENTEEN_Thunder
pS57UX6s-xw,"As a carat this is my first song of seventeen which I am listening 
Say congratulations to me for becoming Carat❤❤❤❤❤❤",2,2026-02-27T13:59:44Z,SEVENTEEN_Thunder
pS57UX6s-xw,"hi, aku balik lagii",2,2026-02-27T12:48:27Z,SEVENTEEN_Thunder
pS57UX6s-xw,"77.5M ☆☆☆
Happy Friday evening",2,2026-02-27T11:35:28Z,SEVENTEEN_Thunder
pS57UX6s-xw,"隙間をみつけてTHUNDER
まだまだ止まれない",8,2026-02-27T10:00:36Z,SEVENTEEN_Thunder
pS57UX6s-xw,終業ダッシュTHUNDER,6,2026-02-27T09:03:08Z,SEVENTEEN_Thunder
pS57UX6s-xw,"お昼のTHUNDERタイム
です♡",13,2026-02-27T03:05:59Z,SEVENTEEN_Thunder
pS57UX6s-xw,"MINIです。
おはよう*\(^o^)/*
⑦⑦⑤⓪満開おめでとう*\(^o^)/*
今日は早朝から〜仕事があって…
戻って来たので↑
また仕事が始まる前に…
カッコいいセブチくんに逢いにMINI聴きに♪(๑ᴖ◡ᴖ๑)♪
元気パワーをもらいに来たよᕦ(ò_óˇ)ᕤ
いつもINIへ
暖かい応援に感謝してます。
ありがとうね*\(^o^)/*",8,2026-02-27T01:05:51Z,SEVENTEEN_Thunder
pS57UX6s-xw,"seperti biasa, aku akan selalu komenn",2,2026-02-27T00:24:53Z,SEVENTEEN_Thunder
pS57UX6s-xw,Thank you so much Carats for your support :),1,2026-02-26T20:01:41Z,SEVENTEEN_Thunder
pS57UX6s-xw,"Hello ☆
Have a nice day 
Thanks for your support",2,2026-02-26T19:39:39Z,SEVENTEEN_Thunder
pS57UX6s-xw,"大好きTHUNDER
大好きSEVENTEEN",9,2026-02-26T13:55:33Z,SEVENTEEN_Thunder
pS57UX6s-xw,"#CANCELKOREA & KPOP! THEY ARE VERY RACISTS & MOCKING US SOUTHEAST ASIANS! I'VE BEEN ENLIGHTENED, HOPE YOU TOO... THEY CALL US MONKEYS!",0,2026-02-26T12:44:59Z,SEVENTEEN_Thunder
pS57UX6s-xw,"hi, aku balik lagii",3,2026-02-26T09:29:18Z,SEVENTEEN_Thunder
pS57UX6s-xw,"退勤THUNDER
うわん(嬉
ちょっくらホシくん観てきます♡",6,2026-02-26T09:21:25Z,SEVENTEEN_Thunder
pS57UX6s-xw,木曜日もお疲れさまですTHUNDER,7,2026-02-26T09:10:03Z,SEVENTEEN_Thunder
pS57UX6s-xw,Here again lets goo,2,2026-02-26T07:36:06Z,SEVENTEEN_Thunder
pS57UX6s-xw,"siapa yang balik, lagi kesini??",3,2026-02-26T05:01:47Z,SEVENTEEN_Thunder
pS57UX6s-xw,JAM here stopping by to visit,3,2026-02-26T04:03:36Z,SEVENTEEN_Thunder
pS57UX6s-xw,お昼ごはん食べながらTHUNDER聴いてます,7,2026-02-26T03:14:34Z,SEVENTEEN_Thunder
pS57UX6s-xw,"Hello to you too, but what do you want calling me for?",3,2026-02-26T01:13:15Z,SEVENTEEN_Thunder
pS57UX6s-xw,thunder jeonghan im ready for you ;),5,2026-02-25T16:58:26Z,SEVENTEEN_Thunder
pS57UX6s-xw,Best song ever!!! Jirrit jirrit to 80M,3,2026-02-25T15:36:33Z,SEVENTEEN_Thunder
pS57UX6s-xw,Love you all,3,2026-02-25T14:44:11Z,SEVENTEEN_Thunder
pS57UX6s-xw,Atiny here to thank you for your support :),21,2026-02-25T13:27:24Z,SEVENTEEN_Thunder
pS57UX6s-xw,"ただいまTHUNDER
今日は疲れたのでアロアロお願いします",10,2026-02-25T11:16:12Z,SEVENTEEN_Thunder
pS57UX6s-xw,WOOZI 1:27,2,2026-02-25T09:51:24Z,SEVENTEEN_Thunder
pS57UX6s-xw,"退勤THUNDER
水曜日、お疲れさまでした！",10,2026-02-25T09:15:18Z,SEVENTEEN_Thunder
pS57UX6s-xw,今日はなんだか小忙しいですTHUNDER,6,2026-02-25T06:26:17Z,SEVENTEEN_Thunder
pS57UX6s-xw,LET'S GOOO 78M!!!!,0,2026-02-25T05:12:53Z,SEVENTEEN_Thunder
pS57UX6s-xw,今日もThunder聴いて頑張る！,3,2026-02-25T03:10:41Z,SEVENTEEN_Thunder
pS57UX6s-xw,Candu banget part scoup 🫣,0,2026-02-25T03:07:03Z,SEVENTEEN_Thunder
pS57UX6s-xw,JAM here to visit,0,2026-02-25T02:01:05Z,SEVENTEEN_Thunder
pS57UX6s-xw,I love svt♡,1,2026-02-25T01:39:11Z,SEVENTEEN_Thunder
pS57UX6s-xw,"Fantasy dropping by again to say Alo, Alo! 🎶💖✨️",1,2026-02-24T17:49:04Z,SEVENTEEN_Thunder
pS57UX6s-xw,I'm a Fearnot and I really like this song and the video. I love Seventeen💜💜💜💜💜💜💜💜💜💜💜💜💜💜💜,8,2026-02-24T16:51:35Z,SEVENTEEN_Thunder
pS57UX6s-xw,Let's goooo carats let's try to unlock 80M at least before THUNDER turn 1 years!!!!  Let's goooo!!!,0,2026-02-24T13:20:58Z,SEVENTEEN_Thunder
pS57UX6s-xw,"花粉症ですTHUNDER
辛い季節がやってきたよー",4,2026-02-24T10:46:12Z,SEVENTEEN_Thunder
pS57UX6s-xw,"THUNDER聴きながら
職場をそそくさと退場",5,2026-02-24T09:34:57Z,SEVENTEEN_Thunder
pS57UX6s-xw,Here again :),0,2026-02-24T07:50:42Z,SEVENTEEN_Thunder
pS57UX6s-xw,Tyga?,0,2026-02-24T05:32:57Z,SEVENTEEN_Thunder
pS57UX6s-xw,JAM here stopping by,0,2026-02-24T03:51:47Z,SEVENTEEN_Thunder
pS57UX6s-xw,昼休憩だよTHUNDER,5,2026-02-24T03:14:53Z,SEVENTEEN_Thunder
pS57UX6s-xw,anyone in febuari 2026💗?,3,2026-02-24T00:18:12Z,SEVENTEEN_Thunder
pS57UX6s-xw,おはよう〜花粉が飛び出したね　（泣）,4,2026-02-23T22:14:23Z,SEVENTEEN_Thunder
pS57UX6s-xw,テスト前日THUNDER,4,2026-02-23T14:54:11Z,SEVENTEEN_Thunder
pS57UX6s-xw,My two FAVORITE PARTS are when JUN'S face came in and he turns and the last part with DK. They are all so talented!,1,2026-02-23T14:36:59Z,SEVENTEEN_Thunder
pS57UX6s-xw,明日からお仕事がんばりますTHUNDER,5,2026-02-23T14:15:06Z,SEVENTEEN_Thunder
pS57UX6s-xw,"0:34 omg Thanos?
0:39",0,2026-02-23T13:32:04Z,SEVENTEEN_Thunder
pS57UX6s-xw,Let's go Carats 100M!!!!!!!,2,2026-02-23T10:50:36Z,SEVENTEEN_Thunder
pS57UX6s-xw,隙さえあればせっせせっせとTHUNDER,6,2026-02-23T10:06:07Z,SEVENTEEN_Thunder
pS57UX6s-xw,おでかけ中THUNDER,5,2026-02-23T05:29:53Z,SEVENTEEN_Thunder
pS57UX6s-xw,三連休最終日THUNDER,4,2026-02-23T04:08:20Z,SEVENTEEN_Thunder
pS57UX6s-xw,77M? guys lets make it 100M shall we?,1,2026-02-22T21:32:37Z,SEVENTEEN_Thunder
pS57UX6s-xw,LOVE YOU SVT❤,1,2026-02-22T11:36:45Z,SEVENTEEN_Thunder
pS57UX6s-xw,"77.3M ☆☆☆
Happy Sunday evening",1,2026-02-22T11:17:26Z,SEVENTEEN_Thunder
pS57UX6s-xw,日曜日の夜THUNDER,5,2026-02-22T10:14:26Z,SEVENTEEN_Thunder
pS57UX6s-xw,いつかスタジアムでもTHUNDERお願いします,7,2026-02-22T09:58:36Z,SEVENTEEN_Thunder
pS57UX6s-xw,"MINIです。
休憩時間が終わる前に…
カッコいいセブチくんをMINI聴きに来たよ♪
元気パワーをもらって仕事頑張って来まーす↑",4,2026-02-22T07:49:07Z,SEVENTEEN_Thunder
pS57UX6s-xw,Morning dear Carat friends !!! Wishing you a fantastic Sunday :) Atiny,3,2026-02-22T07:44:12Z,SEVENTEEN_Thunder
pS57UX6s-xw,1:33  I LOVE VERNONNN,4,2026-02-22T06:24:45Z,SEVENTEEN_Thunder
pS57UX6s-xw,休日ごろごろしつつThunder,6,2026-02-22T05:25:24Z,SEVENTEEN_Thunder
pS57UX6s-xw,"Have a great THUNDERous day Carats.
JAM here",2,2026-02-22T04:15:24Z,SEVENTEEN_Thunder
pS57UX6s-xw,年中無休ですTHUNDER,8,2026-02-22T01:57:35Z,SEVENTEEN_Thunder
pS57UX6s-xw,"In hindi, they were sayig ""potato, potato, t.h.u.n.d.e.r!""",0,2026-02-21T18:49:41Z,SEVENTEEN_Thunder
pS57UX6s-xw,I really think seventeen should have a song like this plz seventeen and alooooooha,1,2026-02-21T17:20:27Z,SEVENTEEN_Thunder
pS57UX6s-xw,THUNDERを世に生み出してくださりありがとうございます,13,2026-02-21T14:16:10Z,SEVENTEEN_Thunder
pS57UX6s-xw,"Alo Alo this Saturday night. JAM here. (⁠｡⁠･⁠ω⁠･⁠｡⁠)⁠ﾉ⁠♡
_JO1 Handz in my Pocket x Thunder collab_",2,2026-02-21T12:01:51Z,SEVENTEEN_Thunder
pS57UX6s-xw,SEVENTEENの音楽がないと生きていけませんTHUNDER,12,2026-02-21T10:01:56Z,SEVENTEEN_Thunder
pS57UX6s-xw,毎日SEVENTEENに助けられてますTHUNDER,7,2026-02-21T09:15:26Z,SEVENTEEN_Thunder
pS57UX6s-xw,休日のお昼ごはんはTHUNDER聴きながら♡,9,2026-02-21T03:24:24Z,SEVENTEEN_Thunder
pS57UX6s-xw,SEVENTEEN〜それぞれのメンバーイケメンすぎるし楽しいし思いやりの固まり,6,2026-02-20T23:12:56Z,SEVENTEEN_Thunder
pS57UX6s-xw,❤,0,2026-02-20T20:10:46Z,SEVENTEEN_Thunder
pS57UX6s-xw,I LIKE THUNDER THANK YOU SEVENTEEN LOVE YOU,2,2026-02-20T16:53:00Z,SEVENTEEN_Thunder
pS57UX6s-xw,DK❤🎉😊,1,2026-02-20T16:26:18Z,SEVENTEEN_Thunder
pS57UX6s-xw,Love them...,1,2026-02-20T16:06:00Z,SEVENTEEN_Thunder
pS57UX6s-xw,Atiny stopping by :),3,2026-02-20T15:42:49Z,SEVENTEEN_Thunder
pS57UX6s-xw,"定期的に聴きたくなるTHUNDER…
⚡️雷に撃たれるときの表情管理といい、最高やね。10年前のキッチリ！！踊る感じでなく、少し大人の余裕をも感じるダンスも好きなの😊 SEVENTEEN、最高。
SEVENTEEN、最強。
CARATちゃんも、最高🥹🫶💕💎SEVENTEENとCARATは、Win-Winの関係で嬉しいな😊",7,2026-02-20T13:48:27Z,SEVENTEEN_Thunder
pS57UX6s-xw,復活して良かったですTHUNDER,6,2026-02-20T12:28:30Z,SEVENTEEN_Thunder
pS57UX6s-xw,"ot13😢 ,i miss them",5,2026-02-20T12:24:48Z,SEVENTEEN_Thunder
pS57UX6s-xw,"復活THUNDER
みなさまも体調にお気をつけください",13,2026-02-20T12:14:54Z,SEVENTEEN_Thunder
pS57UX6s-xw,ALO ALO!!!!,2,2026-02-20T11:04:27Z,SEVENTEEN_Thunder
pS57UX6s-xw,"金曜日♡
退勤しましたTHUNDER
とっとと家に帰りますぅ",6,2026-02-20T09:11:06Z,SEVENTEEN_Thunder
pS57UX6s-xw,"MINIです。
休憩時間に『ALO ALO』から〜カッコいいセブチくんを↑
MINI聴きに来たよ♪
いつもINIへ
暖かい応援に感謝してます。
ラッキー⑦のゾロ目も楽しみに…
自分時間になったらTVに繋いでまたMINI来まーす👀",6,2026-02-20T05:29:48Z,SEVENTEEN_Thunder
pS57UX6s-xw,Mingyu cowo ku ganteng bgttt,0,2026-02-20T04:45:02Z,SEVENTEEN_Thunder
pS57UX6s-xw,JAM here for another round of THUNDER,2,2026-02-20T03:42:28Z,SEVENTEEN_Thunder
pS57UX6s-xw,"Sorry that I am a bit delayed, but Fantasy here, wishing Carat friends who are celebrating a Happy Lunar New Year! May the year of the Fire Horse bring you abundant blessings!! 🧧✨️",10,2026-02-19T19:52:36Z,SEVENTEEN_Thunder
pS57UX6s-xw,Febuari anyone??????!,3,2026-02-19T13:35:34Z,SEVENTEEN_Thunder
pS57UX6s-xw,I'm watching in febuari...,2,2026-02-19T13:34:54Z,SEVENTEEN_Thunder
pS57UX6s-xw,"風邪ひきさんへ
どうぞお大事にTHUNDER",6,2026-02-19T13:07:09Z,SEVENTEEN_Thunder
pS57UX6s-xw,"風邪をひきましたTHUNDER
チリチリで忘れよう",5,2026-02-19T10:59:04Z,SEVENTEEN_Thunder
pS57UX6s-xw,"やっと退勤THUNDER
木曜日お疲れさまです！",6,2026-02-19T09:38:41Z,SEVENTEEN_Thunder
pS57UX6s-xw,We're closer to 80M let's maintain the pace :),6,2026-02-19T09:13:40Z,SEVENTEEN_Thunder
pS57UX6s-xw,💥💥,0,2026-02-19T08:31:18Z,SEVENTEEN_Thunder
pS57UX6s-xw,Feb anyone??,3,2026-02-19T07:44:54Z,SEVENTEEN_Thunder
pS57UX6s-xw,Alo alo alo T-H-U-N-D-E-R,2,2026-02-19T07:06:44Z,SEVENTEEN_Thunder
pS57UX6s-xw,昨日のドギョムバーノンのお誕生日の縁起の良さのまま今日も景気良くTHUNDER,7,2026-02-19T03:10:41Z,SEVENTEEN_Thunder
pS57UX6s-xw,"Yo sigo escuchando este temon, los amo Seventeen pero ya saquen nueva música.",1,2026-02-19T01:26:23Z,SEVENTEEN_Thunder
pS57UX6s-xw,ドギョムとバーノンお誕生日おめでとう！！一日で二人をお祝いできるなんて毎年CARATは二倍幸せになるよ♡,5,2026-02-18T18:14:23Z,SEVENTEEN_Thunder
pS57UX6s-xw,"Come on, keep on str34ming",1,2026-02-18T16:26:51Z,SEVENTEEN_Thunder
pS57UX6s-xw,"ドギョムバーノン、二人の今日が幸せであったことを祈ります♡
今年も二人できてくれてありがとう大好きだー！！！",7,2026-02-18T13:57:04Z,SEVENTEEN_Thunder
pS57UX6s-xw,X Hello my lovely caratmates! How are you feeling? I love you,2,2026-02-18T13:41:45Z,SEVENTEEN_Thunder
pS57UX6s-xw,"今日はめでたい日リンリン♪
ドギョムバーノン♡
ハピバTHUNDER",10,2026-02-18T11:22:57Z,SEVENTEEN_Thunder
pS57UX6s-xw,why is nobody talking about mingyu looking like T.O.P in 0:34,1,2026-02-18T09:45:19Z,SEVENTEEN_Thunder
pS57UX6s-xw,"ドギョムとバーノンちゃんお誕生日おめでとうTHUNDER♡
ふたりの幸せを祈っています",5,2026-02-18T05:51:35Z,SEVENTEEN_Thunder
pS57UX6s-xw,happy DK and Vernon day!!,4,2026-02-18T03:53:12Z,SEVENTEEN_Thunder
pS57UX6s-xw,"Happy birthday 0218 bros♡♡
ドギョムバーノン大好き♡♡
とっても幸せな一年になりますように♪♪",6,2026-02-18T02:36:52Z,SEVENTEEN_Thunder
pS57UX6s-xw,JAM here stopping by to visit,1,2026-02-18T02:12:58Z,SEVENTEEN_Thunder
pS57UX6s-xw,ALO ALO,1,2026-02-18T01:35:04Z,SEVENTEEN_Thunder
pS57UX6s-xw,久しぶりに一億目指しにきました,2,2026-02-18T00:50:11Z,SEVENTEEN_Thunder
pS57UX6s-xw,Alguien en 2026 aquí?,1,2026-02-17T22:08:45Z,SEVENTEEN_Thunder
pS57UX6s-xw,"Happiest birthday to our shining star, Vernon and our rockstar, dokyeom ♡ 
may you two always be happy , may you two be able to do things that interest you , may you eat a lot of tasty foods (⁠ •‿• ⁠)⁠🤍",10,2026-02-17T16:57:25Z,SEVENTEEN_Thunder
pS57UX6s-xw,Happy birthday 0218 bros!,3,2026-02-17T15:19:59Z,SEVENTEEN_Thunder
pS57UX6s-xw,13人のTHUNDERを夢見てがんばるぞーっ,4,2026-02-17T13:19:38Z,SEVENTEEN_Thunder
pS57UX6s-xw,Love this song,2,2026-02-17T11:41:37Z,SEVENTEEN_Thunder
pS57UX6s-xw,くたくた火曜日もこつこつTHUNDER,5,2026-02-17T10:08:17Z,SEVENTEEN_Thunder
pS57UX6s-xw,"火曜日お疲れさまです！
爆音THUNDERと共に退勤",5,2026-02-17T09:12:49Z,SEVENTEEN_Thunder
pS57UX6s-xw,Seungkwan 🤩,0,2026-02-17T08:51:24Z,SEVENTEEN_Thunder
pS57UX6s-xw,happy 77M!! happy lunar year! and congrats for winning top 10 artist!! keep swimminggg,3,2026-02-17T06:08:33Z,SEVENTEEN_Thunder
pS57UX6s-xw,"77M views!!! Let's go for more!!!
ALO ALO T.H.U.N.D.E.R ALO ALO",2,2026-02-17T04:07:20Z,SEVENTEEN_Thunder
pS57UX6s-xw,JAM here to feel the THUNDER,2,2026-02-17T03:41:28Z,SEVENTEEN_Thunder
pS57UX6s-xw,"れつご！れつご！れつご！
れつごーっ！THUNDER",4,2026-02-17T02:33:20Z,SEVENTEEN_Thunder
pS57UX6s-xw,77 yes,1,2026-02-16T23:57:43Z,SEVENTEEN_Thunder
pS57UX6s-xw,ALO ALO Carats!,2,2026-02-16T22:41:35Z,SEVENTEEN_Thunder
pS57UX6s-xw,"People said that Seventeen doesn't know how to spell thunder because they said ""T-H-E-U-N-D-E-R"" bc it was diff from how the captions said it😔 but I responded 😊

Me: THE BEAT WAS FAST DUMMY, THAT'S WHY 👹",1,2026-02-16T20:37:37Z,SEVENTEEN_Thunder
pS57UX6s-xw,Here as a ARMYCOER BUT LITERALLY THIS SONG IS SO ADDICTIVE I'm like OBSESSED🎶💅✨,3,2026-02-16T16:50:59Z,SEVENTEEN_Thunder
pS57UX6s-xw,1:50 who is thisss?? ı dont know their name(only s.coups and vernon) but he's gonna be my 3. biasss,1,2026-02-16T16:12:31Z,SEVENTEEN_Thunder
pS57UX6s-xw,推しがめっちゃきてくれる旧正月最高THUNDER,4,2026-02-16T15:20:56Z,SEVENTEEN_Thunder
pS57UX6s-xw,みんなが居てくれるからコツコツがんばるTHUNDER,7,2026-02-16T12:55:36Z,SEVENTEEN_Thunder
pS57UX6s-xw,77M lets gooo,2,2026-02-16T12:26:41Z,SEVENTEEN_Thunder
pS57UX6s-xw,祝ななななTHUNDER♡,6,2026-02-16T11:43:16Z,SEVENTEEN_Thunder
pS57UX6s-xw,Atiny swimming with you :),4,2026-02-16T11:05:02Z,SEVENTEEN_Thunder
pS57UX6s-xw,"77M ☆☆☆
Have a nice week",0,2026-02-16T09:53:12Z,SEVENTEEN_Thunder
pS57UX6s-xw,"退勤THUNDER
みなさんお疲れさまですっ！",8,2026-02-16T09:44:03Z,SEVENTEEN_Thunder
pS57UX6s-xw,Following Alex the songwriter I landed here as Atiny!,2,2026-02-16T07:53:11Z,SEVENTEEN_Thunder
pS57UX6s-xw,"MINIです。
休憩時間も『ALO ALO』MINI聴きに来たよ♪
⑦⑦⓪⓪満開おめでとう↑
ゾロ目を楽しみに…
カッコいいセブチくんをMINI聴きに来まーす♡",4,2026-02-16T05:23:18Z,SEVENTEEN_Thunder
pS57UX6s-xw,JAM here. Congratulations for 77M!,1,2026-02-16T02:59:05Z,SEVENTEEN_Thunder
pS57UX6s-xw,77M,0,2026-02-16T01:56:49Z,SEVENTEEN_Thunder
pS57UX6s-xw,祝77M!,3,2026-02-15T22:48:27Z,SEVENTEEN_Thunder
pS57UX6s-xw,77M,3,2026-02-15T21:10:58Z,SEVENTEEN_Thunder
pS57UX6s-xw,Me gusta esta cancion❤,1,2026-02-15T20:53:34Z,SEVENTEEN_Thunder
pS57UX6s-xw,9march,0,2026-02-15T20:24:07Z,SEVENTEEN_Thunder
pS57UX6s-xw,Less goooooooo,4,2026-02-15T17:20:46Z,SEVENTEEN_Thunder
pS57UX6s-xw,"Almost 77M. Alo Alo, JAM here again. ♡⁠(⁠Ӧ⁠ｖ⁠Ӧ⁠｡⁠)
_JO1 Handz in my Pocket x Thunder collab_",4,2026-02-15T13:45:46Z,SEVENTEEN_Thunder
pS57UX6s-xw,ななななが近づいてきましたねTHUNDER,4,2026-02-15T12:44:30Z,SEVENTEEN_Thunder
pS57UX6s-xw,"Almost 77M
Carats let's gooooo",5,2026-02-15T12:03:54Z,SEVENTEEN_Thunder
pS57UX6s-xw,983K,1,2026-02-15T10:20:50Z,SEVENTEEN_Thunder
pS57UX6s-xw,SEVENTEENしか愛せないですTHUNDER,7,2026-02-15T09:51:33Z,SEVENTEEN_Thunder
pS57UX6s-xw,Hi Carat friends.  Fantasy bringing belated birthday wishes to you all! 🎉🎊🎂 I hope Seventeen and Carats shine for many more years!! 🌟✨️,4,2026-02-15T08:39:09Z,SEVENTEEN_Thunder
pS57UX6s-xw,"Me ever since this is released: ALO ALO T-H-U-N-D-E-R ALO ALO 
My family: What does she want alo juice? Has she finally lost it? 
Me: 🗣️ ALO 🗣️ALO",2,2026-02-15T08:32:03Z,SEVENTEEN_Thunder
pS57UX6s-xw,"76,970K ☆
Happy Sunday",2,2026-02-15T05:08:01Z,SEVENTEEN_Thunder
pS57UX6s-xw,Happy carat day let's go streaming,2,2026-02-15T03:58:08Z,SEVENTEEN_Thunder
pS57UX6s-xw,昨日のCARAT Dayの幸福感まだまだ満載日曜日THUNDER,5,2026-02-15T02:00:55Z,SEVENTEEN_Thunder
pS57UX6s-xw,Happy Carat Day,7,2026-02-14T22:54:39Z,SEVENTEEN_Thunder
pS57UX6s-xw,I WAS LIGHTING BEFORE THE THUNDER,5,2026-02-14T19:42:51Z,SEVENTEEN_Thunder
pS57UX6s-xw,"Thank you for today , svt ♡
Everyone's lives were so entertaining in their own way ♡",7,2026-02-14T16:41:32Z,SEVENTEEN_Thunder
pS57UX6s-xw,Feliz día de San Valentín a SEVENTEEN 🎉❤,3,2026-02-14T16:04:26Z,SEVENTEEN_Thunder
pS57UX6s-xw,"Fantasy visiting, Happy carat day <3",17,2026-02-14T14:37:34Z,SEVENTEEN_Thunder
pS57UX6s-xw,Happy carat day 💎🤍.,6,2026-02-14T14:09:51Z,SEVENTEEN_Thunder
pS57UX6s-xw,JAM back here to feel the THUNDER,6,2026-02-14T14:03:42Z,SEVENTEEN_Thunder
pS57UX6s-xw,77M⬆,5,2026-02-14T13:52:17Z,SEVENTEEN_Thunder
pS57UX6s-xw,SEVENTEENのおかげで、とっても温かな気持ちで今日いち日、幸せでしたTHUNDER,8,2026-02-14T13:24:32Z,SEVENTEEN_Thunder
pS57UX6s-xw,Coming for the carat dayy,5,2026-02-14T13:00:55Z,SEVENTEEN_Thunder
pS57UX6s-xw,ALO ALOO!!!,2,2026-02-14T13:00:30Z,SEVENTEEN_Thunder
pS57UX6s-xw,Happy Valentines Day dear Carat friends! Thank you for the amazing love and friendship to SF9 and Fantasy!! ❤️🌹,9,2026-02-14T10:08:54Z,SEVENTEEN_Thunder
pS57UX6s-xw,LET'S GO 77M CARATS,5,2026-02-14T09:52:10Z,SEVENTEEN_Thunder
pS57UX6s-xw,2026 and been streaming here,1,2026-02-14T09:49:25Z,SEVENTEEN_Thunder
pS57UX6s-xw,#happycaratday💎,0,2026-02-14T08:50:35Z,SEVENTEEN_Thunder
pS57UX6s-xw,#happycaratday💎,0,2026-02-14T08:50:29Z,SEVENTEEN_Thunder
pS57UX6s-xw,#happycaratday💎,0,2026-02-14T08:50:24Z,SEVENTEEN_Thunder
pS57UX6s-xw,#happycaratday💎,0,2026-02-14T08:50:19Z,SEVENTEEN_Thunder
pS57UX6s-xw,Carat we must raise the percentage of the scenes of the song Thunder Don't forget the stream Go to YouTube and write the lyrics of the song and let it work Make sure to adjust the video quality and raise the volume and listen to the songs for me after that and repeat that it will reach 100 million to support seventeen#happycaratday💎,0,2026-02-14T08:50:10Z,SEVENTEEN_Thunder
pS57UX6s-xw,#happycaratday💎,0,2026-02-14T08:50:05Z,SEVENTEEN_Thunder
pS57UX6s-xw,Carat we must raise the percentage of the scenes of the song Thunder Don't forget the stream Go to YouTube and write the lyrics of the song and let it work Make sure to adjust the video quality and raise the volume and listen to the songs for me after that and repeat that it will reach 100 million to support seventeen#happycaratday💎,0,2026-02-14T08:50:00Z,SEVENTEEN_Thunder
pS57UX6s-xw,Carat we must raise the percentage of the scenes of the song Thunder Don't forget the stream Go to YouTube and write the lyrics of the song and let it work Make sure to adjust the video quality and raise the volume and listen to the songs for me after that and repeat that it will reach 100 million to support seventeen#happycaratday💎,1,2026-02-14T08:49:53Z,SEVENTEEN_Thunder
pS57UX6s-xw,#happycaratday💎,0,2026-02-14T08:49:47Z,SEVENTEEN_Thunder
pS57UX6s-xw,#happycaratday💎Carat we must raise the percentage of the scenes of the song Thunder Don't forget the stream Go to YouTube and write the lyrics of the song and let it work Make sure to adjust the video quality and raise the volume and listen to the songs for me after that and repeat that it will reach 100 million to support seventeen,1,2026-02-14T08:49:42Z,SEVENTEEN_Thunder
pS57UX6s-xw,#happycaratday💎,1,2026-02-14T08:49:29Z,SEVENTEEN_Thunder
pS57UX6s-xw,Atiny stopping by to congratulate on your day :),4,2026-02-14T07:37:17Z,SEVENTEEN_Thunder
pS57UX6s-xw,Staygene here to support svt!,4,2026-02-14T07:07:25Z,SEVENTEEN_Thunder
pS57UX6s-xw,"76.9M ☆☆☆
Happy Valentine's Day ♡",1,2026-02-14T05:41:25Z,SEVENTEEN_Thunder
pS57UX6s-xw,"Happy Carat Dayy and Happy Valentines day Caratdeul
May everyone have a beautiful day ahead<333",2,2026-02-14T05:02:44Z,SEVENTEEN_Thunder
pS57UX6s-xw,大好きなseventeenからおめでとうラッシュで世界一幸せTHUNDER,5,2026-02-14T03:00:53Z,SEVENTEEN_Thunder
pS57UX6s-xw,"いつも幸せをありがとう
SEVENTEEN",5,2026-02-14T02:51:47Z,SEVENTEEN_Thunder
pS57UX6s-xw,"(THUNDER English lyrics)

Falling, flash, whole-body crash
Circuits going crazy, out of control
Now I’m funked up, step on the gas
Everybody say ‘Whoa’ ‘Whoa’
Uh, hope it's like this every day, different DNA
Excitement’s a bonus, ah, what a feeling
So what if they mock me, say my changed pupils are weird
What a shame if this all turns out to be a dream
Gather around, let’s all go wild
Cause our night's getting hotter
Friends Ring Ring, inspiration Ring Ring
Rising up and flashing like a thunderbolt
ALO ALO T.H.U.N.D.E.R
ALO ALO, it’s here like a thunderbolt
ALO ALO T.H.U.N.D.E.R
ALO ALO, rising up and flashing a thunderbolt
Keeps ringing, phone keeps ringing
Keeps zapping, bzzzt like a thunderbolt
Keeps ringing, phone keeps ringing
Keeps zapping, bzzzt like a thunderbolt
Bzzzt like
Rumors spread like fire, chatter everywhere
Now they’re crowding around, ah, what a feeling
We don't chase shadows when we drive, don't worry
Let’s mark the exact time, 17:17
Gather around, let’s all go wild
Cause our night's getting hotter
At that moment, Ring Ring, inspiration Ring Ring
Rising up and flashing like a thunderbolt
ALO ALO T.H.U.N.D.E.R
ALO ALO, it’s here like a thunderbolt
ALO ALO T.H.U.N.D.E.R
ALO ALO, rising up and flashing like a thunderbolt
Keeps ringing, phone keeps ringing
Keeps zapping, bzzzt like a thunderbolt
Keeps ringing, phone keeps ringing
Keeps zapping, bzzzt like a thunderbolt
(Bzzzt bzzzt like)
Rising up and flashing like a thunderbolt",1,2026-02-14T02:48:55Z,SEVENTEEN_Thunder
pS57UX6s-xw,"Happy CARAT Day
♡
とっても幸せです♪
ありがとうSEVENTEEN♡",8,2026-02-14T02:27:00Z,SEVENTEEN_Thunder
pS57UX6s-xw,SEVENTEENいつもありがとう,6,2026-02-14T01:51:11Z,SEVENTEEN_Thunder
pS57UX6s-xw,Happy　CARAT　Day,12,2026-02-14T01:38:23Z,SEVENTEEN_Thunder
pS57UX6s-xw,caratおめでとう　幸せだね,7,2026-02-13T21:14:31Z,SEVENTEEN_Thunder
pS57UX6s-xw,Happy carat day!!,63,2026-02-13T20:24:35Z,SEVENTEEN_Thunder
pS57UX6s-xw,"*•.𝙷𝚊𝚙𝚙𝚢 𝚅𝚊𝚕𝚎𝚗𝚝𝚒𝚗𝚎‬♡and HAPPY CARAT DAY♡
CARATちゃん達～今日はケーキ食べて幸せな一日を過ごそうね",9,2026-02-13T17:36:23Z,SEVENTEEN_Thunder
pS57UX6s-xw,"JAM here. Had a stressful day at work. Finally I'm free!!! (⁠ ⁠≧⁠Д⁠≦⁠)  For now. (⁠；⁠^⁠ω⁠^⁠）
_JO1 Handz in my Pocket x Thunder collab_",3,2026-02-13T17:14:31Z,SEVENTEEN_Thunder
pS57UX6s-xw,"Ils sont vraiment fort en tout ( chant, dance, rap eeeeeeeeeeeeeeeet surtout physique !!! )  🤣🤣🤣",2,2026-02-13T17:07:37Z,SEVENTEEN_Thunder
pS57UX6s-xw,金曜日の夜を楽しんでますTHUNDER,4,2026-02-13T14:00:31Z,SEVENTEEN_Thunder
pS57UX6s-xw,"退勤THUNDER
帰宅途中は爆音で",4,2026-02-13T10:52:58Z,SEVENTEEN_Thunder
pS57UX6s-xw,"金曜日の退勤THUNDER
みなさまお疲れさまですっ！",5,2026-02-13T09:22:12Z,SEVENTEEN_Thunder
pS57UX6s-xw,Atiny here very grateful for your support :) Have a fantastic Friday !!!,5,2026-02-13T07:03:07Z,SEVENTEEN_Thunder
pS57UX6s-xw,865...,1,2026-02-13T06:15:17Z,SEVENTEEN_Thunder
pS57UX6s-xw,Fantasy visiting! Have a great day dear Carats!,2,2026-02-13T06:11:02Z,SEVENTEEN_Thunder
pS57UX6s-xw,Como Kawasaki 😎,0,2026-02-13T05:23:16Z,SEVENTEEN_Thunder
pS57UX6s-xw,Make it to 100 million carats 😊😊😊😊🎉🎉🎉,2,2026-02-13T05:15:09Z,SEVENTEEN_Thunder
pS57UX6s-xw,仕事中でもTHUNDER,6,2026-02-13T02:44:11Z,SEVENTEEN_Thunder
pS57UX6s-xw,Far East Movement - Like A G6 anybody? 😂,0,2026-02-12T23:23:59Z,SEVENTEEN_Thunder
pS57UX6s-xw,THUNDER la la la la,1,2026-02-12T20:52:53Z,SEVENTEEN_Thunder
pS57UX6s-xw,846K,1,2026-02-12T20:11:55Z,SEVENTEEN_Thunder
pS57UX6s-xw,"Thank you so much Carats, I've seen so many of you in Ateez's adrenaline !!!We''re really grateful :)",11,2026-02-12T16:31:30Z,SEVENTEEN_Thunder
pS57UX6s-xw,"I am missing seventeen so much , done rewatching going seventeen and still missing so rewatching all mvs. 😭",6,2026-02-12T16:23:26Z,SEVENTEEN_Thunder
pS57UX6s-xw,"Come on, keep on str34ming, don't give up, come on, come on, we can definitely reach 80M",3,2026-02-12T13:25:47Z,SEVENTEEN_Thunder
pS57UX6s-xw,Fantasy here! Have a great day everyone! :),4,2026-02-12T12:53:27Z,SEVENTEEN_Thunder
pS57UX6s-xw,best group ever <3,5,2026-02-12T11:05:16Z,SEVENTEEN_Thunder
pS57UX6s-xw,"76,824★ Jangan lupakan thunder guysss, mari kita naikkan lagi viewsnyaa!",2,2026-02-12T10:40:41Z,SEVENTEEN_Thunder
pS57UX6s-xw,木曜日、仕事がおわりましたよTHUNDER,4,2026-02-12T09:21:46Z,SEVENTEEN_Thunder
pS57UX6s-xw,181K more to unlock another million keep going carats!!!!,2,2026-02-12T08:49:54Z,SEVENTEEN_Thunder
pS57UX6s-xw,どの曲も全部好き😊,3,2026-02-12T08:37:10Z,SEVENTEEN_Thunder
pS57UX6s-xw,Pls include so many roads burning moon ost by jun and birdy friends ost by the8 as fillers they're still under 50k,2,2026-02-12T05:24:59Z,SEVENTEEN_Thunder
pS57UX6s-xw,昼休憩開始と共に爆音THUNDER,4,2026-02-12T03:04:47Z,SEVENTEEN_Thunder
pS57UX6s-xw,"Almost 77M!!!!!!


Let's go Carats!!!!!!",2,2026-02-12T02:12:13Z,SEVENTEEN_Thunder
pS57UX6s-xw,"MINIです。
おは『ALO ALO』
ちょっと遅れたけど…
⑦⑥⑧⓪満開おめでとう↑
今日は休みなので…
いろんなセブチくん巡り楽しむね。
いつもINIへ
暖かい応援に感謝してます。
そんな中…
私の推しの西洸人のソロ曲にも暖かい応援にMINI来てくれて感謝してます。
Caratちゃん♡
ありがとうね。",4,2026-02-12T00:58:07Z,SEVENTEEN_Thunder
pS57UX6s-xw,DK lethal face card at the end omfg,1,2026-02-11T23:36:46Z,SEVENTEEN_Thunder
pS57UX6s-xw,792K,1,2026-02-11T17:31:34Z,SEVENTEEN_Thunder
pS57UX6s-xw,77M let's go,1,2026-02-11T16:21:47Z,SEVENTEEN_Thunder
pS57UX6s-xw,"ほんと、そうですね
メンバーの誕生日はウキウキしちゃいますねTHUNDER",4,2026-02-11T10:15:25Z,SEVENTEEN_Thunder
pS57UX6s-xw,メンバーの誕生日の日はうきうきしますねTHUNDER,3,2026-02-11T08:41:39Z,SEVENTEEN_Thunder
pS57UX6s-xw,lets go 77m <3,1,2026-02-11T05:51:13Z,SEVENTEEN_Thunder
pS57UX6s-xw,Let's go let's go let's gooooo carats!!!!,2,2026-02-11T05:46:36Z,SEVENTEEN_Thunder
pS57UX6s-xw,HAPPY BIRTHDAY LEE CHAN!,3,2026-02-11T05:42:56Z,SEVENTEEN_Thunder
pS57UX6s-xw,JAM here stopping by to visit,1,2026-02-11T03:02:04Z,SEVENTEEN_Thunder
pS57UX6s-xw,Happy birthday Dino!❤️💎❤️,1,2026-02-11T01:21:36Z,SEVENTEEN_Thunder
pS57UX6s-xw,"Happy Birthday DINO  ♪
幸せな一年になりますように♡",5,2026-02-11T00:11:15Z,SEVENTEEN_Thunder
pS57UX6s-xw,Gw mau cmn seventeen indo. Yg keluar gerombolan LGBT😂😂😂. FUCKH YOU KOREA SELATAN 😂,0,2026-02-10T23:57:12Z,SEVENTEEN_Thunder
pS57UX6s-xw,Feliz cumpleaños DINO ( Lee Chan),4,2026-02-10T21:48:04Z,SEVENTEEN_Thunder
pS57UX6s-xw,"𝙷𝙰𝙿𝙿𝚈 𝙱𝙸𝚁𝚃𝙷𝙳𝙰𝚈 𝙳𝙸𝙽𝙾♡
今日は世界でいちばん幸せに過ごしてね！ずっと大好きだよー",12,2026-02-10T18:36:11Z,SEVENTEEN_Thunder
pS57UX6s-xw,Happy Birthday Dino!! CHANRANGHAE!! DANCEOL-RANGHAE!! ♡,14,2026-02-10T15:14:08Z,SEVENTEEN_Thunder
pS57UX6s-xw,"happy dino day♡♡♡
ディノちゃんおめでとうTHUNDER",9,2026-02-10T15:05:01Z,SEVENTEEN_Thunder
pS57UX6s-xw,明日もがんばるためにTHUNDER！,5,2026-02-10T13:30:10Z,SEVENTEEN_Thunder
pS57UX6s-xw,보면서 느낀건 이미지 변신이 힘든? 멤버는 은근 승관인거 같단 생각 ㅋㅋ 날티가 없다 해야하나.. 또 시간지나면 다른 느낌의 성숙함이 나올듯!,0,2026-02-10T12:58:51Z,SEVENTEEN_Thunder
pS57UX6s-xw,Fantasy visiting! Have a great day Carats! :),5,2026-02-10T12:25:06Z,SEVENTEEN_Thunder
pS57UX6s-xw,ウジくんが見たくて定期的にTHUNDERのMV見に来てる,5,2026-02-10T12:18:16Z,SEVENTEEN_Thunder
pS57UX6s-xw,帰宅ー！運転中THUNDER聴いていたら気分が上がりすぎますが、今日も浮かれ運転はしませんでしたTHUNDER,4,2026-02-10T10:56:19Z,SEVENTEEN_Thunder
pS57UX6s-xw,It's sketchy how many hate trains the members are suddenly facing in a span of just 2-3 days,2,2026-02-10T10:19:17Z,SEVENTEEN_Thunder
pS57UX6s-xw,MAN miss them so much,1,2026-02-10T09:52:30Z,SEVENTEEN_Thunder
pS57UX6s-xw,"Almost 9 months since svt comeback and 1year 8 months since ot13 comeback. Last time svt cb longest gap was 9 months (_world to Super comeback). This time their cb gonna have longest gap i fear, i miss them already pls give me my family back sk government!!!😭",3,2026-02-10T09:15:27Z,SEVENTEEN_Thunder
pS57UX6s-xw,私たちのパフォーマンスリーダー☆ホシくんがバチっと決めてくれるTHUNDERの歌い出し！最高ですっ！,4,2026-02-10T06:51:25Z,SEVENTEEN_Thunder
pS57UX6s-xw,Hoshi eres una increíble persona,3,2026-02-10T00:31:49Z,SEVENTEEN_Thunder
pS57UX6s-xw,"今年のSEVENTEENの誕生日には、おく行けるかな
行きたいな",4,2026-02-09T13:52:07Z,SEVENTEEN_Thunder
pS57UX6s-xw,Thank you Carats for your support :) Have a lovely day . Atiny,4,2026-02-09T10:56:49Z,SEVENTEEN_Thunder
pS57UX6s-xw,"THUNDERと共に退勤
ALO！ALO！T.H.U.N.D.E.R
ALO！ALO！",8,2026-02-09T09:29:22Z,SEVENTEEN_Thunder
pS57UX6s-xw,"I'm a stay and engene, and this is a very cool song. GO GUYS!!!!",3,2026-02-09T09:08:53Z,SEVENTEEN_Thunder
pS57UX6s-xw,THUNDERも止まらない,4,2026-02-09T08:01:26Z,SEVENTEEN_Thunder
pS57UX6s-xw,昼休憩には必ずTHUNDER聴かなくちゃね♪,4,2026-02-09T03:21:12Z,SEVENTEEN_Thunder
pS57UX6s-xw,649K,1,2026-02-08T19:54:44Z,SEVENTEEN_Thunder
pS57UX6s-xw,❤❤,0,2026-02-08T17:46:34Z,SEVENTEEN_Thunder
pS57UX6s-xw,"Booseok flying to the fansign, completing the fansign and flying back to Korea in span of 20 hours :,) they are so hardworking :,) I too will work harder ♡",3,2026-02-08T14:13:17Z,SEVENTEEN_Thunder
pS57UX6s-xw,むしゃくしゃする時は、思いっきりTHUNDERー！,10,2026-02-08T12:03:33Z,SEVENTEEN_Thunder
pS57UX6s-xw,626K,1,2026-02-08T10:36:13Z,SEVENTEEN_Thunder
pS57UX6s-xw,Let's go carats let's unlock 80M more faster!!!  We already surpassed 90M on spotify and going for 100M pls let's push the MV more harder to surpass 100M here too let's gooooo!!!!!,3,2026-02-08T09:31:02Z,SEVENTEEN_Thunder
pS57UX6s-xw,Atiny here to express gratitute for your support to Ateez's adrenaline :),23,2026-02-08T08:59:57Z,SEVENTEEN_Thunder
pS57UX6s-xw,"76.6M ☆☆☆
Happy Sunday",1,2026-02-08T08:19:35Z,SEVENTEEN_Thunder
pS57UX6s-xw,かっこよすぎるTHUNDER,10,2026-02-08T07:01:04Z,SEVENTEEN_Thunder
pS57UX6s-xw,It's 2026 and I just found out Jeonghan isn't in the MV,4,2026-02-08T04:25:19Z,SEVENTEEN_Thunder
pS57UX6s-xw,"おはよう
今日は寒いからTHUNDER踊ろーっ！",9,2026-02-08T01:02:38Z,SEVENTEEN_Thunder
pS57UX6s-xw,"MINIです。
おは『ALO ALO』
⑦⑥⑥⓪満開おめでとう↑
まだまだアップを楽しみにMINI聴きに来るね。
そんな中…
Caratちゃんが♡
毎年恒例の『INIフォルダ』の企画
『バレンタイン企画』に…
今年も待ってました↑
とMINI来てくれて嬉しい気持ちに…
INIを認識してくれてるんだと(T . T)
ありがとうございます。
今日も元気パワーをもらって仕事頑張って来まーす。
アラフィフMINIより。",5,2026-02-07T22:44:33Z,SEVENTEEN_Thunder
pS57UX6s-xw,I'm here 😊,2,2026-02-07T22:35:48Z,SEVENTEEN_Thunder
pS57UX6s-xw,"テンション上がるThunder

大好き",5,2026-02-07T21:19:20Z,SEVENTEEN_Thunder
pS57UX6s-xw,"Alo Alo. JAM here again. (⁠灬⁠º⁠‿⁠º⁠灬⁠)⁠♡
_JO1 Handz in my Pocket x Blue/Thunder collab_",3,2026-02-07T14:31:36Z,SEVENTEEN_Thunder
pS57UX6s-xw,"THUNDER (a song written, composed, and arranged by these talented humans, not AI)
Lyrics: Woozi, Bumzu
Composers: Woozi, Bumzu, S.Coups
Arranger: Bumzu",3,2026-02-07T14:26:31Z,SEVENTEEN_Thunder
pS57UX6s-xw,コツコツ積み上げますTHUNDER,9,2026-02-07T09:40:07Z,SEVENTEEN_Thunder
pS57UX6s-xw,アロアロパワーで今週も無事に乗り越えることができましたTHUNDER,10,2026-02-07T09:22:48Z,SEVENTEEN_Thunder
pS57UX6s-xw,😎😎😎😎😎🇰🇷🇰🇷🇰🇷🇰🇷🇰🇷❤️❤️❤️❤️❤️👍🏻👍🏻👍🏻👍🏻,0,2026-02-07T09:02:37Z,SEVENTEEN_Thunder
pS57UX6s-xw,"76.5M ☆☆☆
Have a happy weekend",1,2026-02-07T08:09:02Z,SEVENTEEN_Thunder
pS57UX6s-xw,"ALO！
土曜日のお昼ですTHUNDER",9,2026-02-07T03:05:17Z,SEVENTEEN_Thunder
pS57UX6s-xw,"76,5M
6/2/26",2,2026-02-07T02:31:43Z,SEVENTEEN_Thunder
pS57UX6s-xw,Atiny popping in to visit our bestie's Carat's and Seventeen while focusing on Ateez Adrenaline. Thank you Carat's for always being amazing <3,5,2026-02-06T23:52:41Z,SEVENTEEN_Thunder
pS57UX6s-xw,LOVE YOU SCOUPS,1,2026-02-06T18:25:09Z,SEVENTEEN_Thunder
pS57UX6s-xw,0:34 このかっこいい人はなんて名前や,0,2026-02-06T17:37:17Z,SEVENTEEN_Thunder
pS57UX6s-xw,Thank you Carats for your support to Ateez Adrenaline :),6,2026-02-06T15:13:09Z,SEVENTEEN_Thunder
pS57UX6s-xw,526...,1,2026-02-06T15:04:21Z,SEVENTEEN_Thunder
pS57UX6s-xw,明日も仕事だけど頑張れますTHUNDER,8,2026-02-06T14:36:34Z,SEVENTEEN_Thunder
pS57UX6s-xw,"とっても大好き金曜日の退勤THUNDER
みなさまお疲れさまです！",7,2026-02-06T09:19:20Z,SEVENTEEN_Thunder
pS57UX6s-xw,Scoups is so hot like 🔥🔥🔥🔥🔥 sorry Hongjoong told me not to look at other oppas but I'm here again 🥹🫶,5,2026-02-06T07:58:17Z,SEVENTEEN_Thunder
pS57UX6s-xw,February 2026 you there,1,2026-02-06T07:31:42Z,SEVENTEEN_Thunder
pS57UX6s-xw,"ひゃっほー
正午のお知らせと同時にTHUNDER",7,2026-02-06T03:01:14Z,SEVENTEEN_Thunder
pS57UX6s-xw,it's so relatable and so perfect ughhhh the harmonizing is insane i keep coming back to this,2,2026-02-06T02:47:31Z,SEVENTEEN_Thunder
pS57UX6s-xw,Can someone pls tell me who is who,2,2026-02-06T02:30:12Z,SEVENTEEN_Thunder
pS57UX6s-xw,❤❤❤,0,2026-02-05T21:12:12Z,SEVENTEEN_Thunder
pS57UX6s-xw,ALo,1,2026-02-05T19:36:32Z,SEVENTEEN_Thunder
pS57UX6s-xw,Fantasy flying by after a few days. Sorry dear friends for the break but life has been a bit hectic! 🙃 Have a great Friday tomorrow!! 💖✨️,3,2026-02-05T18:15:23Z,SEVENTEEN_Thunder
pS57UX6s-xw,Atiny revisiting :),6,2026-02-05T15:05:52Z,SEVENTEEN_Thunder
pS57UX6s-xw,ギュチョル幕張お疲れさまです！,9,2026-02-05T14:31:04Z,SEVENTEEN_Thunder
pS57UX6s-xw,let's v0000te pleeassse :((,3,2026-02-05T13:18:48Z,SEVENTEEN_Thunder
pS57UX6s-xw,うん、SEVENTEENの楽曲はあきることがない！,8,2026-02-05T12:29:43Z,SEVENTEEN_Thunder
pS57UX6s-xw,seventeenの曲はなんじゅっ回なんびゃっ回聴いても飽きない,7,2026-02-05T12:10:22Z,SEVENTEEN_Thunder
pS57UX6s-xw,嬉しすぎてThunder！！,6,2026-02-05T11:41:00Z,SEVENTEEN_Thunder
pS57UX6s-xw,今日も無事に退勤と共にTHUNDER,6,2026-02-05T09:16:55Z,SEVENTEEN_Thunder
pS57UX6s-xw,450...,1,2026-02-05T05:35:31Z,SEVENTEEN_Thunder
pS57UX6s-xw,私もまだminiteenガチャ見つかっていませんですTHUNDER,6,2026-02-05T03:24:28Z,SEVENTEEN_Thunder
pS57UX6s-xw,JAM here stopping by to visit,4,2026-02-05T03:08:44Z,SEVENTEEN_Thunder
pS57UX6s-xw,Figthing Carats 100M!!!!!!!!!,6,2026-02-05T02:27:29Z,SEVENTEEN_Thunder
pS57UX6s-xw,"今日も全力で推すぞー♡
みんなかっこいい！！",5,2026-02-05T02:02:59Z,SEVENTEEN_Thunder
pS57UX6s-xw,"MINIです。
おはALO ALO↑
お礼が遅くなりました。
昨日の西の日にアップした↑
INIの西洸人がセルフプロデュースした曲…
『BUTTERFLY』と『HEADACHE』に…
CaratちゃんがMINI聴きに暖かい応援に来てくれて↑
感謝します。
ありがとう。
また良かったらMINI聴きに来てくれたら嬉しいです。
私も、また 元気パワーをもらいにMINI来まーす♪",4,2026-02-04T23:26:42Z,SEVENTEEN_Thunder
pS57UX6s-xw,なんでこれ日本人のコメントやたら多いの？普段は外国人が多い気が,0,2026-02-04T14:12:10Z,SEVENTEEN_Thunder
pS57UX6s-xw,"今日もTHUNDERありがとう♡
ちなみにminiteenガチャはまだ見つかりません。どこにありますか？笑",5,2026-02-04T13:33:13Z,SEVENTEEN_Thunder
pS57UX6s-xw,February ❤💎💕,1,2026-02-04T10:13:27Z,SEVENTEEN_Thunder
pS57UX6s-xw,"お疲れTHUNDER
水曜日ですリンリン♪",7,2026-02-04T09:29:47Z,SEVENTEEN_Thunder
pS57UX6s-xw,久しぶりにコメ残しておこう♡いつも居てくれるcaratちゃんに感謝！！！♡,8,2026-02-04T09:12:21Z,SEVENTEEN_Thunder
pS57UX6s-xw,THUNDER聴いて残りも頑張ります！,8,2026-02-04T08:39:33Z,SEVENTEEN_Thunder
pS57UX6s-xw,"MINIです。
⑦⑥④⓪満開おめでとう↑
休憩時間は『ALO ALO』から〜
カッコいいセブチくんをMINI聴きに
来たよ。
いつもINIへ
暖かい応援にMINI来てくれて…
Caratちゃん♡
ありがとう。
そんな中…
Caratちゃんへ
お願いがあります。
私の推しの西洸人(にしひろと)が
今日…
②/④は年に一度の西の日でw
ソロ曲の①曲をセルフプロデュースした『BUTTERFLY』が…
今日の㉑時にアップします↑
もし良かったらMINI聴きに来てくれたら嬉しいので…
宜しくお願いします。
長々とコメして、すみません。
アラフィフMINIより",7,2026-02-04T06:32:35Z,SEVENTEEN_Thunder
pS57UX6s-xw,午後からもがんばるためにTHUNDER,7,2026-02-04T03:33:26Z,SEVENTEEN_Thunder
pS57UX6s-xw,"Please play thun der on s potiy  a lot, it's 90m there , let's make it 100m asap ꒰⁠⑅⁠ᵕ⁠༚⁠ᵕ⁠꒱",2,2026-02-04T02:41:27Z,SEVENTEEN_Thunder
pS57UX6s-xw,"今日もいち日
Thunder聴いて頑張ろー",6,2026-02-03T22:20:35Z,SEVENTEEN_Thunder
pS57UX6s-xw,한국어 댓글 찾기가 왤케 힘들지...?,2,2026-02-03T15:14:25Z,SEVENTEEN_Thunder
pS57UX6s-xw,"76,368K ☆
Happy Tuesday night",4,2026-02-03T14:13:02Z,SEVENTEEN_Thunder
pS57UX6s-xw,wow i came back here after some time and was surprised to see it at 76M views,2,2026-02-03T11:35:00Z,SEVENTEEN_Thunder
pS57UX6s-xw,"退勤THUNDER
まだ火曜日お疲れさまです！",9,2026-02-03T09:10:46Z,SEVENTEEN_Thunder
pS57UX6s-xw,watch daily atleast <3,3,2026-02-03T06:01:42Z,SEVENTEEN_Thunder
pS57UX6s-xw,347...,1,2026-02-03T05:22:29Z,SEVENTEEN_Thunder
pS57UX6s-xw,隙あらば、ほぼノールック検索でTHUNDER,7,2026-02-03T05:01:00Z,SEVENTEEN_Thunder
pS57UX6s-xw,Volví .......ALO THUNDER.....,3,2026-02-02T16:47:03Z,SEVENTEEN_Thunder
pS57UX6s-xw,"Alo everyone. JAM here for Thunder too. (⁠｡⁠・⁠/⁠/⁠ε⁠/⁠/⁠・⁠｡⁠)
_JO1 Handz in my Pocket x Blue/Thunder collab_",2,2026-02-02T16:27:41Z,SEVENTEEN_Thunder
pS57UX6s-xw,"ずっと大好きTHUNDER
SEVENTEENの永遠を信じてます",7,2026-02-02T14:04:31Z,SEVENTEEN_Thunder
pS57UX6s-xw,"みんな風邪ひかないでね
元気にTHUNDERしよう",9,2026-02-02T13:26:55Z,SEVENTEEN_Thunder
pS57UX6s-xw,朝からSEVENTEEN <3 一日中SEVENTEEN <3,5,2026-02-02T11:00:51Z,SEVENTEEN_Thunder
pS57UX6s-xw,"退勤後、同僚のグチに付き合いclash！Flash！
ストレス発散THUNDER",9,2026-02-02T10:29:45Z,SEVENTEEN_Thunder
pS57UX6s-xw,"Let's goooo for 100M carats, THUNDER and svt deserves this and more!!!!",2,2026-02-02T09:23:58Z,SEVENTEEN_Thunder
pS57UX6s-xw,1:49 why does this sound kinda like I.N (I’m caratstay),0,2026-02-02T09:07:56Z,SEVENTEEN_Thunder
pS57UX6s-xw,疲れたなと思ったらTHUNDER聴きたくなる,11,2026-02-02T08:53:18Z,SEVENTEEN_Thunder
pS57UX6s-xw,Morning!!! Atiny here to wish you a fantastic Monday :),3,2026-02-02T07:11:37Z,SEVENTEEN_Thunder
pS57UX6s-xw,LETS GO 77M!!!,4,2026-02-02T03:50:28Z,SEVENTEEN_Thunder
pS57UX6s-xw,Carat lsss goo 100M for tundar 🧿🎉🎉,6,2026-02-02T03:18:59Z,SEVENTEEN_Thunder
pS57UX6s-xw,JAM here to have a THUNDERous day with Carats,4,2026-02-02T02:43:05Z,SEVENTEEN_Thunder
pS57UX6s-xw,THUNDERもぐんぐん伸ばしていこう！,8,2026-02-02T02:42:34Z,SEVENTEEN_Thunder
pS57UX6s-xw,"Im so happy i found seventeen and carats. It feels like im living again. Thanks to seventeen’s music and their chaotic dynamic, i finally feel happy again. I feel like i have something to look forward to in my life again. Im a fairly new carat, i had just joined this fandom in april 2025. I wish i had supported them earlier, but nonetheless im so glad i slipped into the diamond life. And here I witnessed their 10th anniversary🥹. I hope seventeen will keep climbing higher, and i hope carats will be happy by their side. I don’t think i have ever loved something this much, both the group and the fandom. I hope i will be a carat for a long time and keep supporting them alongside my fellow carats.
I love you seventeen 
I love you carats",36,2026-02-01T15:49:45Z,SEVENTEEN_Thunder
pS57UX6s-xw,"Everyone pls watch Don't Wanna Cry after this, we're so close to 300M",14,2026-02-01T12:38:29Z,SEVENTEEN_Thunder
pS57UX6s-xw,THUNDERみたいなSEVENTEEN,7,2026-02-01T10:59:58Z,SEVENTEEN_Thunder
pS57UX6s-xw,"76,257K ☆☆☆
Happy Sunday",5,2026-02-01T10:51:05Z,SEVENTEEN_Thunder
pS57UX6s-xw,"カムバからアクセルは
ずっと踏んでますTHUNDER",8,2026-02-01T09:59:31Z,SEVENTEEN_Thunder
pS57UX6s-xw,"Please use thunder stage from kelly clarkson show as filler, it's close to 2m",6,2026-02-01T04:59:16Z,SEVENTEEN_Thunder
pS57UX6s-xw,SEVENTEEN TEEN TEEN,3,2026-02-01T04:55:04Z,SEVENTEEN_Thunder
pS57UX6s-xw,ゆ（めまめ（めまやよらやにな😅,0,2026-02-01T04:09:38Z,SEVENTEEN_Thunder
pS57UX6s-xw,I really love the mingyu's part.. his voice change is amazing in this song.. its very addictive,3,2026-02-01T03:46:06Z,SEVENTEEN_Thunder
pS57UX6s-xw,お昼ごはん付近ではTHUNDERを聴かないといけない体になっているようです,10,2026-02-01T03:15:41Z,SEVENTEEN_Thunder
pS57UX6s-xw,"No matter what or which fandom you follow , we all come here once it’s that lit",5,2026-01-31T21:17:34Z,SEVENTEEN_Thunder
0P0aQreFs8w,ATE? More like devoured.,407477,2024-07-19T04:48:18Z,StrayKids_ChkChkBoom
0P0aQreFs8w,felix  love you,0,2026-03-13T15:15:23Z,StrayKids_ChkChkBoom
0P0aQreFs8w,STAY'S LETS MAKE 200 MİLLİON,1,2026-03-13T12:33:54Z,StrayKids_ChkChkBoom
0P0aQreFs8w,343k gods menu str33am,1,2026-03-13T12:23:26Z,StrayKids_ChkChkBoom
0P0aQreFs8w,im gay for felix,0,2026-03-13T10:49:20Z,StrayKids_ChkChkBoom
0P0aQreFs8w,1.7M more for 200,0,2026-03-13T06:12:36Z,StrayKids_ChkChkBoom
0P0aQreFs8w,What is this clip from,1,2026-03-13T01:39:17Z,StrayKids_ChkChkBoom
0P0aQreFs8w,We need to get this song to 200 million views!! Another goal is to get God's Menu to 600 million views!!!!,2,2026-03-12T23:53:27Z,StrayKids_ChkChkBoom
0P0aQreFs8w,❤,0,2026-03-12T20:15:54Z,StrayKids_ChkChkBoom
0P0aQreFs8w,200 million!!,6,2026-03-12T19:33:50Z,StrayKids_ChkChkBoom
0P0aQreFs8w,"❤ STAY 
Let's ho",1,2026-03-12T18:38:27Z,StrayKids_ChkChkBoom
0P0aQreFs8w,It's so cool❤😮,1,2026-03-12T16:36:48Z,StrayKids_ChkChkBoom
0P0aQreFs8w,Anybody in 2026,3,2026-03-12T16:25:38Z,StrayKids_ChkChkBoom
0P0aQreFs8w,Pkxd ❤,0,2026-03-12T15:51:35Z,StrayKids_ChkChkBoom
0P0aQreFs8w,260k mart sonuna kadar 200 milyon olur umarim,8,2026-03-12T12:56:23Z,StrayKids_ChkChkBoom
0P0aQreFs8w,"“Nossaa, SKZ postou música vou ver…. PERAÍ NO MEU CONDOMÍNIO?!”",4,2026-03-12T11:56:47Z,StrayKids_ChkChkBoom
0P0aQreFs8w,200M!!,3,2026-03-12T11:42:24Z,StrayKids_ChkChkBoom
0P0aQreFs8w,Hello guys im foltyn ❤in my indian friends song,1,2026-03-12T10:56:48Z,StrayKids_ChkChkBoom
0P0aQreFs8w,Let's get 200 million views!,52,2026-03-12T09:21:35Z,StrayKids_ChkChkBoom
0P0aQreFs8w,"Whatever made Hyunjin smirk while singing and dancing at the same time got me 🥲
I'm so obsessed with his smile",2,2026-03-12T08:42:41Z,StrayKids_ChkChkBoom
0P0aQreFs8w,"So catastrophic boom
OUR BULLET GOES TANG TANG TANG",3,2026-03-12T08:15:12Z,StrayKids_ChkChkBoom
0P0aQreFs8w,Here in march 2026 again cuz i love this song and ( im sorry for bringing this up but ) heeseung just left enhypen and enhypen was my ult group after skz so i was very sad and i cannot watch enhypen's videos rn so here i am watching all of skz's videos and songs to calm myself as I've been crying all day,2,2026-03-12T08:14:55Z,StrayKids_ChkChkBoom
0P0aQreFs8w,Omg bang chan unnie,0,2026-03-12T07:57:36Z,StrayKids_ChkChkBoom
0P0aQreFs8w,If goosebumps had a name:),1,2026-03-12T07:30:42Z,StrayKids_ChkChkBoom
0P0aQreFs8w,1.8M more for 200,4,2026-03-12T07:22:43Z,StrayKids_ChkChkBoom
0P0aQreFs8w,"Let's Go Stays, 2M more and we'll reach 200M",5,2026-03-12T07:19:07Z,StrayKids_ChkChkBoom
0P0aQreFs8w,RIDE🔥,1,2026-03-12T06:10:03Z,StrayKids_ChkChkBoom
0P0aQreFs8w,244k,1,2026-03-12T05:45:56Z,StrayKids_ChkChkBoom
0P0aQreFs8w,🩵,1,2026-03-12T04:19:45Z,StrayKids_ChkChkBoom
0P0aQreFs8w,Stay lets 200 m !!,1,2026-03-12T04:17:04Z,StrayKids_ChkChkBoom
0P0aQreFs8w,200 million soon stream harder,4,2026-03-12T04:02:26Z,StrayKids_ChkChkBoom
0P0aQreFs8w,Hyunyin It's cute 2:27,0,2026-03-12T03:10:52Z,StrayKids_ChkChkBoom
0P0aQreFs8w,❤❤❤ vamosss,1,2026-03-12T00:51:09Z,StrayKids_ChkChkBoom
0P0aQreFs8w,Y esto está lindo pero sigo amando a BTS,0,2026-03-12T00:45:51Z,StrayKids_ChkChkBoom
0P0aQreFs8w,저는 중남미 출신이지만 팬미팅과 콘서트에 참석하기 위해 한국어를 배우고 있습니다.😭😭❤‍🔥❤‍🔥❤‍🔥❤‍🔥❤‍🔥❤‍🔥❤‍🔥❤‍🔥🩷🩷🩷🩷🩷🩷🩷🩷🩷🩷🤩🤩🤩🤩,1,2026-03-11T23:57:56Z,StrayKids_ChkChkBoom
0P0aQreFs8w,"SEMPREM QUANDO APARECE O INICIO DESSA MUSICA, EU ACHO QUE E ANUNCIO KSKSKSKSKSKSSK",0,2026-03-11T23:40:21Z,StrayKids_ChkChkBoom
0P0aQreFs8w,STAY: Lets get this mv into 200 MJN views this year!!!!,0,2026-03-11T23:29:15Z,StrayKids_ChkChkBoom
0P0aQreFs8w,"03:06 uh..no 
😂😂
( no hate)",1,2026-03-11T23:27:11Z,StrayKids_ChkChkBoom
0P0aQreFs8w,"The hair🔥
The looks 🔥
The makeup🔥
The oufits🔥
The Jewerly🔥
The choreo🔥
The vocals 🔥
The visuals🔥
The rap🔥
BANGCHAN🔥
LEE KNOW🔥
HYUNJIN 🔥
CHANGBIN🔥
FELIX🔥
SEUNGMIN🔥
JEONGIN🔥
STRAYKIDS 🔥",1,2026-03-11T23:25:59Z,StrayKids_ChkChkBoom
0P0aQreFs8w,❤,0,2026-03-11T22:00:34Z,StrayKids_ChkChkBoom
0P0aQreFs8w,BRO I THOUGHT THE INTRO WAS AN ADD 😭✌️🥀,0,2026-03-11T21:33:29Z,StrayKids_ChkChkBoom
0P0aQreFs8w,❤❤,0,2026-03-11T21:18:36Z,StrayKids_ChkChkBoom
0P0aQreFs8w,kalmış şurada 3 ay sürekli eve birileri kalmaya geliyor şaka gibi,0,2026-03-11T21:15:36Z,StrayKids_ChkChkBoom
0P0aQreFs8w,PALARLACHI PARLACHI 🗣️🗣️🗣️🔥🔥🔥,2,2026-03-11T20:22:12Z,StrayKids_ChkChkBoom
0P0aQreFs8w,bro the damn spoiler of do it LOL 0:49,2,2026-03-11T19:50:51Z,StrayKids_ChkChkBoom
0P0aQreFs8w,200mil !! Let's get it staysss!!!!! 🙌🏻💗,0,2026-03-11T17:40:16Z,StrayKids_ChkChkBoom
0P0aQreFs8w,kalbim bir gezegen dünyadan çok uzakta,0,2026-03-11T16:35:30Z,StrayKids_ChkChkBoom
0P0aQreFs8w,Je vous adore,0,2026-03-11T15:35:15Z,StrayKids_ChkChkBoom
0P0aQreFs8w,175k,0,2026-03-11T14:50:35Z,StrayKids_ChkChkBoom
0P0aQreFs8w,Our DIVAS SLAYED!!!!!!,1,2026-03-11T14:49:20Z,StrayKids_ChkChkBoom
0P0aQreFs8w,Let's go for 200M stays?,2,2026-03-11T13:41:29Z,StrayKids_ChkChkBoom
0P0aQreFs8w,170k o kadar yavas ki eskisi gibi artmiyor bile,2,2026-03-11T12:58:35Z,StrayKids_ChkChkBoom
0P0aQreFs8w,1.9M more for 200M,1,2026-03-11T10:05:54Z,StrayKids_ChkChkBoom
0P0aQreFs8w,STAY's Let's make 200 million before STRAY KIDS anniversary <3,14,2026-03-11T10:02:49Z,StrayKids_ChkChkBoom
0P0aQreFs8w,Almost 200M!!,2,2026-03-11T07:55:26Z,StrayKids_ChkChkBoom
0P0aQreFs8w,STAYs what are you doin' if you're not streaming this 😭,3,2026-03-11T07:34:11Z,StrayKids_ChkChkBoom
0P0aQreFs8w,Brn easy de olcam,0,2026-03-11T07:18:57Z,StrayKids_ChkChkBoom
0P0aQreFs8w,157k,0,2026-03-11T07:16:17Z,StrayKids_ChkChkBoom
0P0aQreFs8w,2 ay sonra geldim 199 olunca gene gelcem bensiz devam edin,0,2026-03-11T07:16:08Z,StrayKids_ChkChkBoom
0P0aQreFs8w,"194k, PLEASE 200M ✅",1,2026-03-11T05:56:59Z,StrayKids_ChkChkBoom
0P0aQreFs8w,Nooo JYP😭,0,2026-03-11T02:35:35Z,StrayKids_ChkChkBoom
0P0aQreFs8w,0:12,1,2026-03-10T22:38:27Z,StrayKids_ChkChkBoom
0P0aQreFs8w,"Yo vi esta canción en vivo aaaaaaaaah no voy a superar jamás el dominATE tour, ese 27 de Marzo en Chile, gracias chicos por venir, vamos Stay por esos 200 millones",2,2026-03-10T22:28:55Z,StrayKids_ChkChkBoom
0P0aQreFs8w,eve gitmem gerek her yerdeyim,1,2026-03-10T21:31:31Z,StrayKids_ChkChkBoom
0P0aQreFs8w,❤,0,2026-03-10T21:27:16Z,StrayKids_ChkChkBoom
0P0aQreFs8w,Bilmemm,0,2026-03-10T19:34:32Z,StrayKids_ChkChkBoom
0P0aQreFs8w,I Love SKZ,0,2026-03-10T19:23:02Z,StrayKids_ChkChkBoom
0P0aQreFs8w,❤❤❤❤,0,2026-03-10T18:59:20Z,StrayKids_ChkChkBoom
0P0aQreFs8w,98k,2,2026-03-10T17:12:49Z,StrayKids_ChkChkBoom
0P0aQreFs8w,Let's make it 200M... Fighting Stay... Our boys really deserve more :),1,2026-03-10T16:51:22Z,StrayKids_ChkChkBoom
0P0aQreFs8w,2024u kurtaran o sarkidir mesela,2,2026-03-10T16:31:28Z,StrayKids_ChkChkBoom
0P0aQreFs8w,Dikit lg 200juta,0,2026-03-10T15:49:19Z,StrayKids_ChkChkBoom
0P0aQreFs8w,86k,1,2026-03-10T14:19:11Z,StrayKids_ChkChkBoom
0P0aQreFs8w,🥰🥰🥰,0,2026-03-10T12:26:51Z,StrayKids_ChkChkBoom
0P0aQreFs8w,❤,0,2026-03-10T12:26:30Z,StrayKids_ChkChkBoom
0P0aQreFs8w,❤❤❤,0,2026-03-10T12:24:33Z,StrayKids_ChkChkBoom
0P0aQreFs8w,아쉽네.. 요즘 케이팝은 한국어가 너무 없어..,0,2026-03-10T12:06:28Z,StrayKids_ChkChkBoom
0P0aQreFs8w,The way ryan indirectly asked if he could join them 😂😂,0,2026-03-10T09:41:22Z,StrayKids_ChkChkBoom
0P0aQreFs8w,How many Nigerian stay,1,2026-03-10T08:18:39Z,StrayKids_ChkChkBoom
0P0aQreFs8w,"Less than 2 million views before that 200 million views.  
Let's continue to stream stays!!!!!!!!!!!!!!!!!!!!!!",4,2026-03-10T08:10:48Z,StrayKids_ChkChkBoom
0P0aQreFs8w,200M Views STAY❤,1,2026-03-10T07:51:47Z,StrayKids_ChkChkBoom
0P0aQreFs8w,Any song you come up with will be great,1,2026-03-10T06:25:50Z,StrayKids_ChkChkBoom
0P0aQreFs8w,"070k, PLEASE 200M, STAY✅!",2,2026-03-10T06:02:27Z,StrayKids_ChkChkBoom
0P0aQreFs8w,"STAYYY WE NEED TO REACH 200 MILLION, WE CAN DO IT! 🗣️",2,2026-03-10T02:33:27Z,StrayKids_ChkChkBoom
0P0aQreFs8w,Y nunca lo pusieron en la película,1,2026-03-09T23:27:25Z,StrayKids_ChkChkBoom
0P0aQreFs8w,Hola,1,2026-03-09T22:23:11Z,StrayKids_ChkChkBoom
0P0aQreFs8w,yorumlarım beğenilince tetikleniyorum,1,2026-03-09T21:46:37Z,StrayKids_ChkChkBoom
0P0aQreFs8w,ayda yılda bir maske yapayım dedim de bu maskeleri hangi yüze göre  yapıyorsunuz,2,2026-03-09T21:42:25Z,StrayKids_ChkChkBoom
0P0aQreFs8w,ben planımı kurdum abi,2,2026-03-09T21:35:58Z,StrayKids_ChkChkBoom
0P0aQreFs8w,200 million views soon,5,2026-03-09T20:57:14Z,StrayKids_ChkChkBoom
0P0aQreFs8w,32k,3,2026-03-09T20:44:12Z,StrayKids_ChkChkBoom
0P0aQreFs8w,Go for 200M,1,2026-03-09T20:40:25Z,StrayKids_ChkChkBoom
0P0aQreFs8w,let's goooo,1,2026-03-09T20:34:35Z,StrayKids_ChkChkBoom
0P0aQreFs8w,Lets go stays only 2 million views lefttt,1,2026-03-09T20:31:53Z,StrayKids_ChkChkBoom
0P0aQreFs8w,Let's get this to 200 mil guysss,1,2026-03-09T20:27:21Z,StrayKids_ChkChkBoom
0P0aQreFs8w,200 MİLLİONNN,0,2026-03-09T20:12:15Z,StrayKids_ChkChkBoom
0P0aQreFs8w,Dijo algo en español😮🎉❤ 2:27,0,2026-03-09T19:11:36Z,StrayKids_ChkChkBoom
0P0aQreFs8w,Bora pros 200 milhões !!,0,2026-03-09T18:59:05Z,StrayKids_ChkChkBoom
0P0aQreFs8w,Stay get this video up 200M views,0,2026-03-09T18:49:39Z,StrayKids_ChkChkBoom
0P0aQreFs8w,You know what i just noticed instead of ccb news they should've done skz news,0,2026-03-09T18:47:08Z,StrayKids_ChkChkBoom
0P0aQreFs8w,İKİ GÜN GELMİŞTİM YOKTUNN,1,2026-03-09T18:37:40Z,StrayKids_ChkChkBoom
0P0aQreFs8w,Gelmişşşsinnn,1,2026-03-09T18:37:21Z,StrayKids_ChkChkBoom
0P0aQreFs8w,Anyone 2026 ????,0,2026-03-09T17:44:04Z,StrayKids_ChkChkBoom
0P0aQreFs8w,😍😍😍😍😍😍,1,2026-03-09T17:36:45Z,StrayKids_ChkChkBoom
0P0aQreFs8w,"YOUTUBE STAYS IN 2026:
Ceremony 100 Million ✓
Chk Chk Boom Performance 150 Million ✓
S-Class 300 Million ✓
Back Door 400 Million ✓
.
.
.
NEXT GOALS:
Do it -> 100 Million 
Venom -> 150 Million 
CIRCUS -> 150 Million
Chk chk boom -> 200 Million",1,2026-03-09T17:28:56Z,StrayKids_ChkChkBoom
0P0aQreFs8w,🥰🥰🥰,0,2026-03-09T15:40:33Z,StrayKids_ChkChkBoom
0P0aQreFs8w,😊,0,2026-03-09T15:40:29Z,StrayKids_ChkChkBoom
0P0aQreFs8w,❤❤❤❤❤,0,2026-03-09T15:39:02Z,StrayKids_ChkChkBoom
0P0aQreFs8w,LETS GO FOR 200M STAYS!!!!!,0,2026-03-09T15:21:31Z,StrayKids_ChkChkBoom
0P0aQreFs8w,Hyunjin :0,1,2026-03-09T14:57:57Z,StrayKids_ChkChkBoom
0P0aQreFs8w,STAY VAMOS POR LOS 200 MILLONESS,15,2026-03-09T14:10:14Z,StrayKids_ChkChkBoom
0P0aQreFs8w,1k,1,2026-03-09T13:22:37Z,StrayKids_ChkChkBoom
0P0aQreFs8w,198M✅,1,2026-03-09T12:38:02Z,StrayKids_ChkChkBoom
0P0aQreFs8w,198M so close! 🤏,2,2026-03-09T12:10:17Z,StrayKids_ChkChkBoom
0P0aQreFs8w,996 k,1,2026-03-09T11:09:15Z,StrayKids_ChkChkBoom
0P0aQreFs8w,996k,1,2026-03-09T11:07:52Z,StrayKids_ChkChkBoom
0P0aQreFs8w,“이건 la vida loca” just hits different,0,2026-03-09T10:41:54Z,StrayKids_ChkChkBoom
0P0aQreFs8w,I'm obsessed with these memorable of SEUNGMIN & CHANGBIN's  parts in their awesome song👌,0,2026-03-09T08:38:13Z,StrayKids_ChkChkBoom
0P0aQreFs8w,🤠👍🏻 ❤️🌹 FELIX❤️❤️,0,2026-03-09T05:28:22Z,StrayKids_ChkChkBoom
0P0aQreFs8w,오늘도 CCB,0,2026-03-09T05:02:25Z,StrayKids_ChkChkBoom
0P0aQreFs8w,Felix has such a beautiful voice love it boom boom,1,2026-03-09T03:31:34Z,StrayKids_ChkChkBoom
0P0aQreFs8w,What your  biases,0,2026-03-09T00:14:23Z,StrayKids_ChkChkBoom
0P0aQreFs8w,Who’s here because they linked this video at 1:36 as an example for the trill sound in their intro to the study of language notes?,0,2026-03-09T00:06:44Z,StrayKids_ChkChkBoom
0P0aQreFs8w,後少しで200M🎉,2,2026-03-08T23:07:02Z,StrayKids_ChkChkBoom
0P0aQreFs8w,Love stray kids,2,2026-03-08T22:45:51Z,StrayKids_ChkChkBoom
0P0aQreFs8w,탕탕탕😁,1,2026-03-08T21:51:32Z,StrayKids_ChkChkBoom
0P0aQreFs8w,I thought that was an ad lmao,2,2026-03-08T21:47:37Z,StrayKids_ChkChkBoom
0P0aQreFs8w,Neyse yatayım iyi geceler ccb,0,2026-03-08T20:42:23Z,StrayKids_ChkChkBoom
0P0aQreFs8w,Çocuklarım dinlensin istiyorum ama keşke cb gelse,0,2026-03-08T20:36:39Z,StrayKids_ChkChkBoom
0P0aQreFs8w,Özlüyorum,0,2026-03-08T20:25:21Z,StrayKids_ChkChkBoom
0P0aQreFs8w,200 milyon olcak,0,2026-03-08T20:24:37Z,StrayKids_ChkChkBoom
0P0aQreFs8w,Bugün ate turu yaptım tüm özlemim fazlasıyla kabardı,0,2026-03-08T20:13:53Z,StrayKids_ChkChkBoom
0P0aQreFs8w,Biraz geçtikten sonra yorumlarımı silmek zorunda kalmak acıtıyor,0,2026-03-08T20:10:33Z,StrayKids_ChkChkBoom
0P0aQreFs8w,Bütün ig pint ne varsa sildim kapatacaktım kökten ama kıyamadım yt hesaplarıma kıydım ama onlara kıyamadım içim acıdı ve o kadar kişi birden kaybetmek istemedim,0,2026-03-08T20:05:15Z,StrayKids_ChkChkBoom
0P0aQreFs8w,Ccb dinledikçe ağlıyorum kafayı yedim sanırım,0,2026-03-08T20:03:40Z,StrayKids_ChkChkBoom
0P0aQreFs8w,Özledim,0,2026-03-08T20:02:38Z,StrayKids_ChkChkBoom
0P0aQreFs8w,200 MİLLİON LETS GO,3,2026-03-08T17:37:26Z,StrayKids_ChkChkBoom
0P0aQreFs8w,200M let's go!!,6,2026-03-08T16:38:52Z,StrayKids_ChkChkBoom
0P0aQreFs8w,Who is here for 200 M,191,2026-03-08T16:15:10Z,StrayKids_ChkChkBoom
0P0aQreFs8w,kediyi mi daha çok seviyorsun beni mi nasıl bir soru ya,0,2026-03-08T16:03:20Z,StrayKids_ChkChkBoom
0P0aQreFs8w,2026 anybody?,2,2026-03-08T15:48:08Z,StrayKids_ChkChkBoom
0P0aQreFs8w,DALE QUE LLEGAMOS A LOS 200 MILLONESSS❤🎉🎉,1,2026-03-08T15:32:41Z,StrayKids_ChkChkBoom
0P0aQreFs8w,200M !!! So close,2,2026-03-08T15:28:01Z,StrayKids_ChkChkBoom
0P0aQreFs8w,2026 goal:200million with miroh,19,2026-03-08T15:07:08Z,StrayKids_ChkChkBoom
0P0aQreFs8w,Why is natalie's dad Ryan Reynolds in this music video and i'm not?! :(,0,2026-03-08T13:51:57Z,StrayKids_ChkChkBoom
0P0aQreFs8w,913k,1,2026-03-08T13:45:19Z,StrayKids_ChkChkBoom
0P0aQreFs8w,912 k,2,2026-03-08T13:40:38Z,StrayKids_ChkChkBoom
0P0aQreFs8w,Performans videosu 160M oldu 🎉,1,2026-03-08T13:15:14Z,StrayKids_ChkChkBoom
0P0aQreFs8w,198M!!!,0,2026-03-08T13:14:53Z,StrayKids_ChkChkBoom
0P0aQreFs8w,911k,0,2026-03-08T13:14:38Z,StrayKids_ChkChkBoom
0P0aQreFs8w,200M!! Is so close. Stays we can do anything for them! We can do itt!,1,2026-03-08T13:11:23Z,StrayKids_ChkChkBoom
0P0aQreFs8w,TRIGGER FIREE,0,2026-03-08T13:08:53Z,StrayKids_ChkChkBoom
0P0aQreFs8w,200 olana kadar burdayim sen benim icin bambaskasin,1,2026-03-08T12:40:14Z,StrayKids_ChkChkBoom
0P0aQreFs8w,909k,1,2026-03-08T12:39:36Z,StrayKids_ChkChkBoom
0P0aQreFs8w,"We are close to 200M views!!!
Let's do it Stay 😎👌🔥❤️",1,2026-03-08T12:33:57Z,StrayKids_ChkChkBoom
0P0aQreFs8w,198M soon!,0,2026-03-08T11:32:19Z,StrayKids_ChkChkBoom
0P0aQreFs8w,Lee know say : gabojago,0,2026-03-08T10:45:10Z,StrayKids_ChkChkBoom
0P0aQreFs8w,"target : 200M
STAYY LET'S GOO",1,2026-03-08T09:27:34Z,StrayKids_ChkChkBoom
0P0aQreFs8w,200M GABOJAGO,1,2026-03-08T07:29:32Z,StrayKids_ChkChkBoom
0P0aQreFs8w,200M... let's go,2,2026-03-08T06:41:17Z,StrayKids_ChkChkBoom
0P0aQreFs8w,fighting stay,0,2026-03-08T05:47:05Z,StrayKids_ChkChkBoom
0P0aQreFs8w,up,0,2026-03-08T05:22:49Z,StrayKids_ChkChkBoom
0P0aQreFs8w,"next poster after back door ..

are you ready ?",3,2026-03-08T05:15:21Z,StrayKids_ChkChkBoom
0P0aQreFs8w,Ya un año de está Masterpiece 🙏🏽,0,2026-03-08T03:59:32Z,StrayKids_ChkChkBoom
0P0aQreFs8w,"Casi 200 Millones!
Vamos!",0,2026-03-08T02:54:53Z,StrayKids_ChkChkBoom
0P0aQreFs8w,2026 still here! stz the BEST❤🎉,1,2026-03-08T02:22:46Z,StrayKids_ChkChkBoom
0P0aQreFs8w,I'm still here,0,2026-03-08T02:15:14Z,StrayKids_ChkChkBoom
0P0aQreFs8w,里 real有 李克 里克 提示❤❤❤🎉🎉🎉,0,2026-03-08T01:49:46Z,StrayKids_ChkChkBoom
0P0aQreFs8w,스트레이 키저😭🔥🔥🔥🔥,0,2026-03-08T01:10:53Z,StrayKids_ChkChkBoom
0P0aQreFs8w,871 k,1,2026-03-08T01:03:01Z,StrayKids_ChkChkBoom
0P0aQreFs8w,moralim bozuldu,0,2026-03-08T00:16:59Z,StrayKids_ChkChkBoom
0P0aQreFs8w,I am Chk Chk Boom stay. Glad that their The First Take's version dropped on my feed.,0,2026-03-07T23:22:19Z,StrayKids_ChkChkBoom
0P0aQreFs8w,ESTO ES HARTE PURO,0,2026-03-07T21:51:37Z,StrayKids_ChkChkBoom
0P0aQreFs8w,Yemin ederim,0,2026-03-07T20:49:07Z,StrayKids_ChkChkBoom
0P0aQreFs8w,❤❤,0,2026-03-07T20:27:33Z,StrayKids_ChkChkBoom
0P0aQreFs8w,Let's go STAY. We are close to 200 million 💪🏻🎧🫶🏻,80,2026-03-07T20:03:33Z,StrayKids_ChkChkBoom
0P0aQreFs8w,Alguien sabrá bailar español,0,2026-03-07T17:01:28Z,StrayKids_ChkChkBoom
0P0aQreFs8w,Genial 🎉,0,2026-03-07T16:52:04Z,StrayKids_ChkChkBoom
0P0aQreFs8w,LETS GAAUUURR FOR 200 MILLIONS 🤙🏻🦦,1,2026-03-07T16:29:28Z,StrayKids_ChkChkBoom
0P0aQreFs8w,Ameiii!!!,0,2026-03-07T16:10:52Z,StrayKids_ChkChkBoom
0P0aQreFs8w,Master pièces,0,2026-03-07T14:02:43Z,StrayKids_ChkChkBoom
0P0aQreFs8w,Stayyyyyyyyyyyy 200millon stay,1,2026-03-07T14:00:35Z,StrayKids_ChkChkBoom
0P0aQreFs8w,Slay when felix is cheering,0,2026-03-07T13:58:52Z,StrayKids_ChkChkBoom
0P0aQreFs8w,Boom 💥 boom 💥,1,2026-03-07T13:22:51Z,StrayKids_ChkChkBoom
0P0aQreFs8w,LET'S GOOOOO 200M  STAY!!!!!!!!!!,1,2026-03-07T13:09:12Z,StrayKids_ChkChkBoom
0P0aQreFs8w,This is so cool! I'm thinking that my heart is making boom after mv,2,2026-03-07T08:08:57Z,StrayKids_ChkChkBoom
0P0aQreFs8w,Fate schifo si siete bravi ma non quanto i big Bang,0,2026-03-07T07:39:01Z,StrayKids_ChkChkBoom
0P0aQreFs8w,l hate BTS,0,2026-03-07T07:01:47Z,StrayKids_ChkChkBoom
0P0aQreFs8w,Stray Kids. They’re the best. I like this. This music. I think Rafa.❤❤❤❤❤ ❤❤❤❤❤ ❤❤❤❤❤❤❤❤❤❤❤❤❤❤❤❤❤❤❤❤❤❤❤❤,1,2026-03-07T03:48:20Z,StrayKids_ChkChkBoom
0P0aQreFs8w,"He even wanted to get into the street, kids",0,2026-03-07T02:05:27Z,StrayKids_ChkChkBoom
0P0aQreFs8w,amo este mv,0,2026-03-07T00:39:50Z,StrayKids_ChkChkBoom
0P0aQreFs8w,200M icin burda miyiz sta,2,2026-03-07T00:21:38Z,StrayKids_ChkChkBoom
0P0aQreFs8w,Yeah ❤❤🎉,0,2026-03-06T23:44:47Z,StrayKids_ChkChkBoom
0P0aQreFs8w,my bias is Hyujin Banchan and Han Jisung go straykids go nice moves better than,0,2026-03-06T18:38:05Z,StrayKids_ChkChkBoom
0P0aQreFs8w,now this is what the fans wanna see,0,2026-03-06T16:54:33Z,StrayKids_ChkChkBoom
0P0aQreFs8w,VAMOS A POR LOS 200 K,0,2026-03-06T16:29:48Z,StrayKids_ChkChkBoom
0P0aQreFs8w,716k,0,2026-03-06T16:13:32Z,StrayKids_ChkChkBoom
0P0aQreFs8w,"716k, CHK CHK BOOM 💣",1,2026-03-06T15:53:35Z,StrayKids_ChkChkBoom
0P0aQreFs8w,2.3M more for 200M,1,2026-03-06T14:39:31Z,StrayKids_ChkChkBoom
0P0aQreFs8w,Boom chk boom 🔥😍😎,0,2026-03-06T13:48:24Z,StrayKids_ChkChkBoom
0P0aQreFs8w,This has somehow become me and my coworker's theme song for unloading the dishwasher at work 😅,0,2026-03-06T10:37:48Z,StrayKids_ChkChkBoom
0P0aQreFs8w,sorry i love how bang chan and some others said for a while❤‍🔥,0,2026-03-06T09:18:14Z,StrayKids_ChkChkBoom
0P0aQreFs8w,1:32 my fav Felix part and my bias is felix,1,2026-03-06T07:34:17Z,StrayKids_ChkChkBoom
0P0aQreFs8w,Love you guys 😘😘❣️,1,2026-03-06T05:09:24Z,StrayKids_ChkChkBoom
0P0aQreFs8w,wow this songs lit,0,2026-03-06T04:51:38Z,StrayKids_ChkChkBoom
0P0aQreFs8w,I'm glad they made this song. It's so awesome. I would love to see them live one day,0,2026-03-06T03:57:49Z,StrayKids_ChkChkBoom
0P0aQreFs8w,𝔸𝕞𝕠𝕠𝕠𝕠 𝕟𝕠 𝕕𝕖𝕛𝕠 𝕕𝕖 𝕖𝕤𝕔𝕦𝕔𝕙𝕒𝕣𝕝𝕒 𝕒 𝕪 𝕝𝕒 𝕡𝕒𝕣𝕥𝕖 𝕕𝕖 𝕙𝕒𝕟𝕟𝕚 𝕖𝕤 𝕥𝕒𝕟 🔥💯❤,1,2026-03-06T02:18:26Z,StrayKids_ChkChkBoom
0P0aQreFs8w,I became a Stay 3 months ago and I love you!,1,2026-03-06T00:11:03Z,StrayKids_ChkChkBoom
0P0aQreFs8w,"STAY vamos por esos 200 Millones
🗣📢AMIGO!!!",1,2026-03-05T23:56:59Z,StrayKids_ChkChkBoom
0P0aQreFs8w,Antes del aniversario de SKZ hay que llegar a los 200M como regalo stays,1,2026-03-05T23:14:26Z,StrayKids_ChkChkBoom
0P0aQreFs8w,"Lo mejor del video solo fue deadpool y wolverine , después no entendí nafota",1,2026-03-05T22:47:55Z,StrayKids_ChkChkBoom
0P0aQreFs8w,I ❤ szk,1,2026-03-05T22:38:16Z,StrayKids_ChkChkBoom
0P0aQreFs8w,Neyde sudecim seninle konuşmak iyi geldi özlrmişim baya seni ama yatmam lazım kodumun okuluna gidicrm iyi gecelerr🥺,1,2026-03-05T22:28:00Z,StrayKids_ChkChkBoom
0P0aQreFs8w,yemişsin gibime geldi,0,2026-03-05T22:27:18Z,StrayKids_ChkChkBoom
0P0aQreFs8w,bu yaz grubu canlandırmayla ilgili planlarımı devreye sokacağım,0,2026-03-05T22:24:37Z,StrayKids_ChkChkBoom
0P0aQreFs8w,Ben size motor sesimi atıyordum asla motor olmayan motor sesimi,0,2026-03-05T22:21:42Z,StrayKids_ChkChkBoom
0P0aQreFs8w,ama ne yapayım ya çok güzel kafa mı bıraktı bende,0,2026-03-05T22:18:33Z,StrayKids_ChkChkBoom
0P0aQreFs8w,Deniz nasıl onunla da bayadıe konuşmuyoruz dedem konuşmayalı daha çok yaşlanmıştır,0,2026-03-05T22:13:18Z,StrayKids_ChkChkBoom
0P0aQreFs8w,yeni tanışmıştık ama kendimi size o kadar yakın hissediyordum ki sanki hep tanıyormuş gibi,0,2026-03-05T22:11:13Z,StrayKids_ChkChkBoom
0P0aQreFs8w,grubumuz peki😔😔😔,0,2026-03-05T22:09:51Z,StrayKids_ChkChkBoom
0P0aQreFs8w,Benim en kuduruk olduğum eraydı daha da o kadar kuduruk olamadım,0,2026-03-05T22:05:03Z,StrayKids_ChkChkBoom
0P0aQreFs8w,rio hâlâ yok,0,2026-03-05T22:04:47Z,StrayKids_ChkChkBoom
0P0aQreFs8w,2 yıl olacak vay be,0,2026-03-05T22:02:09Z,StrayKids_ChkChkBoom
0P0aQreFs8w,OF BEN CCB ZAMANINI ÖZLEDİM İLK TANIŞTIĞIMIZ ZAMAN ÇOK GÜZELDİ,0,2026-03-05T21:59:15Z,StrayKids_ChkChkBoom
0P0aQreFs8w,benim eskiden ytde çeviri kanalım vardı biliyor musun,0,2026-03-05T21:55:24Z,StrayKids_ChkChkBoom
0P0aQreFs8w,2016'da soy luna izlerken öğrenmek istediğime karar vermiştim,0,2026-03-05T21:52:41Z,StrayKids_ChkChkBoom
0P0aQreFs8w,"3:09 Changbin, Stay y yo sabemos que te estabas aguantando la risa 🫵",0,2026-03-05T21:49:51Z,StrayKids_ChkChkBoom
0P0aQreFs8w,ben böyle hayal etmiyordum ama dili,0,2026-03-05T21:49:47Z,StrayKids_ChkChkBoom
0P0aQreFs8w,Sude dil mi ea mı sence dil bölümğ nasıl zorlanıyor musun eaya göre,0,2026-03-05T21:44:30Z,StrayKids_ChkChkBoom
0P0aQreFs8w,ben ciddili papatya çayı yapacağım ister misin nefisem,0,2026-03-05T21:41:05Z,StrayKids_ChkChkBoom
0P0aQreFs8w,of ya o kadar çalışasım gelmedi ki şuan,0,2026-03-05T21:37:07Z,StrayKids_ChkChkBoom
0P0aQreFs8w,Ayt fiizk mi çalışsam kafamı fırına mı soksam,0,2026-03-05T21:36:14Z,StrayKids_ChkChkBoom
0P0aQreFs8w,Pandalı anahtarlık mı ama 500lira mı ne crbşmde ki son parayla alıcam,0,2026-03-05T21:34:16Z,StrayKids_ChkChkBoom
0P0aQreFs8w,Şebnem ferah olayı ne nolmuş linçleniyo mu anlamadım,0,2026-03-05T21:29:57Z,StrayKids_ChkChkBoom
0P0aQreFs8w,Ben çöpmüşüm ben çökmüşüm,0,2026-03-05T21:15:26Z,StrayKids_ChkChkBoom
0P0aQreFs8w,burçin terzioğlu ben flört etmem direkt öperim demiş,0,2026-03-05T21:09:25Z,StrayKids_ChkChkBoom
0P0aQreFs8w,neden hep kadınlar çekiyor her şeyi,0,2026-03-05T20:47:11Z,StrayKids_ChkChkBoom
0P0aQreFs8w,Petek,0,2026-03-05T17:33:11Z,StrayKids_ChkChkBoom
0P0aQreFs8w,"This song is PEAK 
I dont gave words to describe this song's- aaahhhhh idk wht im doning
Skz imma stan u fr life",0,2026-03-05T17:32:39Z,StrayKids_ChkChkBoom
0P0aQreFs8w,정말 멋지고 재미있는 음악이네요!,4,2026-03-05T17:28:52Z,StrayKids_ChkChkBoom
0P0aQreFs8w,The Spanish words that they used fits pretty well!,1,2026-03-05T16:48:56Z,StrayKids_ChkChkBoom
0P0aQreFs8w,2026,1,2026-03-05T13:03:06Z,StrayKids_ChkChkBoom
0P0aQreFs8w,"Honestly, for me, this is the ""best"" song and the ""best"" mv from the whole damn kpop industry dude! And also I have to say this, I'm not even a stay but an army. But I love skz so much as much as bts",3,2026-03-05T10:51:05Z,StrayKids_ChkChkBoom
0P0aQreFs8w,Is that Wolverine?,2,2026-03-05T08:51:15Z,StrayKids_ChkChkBoom
0P0aQreFs8w,I belong to so many fandoms that I don't even remember when this video came out. 😭👊,2,2026-03-05T08:17:00Z,StrayKids_ChkChkBoom
0P0aQreFs8w,Let's go 200M ❤🎉,2,2026-03-05T03:49:28Z,StrayKids_ChkChkBoom
0P0aQreFs8w,I like my own comments...😔,15,2026-03-05T03:11:00Z,StrayKids_ChkChkBoom
0P0aQreFs8w,1:26,3,2026-03-05T02:30:06Z,StrayKids_ChkChkBoom
0P0aQreFs8w,Do it dijo jajaja,1,2026-03-05T02:29:40Z,StrayKids_ChkChkBoom
0P0aQreFs8w,198M,1,2026-03-05T01:46:48Z,StrayKids_ChkChkBoom
0P0aQreFs8w,583k,1,2026-03-05T01:46:21Z,StrayKids_ChkChkBoom
0P0aQreFs8w,Felix😄🎉,1,2026-03-05T01:14:28Z,StrayKids_ChkChkBoom
0P0aQreFs8w,"1 year later, this song is still iconic. It's not easy to create a song that sticks to your mind forever, and I'm so happy that Stray Kids achieved that!!!!",27,2026-03-05T00:42:19Z,StrayKids_ChkChkBoom
0P0aQreFs8w,i Love Stray Kids 💙💙💙💙🥰,0,2026-03-05T00:02:13Z,StrayKids_ChkChkBoom
0P0aQreFs8w,Actually thought this was a ad,0,2026-03-04T23:58:26Z,StrayKids_ChkChkBoom
0P0aQreFs8w,Bro,0,2026-03-04T22:12:34Z,StrayKids_ChkChkBoom
0P0aQreFs8w,198 million let's go,1,2026-03-04T18:11:51Z,StrayKids_ChkChkBoom
0P0aQreFs8w,boom boom chk chk boom,0,2026-03-04T17:30:11Z,StrayKids_ChkChkBoom
0P0aQreFs8w,Who's listening in march 2026?,1,2026-03-04T16:52:49Z,StrayKids_ChkChkBoom
0P0aQreFs8w,TE KIERO JAN,0,2026-03-04T16:04:08Z,StrayKids_ChkChkBoom
0P0aQreFs8w,❤❤❤❤,0,2026-03-04T16:02:37Z,StrayKids_ChkChkBoom
0P0aQreFs8w,One of their best songs tbh,3,2026-03-04T15:47:24Z,StrayKids_ChkChkBoom
0P0aQreFs8w,534k,0,2026-03-04T15:42:22Z,StrayKids_ChkChkBoom
0P0aQreFs8w,Petek,0,2026-03-04T15:31:24Z,StrayKids_ChkChkBoom
0P0aQreFs8w,0:49 spoiler??,0,2026-03-04T11:31:00Z,StrayKids_ChkChkBoom
0P0aQreFs8w,0:38 I'm so obsessed with this this parttt,0,2026-03-04T10:46:31Z,StrayKids_ChkChkBoom
0P0aQreFs8w,0:17 por qué habla del papel de baño,0,2026-03-04T10:18:18Z,StrayKids_ChkChkBoom
0P0aQreFs8w,이 노래 정말 좋네요.,6,2026-03-04T09:20:02Z,StrayKids_ChkChkBoom
0P0aQreFs8w,2.5M more for 200M,2,2026-03-04T06:19:05Z,StrayKids_ChkChkBoom
0P0aQreFs8w,VAMOS 200M VIEWS🤌🤌,4,2026-03-04T04:56:05Z,StrayKids_ChkChkBoom
0P0aQreFs8w,Rahhh,0,2026-03-04T03:19:17Z,StrayKids_ChkChkBoom
0P0aQreFs8w,Let's go 200m stay,1,2026-03-04T03:05:21Z,StrayKids_ChkChkBoom
0P0aQreFs8w,Vamo em busca dos 200M stays ^^,2,2026-03-04T01:48:56Z,StrayKids_ChkChkBoom
0P0aQreFs8w,"BRO….YouTubes right 

(STAYS)❤❤❤❤",21,2026-03-04T00:18:25Z,StrayKids_ChkChkBoom
0P0aQreFs8w,"Ça "" Boum "" "" Boum ""
badaboum !!!!!!!!  🤪",20,2026-03-03T22:41:26Z,StrayKids_ChkChkBoom
0P0aQreFs8w,Es totalmente perfecto,1,2026-03-03T22:23:14Z,StrayKids_ChkChkBoom
0P0aQreFs8w,E eu q fiquei achando q era propaganda o começo ;-;,0,2026-03-03T18:19:04Z,StrayKids_ChkChkBoom
0P0aQreFs8w,💯💯💯💯💯💯💯💯,1,2026-03-03T17:22:53Z,StrayKids_ChkChkBoom
0P0aQreFs8w,"Is anyone here on March 3, 2026?",9,2026-03-03T15:42:35Z,StrayKids_ChkChkBoom
0P0aQreFs8w,Who listen in March 2026?,159,2026-03-03T15:03:25Z,StrayKids_ChkChkBoom
0P0aQreFs8w,I LOVE  STRAY kids,0,2026-03-03T11:44:17Z,StrayKids_ChkChkBoom
0P0aQreFs8w,iu skz,0,2026-03-03T09:13:29Z,StrayKids_ChkChkBoom
0P0aQreFs8w,"I have, by far, NEVER come across a Stray Kids song that has disappointed me. Its like its impossible for them to make average, half-ass music. Biggest fan.",0,2026-03-03T08:03:11Z,StrayKids_ChkChkBoom
0P0aQreFs8w,"Stray Kids 8♡
#ChkChkBoom
(⁠＾⁠∇⁠＾⁠)⁠ﾉ⁠♪",0,2026-03-03T05:48:15Z,StrayKids_ChkChkBoom
0P0aQreFs8w,Sin dudas lo mejor que hice fue hacerme stay porque sino me hubiera perdido de este temazo 🔥🔥🔥❗,1,2026-03-03T02:04:16Z,StrayKids_ChkChkBoom
0P0aQreFs8w,Amoo Chk Chk,1,2026-03-03T01:34:54Z,StrayKids_ChkChkBoom
0P0aQreFs8w,Onwards to 200 million!!! Let's make SKZ very proud this year!!!!,11,2026-03-02T23:47:35Z,StrayKids_ChkChkBoom
0P0aQreFs8w,😂❤,1,2026-03-02T21:07:08Z,StrayKids_ChkChkBoom
0P0aQreFs8w,😂❤,0,2026-03-02T21:07:08Z,StrayKids_ChkChkBoom
0P0aQreFs8w,378k,0,2026-03-02T20:11:48Z,StrayKids_ChkChkBoom
0P0aQreFs8w,"이 노래는 팬덤에 나를 얻었다,나는이 노래를 사랑!!!!!!",5,2026-03-02T18:15:55Z,StrayKids_ChkChkBoom
0P0aQreFs8w,"My brain can't process that much, OMG 😭💗",0,2026-03-02T18:11:31Z,StrayKids_ChkChkBoom
0P0aQreFs8w,dostum resmen insanları kıskandıracak şekildesiniz🤩 türküm bu arada yanii TÜRKİYEEEE,0,2026-03-02T18:00:14Z,StrayKids_ChkChkBoom
0P0aQreFs8w,365 k,1,2026-03-02T17:53:08Z,StrayKids_ChkChkBoom
0P0aQreFs8w,"JUST 3 MILLION MORE VIEWSSSS!!!!!!!!😭
200M❤",1,2026-03-02T16:54:20Z,StrayKids_ChkChkBoom
0P0aQreFs8w,This at 1.85x is just wow,0,2026-03-02T16:06:01Z,StrayKids_ChkChkBoom
0P0aQreFs8w,LET'S GO ...200M...LET'S DO IT....❤❤💥💫,1,2026-03-02T16:02:36Z,StrayKids_ChkChkBoom
0P0aQreFs8w,Who's listening in 2026 March 2 anyone?😅,0,2026-03-02T15:34:12Z,StrayKids_ChkChkBoom
0P0aQreFs8w,Nice 😊❤🎉,0,2026-03-02T14:09:58Z,StrayKids_ChkChkBoom
0P0aQreFs8w,Who is here March 2 Monday 2026,1,2026-03-02T11:49:21Z,StrayKids_ChkChkBoom
0P0aQreFs8w,"338k, I ❤ CHK CHK BOOM",1,2026-03-02T09:35:59Z,StrayKids_ChkChkBoom
0P0aQreFs8w,"0:47
2:21
2:30",0,2026-03-02T08:17:21Z,StrayKids_ChkChkBoom
0P0aQreFs8w,"This is for baby stays because I remember when I was having so much trouble figuring out who was who 😭 

Han w/ black hair 0:34 
Changbin w/ purple hair 0:44 
Jeongin/ I.N w/ orange hair 0:50
Bangchan (leader) w/ black hair 1:02 
Hyunjin w/ black hair (center at this part) 1:06 
Lee Know w/ black hair (center at this part) 1:21 
Felix w/ silver hair  1:32 
Seungmin w/ black hair 1:58",2,2026-03-02T07:38:38Z,StrayKids_ChkChkBoom
0P0aQreFs8w,Let' s go 200M stayssssssss.......,0,2026-03-02T07:31:49Z,StrayKids_ChkChkBoom
0P0aQreFs8w,Star forever🎉🎉❤❤,0,2026-03-02T07:25:13Z,StrayKids_ChkChkBoom
0P0aQreFs8w,2.7M more for 200M,0,2026-03-02T07:19:18Z,StrayKids_ChkChkBoom
0P0aQreFs8w,Chk Chk Boom es CHK CHK BOOM,2,2026-03-02T04:18:32Z,StrayKids_ChkChkBoom
0P0aQreFs8w,最初ナチュラルにチキチキボーンとのタイアップ曲だと思ってた,0,2026-03-02T03:48:33Z,StrayKids_ChkChkBoom
0P0aQreFs8w,my fav comebackk,0,2026-03-02T02:11:16Z,StrayKids_ChkChkBoom
0P0aQreFs8w,aguante stray kids y punto la puta madre,1,2026-03-02T01:56:13Z,StrayKids_ChkChkBoom
0P0aQreFs8w,200 m,1,2026-03-02T00:48:35Z,StrayKids_ChkChkBoom
0P0aQreFs8w,🗣🗣🗣 Ratatataa,4,2026-03-02T00:36:30Z,StrayKids_ChkChkBoom
0P0aQreFs8w,Aaaaaaaa boooom¡¡¡¡¡¡¡¡¡¡¡¡,2,2026-03-02T00:28:15Z,StrayKids_ChkChkBoom
0P0aQreFs8w,❤❤,0,2026-03-01T23:54:56Z,StrayKids_ChkChkBoom
0P0aQreFs8w,303k,0,2026-03-01T23:05:01Z,StrayKids_ChkChkBoom
0P0aQreFs8w,Acımasızsın isyankarsin,0,2026-03-01T20:17:30Z,StrayKids_ChkChkBoom
0P0aQreFs8w,I'm still wondering how this collaboration happened...This ERA was iconic !!,3,2026-03-01T20:09:40Z,StrayKids_ChkChkBoom
0P0aQreFs8w,bang chan look so perfict and his voice omgggg ‏‪0:59‬‏,1,2026-03-01T19:29:15Z,StrayKids_ChkChkBoom
0P0aQreFs8w,bang chan look so perfict and his voice omgggg,1,2026-03-01T19:29:14Z,StrayKids_ChkChkBoom
0P0aQreFs8w,1st March 2026,0,2026-03-01T17:58:41Z,StrayKids_ChkChkBoom
0P0aQreFs8w,can’t believe this was a year ago 😭,1,2026-03-01T17:51:49Z,StrayKids_ChkChkBoom
0P0aQreFs8w,ITS SO SO SO SO SO PERFECT,1,2026-03-01T17:09:16Z,StrayKids_ChkChkBoom
0P0aQreFs8w,200🎉,0,2026-03-01T17:02:40Z,StrayKids_ChkChkBoom
0P0aQreFs8w,Who's here in march 2026? ❤❤,9,2026-03-01T17:00:21Z,StrayKids_ChkChkBoom
0P0aQreFs8w,Chick chick boom,1,2026-03-01T15:35:49Z,StrayKids_ChkChkBoom
0P0aQreFs8w,❤❤❤ 0:40,0,2026-03-01T15:13:13Z,StrayKids_ChkChkBoom
0P0aQreFs8w,Chk chk boom STRAY KID 2:43 S🎤🎤🎤🎤🎤🎤🎤🎤🎤,0,2026-03-01T14:04:01Z,StrayKids_ChkChkBoom
0P0aQreFs8w,200 million,1,2026-03-01T13:59:35Z,StrayKids_ChkChkBoom
0P0aQreFs8w,did anyone see han getting crushed by a chair??? 😭😭😭😭😭😭😭😭,1,2026-03-01T13:45:19Z,StrayKids_ChkChkBoom
0P0aQreFs8w,Am I the only one who thinks STRAYKIDS and BLACKPINK make a good couple? ❤😊😂,1,2026-03-01T12:47:27Z,StrayKids_ChkChkBoom
0P0aQreFs8w,Kpop 🎉🎉🎉🎉🎉🎉🎉🎉🎉🎉🎉🎉🎉🎉end rumi ❤❤❤❤,0,2026-03-01T12:33:00Z,StrayKids_ChkChkBoom
0P0aQreFs8w,Omg music omg omg omg omg omg omg omg omg omg omg 🌈🌈🌈🌈🌈🖤🖤🖤🖤🖤🖤🖤🖤🖤🖤🖤🧡🖤🖤🖤🖤🖤🖤❤️💛🙀🙀🙀🙀🙀🙀😽😽😽😽😻😻😻😹😹😹😹😹😹🤑🤑🤑🤑,0,2026-03-01T12:32:14Z,StrayKids_ChkChkBoom
0P0aQreFs8w,🥰🥰🥰🥰🥰🥰🥰🥰j'adore ❤❤❤❤,0,2026-03-01T12:15:09Z,StrayKids_ChkChkBoom
0P0aQreFs8w,The only thing that would make this video even better would be more hugh jackman cuz for me I like hugh jackman better then Ryan Reynolds not that there's anything wrong with Ryan I just prefer hugh jackman,0,2026-03-01T11:57:01Z,StrayKids_ChkChkBoom
0P0aQreFs8w,Ta piosenka jest świetna ❤,0,2026-03-01T09:45:09Z,StrayKids_ChkChkBoom
0P0aQreFs8w,"1:35 Hey, I thought there's no 'r' letter in Korean!",1,2026-03-01T09:06:51Z,StrayKids_ChkChkBoom
0P0aQreFs8w,March anyone 😁,0,2026-03-01T08:29:45Z,StrayKids_ChkChkBoom
0P0aQreFs8w,"237k, CHK CHK BOOM ❤",3,2026-03-01T07:33:35Z,StrayKids_ChkChkBoom
0P0aQreFs8w,❤,0,2026-03-01T03:01:20Z,StrayKids_ChkChkBoom
0P0aQreFs8w,Oh my God,0,2026-02-28T23:34:56Z,StrayKids_ChkChkBoom
0P0aQreFs8w,Let's break that 200  mill stays we got this,3,2026-02-28T23:01:23Z,StrayKids_ChkChkBoom
0P0aQreFs8w,Bir sürü işle uğraşıyo hepsinde de başarısız,0,2026-02-28T20:00:40Z,StrayKids_ChkChkBoom
0P0aQreFs8w,LETS GO,1,2026-02-28T19:42:23Z,StrayKids_ChkChkBoom
0P0aQreFs8w,😅❤👍😰😭🥴👍👍,0,2026-02-28T18:59:25Z,StrayKids_ChkChkBoom
0P0aQreFs8w,Who's listening in 2026 Feb 28 anyone 😅,155,2026-02-28T18:26:38Z,StrayKids_ChkChkBoom
0P0aQreFs8w,comió más bien devoró El rap de Chanbing es muy bueno,1,2026-02-28T18:04:09Z,StrayKids_ChkChkBoom
0P0aQreFs8w,1000000000000000000000000000000000000000/10 🤩🤩🤩🤩,3,2026-02-28T17:40:16Z,StrayKids_ChkChkBoom
0P0aQreFs8w,tuğba hoca yazmış hiç beklemiyordum ya çok tatlı,0,2026-02-28T16:17:32Z,StrayKids_ChkChkBoom
0P0aQreFs8w,Why do they look so bored,0,2026-02-28T14:01:14Z,StrayKids_ChkChkBoom
0P0aQreFs8w,In the first place I thought it was a ad 😅.,1,2026-02-28T10:27:36Z,StrayKids_ChkChkBoom
0P0aQreFs8w,deadpool?,2,2026-02-28T10:11:22Z,StrayKids_ChkChkBoom
0P0aQreFs8w,That's incredible 🔥🔥,1,2026-02-28T09:38:55Z,StrayKids_ChkChkBoom
0P0aQreFs8w,TEMAZOOO,2,2026-02-28T09:27:28Z,StrayKids_ChkChkBoom
0P0aQreFs8w,0:02 what...,0,2026-02-28T09:05:27Z,StrayKids_ChkChkBoom
0P0aQreFs8w,They really said eat zucchini 🍆,0,2026-02-28T08:45:54Z,StrayKids_ChkChkBoom
0P0aQreFs8w,1:25 -1:55,0,2026-02-28T08:44:17Z,StrayKids_ChkChkBoom
0P0aQreFs8w,TA QUASE NOS 200M,1,2026-02-28T07:29:38Z,StrayKids_ChkChkBoom
0P0aQreFs8w,197M,2,2026-02-28T05:18:07Z,StrayKids_ChkChkBoom
0P0aQreFs8w,I'm a army but my mom likes to listen to stray kids so guess who is listening to their masterpieces... ;),1,2026-02-28T04:38:40Z,StrayKids_ChkChkBoom
0P0aQreFs8w,Pero aganle stream vvs,0,2026-02-28T04:21:09Z,StrayKids_ChkChkBoom
0P0aQreFs8w,I love felix 0:22,1,2026-02-28T03:01:22Z,StrayKids_ChkChkBoom
0P0aQreFs8w,Perfección ❤,1,2026-02-28T01:54:35Z,StrayKids_ChkChkBoom
0P0aQreFs8w,Tags...💗,0,2026-02-28T01:50:25Z,StrayKids_ChkChkBoom
0P0aQreFs8w,𝐼'𝑀 𝐴 𝐻𝑈𝐺𝐸 𝐹𝐴𝑁! 𝐼 𝐿𝑂𝑉𝐸 𝐻𝐸𝑅 𝑆𝑂𝑁𝐺𝑆! 𝐼'𝑉𝐸 𝑆𝐸𝐸𝑁 𝑇𝐻𝐸𝑀 𝐴𝐿𝐿! 𝐼 𝐴𝑀 𝐴 𝑆𝑇𝐴𝑌𝑌𝑌⋆. ♡ ˚💋💋,1,2026-02-28T01:07:15Z,StrayKids_ChkChkBoom
0P0aQreFs8w,2:12 la Vida loca,1,2026-02-28T00:18:35Z,StrayKids_ChkChkBoom
0P0aQreFs8w,The best song of all the time .. Stays let's make it 200M soon !!,7,2026-02-27T22:50:28Z,StrayKids_ChkChkBoom
0P0aQreFs8w,🧟‍♀️,0,2026-02-27T21:59:30Z,StrayKids_ChkChkBoom
0P0aQreFs8w,❤️🥰,2,2026-02-27T19:05:35Z,StrayKids_ChkChkBoom
0P0aQreFs8w,1:57 SEUNGMİN?! EXCUSE MEE???!!,2,2026-02-27T18:25:19Z,StrayKids_ChkChkBoom
0P0aQreFs8w,Walking on water 93,1,2026-02-27T18:02:37Z,StrayKids_ChkChkBoom
0P0aQreFs8w,8 gün sonra geldim,0,2026-02-27T18:02:08Z,StrayKids_ChkChkBoom
0P0aQreFs8w,Do it 87M🎉🎉🎉,1,2026-02-27T18:01:20Z,StrayKids_ChkChkBoom
0P0aQreFs8w,Performans video 160M!!!,1,2026-02-27T18:00:58Z,StrayKids_ChkChkBoom
0P0aQreFs8w,M,0,2026-02-27T18:00:27Z,StrayKids_ChkChkBoom
0P0aQreFs8w,199 olunca gelice,1,2026-02-27T18:00:23Z,StrayKids_ChkChkBoom
0P0aQreFs8w,Stream back door Easy Miroh and ccb,1,2026-02-27T18:00:01Z,StrayKids_ChkChkBoom
0P0aQreFs8w,Lets go 200M,1,2026-02-27T17:59:48Z,StrayKids_ChkChkBoom
0P0aQreFs8w,197M🎉🎉🎉🎉🎉🎉🎉🎉,0,2026-02-27T17:59:39Z,StrayKids_ChkChkBoom
0P0aQreFs8w,"“BOOM, VAMOS I KNOW THAT YOU WANT IT BOOM SO CATASTROPHIC, BOOM, RATATATATA IMMA MAKE IT BOOM BOOM CHK CHK BOOM” !!",0,2026-02-27T17:29:40Z,StrayKids_ChkChkBoom
0P0aQreFs8w,My friend made me into a stay I'M BLESSED WITH A FRIEND LIKE HER,1,2026-02-27T17:05:37Z,StrayKids_ChkChkBoom
0P0aQreFs8w,200m lest go stay,0,2026-02-27T15:49:21Z,StrayKids_ChkChkBoom
0P0aQreFs8w,"Who is here in 2026 
Chagbin,s so old t-shirt 👕 😂",0,2026-02-27T15:28:09Z,StrayKids_ChkChkBoom
0P0aQreFs8w,"My ydol is a Bang Chan ❤
I love stray kids",2,2026-02-27T12:52:27Z,StrayKids_ChkChkBoom
0P0aQreFs8w,"!!! Stray kids, please, reconsider!!! >> In this time of almost 3. world war I think is time to stop making atmosphere for encouraging violence... (although it has a nice rhytm and everything)clock-turquoise-looking-up",0,2026-02-27T07:46:19Z,StrayKids_ChkChkBoom
0P0aQreFs8w,98شو,0,2026-02-27T07:01:08Z,StrayKids_ChkChkBoom
0P0aQreFs8w,VAMOS POR LOS 200M !!,0,2026-02-27T06:31:11Z,StrayKids_ChkChkBoom
0P0aQreFs8w,Let's go 200M STAY,0,2026-02-27T05:46:55Z,StrayKids_ChkChkBoom
0P0aQreFs8w,2026년은 BTS의 해가 될 것이다💜💜,0,2026-02-27T05:37:16Z,StrayKids_ChkChkBoom
0P0aQreFs8w,🥹🥹🥹🤩🤩💓💓💓,0,2026-02-27T05:25:27Z,StrayKids_ChkChkBoom
0P0aQreFs8w,I love ❤❤❤ 🥰,0,2026-02-27T04:35:44Z,StrayKids_ChkChkBoom
0P0aQreFs8w,"I DIDNT KNOW IT WAS POSSIBLE TO DEVOUR AND LEAVE NO CRUMBS WITH EVERYTHING,YOU HEAR ME???(I'm sorry-I love all of them ofc BUT MY FAV IS FELIX-)",0,2026-02-27T01:30:23Z,StrayKids_ChkChkBoom
0P0aQreFs8w,Si se puede lograr a 200 millones de vistas se puede 🫰🏻,0,2026-02-26T22:42:39Z,StrayKids_ChkChkBoom
0P0aQreFs8w,thank god can you please start uploading your incomplete story on kookie and jinjoo too like in which yn was elder than jk please upload that 🙏🏻🙏🏻,0,2026-02-26T21:19:11Z,StrayKids_ChkChkBoom
0P0aQreFs8w,LET’S GO 200M STAYS!!!!,0,2026-02-26T17:22:58Z,StrayKids_ChkChkBoom
0P0aQreFs8w,1:44 I.N voice❤,0,2026-02-26T17:19:21Z,StrayKids_ChkChkBoom
0P0aQreFs8w,en başından beri manon dediğim için kendimle gurur duyuyorum🫡,0,2026-02-26T17:03:17Z,StrayKids_ChkChkBoom
0P0aQreFs8w,I'm Klára I love STRAY KIDS❤,0,2026-02-26T16:41:06Z,StrayKids_ChkChkBoom
0P0aQreFs8w,El coreano:: ok mañana 💜,0,2026-02-26T16:10:45Z,StrayKids_ChkChkBoom
0P0aQreFs8w,WHTAS 4+4?!❤,1,2026-02-26T15:38:21Z,StrayKids_ChkChkBoom
0P0aQreFs8w,197M soon!,0,2026-02-26T12:22:40Z,StrayKids_ChkChkBoom
0P0aQreFs8w,"SKZ ate that year, the best!",7,2026-02-26T11:24:06Z,StrayKids_ChkChkBoom
0P0aQreFs8w,THE FACT THAT I LEARNED THAT YESTERDAY IS CRAZYYYYYY,4,2026-02-26T11:09:56Z,StrayKids_ChkChkBoom
0P0aQreFs8w,STRAYKIDS IS FAMOUS EVEN YT KNOW IT.🔥🔥🔥🔥,5,2026-02-26T05:55:15Z,StrayKids_ChkChkBoom
0P0aQreFs8w,❤🎉,0,2026-02-26T03:56:48Z,StrayKids_ChkChkBoom
0P0aQreFs8w,I thought  the intro was an ad 😭 BUT DEVOURED ❤❤❤,2,2026-02-26T02:26:19Z,StrayKids_ChkChkBoom
0P0aQreFs8w,❤🎉,0,2026-02-26T00:34:31Z,StrayKids_ChkChkBoom
0P0aQreFs8w,vamos por los 200 millones stay,2,2026-02-25T22:05:14Z,StrayKids_ChkChkBoom
0P0aQreFs8w,They ate with this music video,1,2026-02-25T21:59:33Z,StrayKids_ChkChkBoom
0P0aQreFs8w,200M COME ON WE'RE SO CLOSE BRO !!,2,2026-02-25T21:33:50Z,StrayKids_ChkChkBoom
0P0aQreFs8w,sela fait maintenant 1 an bientot deux chk chk boummmmmmmmmm  c est la premiere fois que je l ecoute !!!!!!!!!!!!!!!!!!!!!!!!!!!!!!!!!!!!!!!!!!!!!!!!!!!!!!!!!!,3,2026-02-25T20:43:41Z,StrayKids_ChkChkBoom
0P0aQreFs8w,Back again <3,13,2026-02-25T20:12:15Z,StrayKids_ChkChkBoom
0P0aQreFs8w,tanked,1,2026-02-25T18:43:24Z,StrayKids_ChkChkBoom
0P0aQreFs8w,then they say why are they ur comfort zones 😭🙏✨,7,2026-02-25T18:33:46Z,StrayKids_ChkChkBoom
0P0aQreFs8w,Best song,2,2026-02-25T17:26:25Z,StrayKids_ChkChkBoom
0P0aQreFs8w,You are very handsome.,7,2026-02-25T16:23:46Z,StrayKids_ChkChkBoom
0P0aQreFs8w,People who saw 67 on the board on Seattle 😅😊😂,1,2026-02-25T15:26:16Z,StrayKids_ChkChkBoom
0P0aQreFs8w,I 2026을 누가 보고 있나요?,3,2026-02-25T14:32:38Z,StrayKids_ChkChkBoom
0P0aQreFs8w,Not devourec more,0,2026-02-25T13:46:46Z,StrayKids_ChkChkBoom
0P0aQreFs8w,"844k, CHK CHK BOOM ❤",4,2026-02-25T10:50:28Z,StrayKids_ChkChkBoom
0P0aQreFs8w,❤❤,0,2026-02-25T09:04:57Z,StrayKids_ChkChkBoom
0P0aQreFs8w,Wow 😦😳 you oh my God oh my God oh my God vin diesel engine oh my God oh my God oh my God I'm just like it oh my God oh my God oh my God❤❤❤❤❤ felixxxx you 😍❤️‍🔥,1,2026-02-25T04:54:11Z,StrayKids_ChkChkBoom
0P0aQreFs8w,"Stray kids is so cool ,☆STRAYKIDS ☆ is very legendary relly",2,2026-02-25T03:28:40Z,StrayKids_ChkChkBoom
0P0aQreFs8w,Vamos por los 200M,7,2026-02-25T01:34:47Z,StrayKids_ChkChkBoom
0P0aQreFs8w,❤❤,0,2026-02-25T00:13:04Z,StrayKids_ChkChkBoom
0P0aQreFs8w,Let’s go 200million stays !!,1,2026-02-24T23:37:54Z,StrayKids_ChkChkBoom
0P0aQreFs8w,Changbin's parts are always a true icon,2,2026-02-24T22:14:31Z,StrayKids_ChkChkBoom
0P0aQreFs8w,Any one else realize that ccb news was chk chk boom news I just now realized that 🤣,1,2026-02-24T19:47:26Z,StrayKids_ChkChkBoom
0P0aQreFs8w,785k,0,2026-02-24T19:24:27Z,StrayKids_ChkChkBoom
0P0aQreFs8w,Yo con mi prima que no sabe pronunciar la r mira y tú no puedes 😂😂😅❤,0,2026-02-24T18:57:24Z,StrayKids_ChkChkBoom
0P0aQreFs8w,evdeyim ama evime gitmem gerek,0,2026-02-24T16:02:56Z,StrayKids_ChkChkBoom
0P0aQreFs8w,This mv is unmatched ❤❤❤❤,2,2026-02-24T15:15:16Z,StrayKids_ChkChkBoom
0P0aQreFs8w,"STAYS I HAVE A QUESTION I AM BUYING 3 ALBUMS BUT I DECIDED TO BIY 4 WHICH ONE SHOILD I BUY I HAVE DO IT AND KARMA AND I AM BUYING HOP,ATE,NOEASY WHICH OTHER SHOULD I GET ?????",1,2026-02-24T14:34:08Z,StrayKids_ChkChkBoom
0P0aQreFs8w,Los mejores 🎉❤,0,2026-02-24T14:20:58Z,StrayKids_ChkChkBoom
0P0aQreFs8w,"I LOVE FELIX, HAN AND BANG CHAN",2,2026-02-24T13:33:56Z,StrayKids_ChkChkBoom
0P0aQreFs8w,서창빈 랩 미쳤다 진짜 유튭도 인정한 노래 ㅋㅋㅋ,3,2026-02-24T12:13:34Z,StrayKids_ChkChkBoom
0P0aQreFs8w,COOKED. AIR FRIED. SERVED. ATE. LEFT NO CRUMBS.,1,2026-02-24T11:55:16Z,StrayKids_ChkChkBoom
0P0aQreFs8w,"Hi Stray Kids i love you I ,❤❤❤love you listening to you❤❤❤❤",1,2026-02-24T11:40:28Z,StrayKids_ChkChkBoom
0P0aQreFs8w,1:34>>>>>>❤,2,2026-02-24T09:44:32Z,StrayKids_ChkChkBoom
0P0aQreFs8w,200 MILLION!!!❤❤❤,2,2026-02-24T09:35:48Z,StrayKids_ChkChkBoom
0P0aQreFs8w,بجننو ❤😮😊,1,2026-02-24T08:57:56Z,StrayKids_ChkChkBoom
0P0aQreFs8w,"２０２６２月２４日１７時３３分196,747,568回視聴",2,2026-02-24T08:33:53Z,StrayKids_ChkChkBoom
0P0aQreFs8w,２億いくぞーーー,1,2026-02-24T08:33:05Z,StrayKids_ChkChkBoom
0P0aQreFs8w,Ésta es mí canción favorita de la banda,1,2026-02-24T04:33:21Z,StrayKids_ChkChkBoom
0P0aQreFs8w,Menos ágil 😂😂❤❤,0,2026-02-24T04:25:51Z,StrayKids_ChkChkBoom
0P0aQreFs8w,"En efecto, hasta viejita escucharé Chk Chk Boom y menearé el bote",3,2026-02-24T04:09:01Z,StrayKids_ChkChkBoom
0P0aQreFs8w,🔥🔥🔥😮‍💨 Buena canción,2,2026-02-24T01:27:12Z,StrayKids_ChkChkBoom
0P0aQreFs8w,will always listen to this banger even when I'm 50,11,2026-02-24T00:52:03Z,StrayKids_ChkChkBoom
0P0aQreFs8w,Olá Chek Chk,0,2026-02-24T00:44:22Z,StrayKids_ChkChkBoom
0P0aQreFs8w,come on guys lets hit 300m,3,2026-02-23T19:00:52Z,StrayKids_ChkChkBoom
0P0aQreFs8w,"❤❤🥰wow han, felix ,bang chan&chan bin",0,2026-02-23T18:12:35Z,StrayKids_ChkChkBoom
0P0aQreFs8w,Félix dice lobos,1,2026-02-23T14:22:44Z,StrayKids_ChkChkBoom
0P0aQreFs8w,Dice amigo Que hablan español en esta canción y la vida loca,0,2026-02-23T14:22:26Z,StrayKids_ChkChkBoom
0P0aQreFs8w,Dice vamos en verdad en español hyunjin,0,2026-02-23T14:20:54Z,StrayKids_ChkChkBoom
0P0aQreFs8w,Cuando dice do it spoiler. De do it,0,2026-02-23T14:20:18Z,StrayKids_ChkChkBoom
0P0aQreFs8w,❤,0,2026-02-23T14:18:12Z,StrayKids_ChkChkBoom
0P0aQreFs8w,663k,0,2026-02-23T11:58:57Z,StrayKids_ChkChkBoom
0P0aQreFs8w,1:35 changbinahh 🤌🏼🔥,0,2026-02-23T11:26:58Z,StrayKids_ChkChkBoom
0P0aQreFs8w,651k CHK CHK BOOM ❤,3,2026-02-23T07:13:45Z,StrayKids_ChkChkBoom
0P0aQreFs8w,I love this song ❤,0,2026-02-23T06:06:32Z,StrayKids_ChkChkBoom
0P0aQreFs8w,❤❤❤STRAY❤KIDS❤❤ a mí me gusta la música muchísimo por eso pongo todos los días las músicas de stray Kids❤❤❤ me manda un saludo stray Kids pone un corazón stray Kids❤❤,5,2026-02-23T00:12:58Z,StrayKids_ChkChkBoom
0P0aQreFs8w,I caught  u yt ccb news stands  for Chk Chk Boom😮😮,1,2026-02-22T22:50:05Z,StrayKids_ChkChkBoom
0P0aQreFs8w,Ain't no way they put wolverine in it💔🥀,0,2026-02-22T22:14:57Z,StrayKids_ChkChkBoom
0P0aQreFs8w,Latam🗣️ 🔥 🫦,1,2026-02-22T21:26:09Z,StrayKids_ChkChkBoom
0P0aQreFs8w,Her hafta bu uygulamaya güncelleme mi geliyo anlamadım,0,2026-02-22T21:21:33Z,StrayKids_ChkChkBoom
0P0aQreFs8w,609k,0,2026-02-22T20:47:09Z,StrayKids_ChkChkBoom
0P0aQreFs8w,My Amigo 🗣🗣,0,2026-02-22T20:36:28Z,StrayKids_ChkChkBoom
0P0aQreFs8w,👍👍👍👍👍👍👍👍👍👍👍👍👍👍👍👍👍👍👍👍👍👍👍👍👍👍👍👍👍👍👍👍👍👍👍👍👍👍👍👍👍👍👍👍👍👍👍👍👍👍👍👍👍👍👍👍👍👍👍👍👍👍👍👍👍👍👍👍👍👍👍👍👍👍👍,0,2026-02-22T19:38:57Z,StrayKids_ChkChkBoom
0P0aQreFs8w,"Almost 200m guys, STREAM",17,2026-02-22T19:11:18Z,StrayKids_ChkChkBoom
0P0aQreFs8w,"Come on, let's make it 200 million!😭😭😭",5,2026-02-22T18:40:54Z,StrayKids_ChkChkBoom
0P0aQreFs8w,❤❤❤❤,0,2026-02-22T17:24:15Z,StrayKids_ChkChkBoom
0P0aQreFs8w,This song is the BEST in the world😊❤❤❤❤,3,2026-02-22T16:39:57Z,StrayKids_ChkChkBoom
0P0aQreFs8w,❤❤❤❤,0,2026-02-22T15:57:20Z,StrayKids_ChkChkBoom
0P0aQreFs8w,LETS GO TO 200M VIEWS STAYSSSS!!,5,2026-02-22T14:39:34Z,StrayKids_ChkChkBoom
0P0aQreFs8w,572k,1,2026-02-22T13:16:28Z,StrayKids_ChkChkBoom
0P0aQreFs8w,"564k, ❤CHK CHK BOOM.",2,2026-02-22T10:13:19Z,StrayKids_ChkChkBoom
0P0aQreFs8w,"BangChan…. Im a little late but You’re sooooo beautiful! They definitely broke the mold after creating you, baby. Damn",0,2026-02-22T04:32:53Z,StrayKids_ChkChkBoom
0P0aQreFs8w,Felix in that blue with the Luis belt…. Jesus have MERCY! 🥹🥹❤️🐣🥰😍🫣🤯🤯🤯🤯🤯,0,2026-02-22T04:30:13Z,StrayKids_ChkChkBoom
0P0aQreFs8w,2026년 2월을 보는 사람이 있나요?,0,2026-02-22T04:08:41Z,StrayKids_ChkChkBoom
0P0aQreFs8w,2:48 wow seungmin looking different today,1,2026-02-22T00:55:41Z,StrayKids_ChkChkBoom
0P0aQreFs8w,Stayyyyyyy,2,2026-02-21T23:49:42Z,StrayKids_ChkChkBoom
0P0aQreFs8w,But this is not my first song of skz I,2,2026-02-21T23:49:21Z,StrayKids_ChkChkBoom
0P0aQreFs8w,OMGGGG THIS IS MY SISTERS FIRST SKZ SONG EVER AND SHE Literally JUST SAID THAT SHE WOULD BE A SINGER AND THE SINGER SISTER IS MEEEEEEE,2,2026-02-21T23:47:37Z,StrayKids_ChkChkBoom
0P0aQreFs8w,Your funs,1,2026-02-21T23:22:39Z,StrayKids_ChkChkBoom
0P0aQreFs8w,Los amooo staysss,1,2026-02-21T22:19:50Z,StrayKids_ChkChkBoom
0P0aQreFs8w,❤❤❤❤,2,2026-02-21T21:31:10Z,StrayKids_ChkChkBoom
0P0aQreFs8w,LET'S GO 200 MILLION VIEW 🗣️🗣️,8,2026-02-21T21:09:38Z,StrayKids_ChkChkBoom
0P0aQreFs8w,I love this song,9,2026-02-21T20:39:52Z,StrayKids_ChkChkBoom
0P0aQreFs8w,sevgilisine bir kase çorba yapamayan hastalanınca ilgilenemeyen biri düşünün o benim,0,2026-02-21T19:18:12Z,StrayKids_ChkChkBoom
0P0aQreFs8w,Let's get this hit to 200M stay!!,2,2026-02-21T19:12:56Z,StrayKids_ChkChkBoom
0P0aQreFs8w,me,0,2026-02-21T19:07:21Z,StrayKids_ChkChkBoom
0P0aQreFs8w,VAMOS STAY STREAM PARA LLEGAR 200 MILLONES!!!!!🙌🏻,7,2026-02-21T18:40:32Z,StrayKids_ChkChkBoom
0P0aQreFs8w,even though this was made a year ago this is a banger,1,2026-02-21T18:34:02Z,StrayKids_ChkChkBoom
0P0aQreFs8w,I THOUGHT THIS WAS AN ADD AT THE START😭😭,1,2026-02-21T18:25:01Z,StrayKids_ChkChkBoom
0P0aQreFs8w,Ayo dikit lagi 200juta stay,1,2026-02-21T17:59:16Z,StrayKids_ChkChkBoom
0P0aQreFs8w,10000000000000,0,2026-02-21T17:58:33Z,StrayKids_ChkChkBoom
0P0aQreFs8w,❤정인이 정말 멋져 보여요.,1,2026-02-21T17:07:19Z,StrayKids_ChkChkBoom
0P0aQreFs8w,STRAYYY KIDSSS,1,2026-02-21T15:40:54Z,StrayKids_ChkChkBoom
0P0aQreFs8w,"All we need is love, dreams and STRAYKIDS ❤!",2,2026-02-21T15:39:22Z,StrayKids_ChkChkBoom
0P0aQreFs8w,Yay so you're not just 6 years old listen to the song just be careful not to say a bad word😅,1,2026-02-21T15:32:16Z,StrayKids_ChkChkBoom
0P0aQreFs8w,<3,0,2026-02-21T14:46:07Z,StrayKids_ChkChkBoom
