video_id,comment,likes,published_at,group_comeback
jWQx2f-CErU,STREAAAAAM,3,2024-11-03T23:56:38Z,aespa_Whiplash
jWQx2f-CErU,60M this week. Lets do it.,1,2024-11-03T23:56:19Z,aespa_Whiplash
jWQx2f-CErU,happy 53M. Congrats. Lets go to 54M. Fighting.,3,2024-11-03T23:56:01Z,aespa_Whiplash
jWQx2f-CErU,Lets just hope this week aespa have another chance to win on the music shows.,5,2024-11-03T23:42:45Z,aespa_Whiplash
jWQx2f-CErU,É incrível como as partes da Ningning me arrepiam! 😮❤,5,2024-11-03T23:42:45Z,aespa_Whiplash
jWQx2f-CErU,Road to 53M this morning,3,2024-11-03T23:38:25Z,aespa_Whiplash
jWQx2f-CErU,Let's go 60M this week.,3,2024-11-03T23:38:09Z,aespa_Whiplash
jWQx2f-CErU,2:05 winter’s “uh” is the sexiest uh I ever heard in my whole life,4,2024-11-03T23:37:51Z,aespa_Whiplash
jWQx2f-CErU,lets go 53m,3,2024-11-03T23:30:25Z,aespa_Whiplash
jWQx2f-CErU,que adicción con este tema,6,2024-11-03T23:28:27Z,aespa_Whiplash
jWQx2f-CErU,"++++++++++++++++++++++++++++++
★ aespa팬 100회 이상 시청!! 30초 이상 시청!! Aespa fans have watched it over 100 times!! Watched it for over 30 seconds!!------------------------------------------------------",5,2024-11-03T23:28:21Z,aespa_Whiplash
jWQx2f-CErU,"++++++++++++++++++++++++++++++
★ aespa팬 100회 이상 시청!! 30초 이상 시청!! Aespa fans have watched it over 100 times!! Watched it for over 30 seconds!!------------------------------------------------------",5,2024-11-03T23:28:17Z,aespa_Whiplash
jWQx2f-CErU,"++++++++++++++++++++++++++++++
★ aespa팬 100회 이상 시청!! 30초 이상 시청!! Aespa fans have watched it over 100 times!! Watched it for over 30 seconds!!------------------------------------------------------",4,2024-11-03T23:28:10Z,aespa_Whiplash
jWQx2f-CErU,52.983,5,2024-11-03T23:14:16Z,aespa_Whiplash
jWQx2f-CErU,1 hari naik 1 juta,6,2024-11-03T23:14:04Z,aespa_Whiplash
jWQx2f-CErU,Ningning tumben kamu ga bikin challenge sama jay park,6,2024-11-03T23:13:44Z,aespa_Whiplash
jWQx2f-CErU,❤❤❤,3,2024-11-03T22:48:28Z,aespa_Whiplash
jWQx2f-CErU,Whi Whiplash⚡️⚡️⚡️,5,2024-11-03T22:47:47Z,aespa_Whiplash
jWQx2f-CErU,"Let's talk about how every time we keep saying ""how are they gonna do better than that eta?"" And they always surprise us with one of the best music videos possible 
Only legends could pull this move",3,2024-11-03T22:39:58Z,aespa_Whiplash
jWQx2f-CErU,banger,3,2024-11-03T22:39:36Z,aespa_Whiplash
jWQx2f-CErU,960k,1,2024-11-03T22:19:41Z,aespa_Whiplash
jWQx2f-CErU,1:40 - 1:54  My favorite part,2,2024-11-03T22:18:38Z,aespa_Whiplash
jWQx2f-CErU,Happy 52.9M (7.12 am kst),2,2024-11-03T22:12:43Z,aespa_Whiplash
jWQx2f-CErU,It looks like BLΛƆKPIИK,0,2024-11-03T21:39:02Z,aespa_Whiplash
jWQx2f-CErU,11/4,1,2024-11-03T21:38:18Z,aespa_Whiplash
jWQx2f-CErU,Okay Aespa clap back to all this haters,2,2024-11-03T21:32:07Z,aespa_Whiplash
jWQx2f-CErU,Uh,2,2024-11-03T21:26:33Z,aespa_Whiplash
jWQx2f-CErU,Big flash,2,2024-11-03T21:26:30Z,aespa_Whiplash
jWQx2f-CErU,Winter ❤,1,2024-11-03T21:23:39Z,aespa_Whiplash
jWQx2f-CErU,Mis nobias si o ke 😅,2,2024-11-03T21:03:53Z,aespa_Whiplash
jWQx2f-CErU,Love it,3,2024-11-03T20:56:18Z,aespa_Whiplash
jWQx2f-CErU,"Aespa conquistando todo tipo de concepto, todo esto es arte",4,2024-11-03T20:38:44Z,aespa_Whiplash
jWQx2f-CErU,mys come on str34m,2,2024-11-03T20:35:42Z,aespa_Whiplash
jWQx2f-CErU,from #8 to #21,1,2024-11-03T20:35:13Z,aespa_Whiplash
jWQx2f-CErU,4 gen leaders,3,2024-11-03T19:52:54Z,aespa_Whiplash
jWQx2f-CErU,Everyone Knows Why We Are Here,2,2024-11-03T19:33:29Z,aespa_Whiplash
jWQx2f-CErU,Omg 😳,0,2024-11-03T19:28:01Z,aespa_Whiplash
jWQx2f-CErU,lagunya bagus,0,2024-11-03T18:59:10Z,aespa_Whiplash
jWQx2f-CErU,Malam gini streamingnya MYs gacor bener dah,4,2024-11-03T18:58:25Z,aespa_Whiplash
jWQx2f-CErU,ICONIC,2,2024-11-03T18:32:42Z,aespa_Whiplash
jWQx2f-CErU,❤️‍🔥❤️‍🔥❤️‍🔥❤️‍🔥❤️‍🔥❤️‍🔥❤️‍🔥❤️‍🔥,0,2024-11-03T18:32:33Z,aespa_Whiplash
jWQx2f-CErU,Addicted as usual ❤❤❤,0,2024-11-03T18:31:07Z,aespa_Whiplash
jWQx2f-CErU,wow this song and mv is just perfect. everyone shined so incredibly bright.,3,2024-11-03T18:21:27Z,aespa_Whiplash
jWQx2f-CErU,"With each comeback, they boldly introduce a completely new concept, always staying fresh and pushing their boundaries.
2024 is truly Aespa's year.",24,2024-11-03T18:18:52Z,aespa_Whiplash
jWQx2f-CErU,Midzy here to support!!! Let's get 53M!!! Whiplash x gold!!,2,2024-11-03T18:15:11Z,aespa_Whiplash
jWQx2f-CErU,This is Haneuls era fr💅✨️,1,2024-11-03T18:08:13Z,aespa_Whiplash
jWQx2f-CErU,AESPA WORLD DOMINION,2,2024-11-03T18:02:28Z,aespa_Whiplash
jWQx2f-CErU,muito bom😍👏,1,2024-11-03T17:48:12Z,aespa_Whiplash
jWQx2f-CErU,the concept of this fits aespa so well. the beat is so cool!! giselles pink hair is so pretty! i love this song sm 🖤🩶🤍,17,2024-11-03T17:36:37Z,aespa_Whiplash
jWQx2f-CErU,52646 sebelum besok pagi dah 53 juta yuk,1,2024-11-03T17:20:33Z,aespa_Whiplash
jWQx2f-CErU,mama a girl behind you,2,2024-11-03T17:18:09Z,aespa_Whiplash
jWQx2f-CErU,"this might be aespa’s best music video, yet; the visuals and outfits are everythinggg😍",64,2024-11-03T17:08:07Z,aespa_Whiplash
jWQx2f-CErU,52 Million !,2,2024-11-03T17:01:02Z,aespa_Whiplash
jWQx2f-CErU,"2020: BLACK MAMBA 
2021:NEXT LEVEL
2021:SAVAGE 
2022:GIRLS 
2023:SPICY 
2023:DRAMA
2024:SUPERNOVA
2024:ARMAGGEDON
2024:WHIPLASH 
Hits",5,2024-11-03T16:49:40Z,aespa_Whiplash
jWQx2f-CErU,52.6,1,2024-11-03T16:46:08Z,aespa_Whiplash
jWQx2f-CErU,ONE LOOK GIVE A WHIPLASH,2,2024-11-03T16:44:51Z,aespa_Whiplash
jWQx2f-CErU,São as fodonas da 4 geração,3,2024-11-03T16:32:38Z,aespa_Whiplash
jWQx2f-CErU,can someone tell me who is who in the different hair parts? I know pink hair is Giselle and that short black hair is Winter but other than that idk who is who with their hair changing in this mv 😭😭,1,2024-11-03T16:32:06Z,aespa_Whiplash
jWQx2f-CErU,1:58,2,2024-11-03T16:20:28Z,aespa_Whiplash
jWQx2f-CErU,The NSX tho...,2,2024-11-03T16:16:47Z,aespa_Whiplash
jWQx2f-CErU,"The LIMITED EDITION SHIRT is SERVING! But, I think the quality of the photobook could be improved. I got mine with a scratch-like small air bubble on the cover and some visible light scratches as well which somewhat affect the overall appearance of the photobook. The first page looks like it’s about to fall off and has a lot of blot-like marks on the stapler area of the pages.",2,2024-11-03T16:15:39Z,aespa_Whiplash
jWQx2f-CErU,"EVERYONE LET'S VOTES AESPA HARDER FOR MAMA 2024,KGMA,MMA, AND MORE MANY OTHERS .........🙏💪",3,2024-11-03T16:05:34Z,aespa_Whiplash
jWQx2f-CErU,HOPE AESPA GET MANY AWARDS DAESANGS IN MAMA 2024💪,5,2024-11-03T16:05:14Z,aespa_Whiplash
jWQx2f-CErU,EVERYONE LET'S STRMING AT SPOTIFY HARDER AND YOUTUBE HARDER PLEASE...🙏 💪,2,2024-11-03T16:04:14Z,aespa_Whiplash
jWQx2f-CErU,O GRUPO MAIS BABILÔNICO DO KPOP,3,2024-11-03T15:59:18Z,aespa_Whiplash
jWQx2f-CErU,"DEEM STREAM CORRETAMENTE NO MV MYS, E DE STREAM NA MÚSICA NO SPOTIFY",6,2024-11-03T15:58:38Z,aespa_Whiplash
jWQx2f-CErU,FINALMENTE SAIU DAQUELES IRRITANTES 50M,3,2024-11-03T15:58:11Z,aespa_Whiplash
jWQx2f-CErU,52563,2,2024-11-03T15:52:23Z,aespa_Whiplash
jWQx2f-CErU,IM IN LOVE WITH THIS VIDEOOOO,5,2024-11-03T15:51:48Z,aespa_Whiplash
jWQx2f-CErU,Every time someone likes my comment ill wathc it again,2,2024-11-03T15:44:49Z,aespa_Whiplash
jWQx2f-CErU,🔥🔥🔥🔥,2,2024-11-03T15:42:51Z,aespa_Whiplash
jWQx2f-CErU,Ningning's part was addictive,5,2024-11-03T15:26:07Z,aespa_Whiplash
jWQx2f-CErU,LOVE YOOU GISEEEEELEEEE 😩😩😩😩❤❤❤❤,2,2024-11-03T15:20:55Z,aespa_Whiplash
jWQx2f-CErU,GISEELLEEEEEE AAAAAAAAAAAAA,4,2024-11-03T15:19:30Z,aespa_Whiplash
jWQx2f-CErU,go aespa go,6,2024-11-03T15:19:11Z,aespa_Whiplash
jWQx2f-CErU,Sounds like xg song,0,2024-11-03T15:18:47Z,aespa_Whiplash
jWQx2f-CErU,This masterpiece deserves much attention,9,2024-11-03T15:16:24Z,aespa_Whiplash
jWQx2f-CErU,whip whip whiplash,6,2024-11-03T15:15:00Z,aespa_Whiplash
jWQx2f-CErU,Giselle for the leader of the free world!,4,2024-11-03T15:14:32Z,aespa_Whiplash
jWQx2f-CErU,Whip whiplash,5,2024-11-03T15:11:11Z,aespa_Whiplash
jWQx2f-CErU,Coldest,7,2024-11-03T15:11:03Z,aespa_Whiplash
jWQx2f-CErU,❤❤❤❤❤,1,2024-11-03T15:09:48Z,aespa_Whiplash
jWQx2f-CErU,All 0/10s,0,2024-11-03T15:02:27Z,aespa_Whiplash
jWQx2f-CErU,Benım bıttı gold gecıyorum sımdıı,4,2024-11-03T15:00:11Z,aespa_Whiplash
jWQx2f-CErU,my olsaydım herkesın aksıne nıng2 ve karına shıplerdım gıbı,3,2024-11-03T14:58:44Z,aespa_Whiplash
jWQx2f-CErU,red velvet’ten sonra best konseptler yeminle,3,2024-11-03T14:58:20Z,aespa_Whiplash
jWQx2f-CErU,oyy bu konsept nedir yakıyo,1,2024-11-03T14:57:46Z,aespa_Whiplash
jWQx2f-CErU,"510k
jensetters here",4,2024-11-03T14:57:31Z,aespa_Whiplash
jWQx2f-CErU,aespa sevmem yanı daha dogrusu cok dınlemem  ama sarkı guzel olmus :)),3,2024-11-03T14:57:12Z,aespa_Whiplash
jWQx2f-CErU,we need performance video SM!,2,2024-11-03T14:53:15Z,aespa_Whiplash
jWQx2f-CErU,52.5M,2,2024-11-03T14:50:23Z,aespa_Whiplash
jWQx2f-CErU,52496,2,2024-11-03T14:40:50Z,aespa_Whiplash
jWQx2f-CErU,flashy,2,2024-11-03T14:30:38Z,aespa_Whiplash
jWQx2f-CErU,classy,3,2024-11-03T14:30:27Z,aespa_Whiplash
jWQx2f-CErU,fancy,1,2024-11-03T14:30:23Z,aespa_Whiplash
jWQx2f-CErU,🫶🏼🫶🏼🫶🏼,0,2024-11-03T14:29:09Z,aespa_Whiplash
jWQx2f-CErU,OMGGGGGGG,2,2024-11-03T14:29:07Z,aespa_Whiplash
jWQx2f-CErU,Masterpiece,3,2024-11-03T14:25:04Z,aespa_Whiplash
jWQx2f-CErU,FANCYYYY,2,2024-11-03T14:23:11Z,aespa_Whiplash
jWQx2f-CErU,asığım bu sarkıyaaa,1,2024-11-03T14:23:05Z,aespa_Whiplash
jWQx2f-CErU,AESPAMMMM,0,2024-11-03T14:22:57Z,aespa_Whiplash
jWQx2f-CErU,day-1,1,2024-11-03T14:22:49Z,aespa_Whiplash
jWQx2f-CErU,h,0,2024-11-03T14:22:44Z,aespa_Whiplash
jWQx2f-CErU,one look givem whiplash,2,2024-11-03T14:22:41Z,aespa_Whiplash
jWQx2f-CErU,best girl groupppp,2,2024-11-03T14:22:33Z,aespa_Whiplash
jWQx2f-CErU,52.486.289 görüntüleme,0,2024-11-03T14:22:11Z,aespa_Whiplash
jWQx2f-CErU,Can't touch that,1,2024-11-03T14:21:22Z,aespa_Whiplash
jWQx2f-CErU,*gets sued by Metallica*,0,2024-11-03T14:15:59Z,aespa_Whiplash
jWQx2f-CErU,Can you focus MYs?,4,2024-11-03T14:11:17Z,aespa_Whiplash
jWQx2f-CErU,fancy!,0,2024-11-03T14:07:41Z,aespa_Whiplash
jWQx2f-CErU,I can't get tired of this song,1,2024-11-03T14:01:42Z,aespa_Whiplash
jWQx2f-CErU,thank you women for existing i love you,1,2024-11-03T13:57:59Z,aespa_Whiplash
jWQx2f-CErU,Hwaiting MYs,0,2024-11-03T13:46:58Z,aespa_Whiplash
jWQx2f-CErU,"I love this era, but the song and the dance are giving me PSY vibes😂 and i can’t unsee it!!! i hope they’re doing doing the challenge with PSY!!!!  It will be dope for sure!!",1,2024-11-03T13:41:50Z,aespa_Whiplash
jWQx2f-CErU,📣,0,2024-11-03T13:34:31Z,aespa_Whiplash
jWQx2f-CErU,Lets go to 60M,2,2024-11-03T13:31:52Z,aespa_Whiplash
jWQx2f-CErU,Go go 53m,2,2024-11-03T13:31:25Z,aespa_Whiplash
jWQx2f-CErU,Whi-whiplash,0,2024-11-03T13:25:03Z,aespa_Whiplash
jWQx2f-CErU,This comeback is giselle era❤,1,2024-11-03T13:18:31Z,aespa_Whiplash
jWQx2f-CErU,I love the vibe it's giving off smuch they ate that 🫶😭,1,2024-11-03T13:09:02Z,aespa_Whiplash
jWQx2f-CErU,Goodmoning everyone 🔥🔥🔥🔥🔥🔥🔥🔥🔥🔥🔥🔥🔥🔥🔥🔥🔥🔥,1,2024-11-03T13:08:51Z,aespa_Whiplash
jWQx2f-CErU,favorit the song,2,2024-11-03T13:08:44Z,aespa_Whiplash
jWQx2f-CErU,"me with aespa this year: *releasing supernova* 
Me: song of the year!!!!!

*releasing armageddon*
Me: no, wait this should be the song of the year!

*releasing hot mess*
Me: *sigh* what’s next!??

*releasing whiplash*
Me: HEAR ME OUT THIS IS THE SONG OF THE YEAR",1,2024-11-03T13:06:44Z,aespa_Whiplash
jWQx2f-CErU,wow，they are so beautiful and cool！,1,2024-11-03T13:05:21Z,aespa_Whiplash
jWQx2f-CErU,SM tolong rilis lagu wake up ningning dong,3,2024-11-03T13:02:48Z,aespa_Whiplash
jWQx2f-CErU,Winter is a human AI no doubt,4,2024-11-03T12:53:21Z,aespa_Whiplash
jWQx2f-CErU,AESPA😘😘😘😘😘😘,3,2024-11-03T12:51:42Z,aespa_Whiplash
jWQx2f-CErU,1:59 WINTER???!!!!😳😳😳,4,2024-11-03T12:43:03Z,aespa_Whiplash
jWQx2f-CErU,🥰😍,0,2024-11-03T12:38:14Z,aespa_Whiplash
jWQx2f-CErU,WHIPLASH,2,2024-11-03T12:20:27Z,aespa_Whiplash
jWQx2f-CErU,WHIP WHIPLASH,1,2024-11-03T12:20:17Z,aespa_Whiplash
jWQx2f-CErU,ONE LOOK GIVE EM WHIPLASH,2,2024-11-03T12:20:07Z,aespa_Whiplash
jWQx2f-CErU,HAPPY 52M WHIPLASH,2,2024-11-03T12:19:22Z,aespa_Whiplash
jWQx2f-CErU,1.3M LIKES WHIPLASH,2,2024-11-03T12:19:10Z,aespa_Whiplash
jWQx2f-CErU,52M 387K WHIPLASH,1,2024-11-03T12:18:56Z,aespa_Whiplash
jWQx2f-CErU,Perfect song yeah yeah yeah,1,2024-11-03T12:11:21Z,aespa_Whiplash
jWQx2f-CErU,"Next Level 305M
Drama 250M
Armageddon 105M
Whiplash 55M
gogogo🎉🎉",5,2024-11-03T12:09:47Z,aespa_Whiplash
jWQx2f-CErU,This is awesome.  Best AESPA.,1,2024-11-03T12:09:46Z,aespa_Whiplash
jWQx2f-CErU,ALWAYS KERENNNN,1,2024-11-03T12:08:08Z,aespa_Whiplash
jWQx2f-CErU,perfect song mv vocal and visual.all perfect,2,2024-11-03T12:02:51Z,aespa_Whiplash
jWQx2f-CErU,keep streaming mys,2,2024-11-03T12:02:01Z,aespa_Whiplash
jWQx2f-CErU,This is definitely giselle’s era she slayed with her pink hair,4,2024-11-03T11:50:37Z,aespa_Whiplash
jWQx2f-CErU,"Mys, str34ming",1,2024-11-03T11:49:49Z,aespa_Whiplash
jWQx2f-CErU,376k,1,2024-11-03T11:45:30Z,aespa_Whiplash
jWQx2f-CErU,Canduuu bgt 🔥🔥🔥,1,2024-11-03T11:36:36Z,aespa_Whiplash
jWQx2f-CErU,"#æspa in History Longest Charts:
#1 MelOn Supernova         99 days
#1 Genie                                   119
#1 Bugs                                     49
#1 VIBE                                     118
#1 Circle                                   11 weeks
#1 YouTube Next Level     12 weeks.",5,2024-11-03T11:29:38Z,aespa_Whiplash
jWQx2f-CErU,53M today mys come on,3,2024-11-03T11:04:04Z,aespa_Whiplash
jWQx2f-CErU,"What is your Aespa bias?
Me: Ningning",3,2024-11-03T10:56:53Z,aespa_Whiplash
jWQx2f-CErU,".mySTREAM aespa AUDIO:
Black Mamba 150M Next Level 225 Savage135
Dreams Come True 75 Girls 85 Illusion 150
Hold On Tight 55 Spicy 145 Drama 135
Supernova 95 Armageddon 55 Whiplash 25",6,2024-11-03T10:50:45Z,aespa_Whiplash
jWQx2f-CErU,Aespaaaa music on topp,2,2024-11-03T10:45:35Z,aespa_Whiplash
jWQx2f-CErU,1:23 giselle's revenge after what ningning did to her apartment.,2,2024-11-03T10:37:46Z,aespa_Whiplash
jWQx2f-CErU,W song 🙏,1,2024-11-03T10:35:05Z,aespa_Whiplash
jWQx2f-CErU,2:14 Girls' Generation 소녀시대 'Catch Me If You Can'🥲🥲,2,2024-11-03T10:21:13Z,aespa_Whiplash
jWQx2f-CErU,SLAYNINGGGG,2,2024-11-03T10:15:18Z,aespa_Whiplash
jWQx2f-CErU,❤❤j'aimé❤❤,1,2024-11-03T10:10:21Z,aespa_Whiplash
jWQx2f-CErU,Le top des musiques,1,2024-11-03T10:09:45Z,aespa_Whiplash
jWQx2f-CErU,52.357M,0,2024-11-03T10:07:57Z,aespa_Whiplash
jWQx2f-CErU,"aespa 'Whiplash'

01. Whiplash (Title)
02. KI
03. Flights, Not Feelings
04. Pink Hoodie
05. Flowers
06. Just Another Girl.",2,2024-11-03T10:02:06Z,aespa_Whiplash
jWQx2f-CErU,love it,3,2024-11-03T10:00:40Z,aespa_Whiplash
jWQx2f-CErU,2025 anyone,2,2024-11-03T09:44:22Z,aespa_Whiplash
jWQx2f-CErU,top music video,5,2024-11-03T09:41:47Z,aespa_Whiplash
jWQx2f-CErU,1:59,0,2024-11-03T09:41:18Z,aespa_Whiplash
jWQx2f-CErU,I am Blink and I love this song.,4,2024-11-03T09:33:49Z,aespa_Whiplash
jWQx2f-CErU,❤,0,2024-11-03T09:33:16Z,aespa_Whiplash
jWQx2f-CErU,Don't forget keep stream1ng on sp0tify too for global fans ‼️❤️‍🔥🔥,2,2024-11-03T09:17:49Z,aespa_Whiplash
jWQx2f-CErU,Like,1,2024-11-03T08:56:26Z,aespa_Whiplash
jWQx2f-CErU,Flopp,1,2024-11-03T08:53:02Z,aespa_Whiplash
jWQx2f-CErU,Aespa owned this year !!!,4,2024-11-03T08:39:37Z,aespa_Whiplash
jWQx2f-CErU,#kurdishnctzen,1,2024-11-03T08:38:35Z,aespa_Whiplash
jWQx2f-CErU,#kurdishexol,1,2024-11-03T08:38:26Z,aespa_Whiplash
jWQx2f-CErU,#kurdishmy,1,2024-11-03T08:38:05Z,aespa_Whiplash
jWQx2f-CErU,Fancy !!,3,2024-11-03T08:37:48Z,aespa_Whiplash
jWQx2f-CErU,#8 global top music video ❤,2,2024-11-03T08:30:21Z,aespa_Whiplash
jWQx2f-CErU,aespa so amazing,3,2024-11-03T08:29:25Z,aespa_Whiplash
jWQx2f-CErU,Keep str3aming mys,4,2024-11-03T08:28:31Z,aespa_Whiplash
jWQx2f-CErU,High fashion mv,2,2024-11-03T08:27:46Z,aespa_Whiplash
jWQx2f-CErU,Manifesting 3rd win 🙏🙏,1,2024-11-03T08:27:27Z,aespa_Whiplash
jWQx2f-CErU,Mother Giselle please adopt me,1,2024-11-03T08:27:09Z,aespa_Whiplash
jWQx2f-CErU,1,0,2024-11-03T08:26:37Z,aespa_Whiplash
jWQx2f-CErU,"52.312

Sunday gone like wushhhh",0,2024-11-03T08:20:15Z,aespa_Whiplash
jWQx2f-CErU,whip-whiplash,1,2024-11-03T08:07:28Z,aespa_Whiplash
jWQx2f-CErU,GISELLE AND NINGNING RAP SKILLS OMG,2,2024-11-03T08:05:18Z,aespa_Whiplash
jWQx2f-CErU,ateeeeeee,1,2024-11-03T07:57:27Z,aespa_Whiplash
jWQx2f-CErU,Çok kötü,0,2024-11-03T07:51:44Z,aespa_Whiplash
jWQx2f-CErU,Ogggg,0,2024-11-03T07:51:36Z,aespa_Whiplash
jWQx2f-CErU,🤢🤢,0,2024-11-03T07:51:30Z,aespa_Whiplash
jWQx2f-CErU,🤢🤢🤢🤢🤢🤢🤢,0,2024-11-03T07:51:17Z,aespa_Whiplash
jWQx2f-CErU,İgyenc,0,2024-11-03T07:51:10Z,aespa_Whiplash
jWQx2f-CErU,Str34ming mys,1,2024-11-03T07:51:05Z,aespa_Whiplash
jWQx2f-CErU,Col çok kötü,0,2024-11-03T07:50:49Z,aespa_Whiplash
jWQx2f-CErU,İyyyy,0,2024-11-03T07:50:42Z,aespa_Whiplash
jWQx2f-CErU,CAPCUT YAZISINI SİLMEMİS SM İYYYY,0,2024-11-03T07:50:32Z,aespa_Whiplash
jWQx2f-CErU,YEGE SEMEYİ TEKLEDİ(!),0,2024-11-03T07:50:07Z,aespa_Whiplash
jWQx2f-CErU,CAPCUT YAZİSİNİ SİLMEMİSLER AQ,0,2024-11-03T07:49:47Z,aespa_Whiplash
jWQx2f-CErU,Aespa!!!!,0,2024-11-03T07:49:27Z,aespa_Whiplash
jWQx2f-CErU,SALAK,0,2024-11-03T07:49:22Z,aespa_Whiplash
jWQx2f-CErU,SM MAL,0,2024-11-03T07:49:15Z,aespa_Whiplash
jWQx2f-CErU,YESİL EKRANCİLAR,0,2024-11-03T07:48:59Z,aespa_Whiplash
jWQx2f-CErU,COK KİRİNC ŞARKI BOK GİBİ,0,2024-11-03T07:48:40Z,aespa_Whiplash
jWQx2f-CErU,WİNTER DİSLANİO😢,0,2024-11-03T07:48:03Z,aespa_Whiplash
jWQx2f-CErU,KLİP ÇOK KÖTÜ İYRENC OLMUS SARKİ,0,2024-11-03T07:47:34Z,aespa_Whiplash
jWQx2f-CErU,TİRNAGİM OLAMAZLAR(!),0,2024-11-03T07:46:58Z,aespa_Whiplash
jWQx2f-CErU,İYYYY ÇOK KÖTÜ ŞARKI,0,2024-11-03T07:46:37Z,aespa_Whiplash
jWQx2f-CErU,BP BEST GG(!),0,2024-11-03T07:46:20Z,aespa_Whiplash
jWQx2f-CErU,OSSURAN WİNTER BESTTT👊,0,2024-11-03T07:46:00Z,aespa_Whiplash
jWQx2f-CErU,#trend1 #trend1 #trend1 #trend1 #trend1 #trend1,3,2024-11-03T07:44:01Z,aespa_Whiplash
jWQx2f-CErU,Awesome,1,2024-11-03T07:31:48Z,aespa_Whiplash
jWQx2f-CErU,OK THAT RRRRRRROCKS,1,2024-11-03T07:27:08Z,aespa_Whiplash
jWQx2f-CErU,Gisella cakep bener rambut pink😍,1,2024-11-03T07:25:20Z,aespa_Whiplash
jWQx2f-CErU,winter!!!!!!!!!!!! me va dar algoooooooooo <3,1,2024-11-03T07:17:12Z,aespa_Whiplash
jWQx2f-CErU,DYVAS,1,2024-11-03T07:16:11Z,aespa_Whiplash
jWQx2f-CErU,Best girls,1,2024-11-03T06:54:32Z,aespa_Whiplash
jWQx2f-CErU,vamos por 60M! MY's let's do this!,1,2024-11-03T06:49:47Z,aespa_Whiplash
jWQx2f-CErU,This sounds like a diss track to HYBE 😂,3,2024-11-03T06:38:25Z,aespa_Whiplash
jWQx2f-CErU,IM DEOBI IM FROM WHIPLASH CHALLENGE GISELLE WITH SUNWOO <3,1,2024-11-03T06:33:44Z,aespa_Whiplash
jWQx2f-CErU,Aespa group of the year,3,2024-11-03T06:32:54Z,aespa_Whiplash
jWQx2f-CErU,Let's go mys we need to continue!,1,2024-11-03T06:31:41Z,aespa_Whiplash
jWQx2f-CErU,"Pleaseeeee vot3 x aespa #whiplash Let's get more wins for aespa, they worked hard",1,2024-11-03T06:23:59Z,aespa_Whiplash
jWQx2f-CErU,Pink hairs slayyyyyysss ❤,1,2024-11-03T06:23:44Z,aespa_Whiplash
jWQx2f-CErU,Happy 52.2m,0,2024-11-03T06:18:04Z,aespa_Whiplash
jWQx2f-CErU,Omg the beat is insane from the start to the end!!!💝,3,2024-11-03T06:03:52Z,aespa_Whiplash
jWQx2f-CErU,KEEP STREAMING MY'S,2,2024-11-03T06:01:44Z,aespa_Whiplash
jWQx2f-CErU,60 MILLION VIEWS SOON,2,2024-11-03T06:01:29Z,aespa_Whiplash
jWQx2f-CErU,I can't get tired of this song,1,2024-11-03T05:55:04Z,aespa_Whiplash
jWQx2f-CErU,SLAAAAYY⚡️⚡️,1,2024-11-03T05:42:17Z,aespa_Whiplash
jWQx2f-CErU,Saquen perfo,1,2024-11-03T05:40:52Z,aespa_Whiplash
jWQx2f-CErU,2:30 on repeat‼️ Hot Giselle on top 😻👄,0,2024-11-03T05:39:54Z,aespa_Whiplash
jWQx2f-CErU,A esta no le vamos a hacer strim al dancepractice?,2,2024-11-03T05:39:53Z,aespa_Whiplash
jWQx2f-CErU,Fasil pudo ser cualquiera de asepa,1,2024-11-03T05:39:29Z,aespa_Whiplash
jWQx2f-CErU,Ya la quemadte?,1,2024-11-03T05:39:19Z,aespa_Whiplash
jWQx2f-CErU,First reaction,3,2024-11-03T05:39:13Z,aespa_Whiplash
jWQx2f-CErU,El zara se pierde tremendo diyei,1,2024-11-03T05:39:12Z,aespa_Whiplash
jWQx2f-CErU,ONE LOOK GIVE EM WHIPLASH,1,2024-11-03T05:38:50Z,aespa_Whiplash
jWQx2f-CErU,"Visual 100/100
vocal 100/100
Dance 100/100
singing 100/100
And rap 100/100
I LOVE THEEMMM",1,2024-11-03T05:37:08Z,aespa_Whiplash
jWQx2f-CErU,Wow,0,2024-11-03T05:36:42Z,aespa_Whiplash
jWQx2f-CErU,Wowwww.....,0,2024-11-03T05:34:19Z,aespa_Whiplash
jWQx2f-CErU,This song is on fire 🔥🔥🔥 aespa ❤️❤️❤️,1,2024-11-03T05:21:17Z,aespa_Whiplash
jWQx2f-CErU,winter feels like she dropped from final fantasy universe. aftet hanging out with noctis or waht,2,2024-11-03T05:07:13Z,aespa_Whiplash
jWQx2f-CErU,52M done on 3/11/2024 🎉🎉,1,2024-11-03T05:07:06Z,aespa_Whiplash
jWQx2f-CErU,So amazing,3,2024-11-03T05:04:40Z,aespa_Whiplash
jWQx2f-CErU,yooo,2,2024-11-03T04:55:30Z,aespa_Whiplash
jWQx2f-CErU,Happy 60k cmts,2,2024-11-03T04:21:43Z,aespa_Whiplash
jWQx2f-CErU,WHIPLASH,2,2024-11-03T04:15:43Z,aespa_Whiplash
jWQx2f-CErU,WHIP WHIPLASH,2,2024-11-03T04:15:33Z,aespa_Whiplash
jWQx2f-CErU,I'M THE COLDEST,2,2024-11-03T04:15:21Z,aespa_Whiplash
jWQx2f-CErU,ONE LOOK GIVE EM WHIPLASH,1,2024-11-03T04:15:09Z,aespa_Whiplash
jWQx2f-CErU,HAPPY 52M WHIPLASH,2,2024-11-03T04:14:50Z,aespa_Whiplash
jWQx2f-CErU,1.3M LIKES WHIPLASH,1,2024-11-03T04:14:30Z,aespa_Whiplash
jWQx2f-CErU,Slay❤❤,1,2024-11-03T04:14:25Z,aespa_Whiplash
jWQx2f-CErU,52M 95K WHIPLASH,1,2024-11-03T04:14:15Z,aespa_Whiplash
jWQx2f-CErU,Drama almost 300M on spotify!! Let's go mys,3,2024-11-03T04:11:22Z,aespa_Whiplash
jWQx2f-CErU,Happy 52.09M (1.10 pm kst),1,2024-11-03T04:10:27Z,aespa_Whiplash
jWQx2f-CErU,Ningning's singing like an angel.❤,4,2024-11-03T04:01:19Z,aespa_Whiplash
jWQx2f-CErU,"MYS !!! NEXT LEVEL = 300M, SUPERNOVA = 200M, ARMAGEDDON = 100M, WHIPLASH = 100M, BLACK MAMBA = 300M, SPICY = 200M",5,2024-11-03T03:52:26Z,aespa_Whiplash
jWQx2f-CErU,Karina❤❤❤,4,2024-11-03T03:46:52Z,aespa_Whiplash
jWQx2f-CErU,ya vnfo,3,2024-11-03T03:41:40Z,aespa_Whiplash
jWQx2f-CErU,"Faitin mys este, vamo a hold on de mongmong",3,2024-11-03T03:40:40Z,aespa_Whiplash
jWQx2f-CErU,Lavo la como se llama licuadora y termino 😊,3,2024-11-03T03:40:40Z,aespa_Whiplash
jWQx2f-CErU,Unforgettable,1,2024-11-03T03:30:11Z,aespa_Whiplash
jWQx2f-CErU,This is a song that would definitely play at a catwalk,1,2024-11-03T03:24:00Z,aespa_Whiplash
jWQx2f-CErU,One look give'em whiplash,1,2024-11-03T03:21:02Z,aespa_Whiplash
jWQx2f-CErU,Happy 52M mys. Road to 53M soon,4,2024-11-03T03:16:45Z,aespa_Whiplash
jWQx2f-CErU,whip whiplash one look give'em whiplash,1,2024-11-03T03:11:52Z,aespa_Whiplash
jWQx2f-CErU,Happy 52.04M (12.10 pm kst),1,2024-11-03T03:10:56Z,aespa_Whiplash
jWQx2f-CErU,53m go go,0,2024-11-03T03:08:21Z,aespa_Whiplash
jWQx2f-CErU,"52,1m views lets go",1,2024-11-03T03:06:57Z,aespa_Whiplash
jWQx2f-CErU,52,0,2024-11-03T03:04:22Z,aespa_Whiplash
jWQx2f-CErU,STRMNG DI SPOTIFY!!!,1,2024-11-03T03:04:18Z,aespa_Whiplash
jWQx2f-CErU,and if this song becomes my top 1 on spotify wrapped lmaooo I'm obsessed,13,2024-11-03T03:01:15Z,aespa_Whiplash
jWQx2f-CErU,I can't wait for Godspa to sweep all the awards this year,9,2024-11-03T03:00:30Z,aespa_Whiplash
jWQx2f-CErU,ALL OF THEM ARE SO ICONIC HERE😩💥 BUT GISELLE REALLY CATCH MY ATTENTION 🌷✨,3,2024-11-03T02:57:53Z,aespa_Whiplash
jWQx2f-CErU,GD oppa!!!!!!!,0,2024-11-03T02:56:43Z,aespa_Whiplash
jWQx2f-CErU,Str3am harder on Spotify and Apple Music .Whiplash is such a banger,16,2024-11-03T02:56:22Z,aespa_Whiplash
jWQx2f-CErU,aespa's Whiplash ranked 2nd Place on Spotify Global Weekly Chart with 15.3M str3ams.,14,2024-11-03T02:55:32Z,aespa_Whiplash
jWQx2f-CErU,Godspa always give us Hit after Hit,1,2024-11-03T02:53:34Z,aespa_Whiplash
jWQx2f-CErU,Godspa always give us Banger after Banger,1,2024-11-03T02:53:24Z,aespa_Whiplash
jWQx2f-CErU,Karina I love You,3,2024-11-03T02:52:44Z,aespa_Whiplash
jWQx2f-CErU,"Happy 52M MYs
let's push to 55M faster",1,2024-11-03T02:50:59Z,aespa_Whiplash
jWQx2f-CErU,❤❤❤,0,2024-11-03T02:48:03Z,aespa_Whiplash
jWQx2f-CErU,I love the iconic fall it will go down to history,1,2024-11-03T02:45:26Z,aespa_Whiplash
jWQx2f-CErU,I'm new to aespa. Can someone tell me who is who? I just know Karina.,6,2024-11-03T02:44:52Z,aespa_Whiplash
jWQx2f-CErU,"EU AMEI!!!! TÁ MUITO PERFEITO, QUE ORGULHO DE VOCÊS",3,2024-11-03T02:41:33Z,aespa_Whiplash
jWQx2f-CErU,59955 comments,1,2024-11-03T02:38:58Z,aespa_Whiplash
jWQx2f-CErU,mys keep streaming,2,2024-11-03T02:37:08Z,aespa_Whiplash
jWQx2f-CErU,Happy 52 million🎉,1,2024-11-03T02:33:53Z,aespa_Whiplash
jWQx2f-CErU,60k comments gogo,2,2024-11-03T02:31:20Z,aespa_Whiplash
jWQx2f-CErU,"HAPPY 52 M !!!!!!🎉🎉🎉🎉
LET'S GO 60 M !!!!!!!
GO GO WIPLASH !!!!!!!!!!!!!",3,2024-11-03T02:27:10Z,aespa_Whiplash
jWQx2f-CErU,is that song? it is hard to say 😏,0,2024-11-03T02:25:43Z,aespa_Whiplash
jWQx2f-CErU,"""TOCA UMA PRA AS GAYS"" 🤌⚡️",1,2024-11-03T02:23:00Z,aespa_Whiplash
jWQx2f-CErU,Im still here,3,2024-11-03T02:22:23Z,aespa_Whiplash
jWQx2f-CErU,52 M 🩷,1,2024-11-03T02:19:54Z,aespa_Whiplash
jWQx2f-CErU,Yesssss,1,2024-11-03T02:19:12Z,aespa_Whiplash
jWQx2f-CErU,52M,1,2024-11-03T02:18:27Z,aespa_Whiplash
jWQx2f-CErU,53M Lego!,2,2024-11-03T02:11:39Z,aespa_Whiplash
jWQx2f-CErU,Happy 52M!!! (11.10 am kst),2,2024-11-03T02:10:51Z,aespa_Whiplash
jWQx2f-CErU,happy 52m,2,2024-11-03T02:08:22Z,aespa_Whiplash
jWQx2f-CErU,52M gogo,1,2024-11-03T02:05:56Z,aespa_Whiplash
jWQx2f-CErU,1:24 if this chorus use JYP style accent will be very interesting 😂,2,2024-11-03T02:05:36Z,aespa_Whiplash
jWQx2f-CErU,Lmao I thought this was 21,1,2024-11-03T02:05:10Z,aespa_Whiplash
jWQx2f-CErU,When I first listen to this song I think that I will not like this song but now I'm addicted to this song aespa song always has this effect to me ㅠㅠㅠㅠ,4,2024-11-03T02:01:45Z,aespa_Whiplash
jWQx2f-CErU,winterr!!,1,2024-11-03T02:01:17Z,aespa_Whiplash
jWQx2f-CErU,"me when taking the test : Whip-whiplash , whip-whiplash , whip-whiplash , whip-whiplash , whip-whiplash , whip-whiplash , whip-whiplash ,one look give 'em Whiplash .",4,2024-11-03T01:55:04Z,aespa_Whiplash
jWQx2f-CErU,Karina marry me🩵🩵,3,2024-11-03T01:41:09Z,aespa_Whiplash
jWQx2f-CErU,Day 1 no been bad,3,2024-11-03T01:34:07Z,aespa_Whiplash
jWQx2f-CErU,60 million vi3ws please,1,2024-11-03T01:33:49Z,aespa_Whiplash
jWQx2f-CErU,I'm still here,2,2024-11-03T01:28:40Z,aespa_Whiplash
jWQx2f-CErU,💜💜💜💜,0,2024-11-03T01:18:12Z,aespa_Whiplash
jWQx2f-CErU,My girls never disappoint,2,2024-11-03T01:17:13Z,aespa_Whiplash
jWQx2f-CErU,Happy 51.9M (10.10 am kst),0,2024-11-03T01:11:04Z,aespa_Whiplash
jWQx2f-CErU,Bro aespa mvs are always fire ❤,23,2024-11-03T01:09:44Z,aespa_Whiplash
jWQx2f-CErU,We really can get 70M in a month.,6,2024-11-03T01:00:34Z,aespa_Whiplash
jWQx2f-CErU,cool 🔥🔥🔥🔥,2,2024-11-03T00:59:47Z,aespa_Whiplash
jWQx2f-CErU,52M soon.,2,2024-11-03T00:59:02Z,aespa_Whiplash
jWQx2f-CErU,The mighty aespa,4,2024-11-03T00:51:08Z,aespa_Whiplash
jWQx2f-CErU,I'm here for aespa,19,2024-11-03T00:50:12Z,aespa_Whiplash
jWQx2f-CErU,I thought Black Mamba was wicked...But Whiplash is Wickederrr,6,2024-11-03T00:43:55Z,aespa_Whiplash
jWQx2f-CErU,Tell Jennie to thank Beyoncé,1,2024-11-03T00:31:46Z,aespa_Whiplash
jWQx2f-CErU,100M view 🐱‍🏍🐱‍🏍,4,2024-11-03T00:30:25Z,aespa_Whiplash
jWQx2f-CErU,I love Giselle new hairstyle❤❤so hot🥵,9,2024-11-03T00:19:53Z,aespa_Whiplash
jWQx2f-CErU,winter 🎉🎉🎉🎉!,2,2024-11-03T00:18:54Z,aespa_Whiplash
jWQx2f-CErU,Karina so hot🥵,2,2024-11-03T00:18:17Z,aespa_Whiplash
jWQx2f-CErU,ningning is so beautiful!!!!!🎉🎉,1,2024-11-03T00:17:25Z,aespa_Whiplash
jWQx2f-CErU,love it,2,2024-11-03T00:16:48Z,aespa_Whiplash
jWQx2f-CErU,my favorite music,4,2024-11-03T00:13:35Z,aespa_Whiplash
jWQx2f-CErU,52 juta sebentar lagi,8,2024-11-03T00:05:04Z,aespa_Whiplash
jWQx2f-CErU,Habis bikin challenge whiplash sama papi jyp habis ini request sama yeji ya rin,9,2024-11-03T00:04:35Z,aespa_Whiplash
jWQx2f-CErU,WHIPLASH,8,2024-11-02T23:57:22Z,aespa_Whiplash
jWQx2f-CErU,WHIP WHIPLASH,4,2024-11-02T23:57:11Z,aespa_Whiplash
jWQx2f-CErU,ONE LOOK GIVE EM WHIPLASH,4,2024-11-02T23:56:59Z,aespa_Whiplash
jWQx2f-CErU,HAPPY 51M WHIPLASH,1,2024-11-02T23:56:30Z,aespa_Whiplash
jWQx2f-CErU,1.3M LIKES WHIPLASH,2,2024-11-02T23:56:13Z,aespa_Whiplash
jWQx2f-CErU,51M 921K WHIPLASH,3,2024-11-02T23:55:58Z,aespa_Whiplash
jWQx2f-CErU,now THIS is a club classic,2,2024-11-02T23:49:22Z,aespa_Whiplash
jWQx2f-CErU,prefiro a winter com cabelo curto,1,2024-11-02T23:48:18Z,aespa_Whiplash
jWQx2f-CErU,YEEEESSSS THIS SONG IS SO FIRE AND THEY SERVEDDDDDD,1,2024-11-02T23:47:53Z,aespa_Whiplash
jWQx2f-CErU,This reminds me of Charli XCX for some odd reason...,1,2024-11-02T23:46:27Z,aespa_Whiplash
jWQx2f-CErU,51 Million !,2,2024-11-02T23:45:20Z,aespa_Whiplash
jWQx2f-CErU,aespa will never disappoint us,1,2024-11-02T23:43:37Z,aespa_Whiplash
jWQx2f-CErU,51.9,1,2024-11-02T23:38:16Z,aespa_Whiplash
jWQx2f-CErU,"I'm loving aespa's concept, is just unique, love them ❤",1,2024-11-02T23:37:28Z,aespa_Whiplash
jWQx2f-CErU,"51,909",2,2024-11-02T23:32:36Z,aespa_Whiplash
jWQx2f-CErU,WINTER SHORT HAIR?!,1,2024-11-02T23:31:32Z,aespa_Whiplash
jWQx2f-CErU,This song is just too much aespa i am crying,1,2024-11-02T23:28:41Z,aespa_Whiplash
jWQx2f-CErU,Meow giselle,2,2024-11-02T22:57:27Z,aespa_Whiplash
jWQx2f-CErU,52 juta yuk.gercepin yuk,2,2024-11-02T22:57:09Z,aespa_Whiplash
jWQx2f-CErU,Giselle momy,3,2024-11-02T22:56:07Z,aespa_Whiplash
jWQx2f-CErU,"giselle really ate, she bright in this comeback🫶🏻",3,2024-11-02T22:55:22Z,aespa_Whiplash
jWQx2f-CErU,51.884 mys,3,2024-11-02T22:35:28Z,aespa_Whiplash
jWQx2f-CErU,Ningning,3,2024-11-02T22:33:42Z,aespa_Whiplash
jWQx2f-CErU,Winter,2,2024-11-02T22:33:38Z,aespa_Whiplash
jWQx2f-CErU,Giselle,3,2024-11-02T22:33:34Z,aespa_Whiplash
jWQx2f-CErU,Karina,3,2024-11-02T22:33:31Z,aespa_Whiplash
jWQx2f-CErU,divas DIVAS DIVARAM DIVAAAAAAAAAAS,0,2024-11-02T22:33:15Z,aespa_Whiplash
jWQx2f-CErU,Whiplash,2,2024-11-02T22:27:39Z,aespa_Whiplash
jWQx2f-CErU,Can't touch that ~,2,2024-11-02T22:26:36Z,aespa_Whiplash
jWQx2f-CErU,Awalnya ini aespa? Lama2 kegilaan ma track ini.,3,2024-11-02T22:24:25Z,aespa_Whiplash
jWQx2f-CErU,"GIVE BELLE SOME DESERVED ATTENTION WHY KEEP HER At the back, Ditch that diamond formation!",0,2024-11-02T22:21:48Z,aespa_Whiplash
jWQx2f-CErU,yk ive been bad,3,2024-11-02T22:18:55Z,aespa_Whiplash
jWQx2f-CErU,The vibe and ningning voice is litt,3,2024-11-02T22:10:29Z,aespa_Whiplash
jWQx2f-CErU,Aespa songs always bangersss,2,2024-11-02T22:09:23Z,aespa_Whiplash
jWQx2f-CErU,hej winter,3,2024-11-02T22:00:51Z,aespa_Whiplash
jWQx2f-CErU,This song is so catchy i love aespas style this looks like spicy+Armageddon+hot mess+supernova love this,3,2024-11-02T21:52:51Z,aespa_Whiplash
jWQx2f-CErU,51.860M,3,2024-11-02T21:43:53Z,aespa_Whiplash
jWQx2f-CErU,Te amo,2,2024-11-02T21:43:15Z,aespa_Whiplash
jWQx2f-CErU,"51.850

One look give em whiplaash",1,2024-11-02T21:29:43Z,aespa_Whiplash
jWQx2f-CErU,this is the kpop i like ^^,4,2024-11-02T21:23:32Z,aespa_Whiplash
jWQx2f-CErU,One look give them whiplash,1,2024-11-02T21:14:51Z,aespa_Whiplash
jWQx2f-CErU,"https://youtu.be/hG6KGIU98-8?si=TzDf4q7c9W0lNIlr

This is a better song",0,2024-11-02T21:03:49Z,aespa_Whiplash
jWQx2f-CErU,this song is so powerful ❤️,2,2024-11-02T20:56:01Z,aespa_Whiplash
jWQx2f-CErU,whip whiplash,2,2024-11-02T20:50:07Z,aespa_Whiplash
jWQx2f-CErU,829k,0,2024-11-02T20:37:29Z,aespa_Whiplash
jWQx2f-CErU,11/3,0,2024-11-02T20:30:59Z,aespa_Whiplash
jWQx2f-CErU,"i no liked, i love",4,2024-11-02T20:10:18Z,aespa_Whiplash
jWQx2f-CErU,"forget brat summer , it's whiplash winter",4,2024-11-02T19:44:34Z,aespa_Whiplash
jWQx2f-CErU,I listen to whiplash and next level at the same time and I'm getting addicted!! Go Aespa ❤❤❤,2,2024-11-02T19:41:44Z,aespa_Whiplash
jWQx2f-CErU,💜,1,2024-11-02T19:40:46Z,aespa_Whiplash
jWQx2f-CErU,0:23 best part ❤,0,2024-11-02T19:08:41Z,aespa_Whiplash
jWQx2f-CErU,Love it,1,2024-11-02T18:43:52Z,aespa_Whiplash
jWQx2f-CErU,2:02>>>,1,2024-11-02T18:40:34Z,aespa_Whiplash
jWQx2f-CErU,Sebulan 100jt yuu😭🙏,4,2024-11-02T18:37:57Z,aespa_Whiplash
jWQx2f-CErU,Slayyyyyy,1,2024-11-02T18:37:13Z,aespa_Whiplash
jWQx2f-CErU,Minhas rainhas ❤❤❤❤,1,2024-11-02T18:32:47Z,aespa_Whiplash
jWQx2f-CErU,This mv is top tier,1,2024-11-02T18:28:49Z,aespa_Whiplash
jWQx2f-CErU,GYATT,1,2024-11-02T18:25:10Z,aespa_Whiplash
jWQx2f-CErU,Aespa release hit after hit and I'm not complaining it,1,2024-11-02T18:24:19Z,aespa_Whiplash
jWQx2f-CErU,Ae,0,2024-11-02T18:20:42Z,aespa_Whiplash
jWQx2f-CErU,1:24  this part 😍,0,2024-11-02T18:17:29Z,aespa_Whiplash
jWQx2f-CErU,this sounds so fvcking freshhh!!!!! the old school disco type beats to the fashion to the mv production everything is new and awesome .  a completely new concept !!!,2,2024-11-02T18:15:59Z,aespa_Whiplash
jWQx2f-CErU,Whiplash🎉❤,1,2024-11-02T18:14:31Z,aespa_Whiplash
jWQx2f-CErU,listen this everyday :))) so addicted,1,2024-11-02T17:54:36Z,aespa_Whiplash
jWQx2f-CErU,.,0,2024-11-02T17:42:49Z,aespa_Whiplash
jWQx2f-CErU,Midzy!! Lets go aespa love youu,1,2024-11-02T17:40:31Z,aespa_Whiplash
jWQx2f-CErU,Whip whiplash,2,2024-11-02T17:31:41Z,aespa_Whiplash
jWQx2f-CErU,DIVAAAAAAAAAAAAAAAAS,0,2024-11-02T17:11:45Z,aespa_Whiplash
jWQx2f-CErU,1:10 ILLIT??,0,2024-11-02T16:51:26Z,aespa_Whiplash
jWQx2f-CErU,One look give em whiplæsh,4,2024-11-02T16:49:21Z,aespa_Whiplash
jWQx2f-CErU,Actually  this song is growing  on me!,6,2024-11-02T16:44:25Z,aespa_Whiplash
jWQx2f-CErU,slay comeback (KARINA BIAGFYDC),2,2024-11-02T16:42:15Z,aespa_Whiplash
jWQx2f-CErU,00:39,0,2024-11-02T16:40:34Z,aespa_Whiplash
jWQx2f-CErU,1:36 WINTER IS SO PRETTYYYY!!!  (as always) This should be soty!,2,2024-11-02T16:37:59Z,aespa_Whiplash
jWQx2f-CErU,ESSA ERA É DA GISELLE,2,2024-11-02T16:37:12Z,aespa_Whiplash
jWQx2f-CErU,Soty,2,2024-11-02T16:35:40Z,aespa_Whiplash
jWQx2f-CErU,❤❤❤❤❤,1,2024-11-02T16:09:05Z,aespa_Whiplash
jWQx2f-CErU,I LOVE AESPA SO MUCH NINGNING IS MY BIAS THIS ERA UWAAAAAAAAAAAAA KARINA WINTER AND GISELLE (HER PINK HAIR ESPECIALLY) ARE SO COOL AND SO OSSOS ISNIFJNIOSJOSJOSKJSOKOSOS PRETTY NON AESPA STANS ARE DEFINITELY MISSING OUTTTTTTTTT I LOVE U AESPA,2,2024-11-02T16:05:16Z,aespa_Whiplash
jWQx2f-CErU,The fall ate,1,2024-11-02T16:04:22Z,aespa_Whiplash
jWQx2f-CErU,WHIPLASH,1,2024-11-02T16:03:18Z,aespa_Whiplash
jWQx2f-CErU,WHIP WHIPLASH,1,2024-11-02T16:03:09Z,aespa_Whiplash
jWQx2f-CErU,ONE LOOK GIVE EM WHIPLASH,0,2024-11-02T16:02:39Z,aespa_Whiplash
jWQx2f-CErU,HAPPY 51M WHIPLASH,0,2024-11-02T16:02:19Z,aespa_Whiplash
jWQx2f-CErU,aespa never disappoints,0,2024-11-02T16:01:57Z,aespa_Whiplash
jWQx2f-CErU,1.3M LIKES WHIPLASH,0,2024-11-02T16:01:52Z,aespa_Whiplash
jWQx2f-CErU,51M 611K WHIPLASH,0,2024-11-02T16:01:22Z,aespa_Whiplash
jWQx2f-CErU,Divas🔥,0,2024-11-02T16:01:14Z,aespa_Whiplash
jWQx2f-CErU,Most Excellent 😎,0,2024-11-02T15:58:23Z,aespa_Whiplash
jWQx2f-CErU,Happy 51.6M (12.55 am kst),0,2024-11-02T15:56:33Z,aespa_Whiplash
jWQx2f-CErU,its so brat coded,0,2024-11-02T15:56:27Z,aespa_Whiplash
jWQx2f-CErU,MUKEMMELSİNİZZ,0,2024-11-02T15:55:03Z,aespa_Whiplash
jWQx2f-CErU,HARIKASINIZ,0,2024-11-02T15:54:42Z,aespa_Whiplash
jWQx2f-CErU,Wow😳,0,2024-11-02T15:48:51Z,aespa_Whiplash
jWQx2f-CErU,Ningning so pretty,0,2024-11-02T15:42:18Z,aespa_Whiplash
jWQx2f-CErU,Best song,0,2024-11-02T15:41:57Z,aespa_Whiplash
jWQx2f-CErU,❤❤❤❤,0,2024-11-02T15:26:00Z,aespa_Whiplash
jWQx2f-CErU,60 K in 1 hour,0,2024-11-02T15:25:22Z,aespa_Whiplash
jWQx2f-CErU,I,0,2024-11-02T15:18:39Z,aespa_Whiplash
jWQx2f-CErU,‼️‼️‼️‼️‼️‼️‼️‼️‼️‼️‼️‼️‼️‼️‼️ VOTE FOR AESPA ON MNET FOR FANS CHOICE ‼️‼️‼️‼️‼️‼️‼️‼️‼️‼️‼️‼️‼️‼️‼️,1,2024-11-02T15:18:27Z,aespa_Whiplash
jWQx2f-CErU,‼️‼️‼️‼️‼️‼️‼️‼️‼️‼️‼️‼️‼️‼️‼️ VOTE FOR AESPA ON MNET FOR FANS CHOICE ‼️‼️‼️‼️‼️‼️‼️‼️‼️‼️‼️‼️‼️‼️‼️,0,2024-11-02T15:18:24Z,aespa_Whiplash
jWQx2f-CErU,‼️‼️‼️‼️‼️‼️‼️‼️‼️‼️‼️‼️‼️‼️‼️ VOTE FOR AESPA ON MNET FOR FANS CHOICE ‼️‼️‼️‼️‼️‼️‼️‼️‼️‼️‼️‼️‼️‼️‼️,0,2024-11-02T15:18:19Z,aespa_Whiplash
jWQx2f-CErU,‼️‼️‼️‼️‼️‼️‼️‼️‼️‼️‼️‼️‼️‼️‼️ VOTE FOR AESPA ON MNET FOR FANS CHOICE ‼️‼️‼️‼️‼️‼️‼️‼️‼️‼️‼️‼️‼️‼️‼️,0,2024-11-02T15:18:16Z,aespa_Whiplash
jWQx2f-CErU,They look like they could be on final fantasy,0,2024-11-02T15:18:05Z,aespa_Whiplash
jWQx2f-CErU,‼️‼️‼️‼️‼️‼️‼️‼️‼️‼️‼️‼️‼️‼️‼️ VOTE FOR AESPA ON MNET FOR FANS CHOICE ‼️‼️‼️‼️‼️‼️‼️‼️‼️‼️‼️‼️‼️‼️‼️,0,2024-11-02T15:18:03Z,aespa_Whiplash
jWQx2f-CErU,dmn giselle is sexyy,0,2024-11-02T15:17:14Z,aespa_Whiplash
jWQx2f-CErU,Karina,0,2024-11-02T15:13:24Z,aespa_Whiplash
jWQx2f-CErU,Behind the scenes https://youtu.be/X5yNrn2dL-g?si=dW2cthMSfQVHWbwY,0,2024-11-02T15:07:25Z,aespa_Whiplash
jWQx2f-CErU,"lmfao at 2:14 they sound like they about to jingle bell rock. it's like ""i'm the highlight 비춰 red light, to rock the night awayyyy. you know it's my site 거친 next sigh, to go glidin' in a one-horse sleighhh"" 😭😭😭",2,2024-11-02T14:57:25Z,aespa_Whiplash
jWQx2f-CErU,☺️👍,0,2024-11-02T14:53:51Z,aespa_Whiplash
jWQx2f-CErU,come on str34m,1,2024-11-02T14:52:34Z,aespa_Whiplash
jWQx2f-CErU,Imma make a free audio with this-,1,2024-11-02T14:52:19Z,aespa_Whiplash
jWQx2f-CErU,Please stop cut Winter’s hair!!,0,2024-11-02T14:45:07Z,aespa_Whiplash
jWQx2f-CErU,NINGNINGGGGG MAIN SLAYEERRR PROFESSIONAL MODEL I LOVE YOUUU KEEP SLAYING,1,2024-11-02T14:42:08Z,aespa_Whiplash
jWQx2f-CErU,keep streaming and fighting mys,4,2024-11-02T14:38:25Z,aespa_Whiplash
jWQx2f-CErU,Otw 3rd win,1,2024-11-02T14:37:26Z,aespa_Whiplash
jWQx2f-CErU,Giselle taking revenge on Ningning for Supernova mv lol,2,2024-11-02T14:36:26Z,aespa_Whiplash
jWQx2f-CErU,Esse é o ano do aespa!,2,2024-11-02T14:31:00Z,aespa_Whiplash
jWQx2f-CErU,"SM, your youtube acc is too old",2,2024-11-02T14:29:58Z,aespa_Whiplash
jWQx2f-CErU,504k,1,2024-11-02T14:29:18Z,aespa_Whiplash
jWQx2f-CErU,"Go 1,4M likes",1,2024-11-02T14:28:49Z,aespa_Whiplash
jWQx2f-CErU,🩶🩶🩶🩶🩶,0,2024-11-02T14:28:49Z,aespa_Whiplash
jWQx2f-CErU,51.5M,0,2024-11-02T14:28:44Z,aespa_Whiplash
jWQx2f-CErU,now we are on the 8th of worldwide mvs 😊,2,2024-11-02T14:27:01Z,aespa_Whiplash
jWQx2f-CErU,gives me goosebumps over and over every single listen,2,2024-11-02T14:25:58Z,aespa_Whiplash
jWQx2f-CErU,I love this concept. It’s like aespa by Balenciaga,1,2024-11-02T14:25:56Z,aespa_Whiplash
jWQx2f-CErU,ISSO AQUI TÁ DE OUTRO MUNDO!,1,2024-11-02T14:23:45Z,aespa_Whiplash
jWQx2f-CErU,"I hate SM channel fgs its too slow for strxming, it could be better if aespa had released MV on their own channel but ik it would not happen",1,2024-11-02T14:23:07Z,aespa_Whiplash
jWQx2f-CErU,52m go go,1,2024-11-02T14:23:07Z,aespa_Whiplash
jWQx2f-CErU,"aespa 'Whiplash'

01. Whiplash (Title)
02. KI
03. Flights, Not Feelings
04. Pink Hoodie
05. Flowers
06. Just Another Girl",0,2024-11-02T14:20:12Z,aespa_Whiplash
g36q0ZLvygQ,"DIVEs, keep streaming for our 5th win! 🎉",11,2025-01-26T23:47:54Z,IVE_RebelHeart
g36q0ZLvygQ,2:34 is that stray kids on the poster??,2,2025-01-26T23:46:26Z,IVE_RebelHeart
g36q0ZLvygQ,THEY MADE ME CRY DAMN IT😭❤️love you girls,7,2025-01-26T23:38:04Z,IVE_RebelHeart
g36q0ZLvygQ,love this,7,2025-01-26T23:05:06Z,IVE_RebelHeart
g36q0ZLvygQ,0:35 0:51 1:23 this is the so amazing 😭 of Wonyoung,3,2025-01-26T22:50:44Z,IVE_RebelHeart
g36q0ZLvygQ,"this reminds me so much of loona, i'm gonna cry 😭",3,2025-01-26T22:47:39Z,IVE_RebelHeart
g36q0ZLvygQ,I love Rebel Heart,4,2025-01-26T22:40:06Z,IVE_RebelHeart
g36q0ZLvygQ,2:40 this song is literally our wonny life and haters cant realise she is also human,9,2025-01-26T22:07:02Z,IVE_RebelHeart
g36q0ZLvygQ,This is so Carly Rae Jepsen x Taylor Swift coded,2,2025-01-26T21:01:25Z,IVE_RebelHeart
g36q0ZLvygQ,5th win cmon❤❤❤,6,2025-01-26T20:54:40Z,IVE_RebelHeart
g36q0ZLvygQ,omg❤❤❤❤❤❤🎉🎉🎉🎉,4,2025-01-26T20:54:33Z,IVE_RebelHeart
g36q0ZLvygQ,Please go check out Attitude Concept Film as well,5,2025-01-26T20:49:05Z,IVE_RebelHeart
g36q0ZLvygQ,Do we have a chance for a 5th win??,6,2025-01-26T20:48:29Z,IVE_RebelHeart
g36q0ZLvygQ,Gaeul didn't say anything in the song...,2,2025-01-26T20:45:27Z,IVE_RebelHeart
g36q0ZLvygQ,❤❤❤,4,2025-01-26T20:45:24Z,IVE_RebelHeart
g36q0ZLvygQ,VMS DAR STREAM DIVES!!!!,0,2025-01-26T20:42:23Z,IVE_RebelHeart
g36q0ZLvygQ,"2:38 ""we are rebels,we are one""",3,2025-01-26T20:37:45Z,IVE_RebelHeart
g36q0ZLvygQ,O IVE não tem músicas ruins,1,2025-01-26T20:36:39Z,IVE_RebelHeart
g36q0ZLvygQ,Ela nunca decepcionam,1,2025-01-26T20:36:27Z,IVE_RebelHeart
g36q0ZLvygQ,VAMOS DAR MTO STREAM!!!,1,2025-01-26T20:36:03Z,IVE_RebelHeart
g36q0ZLvygQ,Best gg,1,2025-01-26T20:35:50Z,IVE_RebelHeart
g36q0ZLvygQ,0:48 QUE MOMENTO,1,2025-01-26T20:35:36Z,IVE_RebelHeart
g36q0ZLvygQ,Amei!amei mto,2,2025-01-26T20:35:16Z,IVE_RebelHeart
g36q0ZLvygQ,Amei,2,2025-01-26T20:35:07Z,IVE_RebelHeart
g36q0ZLvygQ,Muito boa de escutar,2,2025-01-26T20:32:57Z,IVE_RebelHeart
g36q0ZLvygQ,1:07 STRAY KIDS??? God.. I understand :D,4,2025-01-26T20:08:03Z,IVE_RebelHeart
g36q0ZLvygQ,1:06 straykids??,4,2025-01-26T20:06:54Z,IVE_RebelHeart
g36q0ZLvygQ,Stray Kids poster is visible in the MV.. this is so funny lol,4,2025-01-26T20:02:48Z,IVE_RebelHeart
g36q0ZLvygQ,ATTITUDE ESTÁ CHEGANDO,2,2025-01-26T20:01:45Z,IVE_RebelHeart
g36q0ZLvygQ,"ATTITUDE está vindo ai, preparados Dives??",1,2025-01-26T20:01:34Z,IVE_RebelHeart
g36q0ZLvygQ,Daquia a pouco vai lançar música nova ebaaaa,2,2025-01-26T20:00:46Z,IVE_RebelHeart
g36q0ZLvygQ,678K,1,2025-01-26T20:00:14Z,IVE_RebelHeart
g36q0ZLvygQ,I love to hear song recording,1,2025-01-26T19:48:16Z,IVE_RebelHeart
g36q0ZLvygQ,Who else come to see straykids?😂,4,2025-01-26T19:27:41Z,IVE_RebelHeart
g36q0ZLvygQ,Leeseo and Wonyoung is too cute 🥰🥰,1,2025-01-26T19:23:03Z,IVE_RebelHeart
g36q0ZLvygQ,las amooo❤️❤️,1,2025-01-26T19:20:57Z,IVE_RebelHeart
g36q0ZLvygQ,i love so you can love me hate me you will never be never be me wony part❤🎉😊,0,2025-01-26T18:54:23Z,IVE_RebelHeart
g36q0ZLvygQ,I swear I have listened this song before but like years ago,1,2025-01-26T18:41:14Z,IVE_RebelHeart
g36q0ZLvygQ,canduu canduuu,0,2025-01-26T18:30:44Z,IVE_RebelHeart
g36q0ZLvygQ,"Afterwork, listening to IVE before sleeping ❤",4,2025-01-26T18:19:52Z,IVE_RebelHeart
g36q0ZLvygQ,Ready for Attitude❤,2,2025-01-26T18:19:20Z,IVE_RebelHeart
g36q0ZLvygQ,Porque me hacen llorar esta hermosa la canción ❤,1,2025-01-26T18:15:01Z,IVE_RebelHeart
g36q0ZLvygQ,Elas já ganharam 4 wins com essa música estou muito feliz,3,2025-01-26T17:57:16Z,IVE_RebelHeart
g36q0ZLvygQ,PERFECT GIRL GROUP❤,5,2025-01-26T17:46:12Z,IVE_RebelHeart
g36q0ZLvygQ,I AMs sisterr,0,2025-01-26T17:44:21Z,IVE_RebelHeart
g36q0ZLvygQ,Let's goo 20M!!!,13,2025-01-26T17:34:05Z,IVE_RebelHeart
g36q0ZLvygQ,I just wanna thank IVE for this amazing and perfect song!! New to K-pop and this song has just thrown me deeper into the music 🌟💕❤️💕❤️ will be stanning ❤,7,2025-01-26T17:08:47Z,IVE_RebelHeart
g36q0ZLvygQ,"Why does Gaeul get so few parts? 
Please let it shine too 
We want to see it more prominently.",3,2025-01-26T16:22:32Z,IVE_RebelHeart
g36q0ZLvygQ,Di menit 2:33 juga muncul ada Billboard Stray Kids lg dibelakang.. hehe,0,2025-01-26T16:22:16Z,IVE_RebelHeart
g36q0ZLvygQ,te amo,2,2025-01-26T16:19:57Z,IVE_RebelHeart
g36q0ZLvygQ,1:06 haha ada yg nyempil billboard Stray Kids di MV nya Ive.,0,2025-01-26T16:18:54Z,IVE_RebelHeart
g36q0ZLvygQ,"Ámame, ódiame, nunca serás, nunca serás, nunca serás yo
AMOOO❤",1,2025-01-26T16:17:57Z,IVE_RebelHeart
g36q0ZLvygQ,20M𝕃𝕖𝕥'𝕤 𝕘𝕠🎉,5,2025-01-26T16:15:17Z,IVE_RebelHeart
g36q0ZLvygQ,Not them release my birthday 😭👍🏽 (I'm 13 now ^^),0,2025-01-26T16:10:54Z,IVE_RebelHeart
g36q0ZLvygQ,"🤩🤩After I AM there energy comeback with Rebel In There Heart ❣️😈
Who's ready to join this journey ❤ Let's gather here❤❤😏😎",0,2025-01-26T16:02:24Z,IVE_RebelHeart
g36q0ZLvygQ,Wonyoung❤,1,2025-01-26T16:00:03Z,IVE_RebelHeart
g36q0ZLvygQ,18m let's go dive🎉🎉,1,2025-01-26T15:59:47Z,IVE_RebelHeart
g36q0ZLvygQ,:))),1,2025-01-26T15:57:23Z,IVE_RebelHeart
g36q0ZLvygQ,1:07 i see stray kids on the background,1,2025-01-26T15:48:23Z,IVE_RebelHeart
g36q0ZLvygQ,"Esta canción es increíble, ive❤",1,2025-01-26T15:33:48Z,IVE_RebelHeart
g36q0ZLvygQ,I'll watch this song everytime when someone likes this comment,2,2025-01-26T15:18:33Z,IVE_RebelHeart
g36q0ZLvygQ,"Liz, you amazing",1,2025-01-26T14:53:56Z,IVE_RebelHeart
g36q0ZLvygQ,"LOVE ME, HATE ME. YOU WILL NEVER GONNA, GONNA BE ME. What an iconic line",1,2025-01-26T14:52:11Z,IVE_RebelHeart
g36q0ZLvygQ,Why is leeseo crying?,1,2025-01-26T14:48:19Z,IVE_RebelHeart
g36q0ZLvygQ,570k,0,2025-01-26T14:35:01Z,IVE_RebelHeart
g36q0ZLvygQ,Love me hate me,0,2025-01-26T14:26:45Z,IVE_RebelHeart
g36q0ZLvygQ,Rebels in our HEART,1,2025-01-26T14:26:35Z,IVE_RebelHeart
g36q0ZLvygQ,REBEL HEART / 250126 / 11PM(KST) / 차하오,0,2025-01-26T14:24:32Z,IVE_RebelHeart
g36q0ZLvygQ,Atitude coming soon,1,2025-01-26T14:23:14Z,IVE_RebelHeart
g36q0ZLvygQ,REBEL HEART / 250126 / 11PM / awarmmoon,0,2025-01-26T14:19:40Z,IVE_RebelHeart
g36q0ZLvygQ,🤍🤍,1,2025-01-26T14:11:52Z,IVE_RebelHeart
g36q0ZLvygQ,wonyoung vocals omgg,0,2025-01-26T14:10:44Z,IVE_RebelHeart
g36q0ZLvygQ,I actually cried :') its so relatable,2,2025-01-26T14:10:36Z,IVE_RebelHeart
g36q0ZLvygQ,🎉 congrats for winnning ingkigayo today 4th win ...❤,1,2025-01-26T14:10:09Z,IVE_RebelHeart
g36q0ZLvygQ,attitude concpet film out noww,1,2025-01-26T14:08:54Z,IVE_RebelHeart
g36q0ZLvygQ,Can't wait for Attitude,1,2025-01-26T14:07:50Z,IVE_RebelHeart
g36q0ZLvygQ,"such a beautiful and refreshing music video! the lyrics are so empowering as well. They literally outdo themselves every single comeback, how talented❤",3,2025-01-26T13:59:55Z,IVE_RebelHeart
g36q0ZLvygQ,REBEL HEART / 250126 / 8PM / WONJIN,0,2025-01-26T13:59:48Z,IVE_RebelHeart
g36q0ZLvygQ,REBEL HEART / 250126 / 8PM / WONJIN,1,2025-01-26T13:55:53Z,IVE_RebelHeart
g36q0ZLvygQ,Let's get to 20M DIVE. Iveting,3,2025-01-26T13:42:13Z,IVE_RebelHeart
g36q0ZLvygQ,Rei ❤,1,2025-01-26T13:41:52Z,IVE_RebelHeart
g36q0ZLvygQ,REBEL HEART / 250126 / 8PM / WONJIN,0,2025-01-26T13:40:59Z,IVE_RebelHeart
g36q0ZLvygQ,Im seriously obsessed with this song.,3,2025-01-26T13:38:51Z,IVE_RebelHeart
g36q0ZLvygQ,REBEL HEART / 250126 / 8PM / WONJIN,1,2025-01-26T13:36:46Z,IVE_RebelHeart
g36q0ZLvygQ,REBEL HEART / 250126 / 8PM / WONJIN,2,2025-01-26T13:32:53Z,IVE_RebelHeart
g36q0ZLvygQ,REBEL HEART 10시,1,2025-01-26T13:26:45Z,IVE_RebelHeart
g36q0ZLvygQ,0:35 wow,0,2025-01-26T13:24:26Z,IVE_RebelHeart
g36q0ZLvygQ,REBEL HEART / 250126 / 8PM / WONJIN,0,2025-01-26T13:19:36Z,IVE_RebelHeart
g36q0ZLvygQ,it's so beautiful that it gets stuck in your head and you can't stop listening to it,4,2025-01-26T13:17:48Z,IVE_RebelHeart
g36q0ZLvygQ,REBEL HEART / 250126 / 8PM / WONJIN,0,2025-01-26T13:15:17Z,IVE_RebelHeart
g36q0ZLvygQ,REBEL HEART / 250126 / 8PM / WONJIN,0,2025-01-26T13:11:15Z,IVE_RebelHeart
g36q0ZLvygQ,REBEL HEART / 250126 / 10pm / awarmmoon,0,2025-01-26T13:08:01Z,IVE_RebelHeart
g36q0ZLvygQ,🩵🩵,0,2025-01-26T13:04:11Z,IVE_RebelHeart
g36q0ZLvygQ,This is just a pre-release! WHAT ABOUT THE TITLE TRACK?! HOW COOL IS IT?,6,2025-01-26T13:02:59Z,IVE_RebelHeart
g36q0ZLvygQ,"Improve
Visual
Everything",3,2025-01-26T13:01:44Z,IVE_RebelHeart
g36q0ZLvygQ,"this is very good! i like their vocal, rap, and dance",2,2025-01-26T13:01:00Z,IVE_RebelHeart
g36q0ZLvygQ,BEST SONG OF THE YEAR,2,2025-01-26T13:00:34Z,IVE_RebelHeart
g36q0ZLvygQ,LOVEEE MEE HATE MEEE,1,2025-01-26T12:57:05Z,IVE_RebelHeart
g36q0ZLvygQ,Heart Rebel,1,2025-01-26T12:55:16Z,IVE_RebelHeart
g36q0ZLvygQ,RH selamat!,1,2025-01-26T12:55:09Z,IVE_RebelHeart
g36q0ZLvygQ,tahniah 4th win RH,0,2025-01-26T12:55:04Z,IVE_RebelHeart
g36q0ZLvygQ,REBEL HEART / 250126 / 7PM / WONJIN,2,2025-01-26T12:52:28Z,IVE_RebelHeart
g36q0ZLvygQ,Love me! Hate me~,0,2025-01-26T12:51:16Z,IVE_RebelHeart
g36q0ZLvygQ,REBEL HEART / 250126 / 7PM / WONJIN,0,2025-01-26T12:47:56Z,IVE_RebelHeart
g36q0ZLvygQ,wonderful song,1,2025-01-26T12:47:46Z,IVE_RebelHeart
g36q0ZLvygQ,REBEL HEART / 250126 / 7PM / WONJIN,0,2025-01-26T12:44:21Z,IVE_RebelHeart
g36q0ZLvygQ,This is a bop. Like if you agree,1,2025-01-26T12:29:14Z,IVE_RebelHeart
g36q0ZLvygQ,REBEL HEART / 250126 / 9pm / awarmmoon,1,2025-01-26T12:27:54Z,IVE_RebelHeart
g36q0ZLvygQ,❤,1,2025-01-26T12:16:02Z,IVE_RebelHeart
g36q0ZLvygQ,Cool❤❤❤❤,1,2025-01-26T12:05:45Z,IVE_RebelHeart
g36q0ZLvygQ,"if either way has a sister, this will be it",0,2025-01-26T12:04:38Z,IVE_RebelHeart
g36q0ZLvygQ,IVE!!!💥💥💥,0,2025-01-26T12:03:14Z,IVE_RebelHeart
g36q0ZLvygQ,"tones and rhythms remind me of ""I AM."" I love it ❤",1,2025-01-26T11:54:44Z,IVE_RebelHeart
g36q0ZLvygQ,Can we get 10 win for rebel heart?,2,2025-01-26T11:54:25Z,IVE_RebelHeart
g36q0ZLvygQ,we are rebels we are 1,0,2025-01-26T11:53:29Z,IVE_RebelHeart
g36q0ZLvygQ,who is still watching the mv,0,2025-01-26T11:53:24Z,IVE_RebelHeart
g36q0ZLvygQ,4 WIN LETS GOOO KEEP STREAMING,2,2025-01-26T11:52:18Z,IVE_RebelHeart
g36q0ZLvygQ,if fj,0,2025-01-26T11:51:04Z,IVE_RebelHeart
g36q0ZLvygQ,Yang paling awal pake jaket merah namanya siapa?,0,2025-01-26T11:44:32Z,IVE_RebelHeart
g36q0ZLvygQ,17 484,0,2025-01-26T11:42:47Z,IVE_RebelHeart
g36q0ZLvygQ,4 th win! congrats my girls,1,2025-01-26T11:42:27Z,IVE_RebelHeart
g36q0ZLvygQ,jd,0,2025-01-26T11:36:42Z,IVE_RebelHeart
g36q0ZLvygQ,❤❤❤,1,2025-01-26T11:31:05Z,IVE_RebelHeart
g36q0ZLvygQ,sesuka itu ssma lagunya,0,2025-01-26T11:18:25Z,IVE_RebelHeart
g36q0ZLvygQ,SAY IT LOUDER WONGYOUNG🗣️ 🔊,1,2025-01-26T11:14:48Z,IVE_RebelHeart
g36q0ZLvygQ,REBEL HEART / 250126 / 6PM / WONJIN,1,2025-01-26T11:11:16Z,IVE_RebelHeart
g36q0ZLvygQ,REBEL HEART / 250126 / 6PM / WONJIN,0,2025-01-26T11:08:41Z,IVE_RebelHeart
g36q0ZLvygQ,❤,1,2025-01-26T11:07:03Z,IVE_RebelHeart
g36q0ZLvygQ,REBEL HEART / 250126 / 8pm / awarmmoon,0,2025-01-26T11:05:24Z,IVE_RebelHeart
g36q0ZLvygQ,Love me hate me,0,2025-01-26T11:05:21Z,IVE_RebelHeart
g36q0ZLvygQ,REBEL HEART / 250126 / 6PM / WONJIN,0,2025-01-26T11:03:21Z,IVE_RebelHeart
g36q0ZLvygQ,REBEL HEART / 250126 / 5PM / WONJIN,0,2025-01-26T10:58:40Z,IVE_RebelHeart
g36q0ZLvygQ,REBEL HEART / 250126 / 5PM / WONJIN,0,2025-01-26T10:55:02Z,IVE_RebelHeart
g36q0ZLvygQ,REBEL HEART / 250126 / 5PM / WONJIN,0,2025-01-26T10:54:33Z,IVE_RebelHeart
g36q0ZLvygQ,I came from rinchii2 0:13,0,2025-01-26T10:54:21Z,IVE_RebelHeart
g36q0ZLvygQ,"4th win for ""Rebel Heart""!!! (Inkigayo) 😊🎉❤ Congratulations!!! 🥳🏆👏",3,2025-01-26T10:54:08Z,IVE_RebelHeart
g36q0ZLvygQ,How many ive supporters are here,1,2025-01-26T10:53:18Z,IVE_RebelHeart
g36q0ZLvygQ,"Great IVE !!!
Go IVE !!!❤❤❤❤❤❤",1,2025-01-26T10:52:31Z,IVE_RebelHeart
g36q0ZLvygQ,REBEL HEART / 250126 / 5PM / WONJIN,0,2025-01-26T10:51:20Z,IVE_RebelHeart
g36q0ZLvygQ,NO WORDS ITS SO PREFECT AMAZING❤❤❤❤❤❤,0,2025-01-26T10:49:10Z,IVE_RebelHeart
g36q0ZLvygQ,REBEL HEART,1,2025-01-26T10:46:39Z,IVE_RebelHeart
g36q0ZLvygQ,Wonyoung ✨️,2,2025-01-26T10:41:54Z,IVE_RebelHeart
g36q0ZLvygQ,I best wonyoung✨❤️,0,2025-01-26T10:37:12Z,IVE_RebelHeart
g36q0ZLvygQ,Wony fianly got the recognition she deserved,1,2025-01-26T10:35:43Z,IVE_RebelHeart
g36q0ZLvygQ,Fantastic 💘💘💗,0,2025-01-26T10:34:45Z,IVE_RebelHeart
g36q0ZLvygQ,Rebel Heart 4th consecutive music show win achieved🎉,3,2025-01-26T10:25:24Z,IVE_RebelHeart
g36q0ZLvygQ,leeseo looks so cute in pink hair!,0,2025-01-26T10:22:59Z,IVE_RebelHeart
g36q0ZLvygQ,"rebel heart is my fav song of 2025, ive will always release great music!!",1,2025-01-26T10:22:42Z,IVE_RebelHeart
g36q0ZLvygQ,Congrats girls on the 4th win !!!,2,2025-01-26T10:22:16Z,IVE_RebelHeart
g36q0ZLvygQ,REBEL HEART / 250126 / 7pm / awarmmoon,1,2025-01-26T10:22:01Z,IVE_RebelHeart
g36q0ZLvygQ,Congratulations IVE!!! Rebel Heart 4th win 🏆🎉,6,2025-01-26T10:21:36Z,IVE_RebelHeart
g36q0ZLvygQ,🖤🖤,1,2025-01-26T10:08:06Z,IVE_RebelHeart
g36q0ZLvygQ,Happy 4win,3,2025-01-26T09:59:12Z,IVE_RebelHeart
g36q0ZLvygQ,4 win,0,2025-01-26T09:58:58Z,IVE_RebelHeart
g36q0ZLvygQ,Happy 17.4m,0,2025-01-26T09:58:48Z,IVE_RebelHeart
g36q0ZLvygQ,I have been loving IVE for their meaningful songs. They are so good and the lyrics made them even better! And the genre?! It's always amazing ❤❤,0,2025-01-26T09:58:47Z,IVE_RebelHeart
g36q0ZLvygQ,❤❤,1,2025-01-26T09:53:12Z,IVE_RebelHeart
g36q0ZLvygQ,♥️♥️,1,2025-01-26T09:52:04Z,IVE_RebelHeart
g36q0ZLvygQ,♥️♥️,1,2025-01-26T09:51:30Z,IVE_RebelHeart
g36q0ZLvygQ,"Good song, I love it",1,2025-01-26T09:49:44Z,IVE_RebelHeart
g36q0ZLvygQ,4 win ❤,2,2025-01-26T09:47:04Z,IVE_RebelHeart
g36q0ZLvygQ,REBEL HEART / 250126 / 6PM / awarmmoon,0,2025-01-26T09:35:14Z,IVE_RebelHeart
g36q0ZLvygQ,This song is so catchy!,2,2025-01-26T09:34:23Z,IVE_RebelHeart
g36q0ZLvygQ,So excited for attitude <33,1,2025-01-26T09:33:59Z,IVE_RebelHeart
g36q0ZLvygQ,COMGRATS TO IVE TAKING THIS WEEKS TROPHIES!! you guys truly deserve these wins!!,3,2025-01-26T09:33:47Z,IVE_RebelHeart
g36q0ZLvygQ,"This is the best song for me, the mv quality, the melody ack ate",2,2025-01-26T09:33:14Z,IVE_RebelHeart
g36q0ZLvygQ,we're rebels in our heart,0,2025-01-26T09:28:17Z,IVE_RebelHeart
g36q0ZLvygQ,RebelHeart4thWin🎉🎊,2,2025-01-26T09:20:13Z,IVE_RebelHeart
g36q0ZLvygQ,RebelHeart4thWin🎉🎊,1,2025-01-26T09:20:09Z,IVE_RebelHeart
g36q0ZLvygQ,RebelHeart4thWin🎉🎊,1,2025-01-26T09:20:06Z,IVE_RebelHeart
g36q0ZLvygQ,RebelHeart4thWin🎉🎊,1,2025-01-26T09:19:56Z,IVE_RebelHeart
g36q0ZLvygQ,4th win we're proud of you ive!,2,2025-01-26T09:13:50Z,IVE_RebelHeart
g36q0ZLvygQ,4 wins!! Im so proud of you guys and DIVE!!,4,2025-01-26T09:10:59Z,IVE_RebelHeart
g36q0ZLvygQ,Rebels in our heart!,1,2025-01-26T09:03:15Z,IVE_RebelHeart
g36q0ZLvygQ,"sebentar lagi ganti bulan, yuk tetap smngat!",1,2025-01-26T08:49:46Z,IVE_RebelHeart
g36q0ZLvygQ,REBEL HEART / 250126 / 3PM / WONJIN,1,2025-01-26T08:49:04Z,IVE_RebelHeart
g36q0ZLvygQ,I-Ting dives🎉❤,1,2025-01-26T08:48:36Z,IVE_RebelHeart
g36q0ZLvygQ,"Next goal: 20M
Fighting dives !!!",8,2025-01-26T08:47:03Z,IVE_RebelHeart
g36q0ZLvygQ,"This song has 2 meanings. And I love this song. I know what they mean by 'Love me , Hate me , You will never be me'❤
❤❤❤",3,2025-01-26T08:34:43Z,IVE_RebelHeart
g36q0ZLvygQ,Rebel Heart 4th win 🎉✨,6,2025-01-26T08:32:18Z,IVE_RebelHeart
g36q0ZLvygQ,Go 18M views!!!,2,2025-01-26T08:31:55Z,IVE_RebelHeart
g36q0ZLvygQ,REBEL HEART / 250126 / 5PM / awarmmoon,1,2025-01-26T08:31:35Z,IVE_RebelHeart
g36q0ZLvygQ,amazing!!!❤,3,2025-01-26T08:25:24Z,IVE_RebelHeart
g36q0ZLvygQ,"Happy 4th Win!!!
REBEL HEART heals us every day^^",5,2025-01-26T08:18:25Z,IVE_RebelHeart
g36q0ZLvygQ,4th win today omg!! let's str3am more for next week,6,2025-01-26T08:15:42Z,IVE_RebelHeart
g36q0ZLvygQ,❤❤❤,2,2025-01-26T08:14:30Z,IVE_RebelHeart
g36q0ZLvygQ,မမ,1,2025-01-26T08:11:44Z,IVE_RebelHeart
g36q0ZLvygQ,မမ,1,2025-01-26T08:11:35Z,IVE_RebelHeart
g36q0ZLvygQ,is this pre-release? so the main tract that is goin to released in feb 3 will have more views rightt,2,2025-01-26T08:06:33Z,IVE_RebelHeart
g36q0ZLvygQ,❤❤,2,2025-01-26T08:04:59Z,IVE_RebelHeart
g36q0ZLvygQ,""" love me hate me, you will never be me"" you ate wonny🎉",1,2025-01-26T07:51:30Z,IVE_RebelHeart
g36q0ZLvygQ,4th Win‼️,3,2025-01-26T07:48:56Z,IVE_RebelHeart
g36q0ZLvygQ,Yasss!!!! Congratulations for the 4th win today!!!,3,2025-01-26T07:46:33Z,IVE_RebelHeart
g36q0ZLvygQ,Ive’s discography never disappoints me,126,2025-01-26T07:42:36Z,IVE_RebelHeart
g36q0ZLvygQ,"Can't wait for ATTITUDE, I'm seated!",4,2025-01-26T07:42:05Z,IVE_RebelHeart
g36q0ZLvygQ,Rebel heart deserves a lot of awards fr,1,2025-01-26T07:41:49Z,IVE_RebelHeart
g36q0ZLvygQ,REBEL HEART / 250126 / 4pm / awarmmoon,0,2025-01-26T07:41:44Z,IVE_RebelHeart
g36q0ZLvygQ,REBEL HEART DESERVES AWARDS,1,2025-01-26T07:41:35Z,IVE_RebelHeart
g36q0ZLvygQ,keep going dives,0,2025-01-26T07:31:00Z,IVE_RebelHeart
g36q0ZLvygQ,❤❤,0,2025-01-26T07:23:38Z,IVE_RebelHeart
g36q0ZLvygQ,"I've said it before and i'll say it again. IVE will always outdone themselves, and i believe IVE EMPATHY will be their best album. I genuinely think that Rebel Heart is one of the best song i've ever heard from K-pop. What an icon for a soul that never gives up and will always be the ""rebels"" to reach what they have dreamed for all this time.

""So rather than expecting eternity, i want to understand you now."" 
Shockingly, the last time i was this touched was when i watched Either Way for the first time. You did it, IVE.",0,2025-01-26T07:23:34Z,IVE_RebelHeart
g36q0ZLvygQ,2:18 best part,1,2025-01-26T07:21:44Z,IVE_RebelHeart
g36q0ZLvygQ,3 wins   🎉🎉🎉🎉🎉🎉,0,2025-01-26T07:00:07Z,IVE_RebelHeart
g36q0ZLvygQ,"17,364,273 views  12 days ago",0,2025-01-26T06:19:17Z,IVE_RebelHeart
g36q0ZLvygQ,let's count for 18M,0,2025-01-26T06:19:06Z,IVE_RebelHeart
g36q0ZLvygQ,"This is the essence of Kpop.
This type of messages are the reason why Kpop became a fundamental platform on my teenager years 😢❤",1,2025-01-26T06:18:58Z,IVE_RebelHeart
g36q0ZLvygQ,❤❤❤❤❤,1,2025-01-26T06:07:36Z,IVE_RebelHeart
g36q0ZLvygQ,"pls reach 20m for our goal, at least this week",0,2025-01-26T05:38:03Z,IVE_RebelHeart
g36q0ZLvygQ,"wonyoung owned this song
I love how this song has meaning in lyrics and emotion, not like some songs that are super short and lyrics make no sense and it's just the beat",2,2025-01-26T05:29:44Z,IVE_RebelHeart
g36q0ZLvygQ,come on guys only 17M views and 453K likes?,1,2025-01-26T05:28:50Z,IVE_RebelHeart
g36q0ZLvygQ,"stream more pls, we need more streams!!",0,2025-01-26T05:22:32Z,IVE_RebelHeart
g36q0ZLvygQ,Will they still be promoting Rebel Heart next week???,0,2025-01-26T05:14:39Z,IVE_RebelHeart
g36q0ZLvygQ,"Im not exaggerating when I say that Ive is the only consistent group that has amazing bridges, vocals, and tunes. I’m not even a dive or a hardcore listener, but every song I’ve listened to really doesn’t disappoint. Ive even been disappointed by songs produced by my favorite groups and idols, but never Ive. Personally I think it’s because their songs are never made for the sole purpose of being a TikTok audio",1,2025-01-26T05:14:20Z,IVE_RebelHeart
g36q0ZLvygQ,❤❤❤❤,1,2025-01-26T05:09:29Z,IVE_RebelHeart
g36q0ZLvygQ,IVE FIGHTING!!!! Dive please keep sending the girls your love and support :3,0,2025-01-26T05:09:05Z,IVE_RebelHeart
g36q0ZLvygQ,yessss,0,2025-01-26T05:07:15Z,IVE_RebelHeart
g36q0ZLvygQ,Keep streaming,0,2025-01-26T05:03:20Z,IVE_RebelHeart
g36q0ZLvygQ,best kpop song in 2025. by a mile,0,2025-01-26T04:57:21Z,IVE_RebelHeart
g36q0ZLvygQ,love ive,1,2025-01-26T04:56:28Z,IVE_RebelHeart
g36q0ZLvygQ,2:13　love dive？,0,2025-01-26T04:55:08Z,IVE_RebelHeart
g36q0ZLvygQ,congrats ive for 3 win music bank,1,2025-01-26T04:54:40Z,IVE_RebelHeart
g36q0ZLvygQ,"Come on everyone DIVE, let's increase the number of views of 'REBEL HEART' to 20M!!! Come on!!!",1,2025-01-26T04:49:40Z,IVE_RebelHeart
g36q0ZLvygQ,Posno la vda q no,2,2025-01-26T04:36:54Z,IVE_RebelHeart
g36q0ZLvygQ,q sifue sofu nambre,2,2025-01-26T04:35:57Z,IVE_RebelHeart
g36q0ZLvygQ,La de zen avr Mi teléfono esta bien caliente,2,2025-01-26T04:35:55Z,IVE_RebelHeart
g36q0ZLvygQ,Pq soy rebelde,2,2025-01-26T04:35:27Z,IVE_RebelHeart
g36q0ZLvygQ,cuyo,2,2025-01-26T04:35:13Z,IVE_RebelHeart
g36q0ZLvygQ,No viene a prometer,2,2025-01-26T04:35:11Z,IVE_RebelHeart
Sz_wWzgh-vQ,Vote music bank,5,2024-12-19T23:59:05Z,TWICE_Strategy
Sz_wWzgh-vQ,Onceee You have to vote for Twice on all app music shows,7,2024-12-19T23:57:10Z,TWICE_Strategy
Sz_wWzgh-vQ,YOOO JIHYOO LATINAAA,4,2024-12-19T23:57:01Z,TWICE_Strategy
Sz_wWzgh-vQ,Strategy álbum,4,2024-12-19T23:56:52Z,TWICE_Strategy
Sz_wWzgh-vQ,Me encantan sus canciones chicas.,5,2024-12-19T23:56:03Z,TWICE_Strategy
Sz_wWzgh-vQ,Twice es increíble,5,2024-12-19T23:55:22Z,TWICE_Strategy
Sz_wWzgh-vQ,I just watched Twice's interview for promotions in the U.S.❤❤,6,2024-12-19T23:54:57Z,TWICE_Strategy
Sz_wWzgh-vQ,Twice vocalist and talents  are awesome,4,2024-12-19T23:54:40Z,TWICE_Strategy
Sz_wWzgh-vQ,Pieza de arte,2,2024-12-19T23:54:22Z,TWICE_Strategy
Sz_wWzgh-vQ,498k,2,2024-12-19T23:53:59Z,TWICE_Strategy
Sz_wWzgh-vQ,stream! Once!,3,2024-12-19T23:50:59Z,TWICE_Strategy
Sz_wWzgh-vQ,TWICEEEEEHHEGE,2,2024-12-19T23:46:06Z,TWICE_Strategy
Sz_wWzgh-vQ,nuevo solooooooooooo,2,2024-12-19T23:42:35Z,TWICE_Strategy
Sz_wWzgh-vQ,20M ONCE,3,2024-12-19T23:41:27Z,TWICE_Strategy
Sz_wWzgh-vQ,"strategy in loop all day, such a good song",4,2024-12-19T23:37:13Z,TWICE_Strategy
Sz_wWzgh-vQ,"Have a good day/night, ONCEs!!",10,2024-12-19T23:32:23Z,TWICE_Strategy
Sz_wWzgh-vQ,Coming here to appreciate this work of art once again,5,2024-12-19T23:30:21Z,TWICE_Strategy
Sz_wWzgh-vQ,487k,4,2024-12-19T23:26:34Z,TWICE_Strategy
Sz_wWzgh-vQ,Glad they kept the girls away from Megan as much as possible,4,2024-12-19T23:22:34Z,TWICE_Strategy
Sz_wWzgh-vQ,"3 years ago TWICE´S Mina delivered an absolutely stunning, graceful and enchanting cover of ´snowman´ by Sia",9,2024-12-19T23:19:20Z,TWICE_Strategy
Sz_wWzgh-vQ,"20,484",2,2024-12-19T23:17:27Z,TWICE_Strategy
Sz_wWzgh-vQ,20.5M pronto once,2,2024-12-19T23:12:40Z,TWICE_Strategy
Sz_wWzgh-vQ,485k,2,2024-12-19T23:12:18Z,TWICE_Strategy
Sz_wWzgh-vQ,Vote music bank,4,2024-12-19T23:11:45Z,TWICE_Strategy
Sz_wWzgh-vQ,Let's gooo once,4,2024-12-19T23:11:30Z,TWICE_Strategy
Sz_wWzgh-vQ,TWICE is on Zach Sang Show!,3,2024-12-19T23:09:33Z,TWICE_Strategy
Sz_wWzgh-vQ,Hermoso 😊,4,2024-12-19T23:08:46Z,TWICE_Strategy
Sz_wWzgh-vQ,getcha on my radar soon you're gonna be with me,4,2024-12-19T23:08:10Z,TWICE_Strategy
Sz_wWzgh-vQ,todavia no supero esta arte,3,2024-12-19T23:01:27Z,TWICE_Strategy
Sz_wWzgh-vQ,Me,2,2024-12-19T22:57:54Z,TWICE_Strategy
Sz_wWzgh-vQ,Why is this whole song english? What happened to kpop lol. Love my girls twice though but im lowk concerned,2,2024-12-19T22:57:05Z,TWICE_Strategy
Sz_wWzgh-vQ,ate,2,2024-12-19T22:56:27Z,TWICE_Strategy
Sz_wWzgh-vQ,This is one of my favorite twice songs after what is love,4,2024-12-19T22:56:22Z,TWICE_Strategy
Sz_wWzgh-vQ,LE COPIARON A MELANIE MARTINEZ EN HIGH SCHOOL SWEETHEARTSSS😡😡😡😡😡,1,2024-12-19T22:51:21Z,TWICE_Strategy
Sz_wWzgh-vQ,2:42,2,2024-12-19T22:50:18Z,TWICE_Strategy
Sz_wWzgh-vQ,AMO,2,2024-12-19T22:49:24Z,TWICE_Strategy
Sz_wWzgh-vQ,Hey girls ima get ya,4,2024-12-19T22:47:53Z,TWICE_Strategy
Sz_wWzgh-vQ,20M>21M 472K,4,2024-12-19T22:47:07Z,TWICE_Strategy
Sz_wWzgh-vQ,Queens 🛐🛐🛐,1,2024-12-19T22:45:59Z,TWICE_Strategy
Sz_wWzgh-vQ,Bellas <3,1,2024-12-19T22:45:07Z,TWICE_Strategy
Sz_wWzgh-vQ,"Amo la colaboración de Megan con twice, simplemente iconico 💋",3,2024-12-19T22:44:48Z,TWICE_Strategy
Sz_wWzgh-vQ,sigamos sumando! Hoy 21 millones,0,2024-12-19T22:41:02Z,TWICE_Strategy
Sz_wWzgh-vQ,Come on!! once stream up to 25 million viewers!!,3,2024-12-19T22:38:51Z,TWICE_Strategy
Sz_wWzgh-vQ,ONCE  Let's stream so that twice reaches a strategy of at least 100 million,4,2024-12-19T22:32:41Z,TWICE_Strategy
Sz_wWzgh-vQ,Me alegro mucho de ser once.,0,2024-12-19T22:31:02Z,TWICE_Strategy
Sz_wWzgh-vQ,Todas preciosas,0,2024-12-19T22:30:38Z,TWICE_Strategy
Sz_wWzgh-vQ,463k,0,2024-12-19T22:30:18Z,TWICE_Strategy
Sz_wWzgh-vQ,A Megan salvando,0,2024-12-19T22:26:35Z,TWICE_Strategy
Sz_wWzgh-vQ,Queens,0,2024-12-19T22:25:59Z,TWICE_Strategy
Sz_wWzgh-vQ,gatinhas,0,2024-12-19T22:25:04Z,TWICE_Strategy
Sz_wWzgh-vQ,Sana Queen,1,2024-12-19T22:23:42Z,TWICE_Strategy
Sz_wWzgh-vQ,twice the greatest group of all time,3,2024-12-19T22:22:27Z,TWICE_Strategy
Sz_wWzgh-vQ,Nayeon reina,1,2024-12-19T22:22:04Z,TWICE_Strategy
Sz_wWzgh-vQ,Momo Queen,0,2024-12-19T22:21:54Z,TWICE_Strategy
Sz_wWzgh-vQ,👌,0,2024-12-19T22:21:10Z,TWICE_Strategy
Sz_wWzgh-vQ,Hey boy,2,2024-12-19T22:19:13Z,TWICE_Strategy
Sz_wWzgh-vQ,3:19  MINAA! She's SO PRETTY ❤🥹,1,2024-12-19T22:17:39Z,TWICE_Strategy
Sz_wWzgh-vQ,Good morning ONCE,0,2024-12-19T22:17:16Z,TWICE_Strategy
Sz_wWzgh-vQ,El mejor comeback de twice este año,3,2024-12-19T22:16:06Z,TWICE_Strategy
Sz_wWzgh-vQ,TWICE  LOOK SUPER PRETTY,2,2024-12-19T22:08:45Z,TWICE_Strategy
Sz_wWzgh-vQ,"Its so slay, it ate.",1,2024-12-19T22:01:51Z,TWICE_Strategy
Sz_wWzgh-vQ,como te amo twice,2,2024-12-19T21:53:22Z,TWICE_Strategy
Sz_wWzgh-vQ,queens twice,1,2024-12-19T21:49:50Z,TWICE_Strategy
Sz_wWzgh-vQ,Dios mío amo esta cancióooooooooon,1,2024-12-19T21:47:21Z,TWICE_Strategy
Sz_wWzgh-vQ,m atraparon 😅,0,2024-12-19T21:41:08Z,TWICE_Strategy
Sz_wWzgh-vQ,las amo,1,2024-12-19T21:40:30Z,TWICE_Strategy
Sz_wWzgh-vQ,si amigo,1,2024-12-19T21:37:32Z,TWICE_Strategy
Sz_wWzgh-vQ,Pagi once,0,2024-12-19T21:36:13Z,TWICE_Strategy
Sz_wWzgh-vQ,Onceeee stream,4,2024-12-19T21:27:47Z,TWICE_Strategy
Sz_wWzgh-vQ,445k,1,2024-12-19T21:26:56Z,TWICE_Strategy
Sz_wWzgh-vQ,strategy stream,2,2024-12-19T21:25:21Z,TWICE_Strategy
Sz_wWzgh-vQ,Love Mina's braids and style,3,2024-12-19T21:24:32Z,TWICE_Strategy
Sz_wWzgh-vQ,Go go Twice! Never stop!,2,2024-12-19T21:22:56Z,TWICE_Strategy
Sz_wWzgh-vQ,Twiceeeee,4,2024-12-19T21:16:15Z,TWICE_Strategy
Sz_wWzgh-vQ,ATEEEEE,2,2024-12-19T21:12:11Z,TWICE_Strategy
Sz_wWzgh-vQ,DIVAS,3,2024-12-19T21:11:18Z,TWICE_Strategy
Sz_wWzgh-vQ,TWICE BEST GG,5,2024-12-19T21:11:11Z,TWICE_Strategy
Sz_wWzgh-vQ,STRATEGYYYYY,5,2024-12-19T21:11:03Z,TWICE_Strategy
Sz_wWzgh-vQ,STREAM MASSIVO,3,2024-12-19T21:10:55Z,TWICE_Strategy
Sz_wWzgh-vQ,let’s try to win all chart again!!,2,2024-12-19T21:10:25Z,TWICE_Strategy
Sz_wWzgh-vQ,436k,2,2024-12-19T21:08:40Z,TWICE_Strategy
Sz_wWzgh-vQ,2:52 la mejor parte 🔥🔥,1,2024-12-19T21:03:14Z,TWICE_Strategy
Sz_wWzgh-vQ,MINHAS PERFEIÇÃO,0,2024-12-19T21:01:22Z,TWICE_Strategy
Sz_wWzgh-vQ,LINDAS,1,2024-12-19T21:01:05Z,TWICE_Strategy
Sz_wWzgh-vQ,DIVAS INJUSTICADAS,0,2024-12-19T21:00:59Z,TWICE_Strategy
Sz_wWzgh-vQ,#mina,0,2024-12-19T20:59:50Z,TWICE_Strategy
Sz_wWzgh-vQ,#nayeon,1,2024-12-19T20:59:35Z,TWICE_Strategy
Sz_wWzgh-vQ,#jeongyeon,0,2024-12-19T20:59:22Z,TWICE_Strategy
Sz_wWzgh-vQ,#jihyo,0,2024-12-19T20:59:09Z,TWICE_Strategy
Sz_wWzgh-vQ,#twice_strategy,0,2024-12-19T20:58:55Z,TWICE_Strategy
Sz_wWzgh-vQ,"Me encanta, twice haciendo colaboraciones con otros artistas.",3,2024-12-19T20:58:24Z,TWICE_Strategy
Sz_wWzgh-vQ,Beautiful queens!!,1,2024-12-19T20:57:38Z,TWICE_Strategy
Sz_wWzgh-vQ,434k,1,2024-12-19T20:55:15Z,TWICE_Strategy
Sz_wWzgh-vQ,O RAP PERFEITO DA MEGAN,3,2024-12-19T20:49:10Z,TWICE_Strategy
Sz_wWzgh-vQ,MÃES,2,2024-12-19T20:48:53Z,TWICE_Strategy
Sz_wWzgh-vQ,LINDASSS,0,2024-12-19T20:48:46Z,TWICE_Strategy
Sz_wWzgh-vQ,Que música perfeita 😭🩵,0,2024-12-19T20:48:08Z,TWICE_Strategy
Sz_wWzgh-vQ,430k,1,2024-12-19T20:45:27Z,TWICE_Strategy
Sz_wWzgh-vQ,é meu aniversário hoje twice,1,2024-12-19T20:41:09Z,TWICE_Strategy
Sz_wWzgh-vQ,I Love twice,3,2024-12-19T20:39:14Z,TWICE_Strategy
Sz_wWzgh-vQ,I LOVE YOU TWICE 💞💞✨,2,2024-12-19T20:38:19Z,TWICE_Strategy
Sz_wWzgh-vQ,PERFEITAS,2,2024-12-19T20:37:21Z,TWICE_Strategy
Sz_wWzgh-vQ,MINHAS MÃES,1,2024-12-19T20:37:12Z,TWICE_Strategy
Sz_wWzgh-vQ,LINDAS,1,2024-12-19T20:37:03Z,TWICE_Strategy
Sz_wWzgh-vQ,My taste in music is everything they release twice,6,2024-12-19T20:35:01Z,TWICE_Strategy
Sz_wWzgh-vQ,422k,0,2024-12-19T20:32:43Z,TWICE_Strategy
Sz_wWzgh-vQ,So beautiful <3,0,2024-12-19T20:32:07Z,TWICE_Strategy
Sz_wWzgh-vQ,422k,0,2024-12-19T20:28:47Z,TWICE_Strategy
Sz_wWzgh-vQ,421k,0,2024-12-19T20:24:20Z,TWICE_Strategy
Sz_wWzgh-vQ,Hola,1,2024-12-19T20:13:19Z,TWICE_Strategy
Sz_wWzgh-vQ,"Amee, colaboraciones que necesitaba ❤",2,2024-12-19T20:01:40Z,TWICE_Strategy
Sz_wWzgh-vQ,20M LET'S GO ONCE,4,2024-12-19T19:59:43Z,TWICE_Strategy
Sz_wWzgh-vQ,Although I am a blink but this song is really grabbing to attention I like it's vibe so much,3,2024-12-19T19:58:04Z,TWICE_Strategy
Sz_wWzgh-vQ,408k,0,2024-12-19T19:54:01Z,TWICE_Strategy
Sz_wWzgh-vQ,Step 1,0,2024-12-19T19:53:52Z,TWICE_Strategy
Sz_wWzgh-vQ,Strategy Twice,0,2024-12-19T19:53:39Z,TWICE_Strategy
Sz_wWzgh-vQ,Momazo TWICE❤,1,2024-12-19T19:41:46Z,TWICE_Strategy
Sz_wWzgh-vQ,Siempre traen lo mejor.,4,2024-12-19T19:35:36Z,TWICE_Strategy
Sz_wWzgh-vQ,Me encanta Twice,1,2024-12-19T19:35:19Z,TWICE_Strategy
Sz_wWzgh-vQ,Las mejores siempre,1,2024-12-19T19:35:06Z,TWICE_Strategy
Sz_wWzgh-vQ,20.4M vamos arriba,2,2024-12-19T19:34:49Z,TWICE_Strategy
Sz_wWzgh-vQ,❤❤❤❤❤,1,2024-12-19T19:34:01Z,TWICE_Strategy
Sz_wWzgh-vQ,MEGAAAAAN 🗣‼️,1,2024-12-19T19:32:10Z,TWICE_Strategy
Sz_wWzgh-vQ,1:33 Jihyo's parts are so addictive 😍😍‼️,1,2024-12-19T19:31:15Z,TWICE_Strategy
Sz_wWzgh-vQ,Omg,1,2024-12-19T19:31:00Z,TWICE_Strategy
Sz_wWzgh-vQ,"Take out another one, I already have it",1,2024-12-19T19:30:05Z,TWICE_Strategy
Sz_wWzgh-vQ,"6 OUTFIT (WHITE WITH STRATEGY, PINK WITH SHORT, PINK WITH PANTS, INDIVIDUAL CLOTHES (DAHYUN WITH HEART), BLACK TIE (JIHYO IN SKIRT)
1/6 ALREADY WEAR IN PERFORMANCE (PINK JACKET AND PANTS)",0,2024-12-19T19:29:46Z,TWICE_Strategy
Sz_wWzgh-vQ,0:36 LA PARTE DE SANA 😍😍😍,0,2024-12-19T19:29:33Z,TWICE_Strategy
Sz_wWzgh-vQ,💗💗💗,0,2024-12-19T19:29:08Z,TWICE_Strategy
Sz_wWzgh-vQ,SLAY,0,2024-12-19T19:26:07Z,TWICE_Strategy
Sz_wWzgh-vQ,394k,0,2024-12-19T19:24:46Z,TWICE_Strategy
Sz_wWzgh-vQ,💪🏻💪🏻💪🏻💪🏻,0,2024-12-19T19:23:29Z,TWICE_Strategy
Sz_wWzgh-vQ,Reines,0,2024-12-19T19:23:06Z,TWICE_Strategy
Sz_wWzgh-vQ,TWICE,0,2024-12-19T19:22:18Z,TWICE_Strategy
Sz_wWzgh-vQ,20m,1,2024-12-19T19:21:34Z,TWICE_Strategy
Sz_wWzgh-vQ,Megan Thee Stallion,0,2024-12-19T19:21:33Z,TWICE_Strategy
Sz_wWzgh-vQ,🥰🥰🥰🥰🥰🥰🥰🥰🥰🥰🥰🥰🥰🥰🥰🥰🥰,0,2024-12-19T19:18:51Z,TWICE_Strategy
Sz_wWzgh-vQ,🥰🥰🥰🥰🥰,0,2024-12-19T19:18:41Z,TWICE_Strategy
Sz_wWzgh-vQ,amo a todos,0,2024-12-19T19:18:34Z,TWICE_Strategy
Sz_wWzgh-vQ,the best son ever ☺♥,1,2024-12-19T19:17:06Z,TWICE_Strategy
Sz_wWzgh-vQ,i love twice ♥,1,2024-12-19T19:16:09Z,TWICE_Strategy
Sz_wWzgh-vQ,Twice i love you,1,2024-12-19T19:14:47Z,TWICE_Strategy
Sz_wWzgh-vQ,MY ESTRATEGY,1,2024-12-19T19:14:35Z,TWICE_Strategy
Sz_wWzgh-vQ,"i think twice was really humble for too long. their versatility, the longevity of their career, their wholesome discography, the japanese and korean comebacks never overlaps, the collaboration they worked out, their insane vocals over the years, their face cards and the 9 visuals, the queens of japan, their kindness and love for their fans! I THINK IN THIS ERA OF KPOP, THEY'RE STILL THE NATION'S GG OF SOUTH KOREA! THE DAESANG THEY HAVE IN THEIR BELT, THE HITS AFTER HITS, IU, GDRAGON AND EVEN OTHER ICONS RECOGNIZE THEM! JYP REALLY HIT THE JACKPOT WHEN THEY DEBUTED THIS GROUP!!! TRULY IMMACULATE!",9,2024-12-19T19:12:33Z,TWICE_Strategy
Sz_wWzgh-vQ,💞I LOVE TWICE 💞,0,2024-12-19T19:11:46Z,TWICE_Strategy
Sz_wWzgh-vQ,TE AMO MINAAAAAA❤🎉,1,2024-12-19T19:10:13Z,TWICE_Strategy
Sz_wWzgh-vQ,386k,0,2024-12-19T19:09:36Z,TWICE_Strategy
Sz_wWzgh-vQ,Bought my self a digipack .. i just cant stop playing the strategy album. I mean showing my support at my own time and online too. Btw fighting ONCES!! TWICE FIGHTING!!!,5,2024-12-19T19:04:03Z,TWICE_Strategy
Sz_wWzgh-vQ,"Stream here Once,",6,2024-12-19T18:58:26Z,TWICE_Strategy
Sz_wWzgh-vQ,Stream Strategy Onces,7,2024-12-19T18:57:07Z,TWICE_Strategy
Sz_wWzgh-vQ,Tô gostando muito dessa música,1,2024-12-19T18:56:27Z,TWICE_Strategy
Sz_wWzgh-vQ,Stream,1,2024-12-19T18:56:21Z,TWICE_Strategy
Sz_wWzgh-vQ,Esto es amor?❤,0,2024-12-19T18:55:50Z,TWICE_Strategy
Sz_wWzgh-vQ,LOVE,0,2024-12-19T18:55:34Z,TWICE_Strategy
Sz_wWzgh-vQ,🎉,0,2024-12-19T18:50:04Z,TWICE_Strategy
Sz_wWzgh-vQ,Imma getcha real good and I betcha ❤,1,2024-12-19T18:46:23Z,TWICE_Strategy
Sz_wWzgh-vQ,MOMO,0,2024-12-19T18:46:05Z,TWICE_Strategy
Sz_wWzgh-vQ,STREAMING 😋💞,0,2024-12-19T18:45:27Z,TWICE_Strategy
Sz_wWzgh-vQ,THE STREAM IS SO SLOWWWWWW,0,2024-12-19T18:44:29Z,TWICE_Strategy
Sz_wWzgh-vQ,Beautiful,0,2024-12-19T18:43:01Z,TWICE_Strategy
Sz_wWzgh-vQ,love TWICE forever,1,2024-12-19T18:42:59Z,TWICE_Strategy
Sz_wWzgh-vQ,i love TWICE,0,2024-12-19T18:42:32Z,TWICE_Strategy
Sz_wWzgh-vQ,Viva Twice,0,2024-12-19T18:42:28Z,TWICE_Strategy
Sz_wWzgh-vQ,377k,0,2024-12-19T18:42:00Z,TWICE_Strategy
Sz_wWzgh-vQ,Wow this song is awesome,4,2024-12-19T18:37:10Z,TWICE_Strategy
Sz_wWzgh-vQ,I am new once 🔂,4,2024-12-19T18:34:28Z,TWICE_Strategy
Sz_wWzgh-vQ,20M368k,0,2024-12-19T18:31:19Z,TWICE_Strategy
Sz_wWzgh-vQ,Hola de nuevo (lo ví como 100 veces),0,2024-12-19T18:28:02Z,TWICE_Strategy
Sz_wWzgh-vQ,❤❤,0,2024-12-19T18:13:54Z,TWICE_Strategy
Sz_wWzgh-vQ,"The loves of my life, I live for them",0,2024-12-19T18:10:06Z,TWICE_Strategy
Sz_wWzgh-vQ,so fking good,0,2024-12-19T18:07:53Z,TWICE_Strategy
Sz_wWzgh-vQ,"onces don’t stop yet, lets give twice more than 20M views!!",51,2024-12-19T18:01:19Z,TWICE_Strategy
Sz_wWzgh-vQ,Im nayeon,0,2024-12-19T17:45:06Z,TWICE_Strategy
Sz_wWzgh-vQ,Son muy talentosas,1,2024-12-19T17:44:32Z,TWICE_Strategy
Sz_wWzgh-vQ,💗💗💗💗💗💗,1,2024-12-19T17:41:46Z,TWICE_Strategy
Sz_wWzgh-vQ,stream!!,0,2024-12-19T17:36:29Z,TWICE_Strategy
Sz_wWzgh-vQ,20.342K,2,2024-12-19T17:35:03Z,TWICE_Strategy
Sz_wWzgh-vQ,21M otw!,4,2024-12-19T17:34:21Z,TWICE_Strategy
Sz_wWzgh-vQ,THIS IS SUCH A GOOD WAY TO END 2024,2,2024-12-19T17:31:41Z,TWICE_Strategy
Sz_wWzgh-vQ,337k!,0,2024-12-19T17:22:26Z,TWICE_Strategy
Sz_wWzgh-vQ,I loveeeeee this song really,1,2024-12-19T17:22:18Z,TWICE_Strategy
Sz_wWzgh-vQ,20m337k！！！,0,2024-12-19T17:22:06Z,TWICE_Strategy
Sz_wWzgh-vQ,Buenisimaaaaa🎉,0,2024-12-19T17:19:02Z,TWICE_Strategy
Sz_wWzgh-vQ,"Enough I loved her, she is so good I love her, as always twice and Megan devouring 🫦❤️‍🔥",3,2024-12-19T17:18:04Z,TWICE_Strategy
Sz_wWzgh-vQ,Twice best gg,1,2024-12-19T17:16:46Z,TWICE_Strategy
Sz_wWzgh-vQ,332K,0,2024-12-19T17:13:51Z,TWICE_Strategy
Sz_wWzgh-vQ,This song deserves success!  So keep streaming and listening more everyday,8,2024-12-19T17:13:50Z,TWICE_Strategy
Sz_wWzgh-vQ,Mi nayeon❤,0,2024-12-19T17:09:28Z,TWICE_Strategy
Sz_wWzgh-vQ,"1 OVO
3 COLHERES DE SOPA DE AÇÚCAR
3 COLHERES DE SOPA DE CHOCOLATE EM PÓ
3 COLHERES DE SOPA DE ÓLEO
3 COLHERES DE SOPA DE LEITE
3 COLHERES DE SOPA DE FARINHA DE TRIGO
1/2 COLHER DE CAFÉ DE FERMENTO QUÍMICO EM PÓ

Cobertura:
1/2 XÍCARA DE CHÁ (XÍCARA 200 ML) DE LEITE
3 COLHERES DE SOPA DE AÇÚCAR
3 COLHERES DE SOPA DE CHOCOLATE EM PÓ
1/2 COLHER DE SOPA DE MARGARINA",2,2024-12-19T17:08:19Z,TWICE_Strategy
Sz_wWzgh-vQ,"Hey, boy, I'ma get ya
I'ma get you real good and I bet ya
Hey, boy, once I get ya
You'll be, oh, so glad that I met ya
Ow (TWICE)

Step one, do my highlight
Make me shine so bright in the moonlight
Step two, silhouette tight
Baby, even my shadow looks good, right?
Step three, when I arrive
Make you look my way with your heart eyes
Step four, got you on the floor
Make you say, ""More, more, more""

When I say, ""Hi...""
I'm feeling all your attention on me
Hi...
No reason to be so shy with me
I ain't gonna bite, come on over (No)
I know you wanna move a little closer (Yeah)
I got a plan to get you with me

I got you on my radar, soon you're gonna be with me
My strategy, strategy will get ya, get ya, baby
Winning is my trademark, soon you'll never wanna leave
My strategy, strategy will get ya, get ya, baby

Hey, boy, I'ma get ya
I'ma get you real good and I bet ya
Hey, boy, once I get ya
You'll be, oh, so glad that I met ya

When your cheeks go red (That's cute)
I wanna dance, you said (""Oh, cool"")
'Til I'm in your head (It's cruel)
And you can't forget
You're feeling things now, and you're confused
Watching my body getting loose
You don't know what you're gonna do
You're mine

When I say, ""Hi...""
I'm feeling all your attention on me
Hi...
No reason to be so shy with me
I ain't gonna bite, come on over (No)
I know you wanna move a little closer (Yeah)
I got a plan to get you with me

I got you on my radar, soon you're gonna be with me
My strategy, strategy will get ya, get ya, baby
Winning is my trademark, soon you'll never wanna leave
My strategy, strategy will get ya, get ya, baby
(real hot girl, shh)

Do you like that? (Huh?)
When I smack it and you watch it bounce it right back?
He really lost it when he saw me do the right, left (hmm)
I'm a man eater, you just a light snack (baow)
I got him pressed like he's workin' on his triceps (hmm)
I'ma flirt, I'ma tease, they be hurt after me
Told him: Baby, what's a player to the G-A-M-E?
Sand need to worry 'bout him bringin' me to the beach
Jealous? Who? Girl, please

Left, right, left, right, do it to the beat (do it to the beat)
Talk with my body, that's my strategy (baow, baow)
Other girls try, but I'm really hard to beat (I'm really hard to beat)
He'll be mine off my strategy (yeah, yeah)

Left, right, left, right, do it to the beat (do it to the beat)
Talk with my body, that's my strategy (baow, baow)
Other girls try, but I'm really hard to beat (yeah, I'm really hard to beat)
He'll be mine off my strategy (yeah, yeah)

My strategy, strategy
Like gravity, gravity
One look at me, look at me
I bet ya, bet ya, bet ya, boy
You'll be down on your knees
Calling me up, begging me, don't leave
My strategy, strategy
Will get ya, get ya, get ya, boy (Ah-oh!)

Hey, boy, I'ma get ya
I'ma get you real good and I bet ya (Real good and I bet ya)
Hey, boy, once I get ya
You'll be, oh, so glad that I met ya (Oh, so glad that I, ooh)
Hey, boy, I'ma get ya (Hey, boy, yeah)
I'ma get you real good and I bet ya (Good and I bet ya)
Hey, boy, once I get ya (Hey, boy)
You'll be, oh, so glad that I met ya (Oh, so glad that I met ya)

Hey, boy, I'ma get ya
I'ma get you real good and I bet ya",0,2024-12-19T17:05:48Z,TWICE_Strategy
Sz_wWzgh-vQ,"Omg i love this song! Love it, One in a millón!!  We need more song like this One Twice❤",0,2024-12-19T17:03:08Z,TWICE_Strategy
Sz_wWzgh-vQ,Amoooo,1,2024-12-19T16:59:08Z,TWICE_Strategy
Sz_wWzgh-vQ,Twice es lo mejor. Me encanta,0,2024-12-19T16:57:10Z,TWICE_Strategy
Sz_wWzgh-vQ,324k,0,2024-12-19T16:56:35Z,TWICE_Strategy
Sz_wWzgh-vQ,"Twice, what kind of song is this, I fell in love with it, it's perfect",2,2024-12-19T16:56:32Z,TWICE_Strategy
Sz_wWzgh-vQ,amei amei amei,0,2024-12-19T16:56:24Z,TWICE_Strategy
Sz_wWzgh-vQ,00:57 ❤❤❤ 01:32 🔥🔥🔥,0,2024-12-19T16:54:41Z,TWICE_Strategy
Sz_wWzgh-vQ,Momo me recuerda a ella..,0,2024-12-19T16:54:39Z,TWICE_Strategy
Sz_wWzgh-vQ,I'm back because this is a masterpiece,2,2024-12-19T16:51:05Z,TWICE_Strategy
Sz_wWzgh-vQ,321k!!! go for more everyone,1,2024-12-19T16:50:48Z,TWICE_Strategy
Sz_wWzgh-vQ,😊🎉❤🎉🎉 stream 😊😊❤🎉,2,2024-12-19T16:49:49Z,TWICE_Strategy
Sz_wWzgh-vQ,Sana 😘,0,2024-12-19T16:49:40Z,TWICE_Strategy
Sz_wWzgh-vQ,So talented Queens,2,2024-12-19T16:47:51Z,TWICE_Strategy
Sz_wWzgh-vQ,They're so stunning,1,2024-12-19T16:47:41Z,TWICE_Strategy
Sz_wWzgh-vQ,So beautiful,1,2024-12-19T16:47:29Z,TWICE_Strategy
Sz_wWzgh-vQ,Twiceee,2,2024-12-19T16:47:18Z,TWICE_Strategy
Sz_wWzgh-vQ,Ewwwww ewwww 🤢🤢🤢,0,2024-12-19T16:46:24Z,TWICE_Strategy
Sz_wWzgh-vQ,🤮🤮🤮🤮,0,2024-12-19T16:46:14Z,TWICE_Strategy
Sz_wWzgh-vQ,🤮🤮🤮💩💩💩💩🤢🤢🤢🤢🤢,0,2024-12-19T16:46:04Z,TWICE_Strategy
Sz_wWzgh-vQ,Twice,0,2024-12-19T16:46:01Z,TWICE_Strategy
Sz_wWzgh-vQ,FLOP 🤮🤮🤮🤮,0,2024-12-19T16:45:56Z,TWICE_Strategy
Sz_wWzgh-vQ,No one’s listening,0,2024-12-19T16:45:37Z,TWICE_Strategy
Sz_wWzgh-vQ,Just disband lol 😂😂,0,2024-12-19T16:45:31Z,TWICE_Strategy
Sz_wWzgh-vQ,i ain’t gonna bite,1,2024-12-19T16:44:18Z,TWICE_Strategy
Sz_wWzgh-vQ,317,0,2024-12-19T16:44:17Z,TWICE_Strategy
Sz_wWzgh-vQ,when i say hiiii,1,2024-12-19T16:44:10Z,TWICE_Strategy
Sz_wWzgh-vQ,this is so goodd,0,2024-12-19T16:44:02Z,TWICE_Strategy
Sz_wWzgh-vQ,do my highlight,0,2024-12-19T16:43:55Z,TWICE_Strategy
Sz_wWzgh-vQ,Step 1!,0,2024-12-19T16:43:48Z,TWICE_Strategy
Sz_wWzgh-vQ,Silhouette tight,0,2024-12-19T16:43:39Z,TWICE_Strategy
Sz_wWzgh-vQ,wow,0,2024-12-19T16:43:38Z,TWICE_Strategy
Sz_wWzgh-vQ,Got a plan to get you with me,0,2024-12-19T16:43:20Z,TWICE_Strategy
Sz_wWzgh-vQ,I aint gonna bite come on over,0,2024-12-19T16:43:13Z,TWICE_Strategy
Sz_wWzgh-vQ,make this 30M before year ends..,1,2024-12-19T16:40:17Z,TWICE_Strategy
Sz_wWzgh-vQ,KEEP STREAMING ONCES 🤞🤞,0,2024-12-19T16:39:52Z,TWICE_Strategy
Sz_wWzgh-vQ,20M,1,2024-12-19T16:39:30Z,TWICE_Strategy
Sz_wWzgh-vQ,strategy,0,2024-12-19T16:31:35Z,TWICE_Strategy
Sz_wWzgh-vQ,Genuinely obsessed with this song,0,2024-12-19T16:31:09Z,TWICE_Strategy
Sz_wWzgh-vQ,Strategy,0,2024-12-19T16:30:13Z,TWICE_Strategy
Sz_wWzgh-vQ,❤❤,0,2024-12-19T16:18:19Z,TWICE_Strategy
Sz_wWzgh-vQ,STRATEGY,0,2024-12-19T16:14:57Z,TWICE_Strategy
Sz_wWzgh-vQ,"""You'll be down on your knees 
Calling me up begging me don't leave ""
Im already on my knees 😭💗",2,2024-12-19T16:12:51Z,TWICE_Strategy
Sz_wWzgh-vQ,6,1,2024-12-19T16:12:41Z,TWICE_Strategy
Sz_wWzgh-vQ,301k!!! go for more!!!!,0,2024-12-19T16:11:05Z,TWICE_Strategy
Sz_wWzgh-vQ,300k 🎉,1,2024-12-19T16:06:59Z,TWICE_Strategy
Sz_wWzgh-vQ,Momo captain!!,0,2024-12-19T16:04:38Z,TWICE_Strategy
Sz_wWzgh-vQ,Ah this song is so good. I love everything about it!,1,2024-12-19T16:03:05Z,TWICE_Strategy
Sz_wWzgh-vQ,So we just gonna copy Doja cat,0,2024-12-19T16:02:14Z,TWICE_Strategy
Sz_wWzgh-vQ,Vamos por más once,0,2024-12-19T16:01:53Z,TWICE_Strategy
Sz_wWzgh-vQ,holis,0,2024-12-19T16:01:40Z,TWICE_Strategy
Sz_wWzgh-vQ,20.3M,0,2024-12-19T16:01:38Z,TWICE_Strategy
Sz_wWzgh-vQ,"The song is very good, I'd listen to it every time I went, I love them twice",3,2024-12-19T15:51:51Z,TWICE_Strategy
Sz_wWzgh-vQ,guys stream what are we doinnn,3,2024-12-19T15:51:35Z,TWICE_Strategy
Sz_wWzgh-vQ,The visuals are serving,5,2024-12-19T15:47:44Z,TWICE_Strategy
Sz_wWzgh-vQ,287k,0,2024-12-19T15:44:06Z,TWICE_Strategy
Sz_wWzgh-vQ,STRATEGYYYYY,1,2024-12-19T15:40:47Z,TWICE_Strategy
Sz_wWzgh-vQ,Hey boy,0,2024-12-19T15:40:41Z,TWICE_Strategy
Sz_wWzgh-vQ,"STREAM ONCE, STREAM!!!!",2,2024-12-19T15:40:36Z,TWICE_Strategy
Sz_wWzgh-vQ,Stream💘,1,2024-12-19T15:39:32Z,TWICE_Strategy
Sz_wWzgh-vQ,i'm addicted....,0,2024-12-19T15:38:52Z,TWICE_Strategy
Sz_wWzgh-vQ,I KNEW IT WAS KPOP WHEN THQT SONG APPEARED ON MY RADIO,3,2024-12-19T15:38:15Z,TWICE_Strategy
Sz_wWzgh-vQ,🎉❤❤,0,2024-12-19T15:37:41Z,TWICE_Strategy
Sz_wWzgh-vQ,279k,1,2024-12-19T15:31:38Z,TWICE_Strategy
Sz_wWzgh-vQ,me encanta tanto esta canciónnn!,2,2024-12-19T15:23:16Z,TWICE_Strategy
Sz_wWzgh-vQ,275k,1,2024-12-19T15:20:02Z,TWICE_Strategy
Sz_wWzgh-vQ,271k,1,2024-12-19T15:17:23Z,TWICE_Strategy
Sz_wWzgh-vQ,272k!!! keep going more!!!,2,2024-12-19T15:16:26Z,TWICE_Strategy
Sz_wWzgh-vQ,107k comments,1,2024-12-19T15:08:44Z,TWICE_Strategy
Sz_wWzgh-vQ,269k,0,2024-12-19T15:08:21Z,TWICE_Strategy
Sz_wWzgh-vQ,Que lluevan las vistas🗣🗣,4,2024-12-19T15:07:27Z,TWICE_Strategy
Sz_wWzgh-vQ,"TWICE deserves more than 20M, But once don't help.",7,2024-12-19T15:06:16Z,TWICE_Strategy
Sz_wWzgh-vQ,I can feel to 4eve vibe from their song,0,2024-12-19T15:03:33Z,TWICE_Strategy
Sz_wWzgh-vQ,happy 20M,3,2024-12-19T15:00:58Z,TWICE_Strategy
Sz_wWzgh-vQ,Welcome 20M,7,2024-12-19T14:57:31Z,TWICE_Strategy
Sz_wWzgh-vQ,Muito muito boa,0,2024-12-19T14:57:20Z,TWICE_Strategy
Sz_wWzgh-vQ,me encanta esta cancion!!!,2,2024-12-19T14:55:53Z,TWICE_Strategy
Sz_wWzgh-vQ,20000000 views,5,2024-12-19T14:47:02Z,TWICE_Strategy
Sz_wWzgh-vQ,Strategy,2,2024-12-19T14:45:24Z,TWICE_Strategy
Sz_wWzgh-vQ,Twice é um grupo tão perfeito,4,2024-12-19T14:44:44Z,TWICE_Strategy
Sz_wWzgh-vQ,Hi boy ❤❤ olá m3nino,2,2024-12-19T14:43:57Z,TWICE_Strategy
Sz_wWzgh-vQ,257K,1,2024-12-19T14:43:48Z,TWICE_Strategy
Sz_wWzgh-vQ,Guys I'm in love with TWICE,3,2024-12-19T14:43:42Z,TWICE_Strategy
Sz_wWzgh-vQ,Hey TWICE imma getcha,2,2024-12-19T14:43:27Z,TWICE_Strategy
Sz_wWzgh-vQ,go,1,2024-12-19T14:41:40Z,TWICE_Strategy
Sz_wWzgh-vQ,Hooray for 1M likes!,3,2024-12-19T14:40:59Z,TWICE_Strategy
Sz_wWzgh-vQ,25M views letsgo everyone !,2,2024-12-19T14:40:38Z,TWICE_Strategy
Sz_wWzgh-vQ,20.3M letsgo !,2,2024-12-19T14:39:39Z,TWICE_Strategy
Sz_wWzgh-vQ,256k,2,2024-12-19T14:37:45Z,TWICE_Strategy
Sz_wWzgh-vQ,aee conseguimos 20M e 1M de likes,3,2024-12-19T14:37:00Z,TWICE_Strategy
Sz_wWzgh-vQ,Always perfect song from Twice baby,4,2024-12-19T14:27:14Z,TWICE_Strategy
Sz_wWzgh-vQ,21m let get it,5,2024-12-19T14:24:44Z,TWICE_Strategy
Sz_wWzgh-vQ,More more more my life Sanaaaaaa,6,2024-12-19T14:24:04Z,TWICE_Strategy
Sz_wWzgh-vQ,Best şarkimmm,4,2024-12-19T14:22:11Z,TWICE_Strategy
Sz_wWzgh-vQ,This was their best comeback! I love it so much,7,2024-12-19T14:17:47Z,TWICE_Strategy
Sz_wWzgh-vQ,strategy,3,2024-12-19T14:15:50Z,TWICE_Strategy
Sz_wWzgh-vQ,247K,2,2024-12-19T14:15:44Z,TWICE_Strategy
Sz_wWzgh-vQ,"""I ain't gonna bite come on over"" lied cuz they ate.",5,2024-12-19T14:12:49Z,TWICE_Strategy
Sz_wWzgh-vQ,strATEgy SOTY,5,2024-12-19T14:07:05Z,TWICE_Strategy
Sz_wWzgh-vQ,30m this week,5,2024-12-19T14:06:33Z,TWICE_Strategy
Sz_wWzgh-vQ,Streams oncee,4,2024-12-19T14:06:03Z,TWICE_Strategy
Sz_wWzgh-vQ,Let's gooo once,3,2024-12-19T14:04:42Z,TWICE_Strategy
Sz_wWzgh-vQ,this song is sooo cvnty,5,2024-12-19T14:04:04Z,TWICE_Strategy
Sz_wWzgh-vQ,Streams strategy please and álbum spotify,3,2024-12-19T14:03:40Z,TWICE_Strategy
Sz_wWzgh-vQ,Vote inkigayo hot stage onceee,2,2024-12-19T14:03:31Z,TWICE_Strategy
Sz_wWzgh-vQ,As melhores,2,2024-12-19T13:58:22Z,TWICE_Strategy
Sz_wWzgh-vQ,Perfect,4,2024-12-19T13:57:10Z,TWICE_Strategy
Sz_wWzgh-vQ,when i say hi,1,2024-12-19T13:56:07Z,TWICE_Strategy
Sz_wWzgh-vQ,i loooove the whole album!,5,2024-12-19T13:55:45Z,TWICE_Strategy
Sz_wWzgh-vQ,"People keep saying they like this ""comeback"". To me Twice never had a comeback, cause they never left. They've been here for 10 years and are STILL going.",8,2024-12-19T13:55:15Z,TWICE_Strategy
Sz_wWzgh-vQ,"TWICE's ""Strategy (Feat. Megan Thee Stallion)"" debuted at #48 on this week's Billboard Global 200 chart.

It debuted at #35 on the Excl. US chart",16,2024-12-19T13:53:54Z,TWICE_Strategy
Sz_wWzgh-vQ,240k,1,2024-12-19T13:51:10Z,TWICE_Strategy
Sz_wWzgh-vQ,240K,1,2024-12-19T13:49:58Z,TWICE_Strategy
Sz_wWzgh-vQ,Sigamos ONCE! VAMOS,2,2024-12-19T13:49:44Z,TWICE_Strategy
Sz_wWzgh-vQ,keep streaming onces!!,3,2024-12-19T13:47:59Z,TWICE_Strategy
Sz_wWzgh-vQ,My strategy strategy,2,2024-12-19T13:45:09Z,TWICE_Strategy
Sz_wWzgh-vQ,Heyy boyyyy Im getchha,3,2024-12-19T13:45:03Z,TWICE_Strategy
Sz_wWzgh-vQ,I wanna dance you said,2,2024-12-19T13:44:57Z,TWICE_Strategy
Sz_wWzgh-vQ,640k más para 21M once,3,2024-12-19T13:44:29Z,TWICE_Strategy
Sz_wWzgh-vQ,238k,1,2024-12-19T13:44:09Z,TWICE_Strategy
Sz_wWzgh-vQ,237k,1,2024-12-19T13:43:54Z,TWICE_Strategy
Sz_wWzgh-vQ,"STRATEGY by Twice has surpassed 900,000 copies sold on Circle Chart",12,2024-12-19T13:43:53Z,TWICE_Strategy
Sz_wWzgh-vQ,20M/233k! We can do more!!!! Keep going and streaming everyone 📈,5,2024-12-19T13:43:51Z,TWICE_Strategy
Sz_wWzgh-vQ,Love you Twice,2,2024-12-19T13:42:56Z,TWICE_Strategy
Sz_wWzgh-vQ,Soty,2,2024-12-19T13:42:48Z,TWICE_Strategy
Sz_wWzgh-vQ,Obsesionada con las reinas del kpop,3,2024-12-19T13:42:34Z,TWICE_Strategy
Sz_wWzgh-vQ,Let's go once,2,2024-12-19T13:42:15Z,TWICE_Strategy
Sz_wWzgh-vQ,Here again to support my girls ❤️‍🔥❤️‍🔥❤️‍🔥,2,2024-12-19T13:41:46Z,TWICE_Strategy
Sz_wWzgh-vQ,Soty!,0,2024-12-19T13:41:29Z,TWICE_Strategy
Sz_wWzgh-vQ,233k,0,2024-12-19T13:41:16Z,TWICE_Strategy
Sz_wWzgh-vQ,My strategy strategy will getcha getcha baby!,1,2024-12-19T13:40:54Z,TWICE_Strategy
Sz_wWzgh-vQ,30M vamos por ello once,2,2024-12-19T13:40:40Z,TWICE_Strategy
Sz_wWzgh-vQ,No puedo parar de escuchar Strategy y el album completo. Es perfecto.,5,2024-12-19T13:40:15Z,TWICE_Strategy
Sz_wWzgh-vQ,20.3M pronto once!,2,2024-12-19T13:36:42Z,TWICE_Strategy
Sz_wWzgh-vQ,230k,1,2024-12-19T13:36:26Z,TWICE_Strategy
Sz_wWzgh-vQ,Y'all... I didn't realize the cc was turned on and thought I was having a stroke (context: currently learning Korean but I am fluent in English even though it's not my native language) belatedly registering that it's an English track.,2,2024-12-19T13:33:16Z,TWICE_Strategy
Sz_wWzgh-vQ,Strategy iconic song,3,2024-12-19T13:31:45Z,TWICE_Strategy
Sz_wWzgh-vQ,Yess i love this song,2,2024-12-19T13:26:25Z,TWICE_Strategy
Sz_wWzgh-vQ,yaaaaaaaaaaas i love these girls stan twice ♡,2,2024-12-19T13:26:04Z,TWICE_Strategy
Sz_wWzgh-vQ,224k,1,2024-12-19T13:24:40Z,TWICE_Strategy
Sz_wWzgh-vQ,Twice strategy,2,2024-12-19T13:24:23Z,TWICE_Strategy
Sz_wWzgh-vQ,Every time someone like my comment i'll watch it again,44,2024-12-19T13:22:55Z,TWICE_Strategy
Sz_wWzgh-vQ,Hi,1,2024-12-19T13:20:44Z,TWICE_Strategy
Sz_wWzgh-vQ,"100M Views
1M Likes
1M Comments!!",4,2024-12-19T13:19:37Z,TWICE_Strategy
Sz_wWzgh-vQ,"100M Views
1M Likes
1M Comments!!",3,2024-12-19T13:19:30Z,TWICE_Strategy
Sz_wWzgh-vQ,"100M Views
1M Likes
1M Comments!!",0,2024-12-19T13:19:16Z,TWICE_Strategy
Sz_wWzgh-vQ,"100M Views
1M Likes
1M Comments!!",0,2024-12-19T13:19:11Z,TWICE_Strategy
Sz_wWzgh-vQ,"100M Views
1M Likes
1M Comments!!",0,2024-12-19T13:19:07Z,TWICE_Strategy
Sz_wWzgh-vQ,Streammmmm,2,2024-12-19T13:16:41Z,TWICE_Strategy
Sz_wWzgh-vQ,Are you ready for the coming TWICE WORLD TOUR? Which cities do you think they’ll visit?,5,2024-12-19T13:15:05Z,TWICE_Strategy
Sz_wWzgh-vQ,Get you on my radarr,3,2024-12-19T13:13:58Z,TWICE_Strategy
Sz_wWzgh-vQ,twice!!,6,2024-12-19T13:08:26Z,TWICE_Strategy
Sz_wWzgh-vQ,1M de likes ♥️♥️,1,2024-12-19T13:07:47Z,TWICE_Strategy
Sz_wWzgh-vQ,hmm,1,2024-12-19T13:07:04Z,TWICE_Strategy
Sz_wWzgh-vQ,Let's once broadcast even more,4,2024-12-19T13:06:24Z,TWICE_Strategy
Sz_wWzgh-vQ,STREAM TWICE,8,2024-12-19T13:02:02Z,TWICE_Strategy
Sz_wWzgh-vQ,MY GIRLS,4,2024-12-19T13:01:52Z,TWICE_Strategy
Sz_wWzgh-vQ,amo,3,2024-12-19T12:57:01Z,TWICE_Strategy
Sz_wWzgh-vQ,"Onces, we need to win pre-voting for Music Bank on 27th Dec! We have a chance if we win pre-voting for the second trophy! Pre-voting starts next week (maybe)!! Go Onces!!",15,2024-12-19T12:56:24Z,TWICE_Strategy
Sz_wWzgh-vQ,❤❤,3,2024-12-19T12:49:56Z,TWICE_Strategy
Sz_wWzgh-vQ,ewww,0,2024-12-19T12:44:19Z,TWICE_Strategy
Sz_wWzgh-vQ,30M now guys!,6,2024-12-19T12:37:29Z,TWICE_Strategy
Sz_wWzgh-vQ,Yesss !!! 1 million likes,6,2024-12-19T12:37:28Z,TWICE_Strategy
Sz_wWzgh-vQ,Cháy lên yahhhh,6,2024-12-19T12:28:34Z,TWICE_Strategy
Sz_wWzgh-vQ,HEY BOY!,4,2024-12-19T12:27:16Z,TWICE_Strategy
Sz_wWzgh-vQ,2:14 rap part❤❤,5,2024-12-19T12:24:06Z,TWICE_Strategy
Sz_wWzgh-vQ,LETS GO 30M BEFORE THIRD WEEK!,3,2024-12-19T12:23:40Z,TWICE_Strategy
Sz_wWzgh-vQ,20M LETS REACH TO 30M!!! LETS GOO ONCEUUUU!!,25,2024-12-19T12:21:25Z,TWICE_Strategy
Sz_wWzgh-vQ,200k,2,2024-12-19T12:19:43Z,TWICE_Strategy
Sz_wWzgh-vQ,My favorite song,5,2024-12-19T12:18:21Z,TWICE_Strategy
Sz_wWzgh-vQ,Gara gara mbak Meghan stal ❤,1,2024-12-19T12:17:35Z,TWICE_Strategy
Sz_wWzgh-vQ,step④,3,2024-12-19T12:14:48Z,TWICE_Strategy
Sz_wWzgh-vQ,step③,3,2024-12-19T12:14:33Z,TWICE_Strategy
Sz_wWzgh-vQ,step②,3,2024-12-19T12:14:18Z,TWICE_Strategy
Sz_wWzgh-vQ,step①,2,2024-12-19T12:14:05Z,TWICE_Strategy
Sz_wWzgh-vQ,"Listening to this the 1st time since I kind of didn't like one spark. ( I LOVE TWICE WITH ALL MY HEART.) It's really good. I love it The fact Megan is in there was CRAZY I don't know what else to say but Actually yes i do. The visuals, vocals, concept is really nice I really like it. Thank you Twice and Red Velvet ( special mentioned cause why not? ) for ending our 2024 with the best songs ever. <3",6,2024-12-19T12:10:52Z,TWICE_Strategy
Sz_wWzgh-vQ,Lovely TWICE :-),2,2024-12-19T12:07:18Z,TWICE_Strategy
Sz_wWzgh-vQ,3:10 I wish Meagan was in this partttt it would’ve been even better!!,1,2024-12-19T12:01:38Z,TWICE_Strategy
Sz_wWzgh-vQ,Is Strategy-trategy is a Korean version? They got speak Korea?,1,2024-12-19T12:00:04Z,TWICE_Strategy
Sz_wWzgh-vQ,FLOP,0,2024-12-19T11:54:36Z,TWICE_Strategy
Sz_wWzgh-vQ,2B deserves not 20M,5,2024-12-19T11:52:48Z,TWICE_Strategy
Sz_wWzgh-vQ,Es oooo,1,2024-12-19T11:49:39Z,TWICE_Strategy
Sz_wWzgh-vQ,strategy strategy get cha getcha baby〜,2,2024-12-19T11:47:55Z,TWICE_Strategy
Sz_wWzgh-vQ,190k,1,2024-12-19T11:44:23Z,TWICE_Strategy
Sz_wWzgh-vQ,More more more!!,2,2024-12-19T11:41:40Z,TWICE_Strategy
Sz_wWzgh-vQ,Love this song ❤,7,2024-12-19T11:41:23Z,TWICE_Strategy
Sz_wWzgh-vQ,186k,0,2024-12-19T11:39:29Z,TWICE_Strategy
Sz_wWzgh-vQ,181k,1,2024-12-19T11:28:49Z,TWICE_Strategy
Sz_wWzgh-vQ,2:08 😍,0,2024-12-19T11:24:50Z,TWICE_Strategy
Sz_wWzgh-vQ,MY GIRLS!!,2,2024-12-19T11:19:18Z,TWICE_Strategy
Sz_wWzgh-vQ,25M,0,2024-12-19T11:16:07Z,TWICE_Strategy
Sz_wWzgh-vQ,177k,0,2024-12-19T11:15:07Z,TWICE_Strategy
Sz_wWzgh-vQ,This song enter top #3 in my playlist,3,2024-12-19T11:07:51Z,TWICE_Strategy
Sz_wWzgh-vQ,this masterpiece keeps repeating on my head 24/7 even tho I'm in the middle of having an important exam,6,2024-12-19T11:03:39Z,TWICE_Strategy
Sz_wWzgh-vQ,The daily views is better than One Spark now.,8,2024-12-19T11:03:22Z,TWICE_Strategy
Sz_wWzgh-vQ,TWICE is the Most Active K-pop Girl Group in 9 years and their song always so good,82,2024-12-19T11:02:26Z,TWICE_Strategy
Sz_wWzgh-vQ,stream strategy onces!!!!,6,2024-12-19T11:01:52Z,TWICE_Strategy
Sz_wWzgh-vQ,This masterpiece really live in my brain for free,2,2024-12-19T11:00:56Z,TWICE_Strategy
Sz_wWzgh-vQ,"reminder: pls do not use caps lock when you're commenting, it freezes the views 🗣️🗣️🗣️",1,2024-12-19T11:00:11Z,TWICE_Strategy
Sz_wWzgh-vQ,20.171,1,2024-12-19T10:59:21Z,TWICE_Strategy
Sz_wWzgh-vQ,any Mina stans here??? 🙋‍♀️🙋‍♀️🙋‍♀️,3,2024-12-19T10:56:35Z,TWICE_Strategy
Sz_wWzgh-vQ,more more more,2,2024-12-19T10:56:12Z,TWICE_Strategy
Sz_wWzgh-vQ,"let's keep streaming ONCES, let's appreciate all the girls efforts for this just to deliver this masterpiece to us",0,2024-12-19T10:56:04Z,TWICE_Strategy
Sz_wWzgh-vQ,twice,1,2024-12-19T10:54:55Z,TWICE_Strategy
Sz_wWzgh-vQ,can we reach 30 million before new year? let's give this to the girls as a gift Onces!!!,8,2024-12-19T10:52:20Z,TWICE_Strategy
Sz_wWzgh-vQ,Before 14 days 22million and stream for mama award 😢😊😊❤🎉❤,3,2024-12-19T10:50:14Z,TWICE_Strategy
Sz_wWzgh-vQ,Party O'clock chorus?,0,2024-12-19T10:49:14Z,TWICE_Strategy
Sz_wWzgh-vQ,Stream 1 month in 80million atleast❤❤🎉 plzzz😢😊❤❤🎉,4,2024-12-19T10:46:30Z,TWICE_Strategy
Sz_wWzgh-vQ,"Let's go 30M before 2025!!!
We can do it ONCEEE!!!!",5,2024-12-19T10:46:15Z,TWICE_Strategy
Sz_wWzgh-vQ,Pretty sad that the world wasn't happy with a cute clean group but had to add crass Megan thee Stallion.,1,2024-12-19T10:33:25Z,TWICE_Strategy
Sz_wWzgh-vQ,2015,0,2024-12-19T10:30:28Z,TWICE_Strategy
Sz_wWzgh-vQ,158K,2,2024-12-19T10:27:50Z,TWICE_Strategy
Sz_wWzgh-vQ,uri tedeungii,1,2024-12-19T10:27:05Z,TWICE_Strategy
Sz_wWzgh-vQ,dua puluh koma satu,2,2024-12-19T10:26:56Z,TWICE_Strategy
Sz_wWzgh-vQ,strategy strategy,0,2024-12-19T10:23:43Z,TWICE_Strategy
Sz_wWzgh-vQ,❤❤❤,0,2024-12-19T10:23:04Z,TWICE_Strategy
Sz_wWzgh-vQ,Twice,1,2024-12-19T10:19:53Z,TWICE_Strategy
Sz_wWzgh-vQ,151k only,0,2024-12-19T10:17:36Z,TWICE_Strategy
Sz_wWzgh-vQ,Best video of the year,4,2024-12-19T10:16:33Z,TWICE_Strategy
Sz_wWzgh-vQ,Pretty girls!!,0,2024-12-19T10:16:19Z,TWICE_Strategy
Sz_wWzgh-vQ,He anladım megan sız,0,2024-12-19T10:12:50Z,TWICE_Strategy
Sz_wWzgh-vQ,20.147,0,2024-12-19T10:03:17Z,TWICE_Strategy
Sz_wWzgh-vQ,I can't stop singing this song my mom also like it (cryy),2,2024-12-19T10:00:50Z,TWICE_Strategy
Sz_wWzgh-vQ,147K,0,2024-12-19T09:59:47Z,TWICE_Strategy
Sz_wWzgh-vQ,I got you on my rader,0,2024-12-19T09:50:28Z,TWICE_Strategy
Sz_wWzgh-vQ,25m views next lets do it Once,0,2024-12-19T09:50:00Z,TWICE_Strategy
Sz_wWzgh-vQ,I love how Nayeon ends One Spark and Strategy,2,2024-12-19T09:48:02Z,TWICE_Strategy
Sz_wWzgh-vQ,HEY BOY IMMA GETCHA,0,2024-12-19T09:47:27Z,TWICE_Strategy
Sz_wWzgh-vQ,Winning is my trademark soon you'll never wanna leavr,0,2024-12-19T09:46:37Z,TWICE_Strategy
Sz_wWzgh-vQ,"Congratulations TWICE, you've done well in promoting Strategy. Our hard working queens!!",6,2024-12-19T09:46:16Z,TWICE_Strategy
Sz_wWzgh-vQ,Real hot girl shhhh,0,2024-12-19T09:45:33Z,TWICE_Strategy
Sz_wWzgh-vQ,Winning is my trademark <33,0,2024-12-19T09:45:27Z,TWICE_Strategy
Sz_wWzgh-vQ,I got you on my radarr,1,2024-12-19T09:45:18Z,TWICE_Strategy
Sz_wWzgh-vQ,Make ya say more more more,1,2024-12-19T09:44:55Z,TWICE_Strategy
Sz_wWzgh-vQ,Silhouette tight,0,2024-12-19T09:44:45Z,TWICE_Strategy
Sz_wWzgh-vQ,Str3am Onceus,2,2024-12-19T09:44:24Z,TWICE_Strategy
Sz_wWzgh-vQ,Hey boy!,2,2024-12-19T09:43:58Z,TWICE_Strategy
Sz_wWzgh-vQ,Were is the streaming ??,2,2024-12-19T09:43:16Z,TWICE_Strategy
Sz_wWzgh-vQ,ONCE STR34M HARDER!!,3,2024-12-19T09:37:40Z,TWICE_Strategy
Sz_wWzgh-vQ,STREAM 😂😂🎉🎉🎉🎉🎉🎉🎉🎉🎉🎉🎉,1,2024-12-19T09:30:51Z,TWICE_Strategy
Sz_wWzgh-vQ,STREAM STREAAAAAAMMMMMMMMMMM 😂😂😂😂😂😂😂😂😂😂😂😂😂😂😂😂😂😂😂😂😂😂😂😂😂😂😂🎉🎉😂😂😂🎉😂🎉😂😂😂🎉😂🎉😂😂😂😂😂🎉😂😂🎉❤🎉😂🎉❤😢😂😢😂🎉😂🎉❤🎉😂😢🎉❤😮😮🎉😅❤😅🎉😮😢😂😢❤😮🎉,1,2024-12-19T09:30:39Z,TWICE_Strategy
Sz_wWzgh-vQ,🎉🎉🎉🎉🎉🎉🎉🎉🎉🎉🎉🎉🎉🎉🎉🎉🎉🎉😢😢😢😢😢😢😢😢😢😢😢,1,2024-12-19T09:30:13Z,TWICE_Strategy
Sz_wWzgh-vQ,So Goood!!! that's freaking awesome!!!! 👍😎❤,0,2024-12-19T09:25:30Z,TWICE_Strategy
Sz_wWzgh-vQ,A HIT!,1,2024-12-19T09:22:02Z,TWICE_Strategy
Sz_wWzgh-vQ,THIS IS A BANGERR,2,2024-12-19T09:19:03Z,TWICE_Strategy
Sz_wWzgh-vQ,②①m  let's go,0,2024-12-19T09:17:22Z,TWICE_Strategy
Sz_wWzgh-vQ,30M LETS GOOO,3,2024-12-19T09:15:13Z,TWICE_Strategy
Sz_wWzgh-vQ,"20m 
Good job",0,2024-12-19T09:14:57Z,TWICE_Strategy
Sz_wWzgh-vQ,great songs,0,2024-12-19T09:14:45Z,TWICE_Strategy
Sz_wWzgh-vQ,20M welcome!!!♡,2,2024-12-19T09:13:30Z,TWICE_Strategy
Sz_wWzgh-vQ,133k,0,2024-12-19T09:12:56Z,TWICE_Strategy
Sz_wWzgh-vQ,30M LETS GO!,1,2024-12-19T09:12:46Z,TWICE_Strategy
Sz_wWzgh-vQ,TWICE,0,2024-12-19T09:12:31Z,TWICE_Strategy
Sz_wWzgh-vQ,Congrats 20m,3,2024-12-19T09:09:46Z,TWICE_Strategy
Sz_wWzgh-vQ,TWICE,1,2024-12-19T09:05:56Z,TWICE_Strategy
Sz_wWzgh-vQ,HEY BOY I'MA GET YA,2,2024-12-19T09:02:09Z,TWICE_Strategy
Sz_wWzgh-vQ,",welcome 20M🎉",3,2024-12-19T09:01:33Z,TWICE_Strategy
Sz_wWzgh-vQ,"keep using the song everywhere! tiktok, x, fb, ig, yt!!!!",6,2024-12-19T08:57:51Z,TWICE_Strategy
Sz_wWzgh-vQ,Happy 20M!!!,5,2024-12-19T08:55:29Z,TWICE_Strategy
Sz_wWzgh-vQ,comment “eyyy” if ur still streaming,4,2024-12-19T08:55:18Z,TWICE_Strategy
Sz_wWzgh-vQ,20M yeyyyyy,1,2024-12-19T08:54:50Z,TWICE_Strategy
Sz_wWzgh-vQ,Hey boy〜,3,2024-12-19T08:54:27Z,TWICE_Strategy
Sz_wWzgh-vQ,SANA MARRY ME?🤧💍,5,2024-12-19T08:50:22Z,TWICE_Strategy
Sz_wWzgh-vQ,20 MILLI YASSSS,2,2024-12-19T08:46:02Z,TWICE_Strategy
Sz_wWzgh-vQ,1:32 to 1:40 😩🎧✨💗,1,2024-12-19T08:42:39Z,TWICE_Strategy
Sz_wWzgh-vQ,119k,0,2024-12-19T08:35:54Z,TWICE_Strategy
Sz_wWzgh-vQ,Midzy here thank you once for supporting gold by itzy,7,2024-12-19T08:33:29Z,TWICE_Strategy
Sz_wWzgh-vQ,I still want a long journey with TWICE who else?,12,2024-12-19T08:32:21Z,TWICE_Strategy
Sz_wWzgh-vQ,"Congratulations 20 Million , let's get more millions ;)",8,2024-12-19T08:31:48Z,TWICE_Strategy
Sz_wWzgh-vQ,twice twice,4,2024-12-19T08:27:31Z,TWICE_Strategy
Sz_wWzgh-vQ,TWICE AND MEGAN COLLAB THE BEST,6,2024-12-19T08:23:59Z,TWICE_Strategy
Sz_wWzgh-vQ,"Hey, boy, I'ma getcha
I'ma getcha real good and I betcha
(It's Megan Thee Stallion)
Hey, boy, once I getcha
You'll be, oh, so glad that I metcha
(And TWICE)

Ah-oh!

 
Step 1
Do my highlight
Make me shine so bright
In the moonlight

Step 2
Silhouette tight
Baby, even my shadow
Looks good, right?

Step 3
When I arrive
Make you look my way
With your heart eyes

Step 4
Got you on the floor
Make you say
More, more, more

When I say hi
I'm feeling all your attention on me
Hi, no reason to be so shy with me

I ain't gonna bite, comе on over (No)
I know you wanna move a little closеr (Yeah)

I got a plan to get you with me (Ah)


I got you on my radar
Soon you're gonna be with me
My strategy, strategy
Will getcha, getcha, baby

Winning is my trademark
Soon you'll never wanna leave
My strategy, strategy
Will getcha, getcha, baby


Hey, boy, I'ma getcha
I'ma getcha real good and I betcha
Hey, boy, once I getcha
You'll be, oh, so glad that I metcha


When your cheeks go red (That's cute)
I wanna dance, you said (Oh, cool)
'Til I'm in your head (It's cruel)
And you can't forget

You're feeling things now
And you're confused
Watching my body getting loose
You don't know what you're gonna do
You're mine

When I say hi
I'm feeling all your attention on me
Hi, no reason to be so shy with me

I ain't gonna bite, come on over (No)
I know you wanna move a little closer (Yeah)

I got a plan to get you with me (Ah)


I got you on my radar
Soon you're gonna be with me
My strategy, strategy
Will getcha, getcha, baby

Winning is my trademark
Soon you'll never wanna leave
My strategy, strategy
Will getcha, getcha, baby



Real hot girl sheeee

Do you like that?
When I smack it and 
You watch it bounce it right back?
He really lost it
When he saw me do the right, left

I'ma man eater
You just a light snack
I got him pressed like
He's workin' on his triceps

I'ma flirt, I'ma tease
Baby hurt after me
Tell'em baby
What's a player to the GAME

Sayin' need the word by him
Bringing me to the beach
Jealous? Who?
Girl, please

Left, right, left, right
Do it to the beat
Talk with my body
That's my strategy

Other girls tryin'
But I'm really hard to beat
He'll be mine off my strategy

Left, right, left, right
Do it to the beat
Talk with my body
That's my strategy

Other girls tryin'
But I'm really hard to beat
He'll be mine off my strategy



My strategy, strategy
Like gravity, gravity
One look at me, look at me
I betcha, betcha, betcha, boy

You'll be down on your knees
Calling me up begging me don't leave
My strategy, strategy
Will getcha, getcha, getcha, boy

(Ah-oh!)

 
Hey, boy, I'ma getcha
I'ma getcha real good and I betcha
Hey, boy, once I getcha
You'll be, oh, so glad that I metcha

Hey, boy, I'ma getcha
I'ma getcha real good and I betcha
Hey, boy, once I getcha
You'll be, oh, so glad that I metcha


Hey, boy, I'ma getcha
I'ma getcha real good and I betcha",4,2024-12-19T08:22:40Z,TWICE_Strategy
Sz_wWzgh-vQ,20M!🎉,3,2024-12-19T08:19:18Z,TWICE_Strategy
Sz_wWzgh-vQ,The LEGENDS,3,2024-12-19T08:14:22Z,TWICE_Strategy
Sz_wWzgh-vQ,Lovely girls,3,2024-12-19T08:12:54Z,TWICE_Strategy
B1qq8IvzSz4,A mysterious sensation ~~,2,2024-11-24T23:55:56Z,NCTDREAM_WhenImWithYou
B1qq8IvzSz4,Its been 13 days since it released time fly so fast😢,3,2024-11-24T23:47:23Z,NCTDREAM_WhenImWithYou
B1qq8IvzSz4,11 M today,5,2024-11-24T23:17:26Z,NCTDREAM_WhenImWithYou
B1qq8IvzSz4,Day and night with you,3,2024-11-24T23:10:37Z,NCTDREAM_WhenImWithYou
B1qq8IvzSz4,When I’m with dream 🥰🩵🩵🩵🩵,3,2024-11-24T22:39:11Z,NCTDREAM_WhenImWithYou
B1qq8IvzSz4,Chenle 🌟,2,2024-11-24T22:38:55Z,NCTDREAM_WhenImWithYou
B1qq8IvzSz4,Selamaaatt pagiiiii,3,2024-11-24T22:36:36Z,NCTDREAM_WhenImWithYou
B1qq8IvzSz4,"Everything about this song is beautiful, thank you nct dream for always giving us masterpieces",14,2024-11-24T22:30:18Z,NCTDREAM_WhenImWithYou
B1qq8IvzSz4,Brazil loves nct dream <3,4,2024-11-24T22:26:20Z,NCTDREAM_WhenImWithYou
B1qq8IvzSz4,"Renjun 
🕺",2,2024-11-24T22:17:58Z,NCTDREAM_WhenImWithYou
B1qq8IvzSz4,11 jt yuks hari ini,5,2024-11-24T22:16:01Z,NCTDREAM_WhenImWithYou
B1qq8IvzSz4,Voten en HIGHER y ALL CHART,6,2024-11-24T17:01:15Z,NCTDREAM_WhenImWithYou
B1qq8IvzSz4,"10,915",5,2024-11-24T16:42:44Z,NCTDREAM_WhenImWithYou
B1qq8IvzSz4,914,2,2024-11-24T16:23:38Z,NCTDREAM_WhenImWithYou
B1qq8IvzSz4,"Besok bisa nih 11M harusnya, apa ga muak kalian liat angka 10 wkwk",6,2024-11-24T16:01:59Z,NCTDREAM_WhenImWithYou
B1qq8IvzSz4,Thankyou for being 7 and sing this beautiful song!!!!!! Thankyou for always happy and healthy dreamies you guys really human medicine ❤❤❤❤❤❤❤❤❤❤❤🎉🎉🎉🎉🎉 wishing this album successfully and i will wait 7dreamies in TDS4 Concert in jakarta!! I wish i have a chance to meet 7dreamies again!!,3,2024-11-24T15:49:45Z,NCTDREAM_WhenImWithYou
B1qq8IvzSz4,OYY AYUKKK STREAM PLIS,2,2024-11-24T15:37:13Z,NCTDREAM_WhenImWithYou
B1qq8IvzSz4,NCT DREAM is the best,5,2024-11-24T15:35:51Z,NCTDREAM_WhenImWithYou
B1qq8IvzSz4,semangat stream guys!! masih 10 besar di tren,4,2024-11-24T15:24:53Z,NCTDREAM_WhenImWithYou
B1qq8IvzSz4,10.910k,1,2024-11-24T15:06:40Z,NCTDREAM_WhenImWithYou
B1qq8IvzSz4,Congrasttt❤🎉,1,2024-11-24T14:37:01Z,NCTDREAM_WhenImWithYou
B1qq8IvzSz4,Sugohesso,1,2024-11-24T14:34:41Z,NCTDREAM_WhenImWithYou
B1qq8IvzSz4,ayoo kita muponnn dari angka keramat ini,6,2024-11-24T14:31:20Z,NCTDREAM_WhenImWithYou
B1qq8IvzSz4,hola renjun te amo precioso,1,2024-11-24T14:29:45Z,NCTDREAM_WhenImWithYou
B1qq8IvzSz4,let's go 11M,2,2024-11-24T14:26:27Z,NCTDREAM_WhenImWithYou
B1qq8IvzSz4,Kecanduan when im with you,5,2024-11-24T14:13:01Z,NCTDREAM_WhenImWithYou
B1qq8IvzSz4,"Jeno, Jaemin, Mark, Renjun, Chenle, Jisung, Haechan ❤",3,2024-11-24T14:07:13Z,NCTDREAM_WhenImWithYou
B1qq8IvzSz4,likes are increasing as well<33,1,2024-11-24T14:03:41Z,NCTDREAM_WhenImWithYou
B1qq8IvzSz4,Semangat semangat!!,2,2024-11-24T14:02:18Z,NCTDREAM_WhenImWithYou
B1qq8IvzSz4,907.295,0,2024-11-24T14:01:33Z,NCTDREAM_WhenImWithYou
B1qq8IvzSz4,907,0,2024-11-24T14:00:48Z,NCTDREAM_WhenImWithYou
B1qq8IvzSz4,Best leader Mark :),5,2024-11-24T13:47:45Z,NCTDREAM_WhenImWithYou
B1qq8IvzSz4,YO DREAM,1,2024-11-24T13:38:40Z,NCTDREAM_WhenImWithYou
B1qq8IvzSz4,Fighting for 11M ~~✓,2,2024-11-24T13:33:08Z,NCTDREAM_WhenImWithYou
B1qq8IvzSz4,"Coming from Nopogy 😅 just had time to stay on the internet. Well i agree with Shownu, its catchy indeed.",2,2024-11-24T13:29:04Z,NCTDREAM_WhenImWithYou
B1qq8IvzSz4,GO DREAM!,4,2024-11-24T13:24:35Z,NCTDREAM_WhenImWithYou
B1qq8IvzSz4,Seminggu naik sejuta ini mah 😭🙏🏻,2,2024-11-24T13:24:03Z,NCTDREAM_WhenImWithYou
B1qq8IvzSz4,Go go dream,1,2024-11-24T13:22:24Z,NCTDREAM_WhenImWithYou
B1qq8IvzSz4,Come on guys,1,2024-11-24T13:20:56Z,NCTDREAM_WhenImWithYou
B1qq8IvzSz4,"Recién lo veo, el tema esta bonito ♡",4,2024-11-24T13:19:04Z,NCTDREAM_WhenImWithYou
B1qq8IvzSz4,Cute ❤,1,2024-11-24T13:03:14Z,NCTDREAM_WhenImWithYou
B1qq8IvzSz4,7DREAM,3,2024-11-24T12:38:11Z,NCTDREAM_WhenImWithYou
B1qq8IvzSz4,"Ini yg terakhir buat hari ini ya,soalnya udh ngantuk mau bobo dulu",2,2024-11-24T12:33:12Z,NCTDREAM_WhenImWithYou
B1qq8IvzSz4,Akhirnya geser ke sembilan eh... S3manGaT,3,2024-11-24T12:16:23Z,NCTDREAM_WhenImWithYou
B1qq8IvzSz4,Don't forget to listen to the song on all music platforms,4,2024-11-24T12:15:40Z,NCTDREAM_WhenImWithYou
B1qq8IvzSz4,"always listen to this song wherever... let's watch and listen to this MV often, we can definitely give a lot of wins to 7dream as long as we stay consistent",17,2024-11-24T12:14:42Z,NCTDREAM_WhenImWithYou
B1qq8IvzSz4,lets stream tgt guys,2,2024-11-24T12:06:34Z,NCTDREAM_WhenImWithYou
B1qq8IvzSz4,100k lagi 11juta. semangattt,4,2024-11-24T12:06:13Z,NCTDREAM_WhenImWithYou
B1qq8IvzSz4,Lama banget 11m nya ih,2,2024-11-24T11:46:42Z,NCTDREAM_WhenImWithYou
B1qq8IvzSz4,let’s get 4th win !!!,6,2024-11-24T11:43:30Z,NCTDREAM_WhenImWithYou
B1qq8IvzSz4,dont forget to vote dream on allchart pre voting guys,7,2024-11-24T11:43:10Z,NCTDREAM_WhenImWithYou
B1qq8IvzSz4,10900,2,2024-11-24T11:42:44Z,NCTDREAM_WhenImWithYou
B1qq8IvzSz4,"Let's be consistent str3ming again, 11M let's go guys fighting",5,2024-11-24T11:36:33Z,NCTDREAM_WhenImWithYou
B1qq8IvzSz4,Gemes deh sama viewsnya,2,2024-11-24T11:32:32Z,NCTDREAM_WhenImWithYou
B1qq8IvzSz4,Pokoknya tetap str3aming :),3,2024-11-24T11:30:19Z,NCTDREAM_WhenImWithYou
B1qq8IvzSz4,"I just met them and I already loved them, I loved the songs, they're great, I'm from Brazil, they've gone far",6,2024-11-24T11:23:17Z,NCTDREAM_WhenImWithYou
B1qq8IvzSz4,11m let’s go,2,2024-11-24T11:10:56Z,NCTDREAM_WhenImWithYou
B1qq8IvzSz4,chenle💚💚💚💚💚💚,3,2024-11-24T10:08:29Z,NCTDREAM_WhenImWithYou
B1qq8IvzSz4,Still here for Dreamies,3,2024-11-24T10:06:42Z,NCTDREAM_WhenImWithYou
B1qq8IvzSz4,Mark Lee <3,2,2024-11-24T09:24:37Z,NCTDREAM_WhenImWithYou
B1qq8IvzSz4,Sambil mandipun ttp streaming 🤣,7,2024-11-24T09:21:00Z,NCTDREAM_WhenImWithYou
B1qq8IvzSz4,fighting. everyone!!,3,2024-11-24T09:18:09Z,NCTDREAM_WhenImWithYou
B1qq8IvzSz4,Renjun💗💗💗,4,2024-11-24T09:16:52Z,NCTDREAM_WhenImWithYou
B1qq8IvzSz4,Sad :( but its okay,5,2024-11-24T09:15:54Z,NCTDREAM_WhenImWithYou
B1qq8IvzSz4,SEMANGAT DREAAAMSSSSSSSSSSSSSSSSSSSSS,6,2024-11-24T09:13:17Z,NCTDREAM_WhenImWithYou
B1qq8IvzSz4,"Kenapa sulit naiknya, ayo dong semangatt",6,2024-11-24T09:13:07Z,NCTDREAM_WhenImWithYou
B1qq8IvzSz4,Keep streaming guys for 7 dreams..,10,2024-11-24T08:58:21Z,NCTDREAM_WhenImWithYou
B1qq8IvzSz4,I love u foreverr,4,2024-11-24T08:50:02Z,NCTDREAM_WhenImWithYou
B1qq8IvzSz4,"Yuk bisa yuk sedikit lagii
Semangat semuanya!!!",6,2024-11-24T08:40:16Z,NCTDREAM_WhenImWithYou
B1qq8IvzSz4,"Guys kenapa susah banget naiknya :""(",4,2024-11-24T08:33:41Z,NCTDREAM_WhenImWithYou
B1qq8IvzSz4,lesgoo,4,2024-11-24T08:16:11Z,NCTDREAM_WhenImWithYou
B1qq8IvzSz4,Ga menang di inkigayo ya?,1,2024-11-24T08:13:25Z,NCTDREAM_WhenImWithYou
B1qq8IvzSz4,888,0,2024-11-24T07:51:08Z,NCTDREAM_WhenImWithYou
B1qq8IvzSz4,"Cuando la canción es tan buena, que da gusto escucharla en repetición ┌⁠(⁠・⁠。⁠・⁠)⁠┘⁠♪",3,2024-11-24T07:19:54Z,NCTDREAM_WhenImWithYou
B1qq8IvzSz4,887,0,2024-11-24T07:19:05Z,NCTDREAM_WhenImWithYou
B1qq8IvzSz4,Voten en las aplicaciones ALL CHART y HIGHER,4,2024-11-24T07:15:27Z,NCTDREAM_WhenImWithYou
B1qq8IvzSz4,886,0,2024-11-24T07:07:48Z,NCTDREAM_WhenImWithYou
B1qq8IvzSz4,Guys pls vote in korea all chart…,8,2024-11-24T07:05:19Z,NCTDREAM_WhenImWithYou
B1qq8IvzSz4,"Sedih ,, Mian dreams ..",1,2024-11-24T06:59:12Z,NCTDREAM_WhenImWithYou
B1qq8IvzSz4,yahh kita gagal di inkigayo guyss but its okeyy keep streamm,6,2024-11-24T06:56:15Z,NCTDREAM_WhenImWithYou
B1qq8IvzSz4,keep str3aming,3,2024-11-24T05:57:16Z,NCTDREAM_WhenImWithYou
B1qq8IvzSz4,"streamin9nya, sambil nonton live inkigayo.",2,2024-11-24T05:48:48Z,NCTDREAM_WhenImWithYou
B1qq8IvzSz4,yo dream !,1,2024-11-24T05:47:42Z,NCTDREAM_WhenImWithYou
B1qq8IvzSz4,Let's goooo,1,2024-11-24T05:46:50Z,NCTDREAM_WhenImWithYou
B1qq8IvzSz4,Ini serius 10 terus?,2,2024-11-24T05:30:38Z,NCTDREAM_WhenImWithYou
B1qq8IvzSz4,Kajaa 11,2,2024-11-24T05:07:52Z,NCTDREAM_WhenImWithYou
B1qq8IvzSz4,mark lee,1,2024-11-24T04:54:43Z,NCTDREAM_WhenImWithYou
B1qq8IvzSz4,tetap bolak balik :),1,2024-11-24T04:32:56Z,NCTDREAM_WhenImWithYou
B1qq8IvzSz4,KAPANNN BERANJAKKK DARI 10.8 NIHHHH ARRGHHHH GERAMNYAA😢,4,2024-11-24T04:29:16Z,NCTDREAM_WhenImWithYou
B1qq8IvzSz4,MC Jeno is back.,0,2024-11-24T04:22:57Z,NCTDREAM_WhenImWithYou
B1qq8IvzSz4,Let's stream,0,2024-11-24T04:21:33Z,NCTDREAM_WhenImWithYou
B1qq8IvzSz4,PLISS AYO TTP STREAM GYUS,2,2024-11-24T04:05:46Z,NCTDREAM_WhenImWithYou
B1qq8IvzSz4,Harii ini di Inkigayo mc nya jeno,2,2024-11-24T04:05:28Z,NCTDREAM_WhenImWithYou
B1qq8IvzSz4,I can feel that jisung is shining so bright with his voice. And he singing😭😭 soo coool❤,1,2024-11-24T04:01:47Z,NCTDREAM_WhenImWithYou
B1qq8IvzSz4,Woww 11M letsgooo,1,2024-11-24T03:53:46Z,NCTDREAM_WhenImWithYou
B1qq8IvzSz4,The choreo honestly looks so fun! Def teaching this one in studio 💚,2,2024-11-24T03:39:09Z,NCTDREAM_WhenImWithYou
B1qq8IvzSz4,waiting behind the scene,2,2024-11-24T03:15:15Z,NCTDREAM_WhenImWithYou
B1qq8IvzSz4,Streaming sambil bungkusin snack buat ultah anak,6,2024-11-24T03:14:30Z,NCTDREAM_WhenImWithYou
B1qq8IvzSz4,semoga nanti menang ya di inkigayo,5,2024-11-24T03:04:23Z,NCTDREAM_WhenImWithYou
B1qq8IvzSz4,"10,872",1,2024-11-24T03:04:06Z,NCTDREAM_WhenImWithYou
B1qq8IvzSz4,"Suka sama lagunya
Semangat gays",2,2024-11-24T02:58:25Z,NCTDREAM_WhenImWithYou
B1qq8IvzSz4,Yokk stream1ng lagii,3,2024-11-24T02:54:27Z,NCTDREAM_WhenImWithYou
B1qq8IvzSz4,PROUD OF YOU DREAMIES 🙌🏼🙌🏼🙌🏼💓💓💓,2,2024-11-24T02:54:26Z,NCTDREAM_WhenImWithYou
B1qq8IvzSz4,"Satu kata ""KEREN""",5,2024-11-24T02:40:53Z,NCTDREAM_WhenImWithYou
B1qq8IvzSz4,Semangat semangat weekend..,3,2024-11-24T02:32:20Z,NCTDREAM_WhenImWithYou
B1qq8IvzSz4,Kenapa stuck di 10jt terus sih😭,3,2024-11-24T02:26:34Z,NCTDREAM_WhenImWithYou
B1qq8IvzSz4,lol flop,0,2024-11-24T02:19:20Z,NCTDREAM_WhenImWithYou
B1qq8IvzSz4,Semaangaattt,0,2024-11-24T02:07:47Z,NCTDREAM_WhenImWithYou
B1qq8IvzSz4,Hari ini ke inkigayo ya?,3,2024-11-24T01:43:17Z,NCTDREAM_WhenImWithYou
B1qq8IvzSz4,Day and night i think about dreamies <3,0,2024-11-24T01:33:59Z,NCTDREAM_WhenImWithYou
B1qq8IvzSz4,"guys, for the  next comeback we need the 2021-2022 spirit for nct dream .. at least 20M for their mvs in the first 24hs!!!!",5,2024-11-24T01:33:02Z,NCTDREAM_WhenImWithYou
B1qq8IvzSz4,"868
NCTZEN FROM PERU",0,2024-11-24T01:30:45Z,NCTDREAM_WhenImWithYou
B1qq8IvzSz4,kerennn! i'm so proud of you dreams!,2,2024-11-24T01:06:15Z,NCTDREAM_WhenImWithYou
B1qq8IvzSz4,8six7,1,2024-11-24T00:58:58Z,NCTDREAM_WhenImWithYou
B1qq8IvzSz4,when I'm with you I'm so blind 🥰🥰🥰,0,2024-11-24T00:55:21Z,NCTDREAM_WhenImWithYou
B1qq8IvzSz4,💚🤍💚🤍,0,2024-11-24T00:46:42Z,NCTDREAM_WhenImWithYou
B1qq8IvzSz4,Felicidades dreamies por su tercer win en music core!!!,3,2024-11-24T00:35:44Z,NCTDREAM_WhenImWithYou
B1qq8IvzSz4,best vocal with 7visual,1,2024-11-24T00:23:17Z,NCTDREAM_WhenImWithYou
B1qq8IvzSz4,guys keep voting juga buat dream di idol champ sama allchart,3,2024-11-24T00:23:05Z,NCTDREAM_WhenImWithYou
B1qq8IvzSz4,"Gara2 konten, denger bridge chenle jd pengen ngakak😂",1,2024-11-23T23:58:11Z,NCTDREAM_WhenImWithYou
B1qq8IvzSz4,💚💚💚💚💚💚💚💚,0,2024-11-23T23:55:51Z,NCTDREAM_WhenImWithYou
B1qq8IvzSz4,02:45 my favorite part😚😚,0,2024-11-23T23:52:32Z,NCTDREAM_WhenImWithYou
B1qq8IvzSz4,10.866,0,2024-11-23T23:43:10Z,NCTDREAM_WhenImWithYou
B1qq8IvzSz4,10.865,0,2024-11-23T23:26:37Z,NCTDREAM_WhenImWithYou
B1qq8IvzSz4,Is there anyone? Keep your spirits up!!,3,2024-11-23T23:15:48Z,NCTDREAM_WhenImWithYou
B1qq8IvzSz4,Berasa streaming sendirian,2,2024-11-23T22:51:44Z,NCTDREAM_WhenImWithYou
B1qq8IvzSz4,Naiknya dikit banget pdhal hari libur,1,2024-11-23T22:51:28Z,NCTDREAM_WhenImWithYou
B1qq8IvzSz4,May pa ayuda pala sa dulo ❤,2,2024-11-23T22:36:45Z,NCTDREAM_WhenImWithYou
B1qq8IvzSz4,Subuh2 lgsg streaming,3,2024-11-23T20:45:51Z,NCTDREAM_WhenImWithYou
B1qq8IvzSz4,When I'm with you ♡˖꒰ᵕ༚ᵕ⑅꒱,3,2024-11-23T20:00:19Z,NCTDREAM_WhenImWithYou
B1qq8IvzSz4,858,0,2024-11-23T18:37:23Z,NCTDREAM_WhenImWithYou
B1qq8IvzSz4,"kenapa sekarang jadi down gini streaming nya :""",4,2024-11-23T17:59:05Z,NCTDREAM_WhenImWithYou
B1qq8IvzSz4,DEVORARONNNN,0,2024-11-23T17:41:20Z,NCTDREAM_WhenImWithYou
B1qq8IvzSz4,HERMOSA CANCIÓN,0,2024-11-23T17:41:13Z,NCTDREAM_WhenImWithYou
B1qq8IvzSz4,Part chenle bener2 terngiang ngiang sih,1,2024-11-23T17:40:45Z,NCTDREAM_WhenImWithYou
B1qq8IvzSz4,Bangun tidur kuterus WHEN IM WITH YOU TERETERETTERET,0,2024-11-23T17:38:38Z,NCTDREAM_WhenImWithYou
B1qq8IvzSz4,vote to see more encore stage!!  Fighting! Czennie!,4,2024-11-23T17:27:01Z,NCTDREAM_WhenImWithYou
B1qq8IvzSz4,"I’m an army & stay, not their fan but it’s heartbreaking and so sad to see tiktoks and twt hating (and it’s their fans that are hating wtf😢). Like I’m sure they worked hard for the comeback, even though it’s not idk maybe what their fan expected but please respect these boys 😭 idols are also human guyss 🥺 if you don’t like the song just stfu and support them. You guys are their Goddamn fan gosh, you are supposed to be their number 1 supporter wtf 😭",2,2024-11-23T17:23:57Z,NCTDREAM_WhenImWithYou
B1qq8IvzSz4,WIWY 3rd win on Music Core! 🎉,6,2024-11-23T16:56:52Z,NCTDREAM_WhenImWithYou
B1qq8IvzSz4,Semangat str3min9 sama vote ya guysss.,7,2024-11-23T15:43:27Z,NCTDREAM_WhenImWithYou
B1qq8IvzSz4,lets c0mment on amazing saturday dream song and tell everyone esp knets that all dreams songs are so amazing,5,2024-11-23T15:28:25Z,NCTDREAM_WhenImWithYou
B1qq8IvzSz4,22 Nov 2024 Happy birthday to Chenle.,2,2024-11-23T15:24:02Z,NCTDREAM_WhenImWithYou
B1qq8IvzSz4,Hãy stream thật nhiều để đạt cúp thứ 4 nào,3,2024-11-23T15:15:35Z,NCTDREAM_WhenImWithYou
B1qq8IvzSz4,keep watching their mv please,4,2024-11-23T15:01:55Z,NCTDREAM_WhenImWithYou
B1qq8IvzSz4,don't give up everyone,2,2024-11-23T15:01:03Z,NCTDREAM_WhenImWithYou
B1qq8IvzSz4,"Stream pls, otw 11M",3,2024-11-23T14:43:53Z,NCTDREAM_WhenImWithYou
B1qq8IvzSz4,Why it go up so slowlu,0,2024-11-23T14:40:32Z,NCTDREAM_WhenImWithYou
B1qq8IvzSz4,(⁠.⁠⁠❛⁠⁠ᴗ⁠⁠❛⁠.⁠),0,2024-11-23T14:39:39Z,NCTDREAM_WhenImWithYou
B1qq8IvzSz4,"10,847",1,2024-11-23T14:36:12Z,NCTDREAM_WhenImWithYou
B1qq8IvzSz4,10.847,0,2024-11-23T14:34:24Z,NCTDREAM_WhenImWithYou
B1qq8IvzSz4,WIWY 3rd Win,3,2024-11-23T14:28:03Z,NCTDREAM_WhenImWithYou
B1qq8IvzSz4,Did y'all still stream?? If you do i want say thank you and fighting for 11M 😊🩵💛💙❤️🩷🧡💚,5,2024-11-23T14:18:38Z,NCTDREAM_WhenImWithYou
B1qq8IvzSz4,Semangat streaming guysss,1,2024-11-23T14:14:22Z,NCTDREAM_WhenImWithYou
B1qq8IvzSz4,Fighting!!,3,2024-11-23T14:08:06Z,NCTDREAM_WhenImWithYou
B1qq8IvzSz4,"Drimjen, streaming lets go....",2,2024-11-23T14:06:21Z,NCTDREAM_WhenImWithYou
B1qq8IvzSz4,Yeyyy,1,2024-11-23T14:04:06Z,NCTDREAM_WhenImWithYou
B1qq8IvzSz4,almost 450like.. lets keep strming and use mubank performance this week as filler,9,2024-11-23T14:02:09Z,NCTDREAM_WhenImWithYou
B1qq8IvzSz4,so beautifull,0,2024-11-23T14:02:07Z,NCTDREAM_WhenImWithYou
B1qq8IvzSz4,"Keep streaming guys! Let's go to win next mushow, fighting for 7dream!",2,2024-11-23T14:01:47Z,NCTDREAM_WhenImWithYou
B1qq8IvzSz4,Let's go to 11M,1,2024-11-23T13:54:41Z,NCTDREAM_WhenImWithYou
B1qq8IvzSz4,❤🎉,0,2024-11-23T13:54:28Z,NCTDREAM_WhenImWithYou
B1qq8IvzSz4,Omo omo masih 10.8 :(,0,2024-11-23T13:51:53Z,NCTDREAM_WhenImWithYou
B1qq8IvzSz4,🎉,0,2024-11-23T13:48:20Z,NCTDREAM_WhenImWithYou
B1qq8IvzSz4,ayo ajak semuanya strming gaes biar bisa menang lagii,3,2024-11-23T13:45:59Z,NCTDREAM_WhenImWithYou
B1qq8IvzSz4,ayoo vote dream lagi biar bisa wiwy menang lagi guyss,3,2024-11-23T13:35:07Z,NCTDREAM_WhenImWithYou
B1qq8IvzSz4,"3rd win selamat ya, semoga terus sukses ya .. we love you",3,2024-11-23T13:29:54Z,NCTDREAM_WhenImWithYou
B1qq8IvzSz4,I'm still here,2,2024-11-23T13:24:13Z,NCTDREAM_WhenImWithYou
B1qq8IvzSz4,Letsgoooo dikit lagi 11m.,3,2024-11-23T13:20:39Z,NCTDREAM_WhenImWithYou
B1qq8IvzSz4,go gooo🩵,1,2024-11-23T13:05:00Z,NCTDREAM_WhenImWithYou
B1qq8IvzSz4,This song is so amazing,2,2024-11-23T13:00:51Z,NCTDREAM_WhenImWithYou
B1qq8IvzSz4,Yu bisa yu sebulan 30 ? 50 bersyukur bgtt,7,2024-11-23T12:57:34Z,NCTDREAM_WhenImWithYou
B1qq8IvzSz4,WHEN I'M WITH YOU 3RD WIN!!!! CONGRATULATIONS,13,2024-11-23T12:52:48Z,NCTDREAM_WhenImWithYou
B1qq8IvzSz4,Im not myself when im with you,2,2024-11-23T12:47:12Z,NCTDREAM_WhenImWithYou
B1qq8IvzSz4,best song of the year!,2,2024-11-23T12:43:56Z,NCTDREAM_WhenImWithYou
B1qq8IvzSz4,im here again after the 3rd winn😭,4,2024-11-23T12:38:28Z,NCTDREAM_WhenImWithYou
B1qq8IvzSz4,"Maaf guys baru bisa streaming lagi sekarang,soalnya dua hari ini super sibuk😓😭",4,2024-11-23T12:35:49Z,NCTDREAM_WhenImWithYou
B1qq8IvzSz4,*＊✿❀　❀✿＊*,0,2024-11-23T12:28:30Z,NCTDREAM_WhenImWithYou
B1qq8IvzSz4,"Congrast for nct dream and dreamzen
We can do it",2,2024-11-23T12:26:37Z,NCTDREAM_WhenImWithYou
B1qq8IvzSz4,Streaming buat nambahin voting mingdep,8,2024-11-23T12:23:33Z,NCTDREAM_WhenImWithYou
B1qq8IvzSz4,I'm back,4,2024-11-23T12:23:29Z,NCTDREAM_WhenImWithYou
B1qq8IvzSz4,kereen ... third win,2,2024-11-23T12:22:08Z,NCTDREAM_WhenImWithYou
B1qq8IvzSz4,"160k more to 11m, let's go! ^^",2,2024-11-23T12:14:25Z,NCTDREAM_WhenImWithYou
B1qq8IvzSz4,Sayang 7dream sama dreamzen yang masih setia streaming,2,2024-11-23T12:12:48Z,NCTDREAM_WhenImWithYou
B1qq8IvzSz4,lesgooo,1,2024-11-23T12:03:21Z,NCTDREAM_WhenImWithYou
B1qq8IvzSz4,Sayang sayang nyaa akuu  ❤,1,2024-11-23T11:57:37Z,NCTDREAM_WhenImWithYou
B1qq8IvzSz4,congrats on your third wins dreamiesss,5,2024-11-23T11:51:53Z,NCTDREAM_WhenImWithYou
B1qq8IvzSz4,This song is such a masterpiece 🔥🔥 I can't stop listening to it helpp(bros done making me obsessed)😭,4,2024-11-23T11:46:17Z,NCTDREAM_WhenImWithYou
B1qq8IvzSz4,Hello guys,2,2024-11-23T11:43:21Z,NCTDREAM_WhenImWithYou
B1qq8IvzSz4,Pliiss ajakin dreamzen buat streaming biar nambah poin menang di promosinya dream,6,2024-11-23T11:42:52Z,NCTDREAM_WhenImWithYou
B1qq8IvzSz4,7DREAM forever,5,2024-11-23T11:39:46Z,NCTDREAM_WhenImWithYou
B1qq8IvzSz4,Keren keren,2,2024-11-23T11:33:20Z,NCTDREAM_WhenImWithYou
B1qq8IvzSz4,i'm satisfied...,2,2024-11-23T11:28:13Z,NCTDREAM_WhenImWithYou
B1qq8IvzSz4,Sooooooo❤❤❤❤❤❤❤❤,1,2024-11-23T11:25:36Z,NCTDREAM_WhenImWithYou
B1qq8IvzSz4,Chenle bridge let's go,4,2024-11-23T11:19:36Z,NCTDREAM_WhenImWithYou
B1qq8IvzSz4,Happy 3rd win with WIWY,3,2024-11-23T11:17:01Z,NCTDREAM_WhenImWithYou
B1qq8IvzSz4,"10,837",0,2024-11-23T11:15:35Z,NCTDREAM_WhenImWithYou
B1qq8IvzSz4,836,0,2024-11-23T11:07:15Z,NCTDREAM_WhenImWithYou
B1qq8IvzSz4,please watch music bank performance a lot to add our broadcast points,8,2024-11-23T10:34:43Z,NCTDREAM_WhenImWithYou
B1qq8IvzSz4,lets go all out for next week,6,2024-11-23T10:30:04Z,NCTDREAM_WhenImWithYou
B1qq8IvzSz4,Semangat kejar 11,3,2024-11-23T10:23:54Z,NCTDREAM_WhenImWithYou
B1qq8IvzSz4,"Guys lets streaming again, just a little and 11 M!!.... Go go go",2,2024-11-23T10:17:31Z,NCTDREAM_WhenImWithYou
B1qq8IvzSz4,WIWY 3rd win we cheered!!!!,3,2024-11-23T10:13:37Z,NCTDREAM_WhenImWithYou
B1qq8IvzSz4,Semangatt streaming gaisee,1,2024-11-23T10:06:39Z,NCTDREAM_WhenImWithYou
B1qq8IvzSz4,4th WIN FOR DREAMIES!!! LET'S STR3AMMM GUYSSSS,5,2024-11-23T09:52:03Z,NCTDREAM_WhenImWithYou
B1qq8IvzSz4,WHEN I'M WITH YOUUUU,2,2024-11-23T09:51:29Z,NCTDREAM_WhenImWithYou
B1qq8IvzSz4,831,0,2024-11-23T09:51:16Z,NCTDREAM_WhenImWithYou
B1qq8IvzSz4,💚💚💚💚💚💚,1,2024-11-23T09:44:36Z,NCTDREAM_WhenImWithYou
B1qq8IvzSz4,Congrats uri bakwan sayur 3rd win.,4,2024-11-23T09:41:25Z,NCTDREAM_WhenImWithYou
B1qq8IvzSz4,"congrats dreamies, hwaiting dreamzen!",2,2024-11-23T09:38:48Z,NCTDREAM_WhenImWithYou
B1qq8IvzSz4,Selamat Dream kalian pantas mendapatkan kemenangan,3,2024-11-23T09:32:14Z,NCTDREAM_WhenImWithYou
B1qq8IvzSz4,Congrats 7 Dream🎉🎉,3,2024-11-23T09:30:04Z,NCTDREAM_WhenImWithYou
B1qq8IvzSz4,Seneng kan menang? Pengen liat mereka menang lagi kan? Yuk semangat streamingnya,6,2024-11-23T09:24:12Z,NCTDREAM_WhenImWithYou
B1qq8IvzSz4,Jisung with his bag.,1,2024-11-23T09:22:55Z,NCTDREAM_WhenImWithYou
B1qq8IvzSz4,3rd win! Congrats Dreamies,5,2024-11-23T09:06:22Z,NCTDREAM_WhenImWithYou
B1qq8IvzSz4,Fighting for 4🏆,3,2024-11-23T09:03:12Z,NCTDREAM_WhenImWithYou
B1qq8IvzSz4,haechan ily,1,2024-11-23T08:46:20Z,NCTDREAM_WhenImWithYou
B1qq8IvzSz4,"WIWY 3rd WIN 🎉
CONGRATS 7DREAM👏👏",5,2024-11-23T08:33:24Z,NCTDREAM_WhenImWithYou
B1qq8IvzSz4,Fighting,3,2024-11-23T08:25:07Z,NCTDREAM_WhenImWithYou
B1qq8IvzSz4,3rd win 🎉,5,2024-11-23T08:22:16Z,NCTDREAM_WhenImWithYou
B1qq8IvzSz4,kerenn banget kalian dreamies kalian menang lagii😭😭,4,2024-11-23T08:16:29Z,NCTDREAM_WhenImWithYou
B1qq8IvzSz4,💗💗💗💗,0,2024-11-23T08:10:17Z,NCTDREAM_WhenImWithYou
B1qq8IvzSz4,woylah ini lambat banget huhu,2,2024-11-23T08:06:10Z,NCTDREAM_WhenImWithYou
B1qq8IvzSz4,THIS IS REALLY CUTE HELP!!!,2,2024-11-23T08:01:10Z,NCTDREAM_WhenImWithYou
B1qq8IvzSz4,nct dream WIWY 3rd WIN !! YEYY,6,2024-11-23T07:50:48Z,NCTDREAM_WhenImWithYou
B1qq8IvzSz4,Let's make them win more music shows let's go let's go. Jeno is mc we need to win.. Keep streaming,8,2024-11-23T07:40:51Z,NCTDREAM_WhenImWithYou
B1qq8IvzSz4,Jaemin tarik aku bawa aku ke dalam kereta terbang ituuuuu,3,2024-11-23T07:40:12Z,NCTDREAM_WhenImWithYou
B1qq8IvzSz4,"CONGRATS 7DREAM 🏆🩵🩵🩵

WHEN I'M WITH YOU 3RD WIN
WhenImWithYou3rdWin 
NCTDREAM43rdWin",8,2024-11-23T07:37:42Z,NCTDREAM_WhenImWithYou
B1qq8IvzSz4,The 7 of us dance. The song is the best! It's refreshing and I love it,14,2024-11-23T07:31:59Z,NCTDREAM_WhenImWithYou
B1qq8IvzSz4,amazing :),3,2024-11-23T07:24:45Z,NCTDREAM_WhenImWithYou
B1qq8IvzSz4,10.823,1,2024-11-23T07:18:00Z,NCTDREAM_WhenImWithYou
B1qq8IvzSz4,Ayo semangat naikin nya,4,2024-11-23T07:02:31Z,NCTDREAM_WhenImWithYou
B1qq8IvzSz4,Menikmati hujan sambil nonton when i'm with you~~,5,2024-11-23T07:02:11Z,NCTDREAM_WhenImWithYou
B1qq8IvzSz4,masa views perharinya ebih banyak rainbow dream stay drpd mv wkwkw anehhh nih views,4,2024-11-23T07:01:59Z,NCTDREAM_WhenImWithYou
B1qq8IvzSz4,Chenle bridge let's gooo,1,2024-11-23T07:00:41Z,NCTDREAM_WhenImWithYou
B1qq8IvzSz4,Le'ts goo 11M!!,2,2024-11-23T06:34:11Z,NCTDREAM_WhenImWithYou
B1qq8IvzSz4,livvot mucore sampe jam brp gaes,1,2024-11-23T06:27:27Z,NCTDREAM_WhenImWithYou
B1qq8IvzSz4,10.819,2,2024-11-23T06:03:41Z,NCTDREAM_WhenImWithYou
B1qq8IvzSz4,NA JAEMIN,2,2024-11-23T06:03:02Z,NCTDREAM_WhenImWithYou
B1qq8IvzSz4,Yuk bisa 11M !!,5,2024-11-23T05:46:20Z,NCTDREAM_WhenImWithYou
B1qq8IvzSz4,"I've replaying this album two weeks,  such a great album in 2024！！！",11,2024-11-23T05:43:00Z,NCTDREAM_WhenImWithYou
B1qq8IvzSz4,weekend guyss pls keep streamm,5,2024-11-23T05:41:32Z,NCTDREAM_WhenImWithYou
B1qq8IvzSz4,"10,818",1,2024-11-23T05:40:55Z,NCTDREAM_WhenImWithYou
B1qq8IvzSz4,"Hari ini 11 juta, yuk bisa yuk",4,2024-11-23T05:06:21Z,NCTDREAM_WhenImWithYou
B1qq8IvzSz4,"10,815",1,2024-11-23T05:05:05Z,NCTDREAM_WhenImWithYou
B1qq8IvzSz4,"Guys kita ini fandom besar, ayo tunjukan kekuatan kalian. Semangatt emo emo love",16,2024-11-23T05:01:43Z,NCTDREAM_WhenImWithYou
B1qq8IvzSz4,D-15 when i'm with 7dream,1,2024-11-23T04:59:27Z,NCTDREAM_WhenImWithYou
B1qq8IvzSz4,11m plsss,6,2024-11-23T04:33:52Z,NCTDREAM_WhenImWithYou
B1qq8IvzSz4,"Kenapa stuck di 10jt sih :""
Semangat yaa bes :""""""""""",5,2024-11-23T04:32:11Z,NCTDREAM_WhenImWithYou
B1qq8IvzSz4,Beautiful song babies💚🤌,4,2024-11-23T04:31:26Z,NCTDREAM_WhenImWithYou
B1qq8IvzSz4,ayo gaes jangan lupa siapin amunisi dimubeat bisa make banyak akunn caranya gampang,11,2024-11-23T04:24:17Z,NCTDREAM_WhenImWithYou
B1qq8IvzSz4,chenle bridge let's gooooo,7,2024-11-23T04:24:08Z,NCTDREAM_WhenImWithYou
B1qq8IvzSz4,Semoga bisa nonton tds 4 nih pengen denger live wiwy,5,2024-11-23T04:13:23Z,NCTDREAM_WhenImWithYou
B1qq8IvzSz4,yuhuuu almost 11M leggo!!!!!,4,2024-11-23T04:05:45Z,NCTDREAM_WhenImWithYou
B1qq8IvzSz4,Gawat sekarang ingetnya bridge chenle muter²,7,2024-11-23T03:54:07Z,NCTDREAM_WhenImWithYou
B1qq8IvzSz4,"Sumpah lagunya candu, dan bagus banget, tapi kok komen Koreanya dikit banget why?",6,2024-11-23T03:53:12Z,NCTDREAM_WhenImWithYou
B1qq8IvzSz4,Kok sepi bener yg nonton,4,2024-11-23T03:50:42Z,NCTDREAM_WhenImWithYou
B1qq8IvzSz4,😚✨💗💖💗✨,1,2024-11-23T03:44:50Z,NCTDREAM_WhenImWithYou
B1qq8IvzSz4,ayoo semuanya lari dari angka keramat 10m iiniii,6,2024-11-23T03:41:22Z,NCTDREAM_WhenImWithYou
B1qq8IvzSz4,"Congratulations! 1ST WIN @ SHOW CHAMPION 11.20.24

2ND WIN @ MUSIC BANK 11.22.24
3RD WIN @ MUSIC CORE 11.23.24
4TH WIN?",7,2024-11-23T03:17:08Z,NCTDREAM_WhenImWithYou
B1qq8IvzSz4,So obsessed with this song,8,2024-11-23T02:56:14Z,NCTDREAM_WhenImWithYou
B1qq8IvzSz4,Ini kyknya hampir semua komen udh aku like-in deh,6,2024-11-23T02:54:20Z,NCTDREAM_WhenImWithYou
B1qq8IvzSz4,Keren ❤ selamat ulang tahun chenle 🎉,1,2024-11-23T02:51:12Z,NCTDREAM_WhenImWithYou
B1qq8IvzSz4,Like this song ❤❤,3,2024-11-23T02:45:56Z,NCTDREAM_WhenImWithYou
B1qq8IvzSz4,Love nct❤❤❤,3,2024-11-23T02:45:27Z,NCTDREAM_WhenImWithYou
B1qq8IvzSz4,ini kok aku kayak spam wkw soalnya kirain ga kekirim yg tadi,8,2024-11-23T02:44:29Z,NCTDREAM_WhenImWithYou
B1qq8IvzSz4,renjun best boy,0,2024-11-23T02:44:28Z,NCTDREAM_WhenImWithYou
B1qq8IvzSz4,jangan lupa nanti ada livvoting mucore yyaa,6,2024-11-23T02:43:33Z,NCTDREAM_WhenImWithYou
B1qq8IvzSz4,ANYONE STILL STREAM THIS MASTERPIECE?????,40,2024-11-23T02:35:57Z,NCTDREAM_WhenImWithYou
B1qq8IvzSz4,congratulations Dreamies,4,2024-11-23T02:23:54Z,NCTDREAM_WhenImWithYou
B1qq8IvzSz4,fan choice male,4,2024-11-23T02:15:06Z,NCTDREAM_WhenImWithYou
B1qq8IvzSz4,NCT Dream <3,5,2024-11-23T02:12:29Z,NCTDREAM_WhenImWithYou
B1qq8IvzSz4,Bismillah 11M hari enih,5,2024-11-23T02:10:13Z,NCTDREAM_WhenImWithYou
B1qq8IvzSz4,Morningggg,2,2024-11-23T02:09:50Z,NCTDREAM_WhenImWithYou
B1qq8IvzSz4,804,2,2024-11-23T02:09:01Z,NCTDREAM_WhenImWithYou
B1qq8IvzSz4,Renjunnn ily 3000❤,2,2024-11-23T02:00:12Z,NCTDREAM_WhenImWithYou
B1qq8IvzSz4,Semangat semuanya,3,2024-11-23T01:59:14Z,NCTDREAM_WhenImWithYou
B1qq8IvzSz4,Bismillah trophy ke 3 ..,4,2024-11-23T01:55:48Z,NCTDREAM_WhenImWithYou
B1qq8IvzSz4,jangan lupa jam 13.20 wib gaess,8,2024-11-23T01:52:33Z,NCTDREAM_WhenImWithYou
B1qq8IvzSz4,11M KHAJJA!!!,2,2024-11-23T01:52:28Z,NCTDREAM_WhenImWithYou
B1qq8IvzSz4,7DREAM forever,3,2024-11-23T01:38:39Z,NCTDREAM_WhenImWithYou
B1qq8IvzSz4,"the way the mv is only gonna have 1m new views this week, how did that happen? did everyone just collectively give up on streaming?",4,2024-11-23T01:23:32Z,NCTDREAM_WhenImWithYou
B1qq8IvzSz4,Dreamies,3,2024-11-23T01:22:58Z,NCTDREAM_WhenImWithYou
B1qq8IvzSz4,Hari ini promosi ke music core ga?,7,2024-11-23T01:11:03Z,NCTDREAM_WhenImWithYou
B1qq8IvzSz4,replayyyy teruss,3,2024-11-23T01:02:54Z,NCTDREAM_WhenImWithYou
B1qq8IvzSz4,let's gooo 11M!!,5,2024-11-23T00:54:54Z,NCTDREAM_WhenImWithYou
B1qq8IvzSz4,11 juta letsss gooo,3,2024-11-23T00:49:48Z,NCTDREAM_WhenImWithYou
B1qq8IvzSz4,"Let's be consistent stre3ming again, 11M let's go sijeuni",3,2024-11-23T00:41:47Z,NCTDREAM_WhenImWithYou
B1qq8IvzSz4,"Love all NCT it doesn't matter if it's 127, Dream, WayV or Wish. Stream When I'm With You - High Five - Steady - Walk <3",2,2024-11-23T00:32:01Z,NCTDREAM_WhenImWithYou
B1qq8IvzSz4,Felicidades dreamies por su segundo win en music bank!!!,4,2024-11-23T00:09:49Z,NCTDREAM_WhenImWithYou
B1qq8IvzSz4,Pagiii,2,2024-11-22T23:30:23Z,NCTDREAM_WhenImWithYou
B1qq8IvzSz4,fighting,2,2024-11-22T23:18:58Z,NCTDREAM_WhenImWithYou
B1qq8IvzSz4,Nuestros Dreamis!!!!! A seguir dándoles todo el apoyo que se merecen!!♡♡♡♡♡♡♡,2,2024-11-22T23:08:36Z,NCTDREAM_WhenImWithYou
B1qq8IvzSz4,semoga dream hari ini menang mucore,3,2024-11-22T22:28:13Z,NCTDREAM_WhenImWithYou
B1qq8IvzSz4,di mucore nanti kesempatan menang nya berapa persen ya,4,2024-11-22T22:28:07Z,NCTDREAM_WhenImWithYou
B1qq8IvzSz4,11M KAJJA,1,2024-11-22T22:27:38Z,NCTDREAM_WhenImWithYou
B1qq8IvzSz4,Salin link gyus biar ytb nya view nya ga error,1,2024-11-22T22:26:52Z,NCTDREAM_WhenImWithYou
B1qq8IvzSz4,Please stre@m!!,0,2024-11-22T22:26:02Z,NCTDREAM_WhenImWithYou
B1qq8IvzSz4,Views are freeze 😔,3,2024-11-22T21:56:46Z,NCTDREAM_WhenImWithYou
B1qq8IvzSz4,795,0,2024-11-22T20:12:07Z,NCTDREAM_WhenImWithYou
B1qq8IvzSz4,"2:44 CHENLE Bridge, Let's go",1,2024-11-22T19:39:47Z,NCTDREAM_WhenImWithYou
B1qq8IvzSz4,ahhhhh this sis odo goooodo,0,2024-11-22T19:08:03Z,NCTDREAM_WhenImWithYou
B1qq8IvzSz4,let’s go for third win!!!!,5,2024-11-22T18:39:04Z,NCTDREAM_WhenImWithYou
B1qq8IvzSz4,792,0,2024-11-22T18:38:43Z,NCTDREAM_WhenImWithYou
B1qq8IvzSz4,Mau bobo dulu nanti pagi2 lanjut ya,1,2024-11-22T18:32:29Z,NCTDREAM_WhenImWithYou
B1qq8IvzSz4,Jam segini sepi ya,1,2024-11-22T18:07:51Z,NCTDREAM_WhenImWithYou
B1qq8IvzSz4,2:57 haechan's falsetto-ish highnote here ascends me to heaven ya'll,2,2024-11-22T17:50:39Z,NCTDREAM_WhenImWithYou
B1qq8IvzSz4,❤🎉🎉🎉,0,2024-11-22T17:40:25Z,NCTDREAM_WhenImWithYou
B1qq8IvzSz4,yuk terus streaming yukkk bisalah 100+++,2,2024-11-22T17:37:17Z,NCTDREAM_WhenImWithYou
B1qq8IvzSz4,788.354,0,2024-11-22T17:14:16Z,NCTDREAM_WhenImWithYou
B1qq8IvzSz4,renjun the best!!,1,2024-11-22T16:50:40Z,NCTDREAM_WhenImWithYou
B1qq8IvzSz4,anyways congratulations dreamies. we're always proud of you!!,3,2024-11-22T16:46:20Z,NCTDREAM_WhenImWithYou
B1qq8IvzSz4,it's been 10.7 since yesterday... i think yt  freez3 the vlews :(( let's censore the word str3@m pls! idk anymore this isn't like this for the first week,4,2024-11-22T16:45:34Z,NCTDREAM_WhenImWithYou
B1qq8IvzSz4,don't count them as old kpop group but count them as best successful young boys group from their teenagers times to still and yes still they are very young....... 🍻 cheers 🍻,1,2024-11-22T16:35:58Z,NCTDREAM_WhenImWithYou
B1qq8IvzSz4,Es que amo demasiado esta canción (⁠✷⁠‿⁠✷⁠),3,2024-11-22T16:35:37Z,NCTDREAM_WhenImWithYou
B1qq8IvzSz4,7 dream hwaitinggg💚,2,2024-11-22T16:20:42Z,NCTDREAM_WhenImWithYou
B1qq8IvzSz4,Ayo tembus 11M sebelum besok muscore 🥲🙏🏻,1,2024-11-22T16:11:23Z,NCTDREAM_WhenImWithYou
B1qq8IvzSz4,"Precious memories happening today...
Jaemin MC, Chenle BD, WIWY 2nd Win & MAMA fan choice!!!
Take care of your health too, my Dreamies!!!!",33,2024-11-22T15:26:38Z,NCTDREAM_WhenImWithYou
B1qq8IvzSz4,781,0,2024-11-22T15:23:15Z,NCTDREAM_WhenImWithYou
B1qq8IvzSz4,Suara mereka banget.....,1,2024-11-22T15:06:51Z,NCTDREAM_WhenImWithYou
B1qq8IvzSz4,❤❤❤❤❤❤,0,2024-11-22T15:06:32Z,NCTDREAM_WhenImWithYou
B1qq8IvzSz4,Woy. Ayokkk streaming,4,2024-11-22T15:04:26Z,NCTDREAM_WhenImWithYou
B1qq8IvzSz4,"Chenle birthday, jaemin mc, dream mushow 2nd trophies, mama fan's choice 🥹🥹 best day ever",9,2024-11-22T14:54:33Z,NCTDREAM_WhenImWithYou
B1qq8IvzSz4,"This album is great, we hope our 7dreams are happy.

NCT DREAM never loses ♡🩷🩷",7,2024-11-22T14:46:16Z,NCTDREAM_WhenImWithYou
B1qq8IvzSz4,suka banget,1,2024-11-22T14:41:27Z,NCTDREAM_WhenImWithYou
B1qq8IvzSz4,"Happy birthday Chenle, we love you!",4,2024-11-22T14:37:35Z,NCTDREAM_WhenImWithYou
B1qq8IvzSz4,YESSSSSS !!!!! IM BLIND TOO BECAUSE OF YOU AND UR CRAZY VISUALS 😂,4,2024-11-22T14:31:12Z,NCTDREAM_WhenImWithYou
B1qq8IvzSz4,"Come on, everyone, we can do it!!!",6,2024-11-22T14:23:48Z,NCTDREAM_WhenImWithYou
B1qq8IvzSz4,semoga besok dream menang lagii,12,2024-11-22T14:18:55Z,NCTDREAM_WhenImWithYou
B1qq8IvzSz4,Congratulations 7DREAM for winning 2024 MAMA FANS' CHOICE MALE,70,2024-11-22T14:15:48Z,NCTDREAM_WhenImWithYou
B1qq8IvzSz4,"Ngga naik"" woyy 😭",1,2024-11-22T14:11:24Z,NCTDREAM_WhenImWithYou
B1qq8IvzSz4,nct dreammmmm congratulatiooooonnnnn,4,2024-11-22T13:57:59Z,NCTDREAM_WhenImWithYou
B1qq8IvzSz4,10775,0,2024-11-22T13:44:16Z,NCTDREAM_WhenImWithYou
B1qq8IvzSz4,WELL DONE BABIES!!!!!,0,2024-11-22T13:43:12Z,NCTDREAM_WhenImWithYou
B1qq8IvzSz4,10.774,0,2024-11-22T13:31:14Z,NCTDREAM_WhenImWithYou
B1qq8IvzSz4,"Happy birthday Chenle, y enhorabuena por el premio chicos ♡",2,2024-11-22T13:18:51Z,NCTDREAM_WhenImWithYou
B1qq8IvzSz4,Felicidades por el premio < 3,1,2024-11-22T13:10:12Z,NCTDREAM_WhenImWithYou
B1qq8IvzSz4,happy 23rd birthday chenle,4,2024-11-22T13:00:34Z,NCTDREAM_WhenImWithYou
B1qq8IvzSz4,Keep streaming plzz,3,2024-11-22T12:46:29Z,NCTDREAM_WhenImWithYou
B1qq8IvzSz4,"NCT DREAM FIGHTING!!!!!
NCTZENNNNNN FIGHTING!!!!
GOOO GOOOO",7,2024-11-22T12:39:34Z,NCTDREAM_WhenImWithYou
B1qq8IvzSz4,"There is a feeling of happiness that cannot be described when we successfully bring home the trophy for 7DREAM.

So, let's gather our energy again! Fight as hard as you can, so that the regrets are as minimal as possible.

Congratulations 7DREAM & DREAMzens!

Happy birthday our angel, CHENLE!",6,2024-11-22T12:37:32Z,NCTDREAM_WhenImWithYou
B1qq8IvzSz4,happy birthday chenle!🎉,4,2024-11-22T12:06:46Z,NCTDREAM_WhenImWithYou
B1qq8IvzSz4,The NCT's songs are very beautiful and wonderful just like the members are so very handsome and very hardworking for their idol career and I like a 7DREAM's concept and song I'm so thankful to haechan and Haechan and Doyoung was the reason why I entered a Neo Culture Technology world as a czennie in 2018 💚✨,3,2024-11-22T12:06:23Z,NCTDREAM_WhenImWithYou
B1qq8IvzSz4,"Mulai lambat lg ini v13wernya, pada ga strr34min999 sih",4,2024-11-22T11:59:45Z,NCTDREAM_WhenImWithYou
B1qq8IvzSz4,"WIWY 2nd Win
MAMA fan’s choice
Congrats Dreamies
And happy birthday uri Chenle",10,2024-11-22T11:54:48Z,NCTDREAM_WhenImWithYou
B1qq8IvzSz4,VIEWERS NYA SEGINII??!! YG BENER AJEE,5,2024-11-22T11:46:47Z,NCTDREAM_WhenImWithYou
B1qq8IvzSz4,Congrats uri dreamies,3,2024-11-22T11:46:15Z,NCTDREAM_WhenImWithYou
B1qq8IvzSz4,🏆🏆🎉🎉,6,2024-11-22T11:27:39Z,NCTDREAM_WhenImWithYou
B1qq8IvzSz4,Chenle bridge let's go,3,2024-11-22T11:23:28Z,NCTDREAM_WhenImWithYou
B1qq8IvzSz4,Congratulations for the 2nd win with WIWY,4,2024-11-22T11:22:09Z,NCTDREAM_WhenImWithYou
B1qq8IvzSz4,Happy birthday chenle,2,2024-11-22T11:21:31Z,NCTDREAM_WhenImWithYou
B1qq8IvzSz4,Happy jaemin MC day,1,2024-11-22T11:21:09Z,NCTDREAM_WhenImWithYou
B1qq8IvzSz4,"aa dreamies second wins, congrats dreamiess",2,2024-11-22T11:14:13Z,NCTDREAM_WhenImWithYou
B1qq8IvzSz4,"CONGRATULATION WHEN I""M WITH YOU 2ND WIN !!!!!!",4,2024-11-22T10:56:20Z,NCTDREAM_WhenImWithYou
B1qq8IvzSz4,Fighting 💪 💪 💪,2,2024-11-22T10:55:07Z,NCTDREAM_WhenImWithYou
B1qq8IvzSz4,Nereye gittiniz vey birden durdu izlenme,1,2024-11-22T10:45:34Z,NCTDREAM_WhenImWithYou
B1qq8IvzSz4,SO ADDICTED:)))),1,2024-11-22T10:43:50Z,NCTDREAM_WhenImWithYou
B1qq8IvzSz4,Congrats Dream and Happy Birthday Chenle,8,2024-11-22T10:27:19Z,NCTDREAM_WhenImWithYou
B1qq8IvzSz4,10.764,3,2024-11-22T10:23:07Z,NCTDREAM_WhenImWithYou
B1qq8IvzSz4,"congrats dreamies, happy birthday chenle!!",11,2024-11-22T10:18:59Z,NCTDREAM_WhenImWithYou
B1qq8IvzSz4,"TDS4 IN LIMA, PERU 2025",1,2024-11-22T10:17:21Z,NCTDREAM_WhenImWithYou
B1qq8IvzSz4,felicidades por el 2do win ^_^,2,2024-11-22T10:16:35Z,NCTDREAM_WhenImWithYou
B1qq8IvzSz4,Let's go 500k likes!,4,2024-11-22T10:08:29Z,NCTDREAM_WhenImWithYou
B1qq8IvzSz4,Renjun,1,2024-11-22T10:08:11Z,NCTDREAM_WhenImWithYou
B1qq8IvzSz4,Nana MC,1,2024-11-22T10:08:02Z,NCTDREAM_WhenImWithYou
B1qq8IvzSz4,Winners,1,2024-11-22T10:07:34Z,NCTDREAM_WhenImWithYou
B1qq8IvzSz4,Congratulations on your 2nd win,2,2024-11-22T10:07:23Z,NCTDREAM_WhenImWithYou
B1qq8IvzSz4,My Dreams,1,2024-11-22T10:07:04Z,NCTDREAM_WhenImWithYou
B1qq8IvzSz4,Best album,2,2024-11-22T10:06:50Z,NCTDREAM_WhenImWithYou
B1qq8IvzSz4,Chenle Happy Birthday,3,2024-11-22T10:06:40Z,NCTDREAM_WhenImWithYou
B1qq8IvzSz4,2nd Win yay,2,2024-11-22T10:06:23Z,NCTDREAM_WhenImWithYou
B1qq8IvzSz4,7Dream,1,2024-11-22T10:06:13Z,NCTDREAM_WhenImWithYou
B1qq8IvzSz4,11M soon,1,2024-11-22T10:06:04Z,NCTDREAM_WhenImWithYou
B1qq8IvzSz4,Yeah yeah yeah when i'm with you,2,2024-11-22T10:04:04Z,NCTDREAM_WhenImWithYou
B1qq8IvzSz4,Congrats for the 2nd win dreammm!!!,2,2024-11-22T09:57:14Z,NCTDREAM_WhenImWithYou
B1qq8IvzSz4,Happy birthday Lele!,3,2024-11-22T09:37:47Z,NCTDREAM_WhenImWithYou
B1qq8IvzSz4,2nd win! Congrats Dreamies:)),4,2024-11-22T09:37:00Z,NCTDREAM_WhenImWithYou
B1qq8IvzSz4,Today 2nd win is meaningful :'),7,2024-11-22T09:32:11Z,NCTDREAM_WhenImWithYou
B1qq8IvzSz4,Congrats Dream ....,3,2024-11-22T09:31:10Z,NCTDREAM_WhenImWithYou
B1qq8IvzSz4,Love you Dream,1,2024-11-22T09:30:43Z,NCTDREAM_WhenImWithYou
B1qq8IvzSz4,Congrats dream untuk kemenangan Ke'duanya....,3,2024-11-22T09:30:09Z,NCTDREAM_WhenImWithYou
B1qq8IvzSz4,"happy birthday chenle
Congratulations 1st on Music Bank",4,2024-11-22T09:30:07Z,NCTDREAM_WhenImWithYou
B1qq8IvzSz4,2nd win 🎉,4,2024-11-22T09:29:48Z,NCTDREAM_WhenImWithYou
B1qq8IvzSz4,❤❤❤,2,2024-11-22T09:12:52Z,NCTDREAM_WhenImWithYou
B1qq8IvzSz4,"Deserve 100M views, deserve 1000 win music show, deserve SOTY",50,2024-11-22T09:05:10Z,NCTDREAM_WhenImWithYou
B1qq8IvzSz4,Ini kenapa stuck terusss😢,5,2024-11-22T09:02:42Z,NCTDREAM_WhenImWithYou
B1qq8IvzSz4,yang streaming pada kemana ini woyyyy,5,2024-11-22T09:00:16Z,NCTDREAM_WhenImWithYou
B1qq8IvzSz4,don't forget to vote dreamies on mnet+ guys,5,2024-11-22T08:59:41Z,NCTDREAM_WhenImWithYou
B1qq8IvzSz4,11M on chenle's birthday please,10,2024-11-22T08:14:54Z,NCTDREAM_WhenImWithYou
B1qq8IvzSz4,Smngt,4,2024-11-22T08:02:57Z,NCTDREAM_WhenImWithYou
B1qq8IvzSz4,Jangan lupa vote nct dream!!!,4,2024-11-22T07:56:34Z,NCTDREAM_WhenImWithYou
B1qq8IvzSz4,754,3,2024-11-22T07:44:20Z,NCTDREAM_WhenImWithYou
B1qq8IvzSz4,Yuhuuuu,2,2024-11-22T07:42:43Z,NCTDREAM_WhenImWithYou
B1qq8IvzSz4,cb kali ini outfit nya cakep2 yaa,4,2024-11-22T07:38:16Z,NCTDREAM_WhenImWithYou
B1qq8IvzSz4,❤❤❤❤ suka,1,2024-11-22T07:26:02Z,NCTDREAM_WhenImWithYou
B1qq8IvzSz4,"Happiest birthday my baby chenleee
i wish you all the best :*",5,2024-11-22T07:03:00Z,NCTDREAM_WhenImWithYou
B1qq8IvzSz4,hehhh ini pada kemana? gas 11M laa,4,2024-11-22T07:02:36Z,NCTDREAM_WhenImWithYou
B1qq8IvzSz4,This is honestly the best NCT song since Neozone came out in 2020. INCREDIBLE.,15,2024-11-22T07:01:18Z,NCTDREAM_WhenImWithYou
B1qq8IvzSz4,fighting guysss,3,2024-11-22T06:54:03Z,NCTDREAM_WhenImWithYou
B1qq8IvzSz4,Love seven dream.,3,2024-11-22T06:48:16Z,NCTDREAM_WhenImWithYou
B1qq8IvzSz4,sehari minimal dengerin 10x biar semangat menjalani hidup~,11,2024-11-22T06:47:15Z,NCTDREAM_WhenImWithYou
B1qq8IvzSz4,is the best 🩵🩵🩵🩵🩵🩵🩵,3,2024-11-22T06:46:12Z,NCTDREAM_WhenImWithYou
B1qq8IvzSz4,Hbd Chenle!! Love this song so much let’s go NCT Dreammm!! 💚💚,4,2024-11-22T06:30:43Z,NCTDREAM_WhenImWithYou
B1qq8IvzSz4,I LOVE YOU NCT DREAM💚💚💚💚✨✨✨,3,2024-11-22T06:28:02Z,NCTDREAM_WhenImWithYou
B1qq8IvzSz4,Ayoo semangat naikin viewersnyaa!! Mumpung udah weekend nihh,2,2024-11-22T06:25:03Z,NCTDREAM_WhenImWithYou
B1qq8IvzSz4,Sedih banget masih nge stuck di 10 jt:'l,2,2024-11-22T06:24:31Z,NCTDREAM_WhenImWithYou
B1qq8IvzSz4,i love myself when i'm with you,1,2024-11-22T06:18:15Z,NCTDREAM_WhenImWithYou
B1qq8IvzSz4,747.521,1,2024-11-22T06:02:56Z,NCTDREAM_WhenImWithYou
B1qq8IvzSz4,Let's give 2nd win for our Dreamies on MuBank today!!!,3,2024-11-22T05:52:09Z,NCTDREAM_WhenImWithYou
B1qq8IvzSz4,let's give our dream another trophy :),2,2024-11-22T05:44:05Z,NCTDREAM_WhenImWithYou
B1qq8IvzSz4,Guys let’s stream more.. We still have a chance of winning for next week mushow..,7,2024-11-22T05:13:41Z,NCTDREAM_WhenImWithYou
B1qq8IvzSz4,happy weekend,3,2024-11-22T04:49:35Z,NCTDREAM_WhenImWithYou
B1qq8IvzSz4,lesgoo,2,2024-11-22T04:46:52Z,NCTDREAM_WhenImWithYou
B1qq8IvzSz4,"10,7M",3,2024-11-22T04:37:13Z,NCTDREAM_WhenImWithYou
B1qq8IvzSz4,Semangat,2,2024-11-22T04:35:35Z,NCTDREAM_WhenImWithYou
B1qq8IvzSz4,Haven't these guys been a group for almost 10 years? At this point I'd expect something with more personality or at least a more mature concept,0,2024-11-22T04:35:28Z,NCTDREAM_WhenImWithYou
B1qq8IvzSz4,740,0,2024-11-22T04:32:36Z,NCTDREAM_WhenImWithYou
B1qq8IvzSz4,Really addicted to this song,3,2024-11-22T04:25:45Z,NCTDREAM_WhenImWithYou
B1qq8IvzSz4,🎉❤❤,2,2024-11-22T04:20:01Z,NCTDREAM_WhenImWithYou
B1qq8IvzSz4,739,1,2024-11-22T04:18:17Z,NCTDREAM_WhenImWithYou
B1qq8IvzSz4,Happy birthday chenle,1,2024-11-22T04:04:02Z,NCTDREAM_WhenImWithYou
B1qq8IvzSz4,cuyyy stuck 10M:(((,1,2024-11-22T04:02:10Z,NCTDREAM_WhenImWithYou
B1qq8IvzSz4,HBD Chenle!!!! 0:39,4,2024-11-22T03:58:55Z,NCTDREAM_WhenImWithYou
B1qq8IvzSz4,"Czennies love dreamies 
When I'm with you is perfect!! Love from Brazil",6,2024-11-22T03:46:59Z,NCTDREAM_WhenImWithYou
B1qq8IvzSz4,"Happy birthday, 천러! Hope you have the best birthday ever!",8,2024-11-22T03:41:52Z,NCTDREAM_WhenImWithYou
B1qq8IvzSz4,Lets get the win at music bank today! Super excited for the encore stage from our dreamies!,7,2024-11-22T03:41:13Z,NCTDREAM_WhenImWithYou
B1qq8IvzSz4,Sambil nyetrika sambil streaming,0,2024-11-22T03:39:28Z,NCTDREAM_WhenImWithYou
B1qq8IvzSz4,Let's go Dream!!!,2,2024-11-22T03:33:48Z,NCTDREAM_WhenImWithYou
B1qq8IvzSz4,Love forever ❤,1,2024-11-22T03:26:57Z,NCTDREAM_WhenImWithYou
B1qq8IvzSz4,ayo bisa naik lagi viewnya,2,2024-11-22T03:19:30Z,NCTDREAM_WhenImWithYou
B1qq8IvzSz4,Happy birthday Chenle!!!!,3,2024-11-22T03:03:07Z,NCTDREAM_WhenImWithYou
B1qq8IvzSz4,"10,734",0,2024-11-22T03:01:42Z,NCTDREAM_WhenImWithYou
B1qq8IvzSz4,OMGGG,0,2024-11-22T02:59:10Z,NCTDREAM_WhenImWithYou
B1qq8IvzSz4,streaming guyssss,0,2024-11-22T02:55:16Z,NCTDREAM_WhenImWithYou
B1qq8IvzSz4,Gilaaaa bisa gila akuuuuuu,1,2024-11-22T02:53:27Z,NCTDREAM_WhenImWithYou
B1qq8IvzSz4,Hah gue doang yg streaming? 😂,1,2024-11-22T02:49:55Z,NCTDREAM_WhenImWithYou
B1qq8IvzSz4,hbd chenleee,1,2024-11-22T02:49:46Z,NCTDREAM_WhenImWithYou
B1qq8IvzSz4,lets pray together for luck to be on dream side guyss,3,2024-11-22T02:37:46Z,NCTDREAM_WhenImWithYou
B1qq8IvzSz4,Im fallin' in love with this song❤,1,2024-11-22T02:32:40Z,NCTDREAM_WhenImWithYou
B1qq8IvzSz4,HBD chenle.,1,2024-11-22T02:20:22Z,NCTDREAM_WhenImWithYou
B1qq8IvzSz4,Ayo raih kemenangan ke 2 dream.,3,2024-11-22T02:19:49Z,NCTDREAM_WhenImWithYou
B1qq8IvzSz4,I'm satisfied...,0,2024-11-22T02:11:50Z,NCTDREAM_WhenImWithYou
B1qq8IvzSz4,happy birthday lele ^^,3,2024-11-22T02:07:06Z,NCTDREAM_WhenImWithYou
B1qq8IvzSz4,Happy birthday chenle,2,2024-11-22T02:01:44Z,NCTDREAM_WhenImWithYou
B1qq8IvzSz4,Pagiiiiii,0,2024-11-22T02:00:41Z,NCTDREAM_WhenImWithYou
B1qq8IvzSz4,Dreamies kalian keren!!!!,0,2024-11-22T01:44:29Z,NCTDREAM_WhenImWithYou
B1qq8IvzSz4,"Selamat ulang tahun Chenle
Ayo semangat!!",2,2024-11-22T01:26:14Z,NCTDREAM_WhenImWithYou
B1qq8IvzSz4,Let's stream moreeee,0,2024-11-22T01:13:41Z,NCTDREAM_WhenImWithYou
B1qq8IvzSz4,Start the morning by listening to this song...let's cheer everyone up and give 7dream lots of wins,5,2024-11-22T01:10:50Z,NCTDREAM_WhenImWithYou
B1qq8IvzSz4,happy birthday chenle....,2,2024-11-22T01:09:09Z,NCTDREAM_WhenImWithYou
B1qq8IvzSz4,728,0,2024-11-22T01:09:09Z,NCTDREAM_WhenImWithYou
B1qq8IvzSz4,Feliz cumpleaños Chenle,2,2024-11-22T01:07:11Z,NCTDREAM_WhenImWithYou
B1qq8IvzSz4,"TDS4 IN LIMA, PERU",1,2024-11-22T01:06:52Z,NCTDREAM_WhenImWithYou
B1qq8IvzSz4,Happy birthday tuan muda chenle,3,2024-11-22T01:05:02Z,NCTDREAM_WhenImWithYou
B1qq8IvzSz4,Happy Birthday Chenle,2,2024-11-22T00:50:21Z,NCTDREAM_WhenImWithYou
B1qq8IvzSz4,"TDS4 IN LIMA PLEASE
NCT DREAM COME BACK TO PERU",1,2024-11-22T00:46:14Z,NCTDREAM_WhenImWithYou
B1qq8IvzSz4,no se duerman con el stream!!!,1,2024-11-22T00:38:18Z,NCTDREAM_WhenImWithYou
B1qq8IvzSz4,yeay,0,2024-11-22T00:37:21Z,NCTDREAM_WhenImWithYou
B1qq8IvzSz4,Streaming terus gayssss,4,2024-11-22T00:34:12Z,NCTDREAM_WhenImWithYou
B1qq8IvzSz4,Happy birthday chenleee,4,2024-11-22T00:33:39Z,NCTDREAM_WhenImWithYou
B1qq8IvzSz4,HBD ZHONG CHENLE,2,2024-11-22T00:33:06Z,NCTDREAM_WhenImWithYou
B1qq8IvzSz4,VAMOS POR ESOS 11M,5,2024-11-22T00:32:50Z,NCTDREAM_WhenImWithYou
B1qq8IvzSz4,"when the views just stuck, but i keep streaming............idk until when wkwk",4,2024-11-22T00:31:49Z,NCTDREAM_WhenImWithYou
B1qq8IvzSz4,Semangattt streamingnyaaa dreamzensss,4,2024-11-22T00:11:05Z,NCTDREAM_WhenImWithYou
B1qq8IvzSz4,Happy Birthday Chenle,5,2024-11-22T00:10:55Z,NCTDREAM_WhenImWithYou
B1qq8IvzSz4,Beautifull song❤,1,2024-11-22T00:04:38Z,NCTDREAM_WhenImWithYou
B1qq8IvzSz4,Happy birthday chenle..,2,2024-11-22T00:03:48Z,NCTDREAM_WhenImWithYou
B1qq8IvzSz4,❤,1,2024-11-22T00:03:07Z,NCTDREAM_WhenImWithYou
B1qq8IvzSz4,Sepi banget pada kemana nih?,0,2024-11-21T23:55:06Z,NCTDREAM_WhenImWithYou
B1qq8IvzSz4,morning,1,2024-11-21T23:50:03Z,NCTDREAM_WhenImWithYou
B1qq8IvzSz4,Omg omg,0,2024-11-21T23:49:51Z,NCTDREAM_WhenImWithYou
B1qq8IvzSz4,724,0,2024-11-21T23:37:20Z,NCTDREAM_WhenImWithYou
B1qq8IvzSz4,where are you guys 😭,3,2024-11-21T23:13:24Z,NCTDREAM_WhenImWithYou
B1qq8IvzSz4,723,1,2024-11-21T23:05:17Z,NCTDREAM_WhenImWithYou
B1qq8IvzSz4,happy chenle dayyy,6,2024-11-21T22:55:08Z,NCTDREAM_WhenImWithYou
B1qq8IvzSz4,Pagii,3,2024-11-21T22:54:46Z,NCTDREAM_WhenImWithYou
B1qq8IvzSz4,I'm still here,3,2024-11-21T22:45:54Z,NCTDREAM_WhenImWithYou
B1qq8IvzSz4,iyi ki doğdun Chenle,2,2024-11-21T22:15:39Z,NCTDREAM_WhenImWithYou
B1qq8IvzSz4,HAPPY BIRTHDAY CHENLE,3,2024-11-21T22:08:34Z,NCTDREAM_WhenImWithYou
B1qq8IvzSz4,Dünden beri 10M offf izlemeye devam edin arkadaşlar,1,2024-11-21T21:40:13Z,NCTDREAM_WhenImWithYou
B1qq8IvzSz4,"Congratulations NCT DREAM This Come Back Third Win In Show Champion , Music Bank And Music Core.",34,2024-11-21T21:35:09Z,NCTDREAM_WhenImWithYou
B1qq8IvzSz4,Today is Chenle's birthday. Happy birthday Chenle.(⁠•⁠‿⁠•⁠),8,2024-11-21T21:34:35Z,NCTDREAM_WhenImWithYou
B1qq8IvzSz4,"Bugün chenle'nun doğum günü 
iyi ki doğdun chenle:))))))",4,2024-11-21T21:32:07Z,NCTDREAM_WhenImWithYou
B1qq8IvzSz4,Hari ini ke musik bank ga?,5,2024-11-21T21:16:15Z,NCTDREAM_WhenImWithYou
B1qq8IvzSz4,15M lets go,4,2024-11-21T21:00:56Z,NCTDREAM_WhenImWithYou
B1qq8IvzSz4,ill never get enough of jisung singing ‼,7,2024-11-21T19:53:45Z,NCTDREAM_WhenImWithYou
B1qq8IvzSz4,<3 <3 <3 <3 <3 <3 <3,2,2024-11-21T19:27:58Z,NCTDREAM_WhenImWithYou
B1qq8IvzSz4,guys i think we need mass s+reaming !! this deserves so much more than i can express,6,2024-11-21T19:25:49Z,NCTDREAM_WhenImWithYou
B1qq8IvzSz4,7Dream🔛🔝,0,2024-11-21T19:05:34Z,NCTDREAM_WhenImWithYou
B1qq8IvzSz4,Let's not stop streaming just because we hit 10M guys!,6,2024-11-21T18:54:06Z,NCTDREAM_WhenImWithYou
B1qq8IvzSz4,nct dream best boys!! <33,1,2024-11-21T18:19:43Z,NCTDREAM_WhenImWithYou
B1qq8IvzSz4,When im with you~,3,2024-11-21T18:15:10Z,NCTDREAM_WhenImWithYou
B1qq8IvzSz4,Guys we need to make them win tomorrow at music bank! Chenle’s birthday and jaemin is a special mc!!,23,2024-11-21T17:17:25Z,NCTDREAM_WhenImWithYou
B1qq8IvzSz4,Happy 10M ♡,1,2024-11-21T17:16:58Z,NCTDREAM_WhenImWithYou
B1qq8IvzSz4,❤❤❤,1,2024-11-21T17:01:06Z,NCTDREAM_WhenImWithYou
B1qq8IvzSz4,One of the best albums ❤,2,2024-11-21T16:47:15Z,NCTDREAM_WhenImWithYou
B1qq8IvzSz4,kenapa yaa susah banget naiknya,0,2024-11-21T16:41:46Z,NCTDREAM_WhenImWithYou
B1qq8IvzSz4,streaming terus guys,0,2024-11-21T16:36:31Z,NCTDREAM_WhenImWithYou
B1qq8IvzSz4,🎉,0,2024-11-21T16:35:24Z,NCTDREAM_WhenImWithYou
B1qq8IvzSz4,I love Chenle's bridge so much,4,2024-11-21T16:23:07Z,NCTDREAM_WhenImWithYou
B1qq8IvzSz4,7 DREAM 🐯🦊🐶🐻🐰🐬🐹,2,2024-11-21T16:22:03Z,NCTDREAM_WhenImWithYou
B1qq8IvzSz4,sumpah berasa balik kpop era 2019 kebawah 😭❤,0,2024-11-21T15:51:58Z,NCTDREAM_WhenImWithYou
B1qq8IvzSz4,Happy lele dayy,2,2024-11-21T15:45:45Z,NCTDREAM_WhenImWithYou
B1qq8IvzSz4,2:45 the iconic chenle bridge,5,2024-11-21T15:37:33Z,NCTDREAM_WhenImWithYou
B1qq8IvzSz4,1:21 the puzzle pieces omg,0,2024-11-21T15:36:04Z,NCTDREAM_WhenImWithYou
B1qq8IvzSz4,did it fr33z3???,0,2024-11-21T15:34:44Z,NCTDREAM_WhenImWithYou
B1qq8IvzSz4,haechan 08 berapa? GANTENG BANGET,0,2024-11-21T15:31:09Z,NCTDREAM_WhenImWithYou
5OflOlcHLb8,tak akan pernah bosan layan album ateez!!!! mereka di peringkat yang berbeza!,5,2024-11-28T23:39:30Z,ATEEZ_IceOnMyTeeth
5OflOlcHLb8,Not interested in a love call,6,2024-11-28T23:34:16Z,ATEEZ_IceOnMyTeeth
5OflOlcHLb8,Oh my goodness FINEEE….I’ll stan them! 🖤,7,2024-11-28T23:32:39Z,ATEEZ_IceOnMyTeeth
5OflOlcHLb8,33 leshgo,4,2024-11-28T23:26:17Z,ATEEZ_IceOnMyTeeth
5OflOlcHLb8,Yunho is breathtaking,5,2024-11-28T23:26:08Z,ATEEZ_IceOnMyTeeth
5OflOlcHLb8,they're so cool,3,2024-11-28T23:25:51Z,ATEEZ_IceOnMyTeeth
5OflOlcHLb8,what a masterpiece,3,2024-11-28T23:25:15Z,ATEEZ_IceOnMyTeeth
5OflOlcHLb8,ang gwapo ng kantaaaaa,4,2024-11-28T23:25:02Z,ATEEZ_IceOnMyTeeth
5OflOlcHLb8,"shocks, pogiiiii",3,2024-11-28T23:24:50Z,ATEEZ_IceOnMyTeeth
5OflOlcHLb8,I think it would make sense if they actually had ice in their teeth like a diamond grill,4,2024-11-28T23:20:21Z,ATEEZ_IceOnMyTeeth
5OflOlcHLb8,"Last one for today, soon 14 days  keep fighting atinies :)",6,2024-11-28T22:59:33Z,ATEEZ_IceOnMyTeeth
5OflOlcHLb8,😍,2,2024-11-28T22:44:19Z,ATEEZ_IceOnMyTeeth
5OflOlcHLb8,Happy 32M GOOD MORNING 🌞🌄🎉🎉🎉,4,2024-11-28T22:42:31Z,ATEEZ_IceOnMyTeeth
5OflOlcHLb8,"Yeayyy 32M!
Good morning!",4,2024-11-28T22:35:23Z,ATEEZ_IceOnMyTeeth
5OflOlcHLb8,"Happy 32M ☆
JAM♡",9,2024-11-28T21:55:09Z,ATEEZ_IceOnMyTeeth
5OflOlcHLb8,"I hate this
Like why are they so f handsome , hot and fine?
They make me go crazy omg",2,2024-11-28T21:38:25Z,ATEEZ_IceOnMyTeeth
5OflOlcHLb8,"you are playing a dangerous game, san….",7,2024-11-28T21:25:30Z,ATEEZ_IceOnMyTeeth
5OflOlcHLb8,Happy Thanksgiving to all Atinys who celebrate :-),10,2024-11-28T21:24:42Z,ATEEZ_IceOnMyTeeth
5OflOlcHLb8,Vamos sempre vendo e escutando esse mv incrível ❤🎉,4,2024-11-28T21:23:00Z,ATEEZ_IceOnMyTeeth
5OflOlcHLb8,"I need to get diamonds from my dentist stat, so San can slap me like that ❤🥲🤭🤤",4,2024-11-28T21:13:34Z,ATEEZ_IceOnMyTeeth
5OflOlcHLb8,"Did you know about (S)ong (M)ingi punchline here? - ""Ice on my neck, draw a line on the name and take won and dollars"":
-W- - M upside down
$ - S + | on his necklace
P.S. from video 'mv review pirates searching for values that shine like diamonds' 😉",12,2024-11-28T21:06:37Z,ATEEZ_IceOnMyTeeth
5OflOlcHLb8,Monkey 😈👿👿🤤💩,0,2024-11-28T21:03:49Z,ATEEZ_IceOnMyTeeth
5OflOlcHLb8,KİNGSSSSS,5,2024-11-28T20:59:22Z,ATEEZ_IceOnMyTeeth
5OflOlcHLb8,MY BOYS,4,2024-11-28T20:59:06Z,ATEEZ_IceOnMyTeeth
5OflOlcHLb8,NO STOP PLEASE,4,2024-11-28T20:58:55Z,ATEEZ_IceOnMyTeeth
5OflOlcHLb8,ATİNY LETS GO 100M,7,2024-11-28T20:58:44Z,ATEEZ_IceOnMyTeeth
5OflOlcHLb8,ATİNY FİGHTİNG,4,2024-11-28T20:58:22Z,ATEEZ_IceOnMyTeeth
5OflOlcHLb8,Only 2k left for Wonderland to reach 136M gooooo,6,2024-11-28T20:58:10Z,ATEEZ_IceOnMyTeeth
5OflOlcHLb8,Lets move on to 33 million soon! Fighting!,7,2024-11-28T20:56:09Z,ATEEZ_IceOnMyTeeth
5OflOlcHLb8,I hope they continue in this path,3,2024-11-28T20:29:30Z,ATEEZ_IceOnMyTeeth
5OflOlcHLb8,This mv is so beautiful and well produced,2,2024-11-28T20:29:15Z,ATEEZ_IceOnMyTeeth
5OflOlcHLb8,I can’t wait,2,2024-11-28T20:28:59Z,ATEEZ_IceOnMyTeeth
5OflOlcHLb8,I can feel their performance is going to be crazy,2,2024-11-28T20:28:54Z,ATEEZ_IceOnMyTeeth
5OflOlcHLb8,Ateez are going to perform on Saturday at Melon music awards ! Let’s support them,6,2024-11-28T20:28:37Z,ATEEZ_IceOnMyTeeth
5OflOlcHLb8,Best K-pop song of the year ❤️‍🔥,4,2024-11-28T20:24:44Z,ATEEZ_IceOnMyTeeth
5OflOlcHLb8,#54 top trending MV,6,2024-11-28T20:18:52Z,ATEEZ_IceOnMyTeeth
5OflOlcHLb8,If you'd like to know about a possible interpretation of IOMT check MV REVIEW Pirates searching for values that shine like diamonds,4,2024-11-28T20:16:24Z,ATEEZ_IceOnMyTeeth
5OflOlcHLb8,Rumbo a esos 35🎉,5,2024-11-28T20:12:09Z,ATEEZ_IceOnMyTeeth
5OflOlcHLb8,"Theres something so intruiging about this group. I don't listen to kpop anymore, but they're making me get into it again",8,2024-11-28T20:11:55Z,ATEEZ_IceOnMyTeeth
5OflOlcHLb8,Choi San im in love with you,3,2024-11-28T20:10:08Z,ATEEZ_IceOnMyTeeth
5OflOlcHLb8,Adictivo  <3,5,2024-11-28T20:05:46Z,ATEEZ_IceOnMyTeeth
5OflOlcHLb8,Yay 32 million!,9,2024-11-28T19:38:52Z,ATEEZ_IceOnMyTeeth
5OflOlcHLb8,Wow!!! You guys are fantastic!!! Congrats!!! 🥰,5,2024-11-28T19:33:28Z,ATEEZ_IceOnMyTeeth
5OflOlcHLb8,1:45  and  2:05 😳🫣😏,3,2024-11-28T19:29:54Z,ATEEZ_IceOnMyTeeth
5OflOlcHLb8,EXO-L here to support these amazing boys <3 Kinda reminded me of exo honestly ^^,15,2024-11-28T19:21:45Z,ATEEZ_IceOnMyTeeth
5OflOlcHLb8,Ateez's mansion,2,2024-11-28T19:15:42Z,ATEEZ_IceOnMyTeeth
5OflOlcHLb8,NO COMMENT 🙃,0,2024-11-28T19:09:01Z,ATEEZ_IceOnMyTeeth
5OflOlcHLb8,Happy 32m ❤,9,2024-11-28T18:55:07Z,ATEEZ_IceOnMyTeeth
5OflOlcHLb8,❤❤❤❤,1,2024-11-28T18:41:40Z,ATEEZ_IceOnMyTeeth
5OflOlcHLb8,Yes we did it 32M,4,2024-11-28T18:33:13Z,ATEEZ_IceOnMyTeeth
5OflOlcHLb8,Finally 32M,7,2024-11-28T18:25:45Z,ATEEZ_IceOnMyTeeth
5OflOlcHLb8,"40 K Comentarios, si si si si ATINY PRESENT !!!",3,2024-11-28T18:22:07Z,ATEEZ_IceOnMyTeeth
5OflOlcHLb8,Yes! Happy 32M🎉,4,2024-11-28T18:16:49Z,ATEEZ_IceOnMyTeeth
5OflOlcHLb8,"32M and + , We keep moving forward and taking this ship to the right destination, ATEEZ BREAKS THE LIMITS IN A BIG WAY EVERY TIME, cheer up Atiny",14,2024-11-28T18:11:42Z,ATEEZ_IceOnMyTeeth
5OflOlcHLb8,32 million is almost here!,8,2024-11-28T17:41:41Z,ATEEZ_IceOnMyTeeth
5OflOlcHLb8,This song deserves more likes please. This is a fucking GREAT SONG,8,2024-11-28T17:38:58Z,ATEEZ_IceOnMyTeeth
5OflOlcHLb8,Carat passing by ~,8,2024-11-28T17:34:38Z,ATEEZ_IceOnMyTeeth
5OflOlcHLb8,Neredesiniz.....,2,2024-11-28T17:30:26Z,ATEEZ_IceOnMyTeeth
5OflOlcHLb8,KESINI GARA GARA LUCINTA LUNA😂,2,2024-11-28T17:27:22Z,ATEEZ_IceOnMyTeeth
5OflOlcHLb8,Eyes on my ATEEZ....,2,2024-11-28T17:26:49Z,ATEEZ_IceOnMyTeeth
5OflOlcHLb8,"Good night IOMT! 
See you in the morning! <3",5,2024-11-28T17:26:24Z,ATEEZ_IceOnMyTeeth
5OflOlcHLb8,This is one of ateez's best mvs ever,10,2024-11-28T17:25:50Z,ATEEZ_IceOnMyTeeth
5OflOlcHLb8,*------Atiny Fighting!!!!!-*,5,2024-11-28T17:24:34Z,ATEEZ_IceOnMyTeeth
5OflOlcHLb8,ATEEZ in their Mafia era !,5,2024-11-28T17:23:03Z,ATEEZ_IceOnMyTeeth
5OflOlcHLb8,Mannnnn this is the soty,5,2024-11-28T17:20:27Z,ATEEZ_IceOnMyTeeth
5OflOlcHLb8,Who's doing that background vocals. Goes hard asl,5,2024-11-28T17:19:59Z,ATEEZ_IceOnMyTeeth
5OflOlcHLb8,32 million coming soon!,7,2024-11-28T17:19:41Z,ATEEZ_IceOnMyTeeth
5OflOlcHLb8,2:34 este homem me mata kkkk,2,2024-11-28T17:16:43Z,ATEEZ_IceOnMyTeeth
5OflOlcHLb8,Wow. Love this song and the violin sounds sooo cool❤,6,2024-11-28T17:11:13Z,ATEEZ_IceOnMyTeeth
5OflOlcHLb8,ΑΨΟΓΟ!!!,3,2024-11-28T17:10:33Z,ATEEZ_IceOnMyTeeth
5OflOlcHLb8,kq know what are the best group they have,3,2024-11-28T17:10:04Z,ATEEZ_IceOnMyTeeth
5OflOlcHLb8,972,4,2024-11-28T17:07:30Z,ATEEZ_IceOnMyTeeth
5OflOlcHLb8,"Ice on my teeth❌
Ice om ATEEZ✅",3,2024-11-28T17:01:05Z,ATEEZ_IceOnMyTeeth
5OflOlcHLb8,So good,8,2024-11-28T16:55:47Z,ATEEZ_IceOnMyTeeth
5OflOlcHLb8,keep streaming atiny ! <3,7,2024-11-28T16:52:24Z,ATEEZ_IceOnMyTeeth
5OflOlcHLb8,509k likes,6,2024-11-28T16:52:16Z,ATEEZ_IceOnMyTeeth
5OflOlcHLb8,so close to 32M !!,6,2024-11-28T16:52:10Z,ATEEZ_IceOnMyTeeth
5OflOlcHLb8,31M !,6,2024-11-28T16:52:02Z,ATEEZ_IceOnMyTeeth
5OflOlcHLb8,"I mentioned it when the mv came out but I repeat it because even today I can't get over this part 
0:24 *-Yunho hits differently literally-* , I love how he does that movement simulating playing tennis and how he moves, I don't know, I simply LOVE IT!!!.",13,2024-11-28T16:51:25Z,ATEEZ_IceOnMyTeeth
5OflOlcHLb8,1:12 obsessed😮‍💨,5,2024-11-28T16:44:25Z,ATEEZ_IceOnMyTeeth
5OflOlcHLb8,I love ❤️ it,4,2024-11-28T16:41:28Z,ATEEZ_IceOnMyTeeth
5OflOlcHLb8,Wooooh wooooh wooooh :),6,2024-11-28T16:25:09Z,ATEEZ_IceOnMyTeeth
5OflOlcHLb8,Dêem vizu pro ateez comprar uma merendinha 🤝,4,2024-11-28T16:19:46Z,ATEEZ_IceOnMyTeeth
5OflOlcHLb8,"It's confirmed. Seonghwa has a duck snow shaper. 
Just saw his insta posts. 😊🌟🦆",8,2024-11-28T16:19:04Z,ATEEZ_IceOnMyTeeth
5OflOlcHLb8,san this era is INSANE,6,2024-11-28T16:14:50Z,ATEEZ_IceOnMyTeeth
5OflOlcHLb8,"ATEEZ❤
🖤🖤🖤🖤🖤🖤🖤🖤    LA GRANDE CLASSE 💯💢💥👋🫶👍👏👏👏👏👏👏",3,2024-11-28T16:10:22Z,ATEEZ_IceOnMyTeeth
5OflOlcHLb8,"Sorry I'm not their fan, but I want to know who they are?
0:59 and 2:23",8,2024-11-28T15:53:33Z,ATEEZ_IceOnMyTeeth
5OflOlcHLb8,"938☆
Here from Jongho's Tell Me That You Love Me cover",9,2024-11-28T15:52:04Z,ATEEZ_IceOnMyTeeth
5OflOlcHLb8,"XG are amazing! Kard have more of the fusion, ATEEZ have loads of bangers, bouncy, guerilla fireworks, Taemin is a solo artist from a 2nd gen group called Shinee",3,2024-11-28T15:47:37Z,ATEEZ_IceOnMyTeeth
5OflOlcHLb8,"THIS DRIPPP THO 
KILLAZ TO MY HEART 💁💁💁",4,2024-11-28T15:42:41Z,ATEEZ_IceOnMyTeeth
5OflOlcHLb8,Let's go guerrillas !!!,5,2024-11-28T15:41:40Z,ATEEZ_IceOnMyTeeth
5OflOlcHLb8,I think i am gonna stan ateez should i ????,10,2024-11-28T15:40:57Z,ATEEZ_IceOnMyTeeth
5OflOlcHLb8,1:47 nd 1:56  names ??,5,2024-11-28T15:34:35Z,ATEEZ_IceOnMyTeeth
5OflOlcHLb8,"DAMN I WAS NEVER INTO ATEEZ, BUT I GUESS I AM NOW???!!!!!???",11,2024-11-28T15:31:28Z,ATEEZ_IceOnMyTeeth
5OflOlcHLb8,"Let's go for those 32M and +, cheer up Atiny",13,2024-11-28T15:30:18Z,ATEEZ_IceOnMyTeeth
5OflOlcHLb8,"916k
Carat visiting",12,2024-11-28T15:15:47Z,ATEEZ_IceOnMyTeeth
5OflOlcHLb8,Your comeback this time made me excited. and felt strange at the same time But of course I really liked it. It's a comeback that I probably liked the most and will like even more,17,2024-11-28T15:15:30Z,ATEEZ_IceOnMyTeeth
5OflOlcHLb8,this song is so good,6,2024-11-28T15:06:58Z,ATEEZ_IceOnMyTeeth
5OflOlcHLb8,32M fighting,6,2024-11-28T15:06:40Z,ATEEZ_IceOnMyTeeth
5OflOlcHLb8,"31.9M

ateez can still win wins",9,2024-11-28T14:58:56Z,ATEEZ_IceOnMyTeeth
5OflOlcHLb8,Make a move to 32,8,2024-11-28T14:57:59Z,ATEEZ_IceOnMyTeeth
5OflOlcHLb8,ICE ON MY TEETH,6,2024-11-28T14:57:55Z,ATEEZ_IceOnMyTeeth
5OflOlcHLb8,"Almost 32m, let's go ♡♡♡",10,2024-11-28T14:57:18Z,ATEEZ_IceOnMyTeeth
5OflOlcHLb8,Carat passing by ~,9,2024-11-28T14:54:30Z,ATEEZ_IceOnMyTeeth
5OflOlcHLb8,Almost 2 weeks since this song and MV came out and I am still obsessed !!!!,15,2024-11-28T14:34:56Z,ATEEZ_IceOnMyTeeth
5OflOlcHLb8,kayanya gw mulai suka ateez deh❤,9,2024-11-28T14:19:13Z,ATEEZ_IceOnMyTeeth
5OflOlcHLb8,Hongjoong and Yunho winked 😍 They make my heart flutter. ~,15,2024-11-28T14:18:45Z,ATEEZ_IceOnMyTeeth
5OflOlcHLb8,31 870... Selfish Waltz!,7,2024-11-28T14:13:27Z,ATEEZ_IceOnMyTeeth
5OflOlcHLb8,a carat passing by! i have NO idea whats going on w the mv storyline bc idk the lore but this is a crazy good song and am definitely gonna be listening to it a LOT,224,2024-11-28T14:12:11Z,ATEEZ_IceOnMyTeeth
5OflOlcHLb8,I mean its a masterpiece alright ❤❤❤,6,2024-11-28T14:09:23Z,ATEEZ_IceOnMyTeeth
5OflOlcHLb8,They so smooth with it,5,2024-11-28T14:09:19Z,ATEEZ_IceOnMyTeeth
5OflOlcHLb8,"Hello❤Atinys
Ice on my teeth🧊
JAM here",10,2024-11-28T14:04:20Z,ATEEZ_IceOnMyTeeth
5OflOlcHLb8,Sannnnnnnn,4,2024-11-28T13:57:20Z,ATEEZ_IceOnMyTeeth
5OflOlcHLb8,"Baby atinies have you checked their debut songs  Pirate king and Treasure ??? When they had nothing but passion and determination !!! Go and check, you'll see their growth",13,2024-11-28T13:53:10Z,ATEEZ_IceOnMyTeeth
5OflOlcHLb8,but the mv is very goooodddd!!!!,5,2024-11-28T13:45:13Z,ATEEZ_IceOnMyTeeth
5OflOlcHLb8,emm yunho...is bias wrecking me.. help,5,2024-11-28T13:44:39Z,ATEEZ_IceOnMyTeeth
5OflOlcHLb8,Violin heaven,5,2024-11-28T13:37:17Z,ATEEZ_IceOnMyTeeth
5OflOlcHLb8,839 k,4,2024-11-28T13:36:37Z,ATEEZ_IceOnMyTeeth
5OflOlcHLb8,Choice back again ♡,7,2024-11-28T13:30:31Z,ATEEZ_IceOnMyTeeth
5OflOlcHLb8,828.723,5,2024-11-28T13:25:26Z,ATEEZ_IceOnMyTeeth
5OflOlcHLb8,"825☆
Here from Wooyoung & Choha's IOMT challenge reel. It has one of the highest, if not the highest, number of views on YT. Wished that people stop being lazy and just find out for themselves who she is (hello! Hashtags exist for a reason. Google is free) and then leave nice comments appropriate for her age. Atinys pls dont be dumb. 😤",9,2024-11-28T13:25:21Z,ATEEZ_IceOnMyTeeth
5OflOlcHLb8,Vampire Vibe 🔥,5,2024-11-28T13:23:22Z,ATEEZ_IceOnMyTeeth
5OflOlcHLb8,keep streaming guys 🤗😘😘,5,2024-11-28T13:22:01Z,ATEEZ_IceOnMyTeeth
5OflOlcHLb8,"Hongjoong, Seonghwa, Yunho, Yeosang, San, Mingi, Wooyoung, Jongho so handsome boys...!",4,2024-11-28T13:18:06Z,ATEEZ_IceOnMyTeeth
5OflOlcHLb8,Love Ateez so much!!!,6,2024-11-28T13:07:57Z,ATEEZ_IceOnMyTeeth
5OflOlcHLb8,I AM LIVING FOR THIS AESTHETIC 😭 IT MAKES MY CHEST TINGLE,7,2024-11-28T13:01:38Z,ATEEZ_IceOnMyTeeth
5OflOlcHLb8,803,5,2024-11-28T12:55:38Z,ATEEZ_IceOnMyTeeth
5OflOlcHLb8,Kings!!,5,2024-11-28T12:53:10Z,ATEEZ_IceOnMyTeeth
5OflOlcHLb8,"Ignorenme, vengo de tiktok 😅",4,2024-11-28T12:41:42Z,ATEEZ_IceOnMyTeeth
5OflOlcHLb8,Today~Ice on my path~❤,5,2024-11-28T12:39:11Z,ATEEZ_IceOnMyTeeth
5OflOlcHLb8,They all look just like a mafia 🗿,4,2024-11-28T12:38:30Z,ATEEZ_IceOnMyTeeth
5OflOlcHLb8,Cub is passing by. Good evening!,7,2024-11-28T12:38:14Z,ATEEZ_IceOnMyTeeth
5OflOlcHLb8,My white tee :),6,2024-11-28T12:32:19Z,ATEEZ_IceOnMyTeeth
5OflOlcHLb8,The best song of ATEEZ in my mind,6,2024-11-28T12:29:02Z,ATEEZ_IceOnMyTeeth
5OflOlcHLb8,GOD I LOVE IT,4,2024-11-28T12:21:06Z,ATEEZ_IceOnMyTeeth
5OflOlcHLb8,Yang kesini karna ngeliat di vidio sebelah ada lucunya Luna   ngacunggg😁,3,2024-11-28T12:21:05Z,ATEEZ_IceOnMyTeeth
5OflOlcHLb8,THEY'RE ALWAYS KILLED IT,5,2024-11-28T12:20:53Z,ATEEZ_IceOnMyTeeth
5OflOlcHLb8,I LOVE THE INSTRUMENT,5,2024-11-28T12:19:08Z,ATEEZ_IceOnMyTeeth
5OflOlcHLb8,im not fine yall,5,2024-11-28T12:18:45Z,ATEEZ_IceOnMyTeeth
5OflOlcHLb8,SAN? SEONGHWA? WOOYOUNG? MINGI? HONGJOONG? YUNHO? JONGHO? YEOSANG? AJKANSHSSHH😭😭😭,3,2024-11-28T12:18:32Z,ATEEZ_IceOnMyTeeth
5OflOlcHLb8,Happy Thursday! Starting my Thanksgiving with Ateez as the main course. Many thanks to Atiny and friends helping stream IOMT. ♥️🥂,11,2024-11-28T12:16:42Z,ATEEZ_IceOnMyTeeth
5OflOlcHLb8,Love chocolate too ^^,6,2024-11-28T12:12:29Z,ATEEZ_IceOnMyTeeth
5OflOlcHLb8,Hace mucho fríooooo,2,2024-11-28T11:55:51Z,ATEEZ_IceOnMyTeeth
5OflOlcHLb8,DALE ATINYYYYY,2,2024-11-28T11:55:05Z,ATEEZ_IceOnMyTeeth
5OflOlcHLb8,"YOOOO!!!! SAN EXCUSE ME,???",3,2024-11-28T11:50:09Z,ATEEZ_IceOnMyTeeth
5OflOlcHLb8,I love very this song ❤,3,2024-11-28T11:49:51Z,ATEEZ_IceOnMyTeeth
5OflOlcHLb8,[1:17] ICE ON MY TEETH CENTRE JUNG WOOYOUNG🌡,3,2024-11-28T11:46:50Z,ATEEZ_IceOnMyTeeth
5OflOlcHLb8,Ateez pre choruses never disappoint man-!,3,2024-11-28T11:43:28Z,ATEEZ_IceOnMyTeeth
5OflOlcHLb8,"[2:40] SH!!TT the whispered ""SMACK IT"" AND ""YOU'RE THE ONE I'M TRYING TO FINISH"" with SAN shoulders scene....DAWG!! ATEEZ! 🛐🛐",3,2024-11-28T11:40:47Z,ATEEZ_IceOnMyTeeth
5OflOlcHLb8,Mafiatiny present 😉,5,2024-11-28T11:38:17Z,ATEEZ_IceOnMyTeeth
5OflOlcHLb8,[2:50] THE POWER THEY HOLD IS INSANE!,3,2024-11-28T11:35:02Z,ATEEZ_IceOnMyTeeth
5OflOlcHLb8,"Ice on my teeth,ice on my tee
Ice on my teeth, on my white tee",3,2024-11-28T11:32:13Z,ATEEZ_IceOnMyTeeth
5OflOlcHLb8,[0:16] NOW THIS IS HOW YOU START A SONG!,4,2024-11-28T11:31:09Z,ATEEZ_IceOnMyTeeth
5OflOlcHLb8,"753k
Have a wonderful Thursday, Atiny. Jensetter here!💙
Mantra x Ice On My Teeth",4,2024-11-28T11:22:36Z,ATEEZ_IceOnMyTeeth
5OflOlcHLb8,Join stationhead for streeming party Atinys🥰,4,2024-11-28T11:17:16Z,ATEEZ_IceOnMyTeeth
5OflOlcHLb8,"I found out that ATEEZ was a finalist for BBMAs! ✨✨
I v0ted for them ☺❤ (JAM♡）",12,2024-11-28T11:17:16Z,ATEEZ_IceOnMyTeeth
5OflOlcHLb8,Hj 🎉,3,2024-11-28T11:14:21Z,ATEEZ_IceOnMyTeeth
5OflOlcHLb8,SAN GOSHHHHHH!!!,4,2024-11-28T11:09:46Z,ATEEZ_IceOnMyTeeth
5OflOlcHLb8,THIS MV IS ACTUALLY FANTASTIC & MAGNIFICENT!,3,2024-11-28T11:04:15Z,ATEEZ_IceOnMyTeeth
5OflOlcHLb8,DAYUMMM!!,3,2024-11-28T11:03:18Z,ATEEZ_IceOnMyTeeth
5OflOlcHLb8,Ice on My teeth,3,2024-11-28T10:58:27Z,ATEEZ_IceOnMyTeeth
5OflOlcHLb8,we are SO back❤❤,3,2024-11-28T10:53:39Z,ATEEZ_IceOnMyTeeth
5OflOlcHLb8,"742☆
Here from today's visit to Leemujin service with San",4,2024-11-28T10:53:33Z,ATEEZ_IceOnMyTeeth
5OflOlcHLb8,Ateez always having the most stylistically satisfying mvs!,7,2024-11-28T10:45:06Z,ATEEZ_IceOnMyTeeth
5OflOlcHLb8,Loved it ♡♡♡,9,2024-11-28T10:31:14Z,ATEEZ_IceOnMyTeeth
5OflOlcHLb8,Love from Greece ❤️,6,2024-11-28T10:18:52Z,ATEEZ_IceOnMyTeeth
5OflOlcHLb8,Sudah kuputar berkali-kali tapi mana LUCINTA LUNA????,5,2024-11-28T10:18:41Z,ATEEZ_IceOnMyTeeth
5OflOlcHLb8,Ok atinys go crazy and tell me about the guy here 0:51,9,2024-11-28T10:14:08Z,ATEEZ_IceOnMyTeeth
5OflOlcHLb8,"JAM here to get Ice On My Teeth 
JO1 ICY x ATEEZ Ice On My Teeth",7,2024-11-28T10:08:48Z,ATEEZ_IceOnMyTeeth
5OflOlcHLb8,So groovy!!! ♡,6,2024-11-28T10:04:02Z,ATEEZ_IceOnMyTeeth
5OflOlcHLb8,Let's keep streaming Atiny 💪🔥. Thank you and love you ❤❤,6,2024-11-28T10:03:24Z,ATEEZ_IceOnMyTeeth
5OflOlcHLb8,naol boss,5,2024-11-28T09:51:45Z,ATEEZ_IceOnMyTeeth
5OflOlcHLb8,"visit on snow covered day 
Ice On My Teeth × I like the way 
ATEEZ × Kim Woojin",6,2024-11-28T09:49:04Z,ATEEZ_IceOnMyTeeth
5OflOlcHLb8,Wow❤,4,2024-11-28T09:48:07Z,ATEEZ_IceOnMyTeeth
5OflOlcHLb8,I have currently contributed to about 500 views out of the 31 million...and there's no stopping me. 😂😂,6,2024-11-28T09:42:19Z,ATEEZ_IceOnMyTeeth
5OflOlcHLb8,"Not interested in a love call
Chew 'em up and keep' em shut
Ooooooooo",6,2024-11-28T09:36:12Z,ATEEZ_IceOnMyTeeth
5OflOlcHLb8,eyyyy,2,2024-11-28T09:34:01Z,ATEEZ_IceOnMyTeeth
5OflOlcHLb8,Kesini gegara Lucinta Luna 😢,2,2024-11-28T09:31:10Z,ATEEZ_IceOnMyTeeth
5OflOlcHLb8,aye #96 global top music,2,2024-11-28T09:24:14Z,ATEEZ_IceOnMyTeeth
5OflOlcHLb8,"708☆
Here from Answer ♥︎ 94M --> 100M",4,2024-11-28T09:21:59Z,ATEEZ_IceOnMyTeeth
5OflOlcHLb8,"2:50  note the ""ICE "" in his teeth ?",1,2024-11-28T09:09:45Z,ATEEZ_IceOnMyTeeth
5OflOlcHLb8,Whoever convinced ateez to sing abt money n dime did a great job,1,2024-11-28T09:05:11Z,ATEEZ_IceOnMyTeeth
5OflOlcHLb8,2:30 onwards..just bangers 🎉🎉,2,2024-11-28T09:04:16Z,ATEEZ_IceOnMyTeeth
5OflOlcHLb8,hujan sedapnya tidur ;D,1,2024-11-28T08:59:15Z,ATEEZ_IceOnMyTeeth
5OflOlcHLb8,MIDZYY HERE❤,2,2024-11-28T08:58:21Z,ATEEZ_IceOnMyTeeth
5OflOlcHLb8,I'm on,5,2024-11-28T08:47:17Z,ATEEZ_IceOnMyTeeth
5OflOlcHLb8,mau meninggal gegara choi san,4,2024-11-28T08:42:07Z,ATEEZ_IceOnMyTeeth
5OflOlcHLb8,31M 🎉 keep stream everyday,6,2024-11-28T08:38:28Z,ATEEZ_IceOnMyTeeth
5OflOlcHLb8,ayyy I'm still here atinys,8,2024-11-28T08:19:26Z,ATEEZ_IceOnMyTeeth
5OflOlcHLb8,Good morning Atinys and friends❤32M coming soon.Have fun while swimming 🥰Fighting!,7,2024-11-28T08:01:03Z,ATEEZ_IceOnMyTeeth
5OflOlcHLb8,lawd have mercy- 🔥,3,2024-11-28T07:59:17Z,ATEEZ_IceOnMyTeeth
5OflOlcHLb8,let’s go atiny!!!❤❤,7,2024-11-28T07:55:01Z,ATEEZ_IceOnMyTeeth
5OflOlcHLb8,10 TRENDING MANTAPPPPPP,7,2024-11-28T07:52:33Z,ATEEZ_IceOnMyTeeth
5OflOlcHLb8,hit that booty and shake it is a violation,3,2024-11-28T07:38:52Z,ATEEZ_IceOnMyTeeth
5OflOlcHLb8,Yunho really shined in this cb,4,2024-11-28T07:36:39Z,ATEEZ_IceOnMyTeeth
5OflOlcHLb8,Wish everyone a great day :),5,2024-11-28T07:36:08Z,ATEEZ_IceOnMyTeeth
5OflOlcHLb8,Oh Capitan,3,2024-11-28T07:33:31Z,ATEEZ_IceOnMyTeeth
5OflOlcHLb8,Tomorrow 2 weeks !!! Can we get 32M???,6,2024-11-28T07:30:28Z,ATEEZ_IceOnMyTeeth
5OflOlcHLb8,31.640,5,2024-11-28T07:10:05Z,ATEEZ_IceOnMyTeeth
5OflOlcHLb8,Morning ^^,6,2024-11-28T07:08:27Z,ATEEZ_IceOnMyTeeth
5OflOlcHLb8,Qué gran trabajo ATiNY!! Sois fantásticos!!,4,2024-11-28T07:00:41Z,ATEEZ_IceOnMyTeeth
5OflOlcHLb8,A work of art very pleasant to both the eye and ear,4,2024-11-28T06:55:29Z,ATEEZ_IceOnMyTeeth
5OflOlcHLb8,Kq is not good at advertising. Ateez's music gets known because of Ateez and Atinys. Imagine if Kq puts 💯 effort into advertising? That'll be huuggee 😮,2,2024-11-28T06:54:46Z,ATEEZ_IceOnMyTeeth
5OflOlcHLb8,im dying🥲,4,2024-11-28T06:47:09Z,ATEEZ_IceOnMyTeeth
5OflOlcHLb8,let's go for 40M,5,2024-11-28T06:41:22Z,ATEEZ_IceOnMyTeeth
5OflOlcHLb8,SIGAMOOOOOS,3,2024-11-28T06:37:31Z,ATEEZ_IceOnMyTeeth
5OflOlcHLb8,3:00 Take a bear to work day.,4,2024-11-28T06:34:58Z,ATEEZ_IceOnMyTeeth
5OflOlcHLb8,Morning!!! Happy Thursday and keep working :),8,2024-11-28T06:25:35Z,ATEEZ_IceOnMyTeeth
5OflOlcHLb8,Saya masih di sini~,5,2024-11-28T06:23:07Z,ATEEZ_IceOnMyTeeth
5OflOlcHLb8,I love them. I will keep rooting for Ateez!,4,2024-11-28T06:09:00Z,ATEEZ_IceOnMyTeeth
5OflOlcHLb8,587,4,2024-11-28T06:08:28Z,ATEEZ_IceOnMyTeeth
5OflOlcHLb8,Ice no my …..,5,2024-11-28T06:07:20Z,ATEEZ_IceOnMyTeeth
5OflOlcHLb8,Vengo a celebrar por sacar buena nota en una clase jdjdjdjdj,5,2024-11-28T06:01:43Z,ATEEZ_IceOnMyTeeth
5OflOlcHLb8,"I’m always by your side 
Ice on my teeth",5,2024-11-28T05:50:55Z,ATEEZ_IceOnMyTeeth
5OflOlcHLb8,They just get cuntier everybody comeback,5,2024-11-28T05:37:58Z,ATEEZ_IceOnMyTeeth
5OflOlcHLb8,That OT8 bridge is crazy!! SO GOOD,8,2024-11-28T05:30:56Z,ATEEZ_IceOnMyTeeth
5OflOlcHLb8,-----Again and again here I insist my mind will have to pay rent because it lives 24/7 WITH THIS ANTHEM!!!---,7,2024-11-28T05:16:17Z,ATEEZ_IceOnMyTeeth
5OflOlcHLb8,Let's all have fun today ~!! 💖,6,2024-11-28T05:09:29Z,ATEEZ_IceOnMyTeeth
5OflOlcHLb8,Yeosang is so beautiful it almost hurts,7,2024-11-28T04:57:49Z,ATEEZ_IceOnMyTeeth
5OflOlcHLb8,the chess reference is 🤌🤌,5,2024-11-28T04:48:08Z,ATEEZ_IceOnMyTeeth
5OflOlcHLb8,love u guys,5,2024-11-28T04:41:03Z,ATEEZ_IceOnMyTeeth
5OflOlcHLb8,516,4,2024-11-28T04:40:36Z,ATEEZ_IceOnMyTeeth
5OflOlcHLb8,The one in black is mine,4,2024-11-28T04:34:18Z,ATEEZ_IceOnMyTeeth
5OflOlcHLb8,arte este nuevo comback.... cuando sacan gira por latam digan luego para ahorrar.,5,2024-11-28T04:27:41Z,ATEEZ_IceOnMyTeeth
5OflOlcHLb8,Road to 32M let's goooo,8,2024-11-28T04:13:35Z,ATEEZ_IceOnMyTeeth
5OflOlcHLb8,datang sini walaupun sibuk,6,2024-11-28T04:07:59Z,ATEEZ_IceOnMyTeeth
5OflOlcHLb8,RECONTRA LIKE!! TEMAZOOO,4,2024-11-28T04:00:34Z,ATEEZ_IceOnMyTeeth
5OflOlcHLb8,GLAM SLAM LIKE TENIS,6,2024-11-28T04:00:18Z,ATEEZ_IceOnMyTeeth
5OflOlcHLb8,AY LET'S GO,5,2024-11-28T03:59:52Z,ATEEZ_IceOnMyTeeth
5OflOlcHLb8,Yeah ok let's go~💃,5,2024-11-28T03:54:40Z,ATEEZ_IceOnMyTeeth
5OflOlcHLb8,"I'm a moa and I'm giving all my love to this song, congratulations 🌟💯",14,2024-11-28T03:38:29Z,ATEEZ_IceOnMyTeeth
5OflOlcHLb8,Keep streaming ATINY !!! GO GO to 100Milions,8,2024-11-28T03:27:41Z,ATEEZ_IceOnMyTeeth
5OflOlcHLb8,474,6,2024-11-28T03:22:16Z,ATEEZ_IceOnMyTeeth
5OflOlcHLb8,ATEEZ yêu các anh chàng nhà ta rất nhiều ❤,5,2024-11-28T03:12:45Z,ATEEZ_IceOnMyTeeth
5OflOlcHLb8,❤❤❤❤❤❤❤❤❤❤❤,4,2024-11-28T03:10:22Z,ATEEZ_IceOnMyTeeth
5OflOlcHLb8,vamos a airplane,6,2024-11-28T03:07:53Z,ATEEZ_IceOnMyTeeth
5OflOlcHLb8,Q sigue?El highlight del dia juiste,5,2024-11-28T03:05:43Z,ATEEZ_IceOnMyTeeth
5OflOlcHLb8,La emely me preguntó qn es luca?,3,2024-11-28T03:05:29Z,ATEEZ_IceOnMyTeeth
5OflOlcHLb8,q sucedio con tj picsa?,5,2024-11-28T03:05:23Z,ATEEZ_IceOnMyTeeth
5OflOlcHLb8,Genuinamente creo q contribuimos mas al estrim de eitis q un atun promedio,5,2024-11-28T03:05:03Z,ATEEZ_IceOnMyTeeth
5OflOlcHLb8,a mayami no le gusga el. keipo?,5,2024-11-28T03:05:00Z,ATEEZ_IceOnMyTeeth
5OflOlcHLb8,"Ice On My Teeth, Ice On My Teeth ~",7,2024-11-28T02:58:41Z,ATEEZ_IceOnMyTeeth
5OflOlcHLb8,Are the views frozen again?? Keep going atiny!,5,2024-11-28T02:52:05Z,ATEEZ_IceOnMyTeeth
5OflOlcHLb8,yok sebulan 100m views,4,2024-11-28T02:51:05Z,ATEEZ_IceOnMyTeeth
5OflOlcHLb8,462,6,2024-11-28T02:32:26Z,ATEEZ_IceOnMyTeeth
5OflOlcHLb8,San can defo smack me like that 😏😏😏,7,2024-11-28T02:26:51Z,ATEEZ_IceOnMyTeeth
5OflOlcHLb8,Asians rapping is so silly to me. It’s like British people rapping. If you take all of the violence and emotion of American rap and made it solely sex appeal you’d have every single male kpop rapper.,4,2024-11-28T02:20:31Z,ATEEZ_IceOnMyTeeth
5OflOlcHLb8,They deserve 100M 😭💔,13,2024-11-28T02:19:53Z,ATEEZ_IceOnMyTeeth
5OflOlcHLb8,risking my exam prep to stream this.,5,2024-11-28T02:03:14Z,ATEEZ_IceOnMyTeeth
5OflOlcHLb8,"Still here, love them",3,2024-11-28T01:48:49Z,ATEEZ_IceOnMyTeeth
5OflOlcHLb8,32.449 and Rising......,4,2024-11-28T01:47:27Z,ATEEZ_IceOnMyTeeth
5OflOlcHLb8,On re-peeat,5,2024-11-28T01:32:39Z,ATEEZ_IceOnMyTeeth
5OflOlcHLb8,"Gente, isso está muito bom 👌🏼😻",3,2024-11-28T01:15:36Z,ATEEZ_IceOnMyTeeth
5OflOlcHLb8,Back for more,4,2024-11-28T01:14:18Z,ATEEZ_IceOnMyTeeth
5OflOlcHLb8,WhAaAaA *pink TikTok emoji*,2,2024-11-28T01:08:28Z,ATEEZ_IceOnMyTeeth
5OflOlcHLb8,Swimming by CARAT !,8,2024-11-28T00:52:31Z,ATEEZ_IceOnMyTeeth
5OflOlcHLb8,"434☆
Good morning!
Rhyming tennis with tennis is okay bc we fishy fishy like 😂",7,2024-11-28T00:50:09Z,ATEEZ_IceOnMyTeeth
5OflOlcHLb8,They definitely put their money where their mouth is😁🏴‍☠️,7,2024-11-28T00:49:42Z,ATEEZ_IceOnMyTeeth
5OflOlcHLb8,434,3,2024-11-28T00:48:48Z,ATEEZ_IceOnMyTeeth
5OflOlcHLb8,Amo,2,2024-11-28T00:48:33Z,ATEEZ_IceOnMyTeeth
5OflOlcHLb8,Divosss,2,2024-11-28T00:39:04Z,ATEEZ_IceOnMyTeeth
5OflOlcHLb8,Meus amores 🇧🇷🇧🇷🇧🇷🇧🇷😍😍😍,2,2024-11-28T00:31:31Z,ATEEZ_IceOnMyTeeth
5OflOlcHLb8,Back to show support to Ice on my teeth! <3,6,2024-11-28T00:26:42Z,ATEEZ_IceOnMyTeeth
5OflOlcHLb8,"CONGRATULATIONS 31M 🎊 
LET'S GO ATINY!!!
ICE ON MY TEETH ~",2,2024-11-28T00:26:34Z,ATEEZ_IceOnMyTeeth
5OflOlcHLb8,It's never enough when it comes to these 8 pirates,4,2024-11-28T00:24:17Z,ATEEZ_IceOnMyTeeth
5OflOlcHLb8,first KATSEYE and now ATEEZ?? what did the chandeliers do to y'all?,1,2024-11-28T00:16:46Z,ATEEZ_IceOnMyTeeth
5OflOlcHLb8,"31,424",1,2024-11-28T00:10:55Z,ATEEZ_IceOnMyTeeth
5OflOlcHLb8,the day (i think) i become atiny,2,2024-11-28T00:08:58Z,ATEEZ_IceOnMyTeeth
5OflOlcHLb8,"semua lagu ateez tak dapat skip, BERTERUSAN!!",2,2024-11-28T00:04:51Z,ATEEZ_IceOnMyTeeth
5OflOlcHLb8,Morning Atiny. Still vote for Ice On My Teeth 1st Win and success. Support our gorgeous Pirate Kings Ateez till the end. Gajja!!!,9,2024-11-27T23:48:07Z,ATEEZ_IceOnMyTeeth
5OflOlcHLb8,417,4,2024-11-27T23:43:25Z,ATEEZ_IceOnMyTeeth
5OflOlcHLb8,😑😑😑😑😑,2,2024-11-27T23:20:44Z,ATEEZ_IceOnMyTeeth
5OflOlcHLb8,vamos por los 40!!!!,2,2024-11-27T23:19:27Z,ATEEZ_IceOnMyTeeth
5OflOlcHLb8,Keep streaming,3,2024-11-27T23:14:22Z,ATEEZ_IceOnMyTeeth
5OflOlcHLb8,406,2,2024-11-27T23:08:35Z,ATEEZ_IceOnMyTeeth
5OflOlcHLb8,RUMO A 40MILHÕES 🎉🎉🎉,3,2024-11-27T23:04:16Z,ATEEZ_IceOnMyTeeth
5OflOlcHLb8,"I'm so happy they sing in their lower register, I love deep voices that's why I prefer boy groups",28,2024-11-27T22:42:04Z,ATEEZ_IceOnMyTeeth
5OflOlcHLb8,"Even down to the beat 

Please I'm in love with this song literally 🤩",7,2024-11-27T22:37:51Z,ATEEZ_IceOnMyTeeth
5OflOlcHLb8,"Also mingi rap 😂😂

Please 🥺",2,2024-11-27T22:37:04Z,ATEEZ_IceOnMyTeeth
5OflOlcHLb8,"Speechless 😶 



Dammmmmmmnnnnnnnnnn❤❤❤❤❤

This is the first ateez mv that forced me to comment and even look for it on YouTube like seriously Damn❤

Please keep this up I love the mv and song every thing 😻",4,2024-11-27T22:36:26Z,ATEEZ_IceOnMyTeeth
5OflOlcHLb8,400,2,2024-11-27T22:36:07Z,ATEEZ_IceOnMyTeeth
5OflOlcHLb8,Candu dengernya 😅,3,2024-11-27T22:32:06Z,ATEEZ_IceOnMyTeeth
5OflOlcHLb8,a juliana me trouxe p cá e agr n tem mais volta 🫠🫠🫠,4,2024-11-27T22:31:55Z,ATEEZ_IceOnMyTeeth
5OflOlcHLb8,"San.
YOU 
MAKE 
ME
MELT🤤🤤🤤",2,2024-11-27T22:29:36Z,ATEEZ_IceOnMyTeeth
5OflOlcHLb8,Amazing,4,2024-11-27T22:27:07Z,ATEEZ_IceOnMyTeeth
5OflOlcHLb8,Who's watching this in 2024?,4,2024-11-27T22:24:26Z,ATEEZ_IceOnMyTeeth
5OflOlcHLb8,Wonderland & Work close to the next million :),4,2024-11-27T22:19:45Z,ATEEZ_IceOnMyTeeth
5OflOlcHLb8,"Finally, a company placed advertisements on it. You should have done this while returning",5,2024-11-27T22:15:56Z,ATEEZ_IceOnMyTeeth
5OflOlcHLb8,I kinda wished they had another music video made for one of the b-sides in this album- Man on Fire for example -just imagine the choreography for that track <3,7,2024-11-27T22:08:28Z,ATEEZ_IceOnMyTeeth
5OflOlcHLb8,Last time around today.See you again tomorrow.Let`s keep up the good work❤Good night😊,4,2024-11-27T22:02:46Z,ATEEZ_IceOnMyTeeth
5OflOlcHLb8,Ateez <4,4,2024-11-27T21:59:19Z,ATEEZ_IceOnMyTeeth
5OflOlcHLb8,ATEEZ you are AMAZING,5,2024-11-27T21:56:41Z,ATEEZ_IceOnMyTeeth
5OflOlcHLb8,Mingi....🤭,3,2024-11-27T21:51:55Z,ATEEZ_IceOnMyTeeth
5OflOlcHLb8,Haters are back,3,2024-11-27T21:46:22Z,ATEEZ_IceOnMyTeeth
5OflOlcHLb8,"My god...face, hair, the song! Aghases show up!🎉❤",3,2024-11-27T21:42:02Z,ATEEZ_IceOnMyTeeth
5OflOlcHLb8,Que asco,1,2024-11-27T21:42:01Z,ATEEZ_IceOnMyTeeth
5OflOlcHLb8,Yooo ATEEZ are at #1 on *BILLBOARD ARTIST 100* 😭😭😭✋🎉🎉🎉🎉 I AM CRYING BYEE,11,2024-11-27T21:37:08Z,ATEEZ_IceOnMyTeeth
5OflOlcHLb8,My heart stopped here ❤️‍🔥2:35,4,2024-11-27T21:28:18Z,ATEEZ_IceOnMyTeeth
5OflOlcHLb8,Tehagun dediğin kişi gününüzde benim yanında yok kendi baska hayat yaşadığını acikladi,1,2024-11-27T21:11:12Z,ATEEZ_IceOnMyTeeth
5OflOlcHLb8,Grand slam like tennis ~,6,2024-11-27T21:03:45Z,ATEEZ_IceOnMyTeeth
5OflOlcHLb8,Your joking this song is released on my birthday 😮❤,6,2024-11-27T20:58:24Z,ATEEZ_IceOnMyTeeth
5OflOlcHLb8,"You're the one I'm tryna finish>>>3 







As we are alive?
They totally did",4,2024-11-27T20:58:23Z,ATEEZ_IceOnMyTeeth
5OflOlcHLb8,"You're the one I'm tryna finish>>>3 







As we are alive?
They totally did",3,2024-11-27T20:57:35Z,ATEEZ_IceOnMyTeeth
5OflOlcHLb8,Who's watching this in 2024?,3,2024-11-27T20:55:07Z,ATEEZ_IceOnMyTeeth
5OflOlcHLb8,Woosan is not present 😔🙏🏽,2,2024-11-27T20:50:36Z,ATEEZ_IceOnMyTeeth
5OflOlcHLb8,This mv is so beautiful,4,2024-11-27T20:49:50Z,ATEEZ_IceOnMyTeeth
5OflOlcHLb8,The ending is amazing,5,2024-11-27T20:49:43Z,ATEEZ_IceOnMyTeeth
5OflOlcHLb8,They are so cool,4,2024-11-27T20:49:28Z,ATEEZ_IceOnMyTeeth
5OflOlcHLb8,"I’m totally obsessed by this MV. The song, the flow, the rythm, their stunning visuals and the so synchro dance. Everything is so cool and I don’t give a damn about the lyrics, cause i’m french and didn’t understood anything 😂",30,2024-11-27T20:37:54Z,ATEEZ_IceOnMyTeeth
5OflOlcHLb8,1:12 YALLLL WTFFFF😭❤️‍🔥,2,2024-11-27T20:35:55Z,ATEEZ_IceOnMyTeeth
5OflOlcHLb8,Make it rain,4,2024-11-27T20:28:37Z,ATEEZ_IceOnMyTeeth
5OflOlcHLb8,"This whole MV has me on my knees, this song is being on repeat since it came out GOOD LORD",71,2024-11-27T20:25:34Z,ATEEZ_IceOnMyTeeth
5OflOlcHLb8,So amazing,4,2024-11-27T20:15:46Z,ATEEZ_IceOnMyTeeth
5OflOlcHLb8,Lets move on to 32 million soon! Fighting!,12,2024-11-27T20:12:22Z,ATEEZ_IceOnMyTeeth
5OflOlcHLb8,OMG.I really love this song 😭🙏🏻,9,2024-11-27T20:09:55Z,ATEEZ_IceOnMyTeeth
5OflOlcHLb8,"---I hope you win, we have to unite, come on Atiny, if possible, every grain of sand counts----- .",5,2024-11-27T20:03:24Z,ATEEZ_IceOnMyTeeth
5OflOlcHLb8,"A complete 10/10 videography! Loved the song, the beats, dance, their style, video aesthetic - everything is on point",11,2024-11-27T19:49:55Z,ATEEZ_IceOnMyTeeth
5OflOlcHLb8,Fighting,6,2024-11-27T19:36:59Z,ATEEZ_IceOnMyTeeth
5OflOlcHLb8,Qué es mubeat? Cómo se vota?,2,2024-11-27T19:36:55Z,ATEEZ_IceOnMyTeeth
5OflOlcHLb8,We can win this,6,2024-11-27T19:36:55Z,ATEEZ_IceOnMyTeeth
5OflOlcHLb8,Vote on mubeat for music core !!,6,2024-11-27T19:36:45Z,ATEEZ_IceOnMyTeeth
5OflOlcHLb8,Madre mía!! ATiNY sois unos MÁQUINAS!!,2,2024-11-27T19:31:32Z,ATEEZ_IceOnMyTeeth
5OflOlcHLb8,"When Mingi says chocolate, why do I think of the song ""Work"" while dressing like Willy Wonka? 😂❤",4,2024-11-27T19:25:59Z,ATEEZ_IceOnMyTeeth
5OflOlcHLb8,Ateezy 💎🥶💙,2,2024-11-27T19:19:39Z,ATEEZ_IceOnMyTeeth
5OflOlcHLb8,TEMON 🙌🏻🙌🏻🙌🏻🙌🏻,1,2024-11-27T19:08:39Z,ATEEZ_IceOnMyTeeth
5OflOlcHLb8,THİS İS AMAZİNG,5,2024-11-27T19:00:44Z,ATEEZ_IceOnMyTeeth
5OflOlcHLb8,THİS İS PERFECT,3,2024-11-27T19:00:30Z,ATEEZ_IceOnMyTeeth
5OflOlcHLb8,NO STOP PLEASE,4,2024-11-27T19:00:16Z,ATEEZ_IceOnMyTeeth
5OflOlcHLb8,FİGHTİNG ATİNY LETS GO 100M,5,2024-11-27T18:59:51Z,ATEEZ_IceOnMyTeeth
5OflOlcHLb8,311,1,2024-11-27T18:58:39Z,ATEEZ_IceOnMyTeeth
5OflOlcHLb8,It’s crazy because when finish this video and then go to another ateez video but the universe said I’m not finished listening to this song so I gotta do what the God say and listen to this song another 300 times,9,2024-11-27T18:51:01Z,ATEEZ_IceOnMyTeeth
5OflOlcHLb8,"306k
Jensetter here!💙",6,2024-11-27T18:46:00Z,ATEEZ_IceOnMyTeeth
5OflOlcHLb8,31.3^^,2,2024-11-27T18:41:56Z,ATEEZ_IceOnMyTeeth
5OflOlcHLb8,keep yunho opening ateez songs always because he amazing,5,2024-11-27T18:31:55Z,ATEEZ_IceOnMyTeeth
5OflOlcHLb8,This is such an ear worm I love it,4,2024-11-27T18:26:30Z,ATEEZ_IceOnMyTeeth
5OflOlcHLb8,"Oh my God, oh my God, oh my God 😯😯😯😯😯",3,2024-11-27T18:19:04Z,ATEEZ_IceOnMyTeeth
5OflOlcHLb8,"Good Night, See ya' in morning ♡",7,2024-11-27T18:14:59Z,ATEEZ_IceOnMyTeeth
5OflOlcHLb8,Quiero mv o una presentación especial de Selfish Waltz y Men on fire,2,2024-11-27T18:14:49Z,ATEEZ_IceOnMyTeeth
5OflOlcHLb8,yaaaaaassssssss,0,2024-11-27T18:13:46Z,ATEEZ_IceOnMyTeeth
5OflOlcHLb8,Fantasy entering Atiny airspace! 💫,3,2024-11-27T18:08:05Z,ATEEZ_IceOnMyTeeth
5OflOlcHLb8,It’s giving peaky blinders damnnnnn,2,2024-11-27T17:55:32Z,ATEEZ_IceOnMyTeeth
5OflOlcHLb8,I just don't have words to describe how do I feel about this song is just so PERFECT!,6,2024-11-27T17:51:00Z,ATEEZ_IceOnMyTeeth
5OflOlcHLb8,"Here supporting the pirates with everything possible, cheer up Atiny",12,2024-11-27T17:40:43Z,ATEEZ_IceOnMyTeeth
5OflOlcHLb8,atiny please dont support the ai fancalls! <33,2,2024-11-27T17:37:32Z,ATEEZ_IceOnMyTeeth
5OflOlcHLb8,MINGI GUAPO ♡♡♡ ICE ON MY TEETH,1,2024-11-27T17:36:26Z,ATEEZ_IceOnMyTeeth
5OflOlcHLb8,271,0,2024-11-27T17:35:54Z,ATEEZ_IceOnMyTeeth
5OflOlcHLb8,"cried watching this masterpiece, love u ateez",3,2024-11-27T17:35:36Z,ATEEZ_IceOnMyTeeth
5OflOlcHLb8,Grand slam like tennis ~,7,2024-11-27T17:26:54Z,ATEEZ_IceOnMyTeeth
5OflOlcHLb8,son tremendos,1,2024-11-27T17:26:33Z,ATEEZ_IceOnMyTeeth
5OflOlcHLb8,lo sigo escuchandoiooooo,0,2024-11-27T17:26:27Z,ATEEZ_IceOnMyTeeth
5OflOlcHLb8,❤❤❤❤❤❤❤❤❤❤❤❤❤❤,0,2024-11-27T17:25:21Z,ATEEZ_IceOnMyTeeth
5OflOlcHLb8,31 261... Enough!,0,2024-11-27T17:22:40Z,ATEEZ_IceOnMyTeeth
5OflOlcHLb8,🔥🔥🔥🔥🔥🔥🔥🔥,0,2024-11-27T17:22:00Z,ATEEZ_IceOnMyTeeth
5OflOlcHLb8,I bought diamonds at my dentist ~,2,2024-11-27T17:13:15Z,ATEEZ_IceOnMyTeeth
5OflOlcHLb8,It’s good man,1,2024-11-27T16:52:28Z,ATEEZ_IceOnMyTeeth
5OflOlcHLb8,Yunhoo,0,2024-11-27T16:52:07Z,ATEEZ_IceOnMyTeeth
5OflOlcHLb8,It’s good man🎉,0,2024-11-27T16:51:48Z,ATEEZ_IceOnMyTeeth
5OflOlcHLb8,missed opportunity coulda put them on some grill,0,2024-11-27T16:49:46Z,ATEEZ_IceOnMyTeeth
5OflOlcHLb8,Mi song,0,2024-11-27T16:48:40Z,ATEEZ_IceOnMyTeeth
5OflOlcHLb8,"❤❤❤❤❤❤ lots of love from India

Love u ateez ❤❤❤",1,2024-11-27T16:45:20Z,ATEEZ_IceOnMyTeeth
5OflOlcHLb8,Please atiny vote on mubeat,2,2024-11-27T16:43:22Z,ATEEZ_IceOnMyTeeth
5OflOlcHLb8,"Plz tell me ""you're the one i'm tryna finish""  It means?? I'm sorry....i don't get it🙏",0,2024-11-27T16:41:21Z,ATEEZ_IceOnMyTeeth
5OflOlcHLb8,Keren lagu nya,0,2024-11-27T16:40:13Z,ATEEZ_IceOnMyTeeth
5OflOlcHLb8,WOW,0,2024-11-27T16:38:13Z,ATEEZ_IceOnMyTeeth
5OflOlcHLb8,My ateez,0,2024-11-27T16:37:15Z,ATEEZ_IceOnMyTeeth
5OflOlcHLb8,Acá estoy y seguiré estando por los chicos ... los amo,0,2024-11-27T16:34:28Z,ATEEZ_IceOnMyTeeth
5OflOlcHLb8,We are doing great with the mv ;),1,2024-11-27T16:33:48Z,ATEEZ_IceOnMyTeeth
5OflOlcHLb8,Let’s give them at least one win this comeback !,1,2024-11-27T16:33:31Z,ATEEZ_IceOnMyTeeth
5OflOlcHLb8,Atinys please help us vote on mubeat for music core !! We need you,2,2024-11-27T16:33:19Z,ATEEZ_IceOnMyTeeth
5OflOlcHLb8,I love the mv so much,1,2024-11-27T16:33:02Z,ATEEZ_IceOnMyTeeth
5OflOlcHLb8,Catchy song,1,2024-11-27T16:32:56Z,ATEEZ_IceOnMyTeeth
5OflOlcHLb8,"THE BEST FK MV EVER, LOVE THIS¡¡¡¡¡¡¡¡¡¡¡¡¡!!!!!!!!!!!!",0,2024-11-27T16:32:51Z,ATEEZ_IceOnMyTeeth
5OflOlcHLb8,😱😱😱😍😍😍😍😍😍😍😍👍👍👍👍👍nais,1,2024-11-27T16:30:28Z,ATEEZ_IceOnMyTeeth
5OflOlcHLb8,Carat passing by ~,5,2024-11-27T16:05:23Z,ATEEZ_IceOnMyTeeth
5OflOlcHLb8,"227k
Carat visiting",5,2024-11-27T15:54:36Z,ATEEZ_IceOnMyTeeth
5OflOlcHLb8,227,2,2024-11-27T15:54:25Z,ATEEZ_IceOnMyTeeth
5OflOlcHLb8,theyre crazy good,6,2024-11-27T15:54:13Z,ATEEZ_IceOnMyTeeth
5OflOlcHLb8,Koreans have finally entered their trill era. #paulwall,2,2024-11-27T15:47:25Z,ATEEZ_IceOnMyTeeth
5OflOlcHLb8,I've been playing like tennis,3,2024-11-27T15:46:30Z,ATEEZ_IceOnMyTeeth
5OflOlcHLb8,"215k
Fighting ♡",5,2024-11-27T15:40:09Z,ATEEZ_IceOnMyTeeth
5OflOlcHLb8,Wow just as expected from ateez 🫶 seonghwa part really choked me fr  😳,3,2024-11-27T15:35:15Z,ATEEZ_IceOnMyTeeth
5OflOlcHLb8,Buenos días y qué vivan los hombres (Ateez),3,2024-11-27T15:33:29Z,ATEEZ_IceOnMyTeeth
5OflOlcHLb8,Terngiang ngiang ice on my teeth..,2,2024-11-27T15:32:13Z,ATEEZ_IceOnMyTeeth
5OflOlcHLb8,next target 32m,3,2024-11-27T15:25:35Z,ATEEZ_IceOnMyTeeth
5OflOlcHLb8,Why is this video 10hours long🥵😩,2,2024-11-27T15:24:54Z,ATEEZ_IceOnMyTeeth
5OflOlcHLb8,Muito bom as coreografias impecáveis e a batida me ganhou ❤,3,2024-11-27T15:24:21Z,ATEEZ_IceOnMyTeeth
5OflOlcHLb8,31.207!!!!,2,2024-11-27T15:22:56Z,ATEEZ_IceOnMyTeeth
5OflOlcHLb8,If you can still get the album please buy in person! We’re free falling off the BB chart,4,2024-11-27T15:13:22Z,ATEEZ_IceOnMyTeeth
5OflOlcHLb8,2:32 MINGI??,4,2024-11-27T14:56:04Z,ATEEZ_IceOnMyTeeth
5OflOlcHLb8,"31,194 ❤️‍🔥",4,2024-11-27T14:55:15Z,ATEEZ_IceOnMyTeeth
5OflOlcHLb8,ATEez 💯💯💯,3,2024-11-27T14:43:13Z,ATEEZ_IceOnMyTeeth
5OflOlcHLb8,Kesini grgr lucinta luna😂😂,2,2024-11-27T14:39:39Z,ATEEZ_IceOnMyTeeth
5OflOlcHLb8,bb.200 top 1 haha slayyy,2,2024-11-27T14:37:20Z,ATEEZ_IceOnMyTeeth
5OflOlcHLb8,hi boss dito n nmn em,2,2024-11-27T14:36:59Z,ATEEZ_IceOnMyTeeth
5OflOlcHLb8,🔥🔥🔥,2,2024-11-27T14:32:49Z,ATEEZ_IceOnMyTeeth
5OflOlcHLb8,Love it no no like love this no no iam obsessed with this ✨,2,2024-11-27T14:29:53Z,ATEEZ_IceOnMyTeeth
5OflOlcHLb8,Why i cannot watch only this song in Russia???,2,2024-11-27T14:23:59Z,ATEEZ_IceOnMyTeeth
5OflOlcHLb8,180,1,2024-11-27T14:21:55Z,ATEEZ_IceOnMyTeeth
5OflOlcHLb8,but ateez the best 🧡🎻,2,2024-11-27T14:21:53Z,ATEEZ_IceOnMyTeeth
5OflOlcHLb8,Best ❤❤❤❤,3,2024-11-27T14:18:44Z,ATEEZ_IceOnMyTeeth
5OflOlcHLb8,PLEASE ATINY VOTE FOR ATEEZ'S ATINY FOR TOP KPOP FAN ARMY POLLS  ON BBMAs please please vote there !!!!,5,2024-11-27T14:16:46Z,ATEEZ_IceOnMyTeeth
5OflOlcHLb8,31.172,2,2024-11-27T14:12:23Z,ATEEZ_IceOnMyTeeth
5OflOlcHLb8,ATEEZ SENTIASA DI ATAS!!,3,2024-11-27T14:11:09Z,ATEEZ_IceOnMyTeeth
5OflOlcHLb8,"ateez ku saya sangat bangga dengan kalian, kalianlah terbaik!!!!",2,2024-11-27T14:10:48Z,ATEEZ_IceOnMyTeeth
5OflOlcHLb8,bro they look like mafias,2,2024-11-27T13:59:02Z,ATEEZ_IceOnMyTeeth
5OflOlcHLb8,"Good night❤Atinys
Thank you for all your support😊
JAM here",6,2024-11-27T13:58:19Z,ATEEZ_IceOnMyTeeth
5OflOlcHLb8,Mana lucinta luna nya?,1,2024-11-27T13:50:44Z,ATEEZ_IceOnMyTeeth
5OflOlcHLb8,Gracias ATEEZ por:,3,2024-11-27T13:47:35Z,ATEEZ_IceOnMyTeeth
5OflOlcHLb8,Ateez is No 1 in Billboard Artist 100 chart.🔥,9,2024-11-27T13:38:08Z,ATEEZ_IceOnMyTeeth
5OflOlcHLb8,I'm not Atiny but the vibe got me here. It's so good it's the vibe yeah 🎉❤👍,10,2024-11-27T13:36:13Z,ATEEZ_IceOnMyTeeth
5OflOlcHLb8,"As dentist assistant, the part ""i bought diamonds  at my dentist "" I agree  with cause getting  thouse is really really expensive 😂😂😂😂😂😂😂",3,2024-11-27T13:29:39Z,ATEEZ_IceOnMyTeeth
5OflOlcHLb8,I like the ballet,3,2024-11-27T13:29:28Z,ATEEZ_IceOnMyTeeth
5OflOlcHLb8,"Era uma vez 8 machos, eles eram a revolução do país...",2,2024-11-27T13:28:53Z,ATEEZ_IceOnMyTeeth
5OflOlcHLb8,"146☆
Grand Slam like tennis",4,2024-11-27T13:25:55Z,ATEEZ_IceOnMyTeeth
5OflOlcHLb8,"Teruskan streaming,  jangan give up..Atiny boleh!!!",3,2024-11-27T13:25:12Z,ATEEZ_IceOnMyTeeth
5OflOlcHLb8,🙋🙋mana penggemar yang ingin menemui ateez,4,2024-11-27T13:18:52Z,ATEEZ_IceOnMyTeeth
5OflOlcHLb8,yang hadir karna Lucinta Luna 😅,2,2024-11-27T13:13:32Z,ATEEZ_IceOnMyTeeth
5OflOlcHLb8,Keep streaming!!!,4,2024-11-27T13:10:47Z,ATEEZ_IceOnMyTeeth
5OflOlcHLb8,"I watched a reaction by 2 Korean girls (they have English subs) , I really liked their reaction but mentioned they didn't know Ateez had debuted 6 years ago because they had never heard of them before Bouncy. So I thought if we visited their channel and asked them to react to their Killing voice maybe more Korean people would get to know about them. It's just a thought. In case you want to see their reaction the channel is MUMUTO .",7,2024-11-27T13:10:34Z,ATEEZ_IceOnMyTeeth
5OflOlcHLb8,Omg I love you all 😅😢🎉❤,3,2024-11-27T13:09:06Z,ATEEZ_IceOnMyTeeth
5OflOlcHLb8,Enakkkk bgt sialannnnnn😭😭😭❤️❤️❤️❤️❤️,3,2024-11-27T13:08:50Z,ATEEZ_IceOnMyTeeth
5OflOlcHLb8,"Wow, 'Ice on my teeth' is one of the best solo amazing 😍 K-pop (ATEEJ) I love it.🎉💓♥️❤️😍",4,2024-11-27T13:06:30Z,ATEEZ_IceOnMyTeeth
5OflOlcHLb8,obsessed,5,2024-11-27T13:03:29Z,ATEEZ_IceOnMyTeeth
5OflOlcHLb8,YESSSS THE LEADER IS BACK 💚🐥🔥,4,2024-11-27T12:58:00Z,ATEEZ_IceOnMyTeeth
5OflOlcHLb8,Nice song love it,4,2024-11-27T12:48:28Z,ATEEZ_IceOnMyTeeth
5OflOlcHLb8,"As a hip hop lover, rhyming tennis with tennis is LAZY!!! Its such a good song and the chorus rhyme scheme needs to match that! Great visuals as always though 🤌👍",5,2024-11-27T12:47:06Z,ATEEZ_IceOnMyTeeth
5OflOlcHLb8,Good morning and yay 31 million!,9,2024-11-27T12:46:09Z,ATEEZ_IceOnMyTeeth
5OflOlcHLb8,ateez what's 4+4?,6,2024-11-27T12:35:59Z,ATEEZ_IceOnMyTeeth
5OflOlcHLb8,"111k. Happy 31million!🎊
Have a beautiful Wednesday, Atiny. Jensetter here!💙
Mantra x Ice On My Teeth",5,2024-11-27T12:29:21Z,ATEEZ_IceOnMyTeeth
5OflOlcHLb8,"Lagu yang wajib di putar setiap hari, atau setiap jam ... enak banget",2,2024-11-27T12:28:37Z,ATEEZ_IceOnMyTeeth
5OflOlcHLb8,ang angas.. nag elevate sila ng todo.. KUDOS TO all MV team 🤟🤟🤟,2,2024-11-27T12:25:57Z,ATEEZ_IceOnMyTeeth
5OflOlcHLb8,"People keep searching for lucinta luna in the comments. 🤭
Someone did a pirate work by making an edit of her and this mv, lured everyone here.
P.S. Indonesian atiny, my respects to you. 😸",5,2024-11-27T12:24:36Z,ATEEZ_IceOnMyTeeth
5OflOlcHLb8,"Have a great day, Atiny! Choice here :)",3,2024-11-27T12:23:26Z,ATEEZ_IceOnMyTeeth
5OflOlcHLb8,Ada yang kesini nyari lucintah lunah???,2,2024-11-27T12:20:22Z,ATEEZ_IceOnMyTeeth
5OflOlcHLb8,"New fans here 🙋

 :Hongjoong stan😭💋",4,2024-11-27T12:16:35Z,ATEEZ_IceOnMyTeeth
5OflOlcHLb8,SANNNN ITS BEEN 2 WEEKSSS WHAT IM STILL ATTACEHDJDKNDKSJ,2,2024-11-27T12:15:47Z,ATEEZ_IceOnMyTeeth
5OflOlcHLb8,"What's the cutest thing you saw today?
Video of IOMT mansion made with animal crossing. 😊",5,2024-11-27T12:12:54Z,ATEEZ_IceOnMyTeeth
5OflOlcHLb8,"FANTASY comes to check if the diamonds are still in place. Have a great day, ATINY friends.
🎶ICE ON MY TEETH x DWBH🎶
ATEEZ x SF9",4,2024-11-27T12:09:14Z,ATEEZ_IceOnMyTeeth
5OflOlcHLb8,katanya ada om lucinta luna,2,2024-11-27T12:07:34Z,ATEEZ_IceOnMyTeeth
5OflOlcHLb8,2:05,3,2024-11-27T11:59:13Z,ATEEZ_IceOnMyTeeth
5OflOlcHLb8,lagu ganteng<3,3,2024-11-27T11:51:06Z,ATEEZ_IceOnMyTeeth
5OflOlcHLb8,Our peaky blinders gangsters,6,2024-11-27T11:47:54Z,ATEEZ_IceOnMyTeeth
5OflOlcHLb8,Ice on my teeth ❤,3,2024-11-27T11:45:20Z,ATEEZ_IceOnMyTeeth
5OflOlcHLb8,Ohhhh so hot😮,3,2024-11-27T11:44:29Z,ATEEZ_IceOnMyTeeth
5OflOlcHLb8,Happy 31m ⸜(｡˃ ᵕ ˂ )⸝♡,9,2024-11-27T11:39:23Z,ATEEZ_IceOnMyTeeth
5OflOlcHLb8,I’M OBSESSED,2,2024-11-27T11:34:00Z,ATEEZ_IceOnMyTeeth
5OflOlcHLb8,Kpop Peaky Blinders ahh vibe,4,2024-11-27T11:31:21Z,ATEEZ_IceOnMyTeeth
5OflOlcHLb8,I need another like button. I would like to press it million times ❤❤❤,8,2024-11-27T11:13:57Z,ATEEZ_IceOnMyTeeth
5OflOlcHLb8,"What a refreshing concept.

Bad boys ❌
Villainous mafia CEO ✅

Need to see more mature Men concepts in K-pop",4,2024-11-27T11:11:07Z,ATEEZ_IceOnMyTeeth
5OflOlcHLb8,"31M! Congrats! Atinys🎉
So addictive ❤ (JAM♡）",9,2024-11-27T11:05:46Z,ATEEZ_IceOnMyTeeth
5OflOlcHLb8,It is a crime that we don't have a studio choom version of this,7,2024-11-27T11:01:30Z,ATEEZ_IceOnMyTeeth
5OflOlcHLb8,🙏🏻😔😔,3,2024-11-27T10:55:10Z,ATEEZ_IceOnMyTeeth
5OflOlcHLb8,They have the best vocals and rap line❤️🔥,3,2024-11-27T10:54:35Z,ATEEZ_IceOnMyTeeth
5OflOlcHLb8,"Carat right heree>_<

Ateez 'Ice On My Teeth' x Seventeen 'Love Money Fame'",9,2024-11-27T10:53:39Z,ATEEZ_IceOnMyTeeth
5OflOlcHLb8,"GUYS GET ON MUBEAT NOW, WIDEN THE GAP MORE!!! GOGOGO!!",8,2024-11-27T10:52:16Z,ATEEZ_IceOnMyTeeth
5OflOlcHLb8,Mana katanya ada lucinta luna,1,2024-11-27T10:46:49Z,ATEEZ_IceOnMyTeeth
5OflOlcHLb8,Join ststionhead Atinys for streeming party🥰,5,2024-11-27T10:46:03Z,ATEEZ_IceOnMyTeeth
5OflOlcHLb8,Swimming by CARAT !,7,2024-11-27T10:45:30Z,ATEEZ_IceOnMyTeeth
5OflOlcHLb8,"Don't forget to visit Answer, only 6M left for 100M :)",9,2024-11-27T10:40:36Z,ATEEZ_IceOnMyTeeth
5OflOlcHLb8,Mana lucinta luna?,1,2024-11-27T10:34:43Z,ATEEZ_IceOnMyTeeth
5OflOlcHLb8,YUNHO CAKEPPPPPPPPPPPPPPPPPPPPPPP,5,2024-11-27T10:32:22Z,ATEEZ_IceOnMyTeeth
5OflOlcHLb8,Eat more chocolate according to Mingi 😂,7,2024-11-27T10:13:33Z,ATEEZ_IceOnMyTeeth
5OflOlcHLb8,Their visuals for this comeback just crazily good❤ happy 31M🎉,20,2024-11-27T10:13:22Z,ATEEZ_IceOnMyTeeth
5OflOlcHLb8,Eyes on Hong Joong's white teeth 🪥😂,5,2024-11-27T10:12:54Z,ATEEZ_IceOnMyTeeth
5OflOlcHLb8,Swing by Answer ❤,6,2024-11-27T10:11:58Z,ATEEZ_IceOnMyTeeth
5OflOlcHLb8,31m ❤,4,2024-11-27T10:11:27Z,ATEEZ_IceOnMyTeeth
5OflOlcHLb8,Yall i can proudly say that I am probably 100 of the 31 million views on this mv. In the spirit of thanksgiving...  i am very grateful for this piece of art lol,55,2024-11-27T10:05:24Z,ATEEZ_IceOnMyTeeth
5OflOlcHLb8,"Congrats on 31M
Ice On My Teeth × What U say 
ATEEZ × Kim Woojin",7,2024-11-27T10:03:28Z,ATEEZ_IceOnMyTeeth
5OflOlcHLb8,CONTINUE UNTIL THE END,4,2024-11-27T09:48:54Z,ATEEZ_IceOnMyTeeth
5OflOlcHLb8,cant get it out of my head😅 ❤❤,3,2024-11-27T09:39:42Z,ATEEZ_IceOnMyTeeth
5OflOlcHLb8,Zaddiiessss🥵🥵,3,2024-11-27T09:36:19Z,ATEEZ_IceOnMyTeeth
5OflOlcHLb8,😭😭😭😭😭,3,2024-11-27T09:36:06Z,ATEEZ_IceOnMyTeeth
5OflOlcHLb8,Atiny tak akan pernah berhenti untuk streaming!! Atiny sentiasa ada disini!!Fighting sayang-sayang Atiny!!!,3,2024-11-27T09:30:09Z,ATEEZ_IceOnMyTeeth
5OflOlcHLb8,Teruskan support Ateez!!!,3,2024-11-27T09:27:19Z,ATEEZ_IceOnMyTeeth
5OflOlcHLb8,its like chocolate??? they so purposely gave that TO MINGIIII😭❤,4,2024-11-27T09:25:43Z,ATEEZ_IceOnMyTeeth
5OflOlcHLb8,Goddamn......I am now a fan.,8,2024-11-27T09:24:39Z,ATEEZ_IceOnMyTeeth
5OflOlcHLb8,Mubeat voting music core ongoing 🏃🏻‍♀️,5,2024-11-27T09:19:11Z,ATEEZ_IceOnMyTeeth
5OflOlcHLb8,31mil 🔥,4,2024-11-27T09:18:05Z,ATEEZ_IceOnMyTeeth
5OflOlcHLb8,👋👋,5,2024-11-27T09:07:44Z,ATEEZ_IceOnMyTeeth
5OflOlcHLb8,Morning!!! Let's do our best today too :),7,2024-11-27T09:06:34Z,ATEEZ_IceOnMyTeeth
5OflOlcHLb8,Thank you for 500k likes!,9,2024-11-27T09:05:29Z,ATEEZ_IceOnMyTeeth
5OflOlcHLb8,little by little Ateez will get there,8,2024-11-27T09:01:08Z,ATEEZ_IceOnMyTeeth
5OflOlcHLb8,"""Ice On My Teeth, Ice On My Teeth for my white tee"" we say in unison☝",5,2024-11-27T08:59:04Z,ATEEZ_IceOnMyTeeth
5OflOlcHLb8,Hello atiny! Midzy here to support!! Let's get 32M!!! Ice on my teeth x gold!!,6,2024-11-27T08:54:44Z,ATEEZ_IceOnMyTeeth
5OflOlcHLb8,Ateez won the Music Bank Pre voting. I hope they'll receive their 1st ever win for this comeback this coming Friday.,73,2024-11-27T08:54:44Z,ATEEZ_IceOnMyTeeth
5OflOlcHLb8,Good morning Atinys and friends❤Wish you all a wounderful wednesday❤,4,2024-11-27T08:54:35Z,ATEEZ_IceOnMyTeeth
5OflOlcHLb8,Happy 31M vi3ws and 500K likes!,5,2024-11-27T08:53:34Z,ATEEZ_IceOnMyTeeth
5OflOlcHLb8,3:17 San why that look SCARES me?🙂🙂🙂🙂,0,2024-11-27T08:35:23Z,ATEEZ_IceOnMyTeeth
5OflOlcHLb8,Seonghwa🔥🔥❤️‍🔥❤️‍🔥❤️‍🔥❤️‍🔥💜💜💜💜,3,2024-11-27T08:34:22Z,ATEEZ_IceOnMyTeeth
0P0aQreFs8w,ATE? More like devoured.,407901,2024-07-19T04:48:18Z,StrayKids_ChkChkBoom
0P0aQreFs8w,nida benim icin ah sana vah sana soyler misin,1,2024-08-01T23:58:11Z,StrayKids_ChkChkBoom
0P0aQreFs8w,STAYS! KEEP STREAMING! LET'S GET TO 100M!!!,17,2024-08-01T23:57:40Z,StrayKids_ChkChkBoom
0P0aQreFs8w,The only bad thing about the song is that it doesn't last long ༎ຶ⁠‿⁠༎ຶ,5,2024-08-01T23:55:56Z,StrayKids_ChkChkBoom
0P0aQreFs8w,anani hic sevmemistim zaten iyi oldu,1,2024-08-01T23:55:23Z,StrayKids_ChkChkBoom
0P0aQreFs8w,i keep coming back to this music video literally changed lives,19,2024-08-01T23:54:01Z,StrayKids_ChkChkBoom
0P0aQreFs8w,Türk varmı??,2,2024-08-01T23:53:32Z,StrayKids_ChkChkBoom
0P0aQreFs8w,yeni gunlugum burasi artik kimse kimseyi tanimiyor,2,2024-08-01T23:50:07Z,StrayKids_ChkChkBoom
0P0aQreFs8w,aqua ve rubynin babasi cok yakisikli ya,1,2024-08-01T23:49:56Z,StrayKids_ChkChkBoom
0P0aQreFs8w,quiero un brauni,3,2024-08-01T23:47:21Z,StrayKids_ChkChkBoom
0P0aQreFs8w,330,1,2024-08-01T23:46:07Z,StrayKids_ChkChkBoom
0P0aQreFs8w,Deadpol n skz kombinasi kerenn,1,2024-08-01T23:45:18Z,StrayKids_ChkChkBoom
0P0aQreFs8w,hasta me dolió la cabeza por el mv,3,2024-08-01T23:44:29Z,StrayKids_ChkChkBoom
0P0aQreFs8w,Soy yo o escuxhe un vamos en español😮😮😮,1,2024-08-01T23:43:39Z,StrayKids_ChkChkBoom
0P0aQreFs8w,bluesung geri gel cokozledim lytfen,1,2024-08-01T23:43:26Z,StrayKids_ChkChkBoom
0P0aQreFs8w,HAPPY 62M🎉,4,2024-08-01T23:41:36Z,StrayKids_ChkChkBoom
0P0aQreFs8w,"STAY, ya salió el M/V Stray Kids para que le demos vistas!!",2,2024-08-01T23:41:12Z,StrayKids_ChkChkBoom
0P0aQreFs8w,My sister showed me this mv yesterday I didn't watch it but I been listening to it since it came out. I was in for a world of happiness. Seeing Ryan and Hugh be in a Stray Kids mv is just wholesome because of the friendship  through sns.,169,2024-08-01T23:41:10Z,StrayKids_ChkChkBoom
0P0aQreFs8w,oha nida akane oldu,1,2024-08-01T23:39:57Z,StrayKids_ChkChkBoom
0P0aQreFs8w,Birkaç saatliğine akane olmaya karar verdim,1,2024-08-01T23:39:40Z,StrayKids_ChkChkBoom
0P0aQreFs8w,"STAY, POR FAVOR A DARLE VISTA AL M/V STRAY KIDS QUE YA SALIÓ!!",3,2024-08-01T23:39:20Z,StrayKids_ChkChkBoom
0P0aQreFs8w,"everyone try searching ""stray kids"" in google theres a new feature!!!!",4,2024-08-01T23:38:02Z,StrayKids_ChkChkBoom
0P0aQreFs8w,Skz te amooooo,1,2024-08-01T23:37:29Z,StrayKids_ChkChkBoom
0P0aQreFs8w,cok sıkılıyorum,1,2024-08-01T23:37:16Z,StrayKids_ChkChkBoom
0P0aQreFs8w,Amoooooo,1,2024-08-01T23:37:14Z,StrayKids_ChkChkBoom
0P0aQreFs8w,Love you changbin!!!! 🐷🐖💗💗💗,2,2024-08-01T23:36:08Z,StrayKids_ChkChkBoom
0P0aQreFs8w,Fantástico,1,2024-08-01T23:33:35Z,StrayKids_ChkChkBoom
0P0aQreFs8w,imdatt,1,2024-08-01T23:33:19Z,StrayKids_ChkChkBoom
0P0aQreFs8w,İYİ GECELEEEEERFFRTRRRRR,1,2024-08-01T23:28:33Z,StrayKids_ChkChkBoom
0P0aQreFs8w,ya bu turkceyi nasil anladı imdat,1,2024-08-01T23:25:47Z,StrayKids_ChkChkBoom
0P0aQreFs8w,🫶🏻,1,2024-08-01T23:24:39Z,StrayKids_ChkChkBoom
0P0aQreFs8w,i like it so much my babes,3,2024-08-01T23:24:36Z,StrayKids_ChkChkBoom
0P0aQreFs8w,HAPPY BIRTHDAY STAY!!!!!! I'M PROUD OF YOU,7,2024-08-01T23:22:15Z,StrayKids_ChkChkBoom
0P0aQreFs8w,tam o sırada kral ilk kez gercek korkuyu hissetti,1,2024-08-01T23:20:50Z,StrayKids_ChkChkBoom
0P0aQreFs8w,no le saben,2,2024-08-01T23:20:47Z,StrayKids_ChkChkBoom
0P0aQreFs8w,let's get more wins <3,2,2024-08-01T23:18:48Z,StrayKids_ChkChkBoom
0P0aQreFs8w,"Buenisimo, el kpop vuelve a revivir",1,2024-08-01T23:18:23Z,StrayKids_ChkChkBoom
0P0aQreFs8w,goku profilli eleman beni sclasstan beri umursamiyor cok sinirliyim ona,1,2024-08-01T23:17:43Z,StrayKids_ChkChkBoom
0P0aQreFs8w,estaba bien hasta que vi el mv,2,2024-08-01T23:16:44Z,StrayKids_ChkChkBoom
0P0aQreFs8w,siyah sac mi daha guzel kahverengi sac mi⁉️,0,2024-08-01T23:16:20Z,StrayKids_ChkChkBoom
0P0aQreFs8w,Fly high barudak!!,0,2024-08-01T23:14:03Z,StrayKids_ChkChkBoom
0P0aQreFs8w,"It's so sad that I only discovered them now for me. I heard a few songs in the past, but I fell in love with them with Ate.
I feel a bit sad because I lost so much time and precious moments!!",1,2024-08-01T23:10:44Z,StrayKids_ChkChkBoom
0P0aQreFs8w,Evet sp yemişsin😓,0,2024-08-01T23:09:51Z,StrayKids_ChkChkBoom
0P0aQreFs8w,You know that stray kids is the best,3,2024-08-01T23:09:15Z,StrayKids_ChkChkBoom
0P0aQreFs8w,sp mi yedim,1,2024-08-01T23:08:53Z,StrayKids_ChkChkBoom
0P0aQreFs8w,Lets go for 70M (⁠♡⁠ω⁠♡⁠ ⁠)⁠ ⁠~⁠♪,4,2024-08-01T23:06:48Z,StrayKids_ChkChkBoom
0P0aQreFs8w,her gece buradayim artik🙏🏽,0,2024-08-01T23:06:38Z,StrayKids_ChkChkBoom
0P0aQreFs8w,kaiseri kiz mi sandin yoksa nida 😮,0,2024-08-01T23:06:32Z,StrayKids_ChkChkBoom
0P0aQreFs8w,nida profilim guzel duruyor mu,0,2024-08-01T23:03:56Z,StrayKids_ChkChkBoom
0P0aQreFs8w,Feliz aniversario STAYS de todo el mundo ❤,1,2024-08-01T23:02:39Z,StrayKids_ChkChkBoom
0P0aQreFs8w,100 M STAYS,0,2024-08-01T23:02:21Z,StrayKids_ChkChkBoom
0P0aQreFs8w,"""How many times have you played this?""
Me: ""Stray kids""",0,2024-08-01T23:02:19Z,StrayKids_ChkChkBoom
0P0aQreFs8w,❤❤❤❤❤,0,2024-08-01T23:02:12Z,StrayKids_ChkChkBoom
0P0aQreFs8w,Los chicos ya tienen 17.3 suscriptores woa,0,2024-08-01T23:02:00Z,StrayKids_ChkChkBoom
0P0aQreFs8w,nida sence bir mangaya 27 dolar vermek deger mi,0,2024-08-01T23:01:32Z,StrayKids_ChkChkBoom
0P0aQreFs8w,62.2,0,2024-08-01T23:01:20Z,StrayKids_ChkChkBoom
0P0aQreFs8w,yup im just a fan from ccb news,0,2024-08-01T23:01:19Z,StrayKids_ChkChkBoom
0P0aQreFs8w,Yoksa bu bs bana e pic diyerek kufur mu ediyor🤔🤯,0,2024-08-01T23:01:19Z,StrayKids_ChkChkBoom
0P0aQreFs8w,Boyle internetin taaaaaa,0,2024-08-01T23:01:13Z,StrayKids_ChkChkBoom
0P0aQreFs8w,OH MY GOD IT'S PERFECT!!!!!!!!!!!!!!!!!!,1,2024-08-01T22:59:45Z,StrayKids_ChkChkBoom
0P0aQreFs8w,they ate this comeback,0,2024-08-01T22:59:22Z,StrayKids_ChkChkBoom
0P0aQreFs8w,I’m here,0,2024-08-01T22:58:36Z,StrayKids_ChkChkBoom
0P0aQreFs8w,Mi rolona,0,2024-08-01T22:58:18Z,StrayKids_ChkChkBoom
0P0aQreFs8w,ebay de 19. cildin ingilizcesini buldum ama bir manga icin cok pahali😔,0,2024-08-01T22:57:28Z,StrayKids_ChkChkBoom
0P0aQreFs8w,"CALM, WE WILL GIVE YOU THAT 100M THAT YOU DESERVE",7,2024-08-01T22:56:55Z,StrayKids_ChkChkBoom
0P0aQreFs8w,their talent is insane!!!,0,2024-08-01T22:56:46Z,StrayKids_ChkChkBoom
0P0aQreFs8w,mmm,0,2024-08-01T22:53:32Z,StrayKids_ChkChkBoom
0P0aQreFs8w,"62,276M",0,2024-08-01T22:51:53Z,StrayKids_ChkChkBoom
0P0aQreFs8w,La  cancion que escucho a cada rato,0,2024-08-01T22:51:17Z,StrayKids_ChkChkBoom
0P0aQreFs8w,Happy bd STAYS❕❤️🖤,0,2024-08-01T22:50:34Z,StrayKids_ChkChkBoom
0P0aQreFs8w,"Si, es uns csnción buena.",0,2024-08-01T22:50:02Z,StrayKids_ChkChkBoom
0P0aQreFs8w,nida cok babaproyuz,0,2024-08-01T22:49:00Z,StrayKids_ChkChkBoom
0P0aQreFs8w,Neden.kimse.yok.,2,2024-08-01T22:43:49Z,StrayKids_ChkChkBoom
0P0aQreFs8w,I am OBSESSED 🔥🔥❤️🔥🔥,0,2024-08-01T22:43:34Z,StrayKids_ChkChkBoom
0P0aQreFs8w,2.3m likes 🥇,1,2024-08-01T22:43:13Z,StrayKids_ChkChkBoom
0P0aQreFs8w,Stay fighting!,0,2024-08-01T22:42:20Z,StrayKids_ChkChkBoom
0P0aQreFs8w,"Yok lanjut pantengin mereka terusss, gass stre4ming kajaaaaa",1,2024-08-01T22:42:16Z,StrayKids_ChkChkBoom
0P0aQreFs8w,254k,1,2024-08-01T22:41:59Z,StrayKids_ChkChkBoom
0P0aQreFs8w,Once elektrik sonra internet gittigi icin ugrayamadim buralara nasilsiniz bakem,1,2024-08-01T22:41:52Z,StrayKids_ChkChkBoom
0P0aQreFs8w,Changbinin rap partini 7/24 dinlerim kapatij diyeni siksinler,1,2024-08-01T22:41:40Z,StrayKids_ChkChkBoom
0P0aQreFs8w,"Sayang bngt sama ST4Y, mereka bagus bngt soal urusan stre4ming sama vote² gitu",2,2024-08-01T22:41:37Z,StrayKids_ChkChkBoom
0P0aQreFs8w,Alo neptus mu nerdesinalo,0,2024-08-01T22:40:54Z,StrayKids_ChkChkBoom
0P0aQreFs8w,So good 😊 I love you stray kids,0,2024-08-01T22:39:21Z,StrayKids_ChkChkBoom
0P0aQreFs8w,niye burasi bugun cok bos,0,2024-08-01T22:38:37Z,StrayKids_ChkChkBoom
0P0aQreFs8w,62 251,0,2024-08-01T22:37:50Z,StrayKids_ChkChkBoom
0P0aQreFs8w,o rap do changbin é tão satisfatório😭,0,2024-08-01T22:37:25Z,StrayKids_ChkChkBoom
0P0aQreFs8w,Boom Boom ratatata,0,2024-08-01T22:36:52Z,StrayKids_ChkChkBoom
0P0aQreFs8w,BOOM BOOM 💥,0,2024-08-01T22:36:48Z,StrayKids_ChkChkBoom
0P0aQreFs8w,Rechazado por completo,0,2024-08-01T22:35:56Z,StrayKids_ChkChkBoom
0P0aQreFs8w,Ahora necesitamos el MV de SKZOO !!! Ratatata,2,2024-08-01T22:35:52Z,StrayKids_ChkChkBoom
0P0aQreFs8w,62.251,0,2024-08-01T22:33:14Z,StrayKids_ChkChkBoom
0P0aQreFs8w,nida ağla japonlar beni seviyormuş,1,2024-08-01T22:33:02Z,StrayKids_ChkChkBoom
0P0aQreFs8w,q mal dia para estar vivo y ser estai,1,2024-08-01T22:32:51Z,StrayKids_ChkChkBoom
0P0aQreFs8w,Ateeee mis dulces niños<3,1,2024-08-01T22:31:38Z,StrayKids_ChkChkBoom
0P0aQreFs8w,Ateee❤,0,2024-08-01T22:28:25Z,StrayKids_ChkChkBoom
0P0aQreFs8w,St tayfa uyudunuz mu lan,0,2024-08-01T22:27:50Z,StrayKids_ChkChkBoom
0P0aQreFs8w,"No one:
Lee Know: aing aing",3,2024-08-01T22:27:42Z,StrayKids_ChkChkBoom
0P0aQreFs8w,Trendlerde 12 ye dusmus çıldıracam,2,2024-08-01T22:26:41Z,StrayKids_ChkChkBoom
0P0aQreFs8w,epicnida seni cok seviyorum 😍🥰,0,2024-08-01T22:26:28Z,StrayKids_ChkChkBoom
0P0aQreFs8w,"62,248M",1,2024-08-01T22:24:38Z,StrayKids_ChkChkBoom
0P0aQreFs8w,epicnida nasilsin,0,2024-08-01T22:24:23Z,StrayKids_ChkChkBoom
0P0aQreFs8w,bir tek ben mi anemle mesajlasirken cok geriliyorum,1,2024-08-01T22:22:24Z,StrayKids_ChkChkBoom
0P0aQreFs8w,70M COMING SOON,2,2024-08-01T22:22:20Z,StrayKids_ChkChkBoom
0P0aQreFs8w,62.258 M,1,2024-08-01T22:22:18Z,StrayKids_ChkChkBoom
0P0aQreFs8w,62 m,0,2024-08-01T22:19:27Z,StrayKids_ChkChkBoom
0P0aQreFs8w,omg this is my favorite enhypen mv EVER!,0,2024-08-01T22:19:14Z,StrayKids_ChkChkBoom
0P0aQreFs8w,epicnida cok havali,0,2024-08-01T22:18:43Z,StrayKids_ChkChkBoom
0P0aQreFs8w,Didn’t JYP give they ADs?,0,2024-08-01T22:14:15Z,StrayKids_ChkChkBoom
0P0aQreFs8w,woooooow stary kids bangchang chanbin lee know han hyunjin sungmin felix In ı love the song so much  and ı love you 8th and I am 11 years old  my birthday is 28 August    I love you guys you are so cool and a cute and handsome,0,2024-08-01T22:12:47Z,StrayKids_ChkChkBoom
0P0aQreFs8w,Reno oyundan çıkınca savaş günlüğünde sadece bir kısma kadar bakılabiliyormuş sayamadım 😓,0,2024-08-01T22:09:45Z,StrayKids_ChkChkBoom
0P0aQreFs8w,blue lock 19. cildin ingilizcesini hicbir yerde bulamiyorum aglicam,0,2024-08-01T22:09:42Z,StrayKids_ChkChkBoom
0P0aQreFs8w,Yesterday I spent the whole day listening to this song on STAY day kskqjqkak,3,2024-08-01T22:09:33Z,StrayKids_ChkChkBoom
0P0aQreFs8w,STRAY KIDS WORLD DOMINATION,10,2024-08-01T22:09:26Z,StrayKids_ChkChkBoom
0P0aQreFs8w,@itemiatethem nerdesın ıkı gozum❤❤❤😘😘🥰🥰😍😍,0,2024-08-01T22:06:55Z,StrayKids_ChkChkBoom
0P0aQreFs8w,Nasilsiniz bayanlar(beyler yarrami yesin),1,2024-08-01T22:05:27Z,StrayKids_ChkChkBoom
0P0aQreFs8w,iyigecelerrrrr,1,2024-08-01T22:03:56Z,StrayKids_ChkChkBoom
0P0aQreFs8w,Viciante!!!,2,2024-08-01T22:03:11Z,StrayKids_ChkChkBoom
0P0aQreFs8w,ALMINA YINE NERDESIN AMINA KOIM,0,2024-08-01T22:02:20Z,StrayKids_ChkChkBoom
0P0aQreFs8w,Vamos por los 63M stay no bajen el strim!!!,1,2024-08-01T22:00:53Z,StrayKids_ChkChkBoom
0P0aQreFs8w,nys bb,1,2024-08-01T21:59:06Z,StrayKids_ChkChkBoom
0P0aQreFs8w,"these bros literally saved this summer.🙏🏻
 that’s why the song has a special aura, and when you hear it, you immediately want to dance.🤲🏻
 let's get to 100 million!)",6,2024-08-01T21:58:44Z,StrayKids_ChkChkBoom
0P0aQreFs8w,Stray kids world domination!! :),3,2024-08-01T21:57:38Z,StrayKids_ChkChkBoom
0P0aQreFs8w,OFLAMAYİN,2,2024-08-01T21:56:22Z,StrayKids_ChkChkBoom
0P0aQreFs8w,öf,0,2024-08-01T21:55:55Z,StrayKids_ChkChkBoom
0P0aQreFs8w,Cecilia was the first to go,0,2024-08-01T21:54:28Z,StrayKids_ChkChkBoom
0P0aQreFs8w,YALLLL GOT RYAN REINOLDS,1,2024-08-01T21:50:21Z,StrayKids_ChkChkBoom
0P0aQreFs8w,la cancion del añooo,1,2024-08-01T21:50:09Z,StrayKids_ChkChkBoom
0P0aQreFs8w,herhangi1,0,2024-08-01T21:49:49Z,StrayKids_ChkChkBoom
0P0aQreFs8w,Merhabaa,1,2024-08-01T21:49:36Z,StrayKids_ChkChkBoom
0P0aQreFs8w,of chan cok atwslisin,0,2024-08-01T21:48:12Z,StrayKids_ChkChkBoom
0P0aQreFs8w,Stray Kids music videos are addictive. 😍🤩,9,2024-08-01T21:48:06Z,StrayKids_ChkChkBoom
0P0aQreFs8w,yasemij nerelerdesin😡😡😡 özledim seni nasilsin 🫂🤏🏻,0,2024-08-01T21:47:28Z,StrayKids_ChkChkBoom
0P0aQreFs8w,telefonumda yt music varmis yeni fark ettim,0,2024-08-01T21:46:43Z,StrayKids_ChkChkBoom
0P0aQreFs8w,soty,2,2024-08-01T21:45:03Z,StrayKids_ChkChkBoom
0P0aQreFs8w,should I stay or should I go 😭🤏🏻,0,2024-08-01T21:44:13Z,StrayKids_ChkChkBoom
0P0aQreFs8w,HAYIR ELEVEN YA DA WILL OLEMEZ AMA TEORILER MIKEIN OLECEGINI BAS BAS BAĞIRIYOR MIKE OLURSE AGLARIM AMA STEVE DE BÜYÜK IHTIMALLE OLECEKMIS AMA UMARIM OLMEZ YOKSA DEPRESYONE HIRERIM AMA EN COK OLMASINI ISTEDIGIM SEY EDDIENIN GERI GELMESI 🫂,0,2024-08-01T21:42:11Z,StrayKids_ChkChkBoom
0P0aQreFs8w,ya,0,2024-08-01T21:38:51Z,StrayKids_ChkChkBoom
0P0aQreFs8w,stranger things yeni sezonu seneye mi geliyor,0,2024-08-01T21:38:43Z,StrayKids_ChkChkBoom
0P0aQreFs8w,profilim cok guzel degil mi ya,0,2024-08-01T21:38:39Z,StrayKids_ChkChkBoom
0P0aQreFs8w,"I love you Stray Kids, I just want to say this is an awesome comeback and you all blew our minds especially me. You never disappoint ❤😂",1,2024-08-01T21:37:17Z,StrayKids_ChkChkBoom
0P0aQreFs8w,ladies and gentlemen,0,2024-08-01T21:36:59Z,StrayKids_ChkChkBoom
0P0aQreFs8w,slm bu arqda,0,2024-08-01T21:35:59Z,StrayKids_ChkChkBoom
0P0aQreFs8w,bn ne zaman iyilescem aqQ,0,2024-08-01T21:35:53Z,StrayKids_ChkChkBoom
0P0aQreFs8w,"ryan siendo rechazado por los xmen, por los avengers y por skz JAJAJA",1,2024-08-01T21:34:46Z,StrayKids_ChkChkBoom
0P0aQreFs8w,piyanist bana bırak 🎹^᪲᪲᪲,0,2024-08-01T21:34:29Z,StrayKids_ChkChkBoom
0P0aQreFs8w,selamm,0,2024-08-01T21:31:18Z,StrayKids_ChkChkBoom
0P0aQreFs8w,naber,0,2024-08-01T21:31:11Z,StrayKids_ChkChkBoom
0P0aQreFs8w,off,0,2024-08-01T21:30:59Z,StrayKids_ChkChkBoom
0P0aQreFs8w,✮,1,2024-08-01T21:28:43Z,StrayKids_ChkChkBoom
0P0aQreFs8w,Chk chk Boom,1,2024-08-01T21:28:40Z,StrayKids_ChkChkBoom
0P0aQreFs8w,I'm streaming while I do skincare HAHAHA,2,2024-08-01T21:28:14Z,StrayKids_ChkChkBoom
0P0aQreFs8w,Hesap mı değiştirdiniz la ben üç kişi dışında diğerlerini bilemedim,0,2024-08-01T21:27:03Z,StrayKids_ChkChkBoom
0P0aQreFs8w,Moralim yine gece gece bozuk lan hadi mutlu olalım awıınna,0,2024-08-01T21:25:48Z,StrayKids_ChkChkBoom
0P0aQreFs8w,not düşün ben gidince reno geldi.,0,2024-08-01T21:25:47Z,StrayKids_ChkChkBoom
0P0aQreFs8w,selamun aleykum,0,2024-08-01T21:24:10Z,StrayKids_ChkChkBoom
0P0aQreFs8w,No me Puedo sacar esta canción de la mente,1,2024-08-01T21:23:36Z,StrayKids_ChkChkBoom
0P0aQreFs8w,Not only did they eat this up but Ryan fooled us,0,2024-08-01T21:23:29Z,StrayKids_ChkChkBoom
0P0aQreFs8w,görüşürüz gitmem lazım.,0,2024-08-01T21:23:17Z,StrayKids_ChkChkBoom
0P0aQreFs8w,"Even after 13 days, I still continue to listen without getting bored. You made a legendary song Skz",2,2024-08-01T21:21:11Z,StrayKids_ChkChkBoom
0P0aQreFs8w,slm,0,2024-08-01T21:19:37Z,StrayKids_ChkChkBoom
0P0aQreFs8w,This song is the best song I've ever heard,3,2024-08-01T21:18:48Z,StrayKids_ChkChkBoom
0P0aQreFs8w,star abla niye hep depresifsin sana abla diyorum diye mi yoksa,0,2024-08-01T21:18:14Z,StrayKids_ChkChkBoom
0P0aQreFs8w,Ay domino,1,2024-08-01T21:17:04Z,StrayKids_ChkChkBoom
0P0aQreFs8w,"Jalem no se desanimen 
Que hoy cumple años stay",0,2024-08-01T21:14:48Z,StrayKids_ChkChkBoom
0P0aQreFs8w,turkce de ıstırmak diye bir kelime mi varmis,0,2024-08-01T21:14:22Z,StrayKids_ChkChkBoom
0P0aQreFs8w,🫂,0,2024-08-01T21:12:48Z,StrayKids_ChkChkBoom
0P0aQreFs8w,"ATEEEEEEE, DEVORARONNNN 🗣️🫦🫦🫦",3,2024-08-01T21:08:30Z,StrayKids_ChkChkBoom
0P0aQreFs8w,1:36 Changbin,0,2024-08-01T21:08:20Z,StrayKids_ChkChkBoom
0P0aQreFs8w,1:07 Hyunjin,1,2024-08-01T21:07:28Z,StrayKids_ChkChkBoom
0P0aQreFs8w,✴︎,0,2024-08-01T21:06:15Z,StrayKids_ChkChkBoom
0P0aQreFs8w,Saat 00:00  geçtiğine göre kendime doğum günü hediyesi olarak bu şarkıyı seçiyorum,0,2024-08-01T21:03:37Z,StrayKids_ChkChkBoom
0P0aQreFs8w,OMG SOO COOL,1,2024-08-01T21:03:22Z,StrayKids_ChkChkBoom
0P0aQreFs8w,STRAY KIDS ATEEEEEEEE,2,2024-08-01T21:03:12Z,StrayKids_ChkChkBoom
0P0aQreFs8w,Pensaron en las tercermundistas y tenemos link del lolla aaaaa,1,2024-08-01T21:01:32Z,StrayKids_ChkChkBoom
0P0aQreFs8w,definitivamente se lucieron con este regreso :),2,2024-08-01T21:01:05Z,StrayKids_ChkChkBoom
0P0aQreFs8w,👑👑👑👑👑👑👑👑,0,2024-08-01T21:00:50Z,StrayKids_ChkChkBoom
0P0aQreFs8w,"62,171M",1,2024-08-01T20:59:29Z,StrayKids_ChkChkBoom
0P0aQreFs8w,Amazing you guys! Loved it,0,2024-08-01T20:58:04Z,StrayKids_ChkChkBoom
0P0aQreFs8w,we need points for more mushows please remember and don't give up,3,2024-08-01T20:56:46Z,StrayKids_ChkChkBoom
0P0aQreFs8w,SLASYSJJSJXJXJXSLAY,0,2024-08-01T20:54:32Z,StrayKids_ChkChkBoom
0P0aQreFs8w,goethe'e göre de ask zaman kaybindan baska bir sey degilmis,0,2024-08-01T20:53:39Z,StrayKids_ChkChkBoom
0P0aQreFs8w,Nunca he sido tan fan como lo soy de skz. Son increíbles.,2,2024-08-01T20:52:56Z,StrayKids_ChkChkBoom
0P0aQreFs8w,misa unutabildin mi okul degistirince,0,2024-08-01T20:50:29Z,StrayKids_ChkChkBoom
0P0aQreFs8w,AINT NO ONE LIKE STRAY KIDS PERIOD,2,2024-08-01T20:49:04Z,StrayKids_ChkChkBoom
0P0aQreFs8w,"OMG, the spanish!!?!? The Ryan cameo!?!? ATE",4,2024-08-01T20:48:11Z,StrayKids_ChkChkBoom
0P0aQreFs8w,ofsenaof,0,2024-08-01T20:47:42Z,StrayKids_ChkChkBoom
0P0aQreFs8w,0:02 💛,0,2024-08-01T20:47:36Z,StrayKids_ChkChkBoom
0P0aQreFs8w,en uzun ask karisilikli olmayan askmis,0,2024-08-01T20:47:22Z,StrayKids_ChkChkBoom
0P0aQreFs8w,2:48 ❤,0,2024-08-01T20:47:11Z,StrayKids_ChkChkBoom
0P0aQreFs8w,❤💛,0,2024-08-01T20:46:46Z,StrayKids_ChkChkBoom
0P0aQreFs8w,Simply incredible ❤,2,2024-08-01T20:45:27Z,StrayKids_ChkChkBoom
0P0aQreFs8w,Can’t get over this mv….. i love it,3,2024-08-01T20:45:06Z,StrayKids_ChkChkBoom
0P0aQreFs8w,"Los amo skz , sin ustedes me muero 😭🗣️‼️",3,2024-08-01T20:43:35Z,StrayKids_ChkChkBoom
0P0aQreFs8w,❤🔥🔥,2,2024-08-01T20:43:16Z,StrayKids_ChkChkBoom
0P0aQreFs8w,"0:31 Stray kids secret boyfriends
I think they cute but I’m so sad 

https://youtu.be/rGx6BqCKbqg?si=GN1JuAqzkUaRHhhE",1,2024-08-01T20:42:26Z,StrayKids_ChkChkBoom
0P0aQreFs8w,tin tin TINTINTINTIN chk chk boom,1,2024-08-01T20:38:09Z,StrayKids_ChkChkBoom
0P0aQreFs8w,"Podremos llegar a 100M al mes ? 
Si se puede stay",4,2024-08-01T20:36:18Z,StrayKids_ChkChkBoom
0P0aQreFs8w,gunes açıl paran ile çiçek falanda al sevdiğini söyle.,1,2024-08-01T20:32:17Z,StrayKids_ChkChkBoom
0P0aQreFs8w,"Song is bang on not their boiled faces, doesn't look normal Korean.   Are they representing Korea with over makeup shit. Toxic culture it seems",0,2024-08-01T20:29:19Z,StrayKids_ChkChkBoom
0P0aQreFs8w,I love how the word catastrophic sounds we don't hear it often so it's even more impactful in a song,2,2024-08-01T20:28:54Z,StrayKids_ChkChkBoom
0P0aQreFs8w,#gidecekyerinyokmisa,0,2024-08-01T20:27:48Z,StrayKids_ChkChkBoom
0P0aQreFs8w,tekrar merhaba,0,2024-08-01T20:26:38Z,StrayKids_ChkChkBoom
0P0aQreFs8w,İn 2.59 he said do you need an older groupmate?İ think they mean there is a new groupmate is can came in stray kids?guys pls ı can be .... just say it what it means or thats a joke?,0,2024-08-01T20:26:20Z,StrayKids_ChkChkBoom
0P0aQreFs8w,"62,136M",0,2024-08-01T20:25:23Z,StrayKids_ChkChkBoom
0P0aQreFs8w,K pop is taking over for the right reasons,0,2024-08-01T20:25:18Z,StrayKids_ChkChkBoom
0P0aQreFs8w,gunes sevdifin kimmis kim laf atti,0,2024-08-01T20:21:25Z,StrayKids_ChkChkBoom
0P0aQreFs8w,"Stray kids thank you for everything you do for us
Channie thanks to make our beautiful name
Minho thanks for your good job
Binnie thanks for the power the effort
Hyunnie thanks for the emotional feelings
Hannie thanks for your songs your lyrics for your smile
Lixi thanks our sunshine for your sweet messages
Minnie thanks for your diamond voice and your support for us
innie thanks for telling us the beautiful words your smile in stag your cutest face
WE love you our 8 moon",4,2024-08-01T20:20:04Z,StrayKids_ChkChkBoom
0P0aQreFs8w,puf,0,2024-08-01T20:16:19Z,StrayKids_ChkChkBoom
0P0aQreFs8w,STRAY KIDS 4 GEN. LEADERS,1,2024-08-01T20:15:29Z,StrayKids_ChkChkBoom
0P0aQreFs8w,Happy anniversary my dear STAY and every year we and our members are together be well and take care of you selves ilove you I'm proud of you STAYYYYY,4,2024-08-01T20:15:12Z,StrayKids_ChkChkBoom
0P0aQreFs8w,62.1,0,2024-08-01T20:14:07Z,StrayKids_ChkChkBoom
0P0aQreFs8w,çok,0,2024-08-01T20:12:34Z,StrayKids_ChkChkBoom
0P0aQreFs8w,Alcancemos esos 65 millones pronto!!!,5,2024-08-01T20:11:50Z,StrayKids_ChkChkBoom
0P0aQreFs8w,ben geldim ama gidiyoeum,0,2024-08-01T20:10:09Z,StrayKids_ChkChkBoom
0P0aQreFs8w,I’M ADDICTED TO THISSSNKDKDN,5,2024-08-01T20:09:17Z,StrayKids_ChkChkBoom
0P0aQreFs8w,"Merhaba, görüşürüz.",0,2024-08-01T20:08:30Z,StrayKids_ChkChkBoom
0P0aQreFs8w,"I love them, I love them, they are my life, May it be eternal ATE
Me muero hablaron español",1,2024-08-01T20:08:27Z,StrayKids_ChkChkBoom
0P0aQreFs8w,121k,0,2024-08-01T20:07:17Z,StrayKids_ChkChkBoom
0P0aQreFs8w,Stray kids world domination!,0,2024-08-01T20:06:51Z,StrayKids_ChkChkBoom
0P0aQreFs8w,Tropa dos BR ----->😮,0,2024-08-01T20:06:27Z,StrayKids_ChkChkBoom
0P0aQreFs8w,STAYS KEEP STR3AM1NG UNTIL 70M!! WE'RE THERE SOON,4,2024-08-01T19:58:31Z,StrayKids_ChkChkBoom
0P0aQreFs8w,Boom boom,0,2024-08-01T19:57:16Z,StrayKids_ChkChkBoom
0P0aQreFs8w,Boom boom,0,2024-08-01T19:56:59Z,StrayKids_ChkChkBoom
0P0aQreFs8w,I still cant believe how well Skz have done... from Gods Dududu thats Deadpool themed to having Deadpool and Wolverine in their MV... Im so proud,2,2024-08-01T19:56:49Z,StrayKids_ChkChkBoom
0P0aQreFs8w,"Ay tan lindo Ryan , gracias por todo ❤",0,2024-08-01T19:55:59Z,StrayKids_ChkChkBoom
0P0aQreFs8w,ATEEE,1,2024-08-01T19:55:33Z,StrayKids_ChkChkBoom
0P0aQreFs8w,62M,1,2024-08-01T19:52:26Z,StrayKids_ChkChkBoom
0P0aQreFs8w,Suit with green vest giving LOKIIII (sorry they’re all moving too fast for me to see who it is) 1:36 💚,0,2024-08-01T19:51:38Z,StrayKids_ChkChkBoom
0P0aQreFs8w,ceylis nbrr 💞💞,0,2024-08-01T19:50:38Z,StrayKids_ChkChkBoom
0P0aQreFs8w,Platinum blond Felix is giving major Hector from Castlevania vibes at 1:33 🤍🥹🩵,1,2024-08-01T19:48:08Z,StrayKids_ChkChkBoom
0P0aQreFs8w,❤️‍🔥STRAY KIDS ON FAIR!❤️‍🔥,0,2024-08-01T19:46:56Z,StrayKids_ChkChkBoom
0P0aQreFs8w,Stray Kids made revolutionary special amazing albums!!!,1,2024-08-01T19:45:15Z,StrayKids_ChkChkBoom
0P0aQreFs8w,vi amo un sacco raga siete i migliori!,1,2024-08-01T19:40:54Z,StrayKids_ChkChkBoom
0P0aQreFs8w,FELIX VOICE UGHH🫠HE'S SOO HOT IN THIS VIDEO,0,2024-08-01T19:40:45Z,StrayKids_ChkChkBoom
0P0aQreFs8w,Ugh they songs just be so damn good,0,2024-08-01T19:39:07Z,StrayKids_ChkChkBoom
0P0aQreFs8w,Comentaré cada q vea este video,0,2024-08-01T19:37:18Z,StrayKids_ChkChkBoom
0P0aQreFs8w,"Danceracha outdid themselfs this time, i cant believe such talented People exist. Rap line, and vocals? What is goin on??!!! How?",1,2024-08-01T19:37:16Z,StrayKids_ChkChkBoom
0P0aQreFs8w,Eles ATE,0,2024-08-01T19:37:12Z,StrayKids_ChkChkBoom
0P0aQreFs8w,"OMG THIS MV GOT ME SOO EMOTIONAL, LIKE THE END OF MV. DAMNNN",0,2024-08-01T19:36:15Z,StrayKids_ChkChkBoom
0P0aQreFs8w,"""Me comí demasiadas victorias, estoy lleno"" Dios, que icónico.",1,2024-08-01T19:35:45Z,StrayKids_ChkChkBoom
0P0aQreFs8w,THIS IS CHEF KISS,1,2024-08-01T19:33:30Z,StrayKids_ChkChkBoom
0P0aQreFs8w,hic tanidik yok nfrt edyrm hpnzdn.,0,2024-08-01T19:30:51Z,StrayKids_ChkChkBoom
0P0aQreFs8w,You are best,0,2024-08-01T19:29:45Z,StrayKids_ChkChkBoom
0P0aQreFs8w,It's so good amazing well done stray kids i came to support my fellow stays  well now going back to brought the heat back being engene😅,2,2024-08-01T19:28:22Z,StrayKids_ChkChkBoom
0P0aQreFs8w,"Bcs this cheap trick is so obv. If they are here to stream then just silently stream instead of flaunting that they are not their fan but just working as a charity. Idk if you know it but its some fandoms begging other active group fandoms for views ""JuSt bcS tHEy hElPeD thEm sTr3aM"" and also bcs xyz group only get successful bcs ""OtHer fAndOmS weRe hElpInG tHem"" its like a tricking mafia behind it. If you are a new stan you would understand this whole scenario after lots of these types of comments. Hope you understand what im trying to say",4,2024-08-01T19:25:09Z,StrayKids_ChkChkBoom
0P0aQreFs8w,Happy STAY day for the last time today y'all!!,3,2024-08-01T19:23:44Z,StrayKids_ChkChkBoom
0P0aQreFs8w,Back here after watching the Stray Kids MV cause my heart can't take it. They have grown so much. I am so proud of them! Happy STAY day for the last time today y'all! Logging off after this.,6,2024-08-01T19:22:00Z,StrayKids_ChkChkBoom
0P0aQreFs8w,Que lindos 😍,0,2024-08-01T19:21:50Z,StrayKids_ChkChkBoom
0P0aQreFs8w,Perfeitos demais,2,2024-08-01T19:21:15Z,StrayKids_ChkChkBoom
0P0aQreFs8w,Boommm,0,2024-08-01T19:17:08Z,StrayKids_ChkChkBoom
0P0aQreFs8w,a freakin' bombshell,0,2024-08-01T19:17:07Z,StrayKids_ChkChkBoom
0P0aQreFs8w,How could anyone beat Stray kids,0,2024-08-01T19:16:34Z,StrayKids_ChkChkBoom
0P0aQreFs8w,I love this song,0,2024-08-01T19:15:33Z,StrayKids_ChkChkBoom
0P0aQreFs8w,"BENİMLE EVLEN MİNHO LÜTFEN
MARRY ME MINHO PLEASE",2,2024-08-01T19:14:59Z,StrayKids_ChkChkBoom
0P0aQreFs8w,70 million views let's goooooooooooooo. let's get them a win💞,2,2024-08-01T19:11:32Z,StrayKids_ChkChkBoom
0P0aQreFs8w,CHANGBIN YOU KILLED ME.,1,2024-08-01T19:11:27Z,StrayKids_ChkChkBoom
0P0aQreFs8w,Stray kids handsome perceft mv and my bias Jeongin❤,0,2024-08-01T19:10:15Z,StrayKids_ChkChkBoom
0P0aQreFs8w,Vamos galerinha....,0,2024-08-01T19:09:20Z,StrayKids_ChkChkBoom
0P0aQreFs8w,Soon YouTube will be blocked in Russia😭😭😭😭😭😭,1,2024-08-01T19:08:31Z,StrayKids_ChkChkBoom
0P0aQreFs8w,Stray kids leaders of the fourth generation 😍,1,2024-08-01T19:07:59Z,StrayKids_ChkChkBoom
0P0aQreFs8w,Do a Collab with jyp please❤❤,1,2024-08-01T19:06:59Z,StrayKids_ChkChkBoom
0P0aQreFs8w,"our boys grow up well, STAY❤",1,2024-08-01T19:06:22Z,StrayKids_ChkChkBoom
0P0aQreFs8w,❤❤,0,2024-08-01T19:04:20Z,StrayKids_ChkChkBoom
0P0aQreFs8w,everytime i watch Stray Kids MV 😭,0,2024-08-01T18:59:59Z,StrayKids_ChkChkBoom
0P0aQreFs8w,I might be stupid but does CCB news stand for CHK CHK BOOK news 😀 coz I only know BBC news,7,2024-08-01T18:57:03Z,StrayKids_ChkChkBoom
0P0aQreFs8w,"Me encanto, 🤩🤩 cantan re bien mis hermosos 😻",0,2024-08-01T18:56:46Z,StrayKids_ChkChkBoom
0P0aQreFs8w,Amooooo,0,2024-08-01T18:55:05Z,StrayKids_ChkChkBoom
0P0aQreFs8w,Hyunjin and leeknow last part is one for tge history,1,2024-08-01T18:54:39Z,StrayKids_ChkChkBoom
0P0aQreFs8w,Benim mümin gardaşım nerde,0,2024-08-01T18:53:47Z,StrayKids_ChkChkBoom
0P0aQreFs8w,Por q cuando reproduzco el vídeo me lo pone como su fuera mix,0,2024-08-01T18:51:05Z,StrayKids_ChkChkBoom
0P0aQreFs8w,"Davam davam stay,həvəsdən düşmürük.70 milyona doğru irəli.",2,2024-08-01T18:50:18Z,StrayKids_ChkChkBoom
0P0aQreFs8w,Ben geldimm,0,2024-08-01T18:49:38Z,StrayKids_ChkChkBoom
0P0aQreFs8w,"41k. Happy 62million <3
Goodnight, Stay ~
Jensetter here!♡
Spot x Chk Chk Boom",3,2024-08-01T18:48:30Z,StrayKids_ChkChkBoom
0P0aQreFs8w,Han ❤❤❤❤❤❤❤❤❤,1,2024-08-01T18:47:18Z,StrayKids_ChkChkBoom
0P0aQreFs8w,Good evening 😂😂,0,2024-08-01T18:46:52Z,StrayKids_ChkChkBoom
0P0aQreFs8w,hermosisimo saludos desde España,0,2024-08-01T18:45:19Z,StrayKids_ChkChkBoom
0P0aQreFs8w,"Seungmin, you have the best smile, so take a picture like before, please, she's beautiful.The haters who say that Seungmin has a crooked smile are fools, they don't deserve to be human.So Seungmin ignore them, you and your smile are the best❤️❤️❤️❤️❤️❤️❤️❤️❤️❤️❤️❤️❤️❤️❤️❤️❤️❤️❤️❤️❤️❤️❤️❤️❤️❤️❤️🔥❤️❤️❤️❤️🔥❤️❤️🔥❤️💖💓💗💘💘💓💓💖💝💝💖💗💓❤️🔥❤️🩹❣️💕💞❣️❤️🩹❤️🔥❣️💕💕❤️🩹❤️🔥❤️🩹❤️🩹❤️🩹❤️🔥❤️🔥❤️🔥❤️🩹❤️🩹❤️🩹❤️🔥❤️💓❤️💓❤️💓💓❤️💓❤️💓❤️💓❤️💓❤️❤️💓❤️💓❤️💓❤️💓❤️💓❤️❤️❤️❤️❤️💗💗💗💗💗💗💗💗💗💗💗💗💗💖💖💗💖💗💗💖💗💖💗💖💗💗💗💗💗💖💗💗💗💖💗💗❤️🔥❤️🩹❤️🩹❤️🩹❤️🔥💜❤️❤️💜❤️❤️❤️💜❤️❤️💜💓💗💜💓💜💓💗❤️💗❤️💗❤️💗❤️❤️❤️❤️❤️💓💓💓💓💟💟💟💟💟💟💓❤️💓❤️💓❤️💓❤️❤️❤️💓❤️❤️❤️💓❤️💓❤️💓❤️💓❤️💓❤️💗❤️❤️💓❤️💗❤️💓❤️💓💗❤️💓💓💖💖💗💓💗💗💓💗💖💓💓❤️❤️❤️❤️❤️❤️❤️❤️❤️❤️❤️❤️❤️❤️❤️❤️❤️",0,2024-08-01T18:45:16Z,StrayKids_ChkChkBoom
0P0aQreFs8w,"62,038M",0,2024-08-01T18:42:41Z,StrayKids_ChkChkBoom
0P0aQreFs8w,u did great,0,2024-08-01T18:42:33Z,StrayKids_ChkChkBoom
0P0aQreFs8w,øhh,0,2024-08-01T18:41:28Z,StrayKids_ChkChkBoom
0P0aQreFs8w,❤❤❤❤❤,0,2024-08-01T18:41:27Z,StrayKids_ChkChkBoom
0P0aQreFs8w,Aç birine başka av bul denmez kırıcı ...,0,2024-08-01T18:41:24Z,StrayKids_ChkChkBoom
0P0aQreFs8w,Boom boom chk chk... BOOM surpassed 62M!🎯👌🤗,0,2024-08-01T18:39:42Z,StrayKids_ChkChkBoom
0P0aQreFs8w,"I am utterly and completely obsessed with this video and song. 
God’s Menu you finally have a competitor for 1st place in my heart.",8,2024-08-01T18:38:58Z,StrayKids_ChkChkBoom
0P0aQreFs8w,bana ilac lazim,0,2024-08-01T18:38:23Z,StrayKids_ChkChkBoom
0P0aQreFs8w,😮😮😮,0,2024-08-01T18:35:39Z,StrayKids_ChkChkBoom
0P0aQreFs8w,Felices 62,2,2024-08-01T18:34:27Z,StrayKids_ChkChkBoom
0P0aQreFs8w,Acemi ???,0,2024-08-01T18:33:21Z,StrayKids_ChkChkBoom
0P0aQreFs8w,mfik nerelerde,0,2024-08-01T18:31:46Z,StrayKids_ChkChkBoom
0P0aQreFs8w,La parte de changbin es la MEJOR🌟🌟,2,2024-08-01T18:30:30Z,StrayKids_ChkChkBoom
0P0aQreFs8w,Siparişimi verdim gidiyorum gelirim bi ara o zamana kadar avımı bul,0,2024-08-01T18:29:17Z,StrayKids_ChkChkBoom
0P0aQreFs8w,💞💞,0,2024-08-01T18:29:00Z,StrayKids_ChkChkBoom
0P0aQreFs8w,off,0,2024-08-01T18:28:39Z,StrayKids_ChkChkBoom
0P0aQreFs8w,Çok kaşındın,0,2024-08-01T18:26:35Z,StrayKids_ChkChkBoom
0P0aQreFs8w,👻,0,2024-08-01T18:26:27Z,StrayKids_ChkChkBoom
0P0aQreFs8w,Boom  boom.   Chk. Chk❤❤❤❤.   Boom,0,2024-08-01T18:24:37Z,StrayKids_ChkChkBoom
0P0aQreFs8w,"Okk more like for ""ATE"" plsss guyss❤❤❤❤",0,2024-08-01T18:24:17Z,StrayKids_ChkChkBoom
0P0aQreFs8w,Stray kids your amazing,1,2024-08-01T18:23:56Z,StrayKids_ChkChkBoom
0P0aQreFs8w,NEYSE BAY BAG ÖPTUMMM BEN HANNAH VLOG İZLİYCEM (ESKİLER COK SARIYO ),0,2024-08-01T18:23:24Z,StrayKids_ChkChkBoom
0P0aQreFs8w,❤,0,2024-08-01T18:23:09Z,StrayKids_ChkChkBoom
0P0aQreFs8w,8 millones más,0,2024-08-01T18:23:07Z,StrayKids_ChkChkBoom
0P0aQreFs8w,Bu teklifini bulduğun ava göre değerlendiricem,0,2024-08-01T18:21:54Z,StrayKids_ChkChkBoom
0P0aQreFs8w,Merecedores de tudoooo,1,2024-08-01T18:20:32Z,StrayKids_ChkChkBoom
0P0aQreFs8w,THIS REFERENCES😭😭 I LOVE YOU SKZZZ,1,2024-08-01T18:18:59Z,StrayKids_ChkChkBoom
0P0aQreFs8w,Me gustan todos los bts 😍😍😍😍😍😍😍🥰🥰,0,2024-08-01T18:18:32Z,StrayKids_ChkChkBoom
0P0aQreFs8w,Yt kendine gel,0,2024-08-01T18:18:11Z,StrayKids_ChkChkBoom
0P0aQreFs8w,SİCK OF THİS LİFE,1,2024-08-01T18:18:07Z,StrayKids_ChkChkBoom
0P0aQreFs8w,"Fantasy here. 
Bibora x IT IS LOVE x Chk chk boom",0,2024-08-01T18:17:57Z,StrayKids_ChkChkBoom
0P0aQreFs8w,why did this make me sob,0,2024-08-01T18:16:11Z,StrayKids_ChkChkBoom
0P0aQreFs8w,I arrived before a week aee chk chk boom😊,1,2024-08-01T18:15:38Z,StrayKids_ChkChkBoom
0P0aQreFs8w,Enam puluh dua juta :),0,2024-08-01T18:15:29Z,StrayKids_ChkChkBoom
0P0aQreFs8w,lee know soo hot,0,2024-08-01T18:15:18Z,StrayKids_ChkChkBoom
0P0aQreFs8w,DİG İN DEEPER,0,2024-08-01T18:14:25Z,StrayKids_ChkChkBoom
0P0aQreFs8w,Detpoll,0,2024-08-01T18:14:06Z,StrayKids_ChkChkBoom
0P0aQreFs8w,"BANG CHRISTOPHER CHAN LOOKING GOOD
DAMN U LOOK GOOD
edit thx so much for 1 like I liked it myself 😭
omg 3 likes in 5 secs????",2,2024-08-01T18:13:55Z,StrayKids_ChkChkBoom
0P0aQreFs8w,TREND 12 NE YA,0,2024-08-01T18:13:17Z,StrayKids_ChkChkBoom
0P0aQreFs8w,"Hablo español que lindooo , la vida loca 💞💞😍",0,2024-08-01T18:13:13Z,StrayKids_ChkChkBoom
0P0aQreFs8w,Küçük avım nerdeymiş,0,2024-08-01T18:12:48Z,StrayKids_ChkChkBoom
0P0aQreFs8w,CHAN,0,2024-08-01T18:11:00Z,StrayKids_ChkChkBoom
0P0aQreFs8w,I WANNA KNOW KNOW KNOW KNOW,0,2024-08-01T18:10:00Z,StrayKids_ChkChkBoom
0P0aQreFs8w,Daha yeni geldim ne ara spm yemişim,0,2024-08-01T18:09:24Z,StrayKids_ChkChkBoom
0P0aQreFs8w,Skzoo y el mv ???,0,2024-08-01T18:08:07Z,StrayKids_ChkChkBoom
0P0aQreFs8w,SELAMMMM,1,2024-08-01T18:07:51Z,StrayKids_ChkChkBoom
0P0aQreFs8w,မိုက်နေရော ခုမှMVကြည့်ဖစ်တယ်,0,2024-08-01T18:07:47Z,StrayKids_ChkChkBoom
0P0aQreFs8w,La vida es bien loc@ con Skz,0,2024-08-01T18:07:39Z,StrayKids_ChkChkBoom
0P0aQreFs8w,COOLEST MV EVER,0,2024-08-01T18:07:28Z,StrayKids_ChkChkBoom
0P0aQreFs8w,I love you bangchan i wish i could get an autograph from you i wish😢❤,0,2024-08-01T18:07:26Z,StrayKids_ChkChkBoom
0P0aQreFs8w,So beautiful🙂🥺,0,2024-08-01T18:07:15Z,StrayKids_ChkChkBoom
0P0aQreFs8w,Boom Boom ratatata Boom!!!,0,2024-08-01T18:06:52Z,StrayKids_ChkChkBoom
0P0aQreFs8w,la vida loca,0,2024-08-01T18:06:33Z,StrayKids_ChkChkBoom
0P0aQreFs8w,you can feel how much effort they spent on each comeback and this one they ATE for realll,1,2024-08-01T18:05:16Z,StrayKids_ChkChkBoom
0P0aQreFs8w,Rio avım ol,0,2024-08-01T18:04:31Z,StrayKids_ChkChkBoom
0P0aQreFs8w,Pastamiz oldu stayy afiyet olsunn,0,2024-08-01T18:04:29Z,StrayKids_ChkChkBoom
0P0aQreFs8w,My first time watching this👁👄👁💅💅💅💅💅,0,2024-08-01T18:04:11Z,StrayKids_ChkChkBoom
0P0aQreFs8w,🔥,0,2024-08-01T18:01:58Z,StrayKids_ChkChkBoom
0P0aQreFs8w,Even youtube thinks this shit ATE!!!! 🔥🔥🔥🔥🔥🩷🩷🩷🩷🩷🩷,0,2024-08-01T18:01:13Z,StrayKids_ChkChkBoom
0P0aQreFs8w,"Çok konuşma avım olursun 
(Anladı o kişi)",0,2024-08-01T18:00:09Z,StrayKids_ChkChkBoom
0P0aQreFs8w,62M !!!,0,2024-08-01T17:57:51Z,StrayKids_ChkChkBoom
0P0aQreFs8w,0:46,0,2024-08-01T17:56:58Z,StrayKids_ChkChkBoom
0P0aQreFs8w,0:45,0,2024-08-01T17:56:38Z,StrayKids_ChkChkBoom
0P0aQreFs8w,This music video is insane. I can't get enough of it,2,2024-08-01T17:56:28Z,StrayKids_ChkChkBoom
0P0aQreFs8w,yalan soyleme,0,2024-08-01T17:55:59Z,StrayKids_ChkChkBoom
0P0aQreFs8w,1.15 bu cocuk bir harika,0,2024-08-01T17:55:38Z,StrayKids_ChkChkBoom
0P0aQreFs8w,"Filling up my truck yeah you want that riiiiiiiide ❤❤❤❤ Boom
Hit you like a truck I'mma make you flyyyyy   💓💓💓",0,2024-08-01T17:55:34Z,StrayKids_ChkChkBoom
0P0aQreFs8w,Yemek yerken ısırdım arkadaşlar yanlış yerlere çekmeyin,0,2024-08-01T17:54:26Z,StrayKids_ChkChkBoom
0P0aQreFs8w,ADDICTIVE,1,2024-08-01T17:54:23Z,StrayKids_ChkChkBoom
0P0aQreFs8w,Lets make this 100M real quick,0,2024-08-01T17:54:22Z,StrayKids_ChkChkBoom
0P0aQreFs8w,hic yakismadi,0,2024-08-01T17:54:08Z,StrayKids_ChkChkBoom
0P0aQreFs8w,Bu niye hayla 100M değil:(,0,2024-08-01T17:54:07Z,StrayKids_ChkChkBoom
0P0aQreFs8w,ATEEEEEEE,0,2024-08-01T17:53:52Z,StrayKids_ChkChkBoom
0P0aQreFs8w,"Vengo después de escuchar Stray kids, la canción, muy bueno todo, maravilloso álbum!!",2,2024-08-01T17:52:44Z,StrayKids_ChkChkBoom
0P0aQreFs8w,aramizdada dudagini kanatanlar var artik ne yaptiysa🤨,0,2024-08-01T17:52:13Z,StrayKids_ChkChkBoom
0P0aQreFs8w,Aramız da fesatlar var,0,2024-08-01T17:51:20Z,StrayKids_ChkChkBoom
0P0aQreFs8w,rebeca vamooooo,0,2024-08-01T17:49:27Z,StrayKids_ChkChkBoom
0P0aQreFs8w,I'm gonna sleep now,0,2024-08-01T17:49:03Z,StrayKids_ChkChkBoom
0P0aQreFs8w,rio hala depresyondamisin,0,2024-08-01T17:48:50Z,StrayKids_ChkChkBoom
0P0aQreFs8w,"24 min qalıb,amma saatlar çəkəcək bilirəm.",1,2024-08-01T17:48:26Z,StrayKids_ChkChkBoom
0P0aQreFs8w,STRAY KIDS ARE THE BEST IN THE WORLD 🔥🌍,0,2024-08-01T17:48:15Z,StrayKids_ChkChkBoom
0P0aQreFs8w,"0:57 , 1:35 , 2:03  I'm just saving it for my self!!!!!",1,2024-08-01T17:48:05Z,StrayKids_ChkChkBoom
0P0aQreFs8w,Dudağım kanıyor,0,2024-08-01T17:47:34Z,StrayKids_ChkChkBoom
0P0aQreFs8w,i love it💫🌚,0,2024-08-01T17:47:22Z,StrayKids_ChkChkBoom
0P0aQreFs8w,news,0,2024-08-01T17:47:20Z,StrayKids_ChkChkBoom
0P0aQreFs8w,OHA LAN KİMSE YOK ORTAM NERDE,0,2024-08-01T17:46:48Z,StrayKids_ChkChkBoom
0P0aQreFs8w,"I WAS AFRAID OF WHAT THE SUMMER WOULD BE LIKE, BUT THEY ARE HERE!",0,2024-08-01T17:45:10Z,StrayKids_ChkChkBoom
0P0aQreFs8w,65 olsunds emeklioliyim,1,2024-08-01T17:44:40Z,StrayKids_ChkChkBoom
0P0aQreFs8w,💥💥💥💥,0,2024-08-01T17:44:37Z,StrayKids_ChkChkBoom
0P0aQreFs8w,"RAP, VOCALS, VISUAL, CHOREOGRAPHY AND MORE... WHY IS IT SO PERFECT?",1,2024-08-01T17:44:15Z,StrayKids_ChkChkBoom
0P0aQreFs8w,why does felix during changbin's rrrrrrra part gives me newton vibes like uhh what am i even saying #science student me but really the song is more attracting than gravity,0,2024-08-01T17:43:25Z,StrayKids_ChkChkBoom
0P0aQreFs8w,NO BECAUSE THIS THING WILL BE IN MY BRAIN FOREVER,0,2024-08-01T17:42:56Z,StrayKids_ChkChkBoom
0P0aQreFs8w,"No me canso de ver el video, esta GENIAL",0,2024-08-01T17:41:49Z,StrayKids_ChkChkBoom
0P0aQreFs8w,"ATE? NO, THEY SWALLOWED IT AND DID NOT LEAVE A CRUMB!",0,2024-08-01T17:41:07Z,StrayKids_ChkChkBoom
0P0aQreFs8w,"GOD, I'M FREAKING OUT",0,2024-08-01T17:39:25Z,StrayKids_ChkChkBoom
0P0aQreFs8w,LETS GOOOO,1,2024-08-01T17:39:02Z,StrayKids_ChkChkBoom
0P0aQreFs8w,The whole song is 10 but this part.....1:35,3,2024-08-01T17:37:18Z,StrayKids_ChkChkBoom
0P0aQreFs8w,hermanas lloré un montón,0,2024-08-01T17:36:54Z,StrayKids_ChkChkBoom
0P0aQreFs8w,This song 🥰,1,2024-08-01T17:36:40Z,StrayKids_ChkChkBoom
0P0aQreFs8w,1 Haftada 100mn olur dedigimiz sarki 13 gunde 60mnde takili kaldi yaw,3,2024-08-01T17:35:22Z,StrayKids_ChkChkBoom
0P0aQreFs8w,😮😊,0,2024-08-01T17:35:17Z,StrayKids_ChkChkBoom
0P0aQreFs8w,"Happy birthday, STAY 🎉❤",3,2024-08-01T17:33:51Z,StrayKids_ChkChkBoom
0P0aQreFs8w,Turk stayler backsrooma dustuler galiba,0,2024-08-01T17:33:20Z,StrayKids_ChkChkBoom
0P0aQreFs8w,BOOM!,2,2024-08-01T17:32:06Z,StrayKids_ChkChkBoom
0P0aQreFs8w,Super el temaaaaaa ameeew,1,2024-08-01T17:26:08Z,StrayKids_ChkChkBoom
0P0aQreFs8w,948k,2,2024-08-01T17:24:40Z,StrayKids_ChkChkBoom
0P0aQreFs8w,"Stay, let’s work hard for music core and inkiyago! We can win!!",2,2024-08-01T17:24:37Z,StrayKids_ChkChkBoom
0P0aQreFs8w,ccb,1,2024-08-01T17:18:09Z,StrayKids_ChkChkBoom
0P0aQreFs8w,Chk chk boom,1,2024-08-01T17:17:03Z,StrayKids_ChkChkBoom
0P0aQreFs8w,Come on 62Mヽ(*≧ω≦)ﾉ,3,2024-08-01T17:16:43Z,StrayKids_ChkChkBoom
0P0aQreFs8w,The most beautiful mv ever seen,4,2024-08-01T17:16:37Z,StrayKids_ChkChkBoom
0P0aQreFs8w,Support skz,2,2024-08-01T17:16:15Z,StrayKids_ChkChkBoom
0P0aQreFs8w,Nini,0,2024-08-01T17:16:06Z,StrayKids_ChkChkBoom
0P0aQreFs8w,Love ya,0,2024-08-01T17:16:05Z,StrayKids_ChkChkBoom
0P0aQreFs8w,rio yokmus bb,0,2024-08-01T17:15:30Z,StrayKids_ChkChkBoom
0P0aQreFs8w,selamm,0,2024-08-01T17:13:57Z,StrayKids_ChkChkBoom
0P0aQreFs8w,So close to 62 million,3,2024-08-01T17:13:37Z,StrayKids_ChkChkBoom
0P0aQreFs8w,61.9,1,2024-08-01T17:12:01Z,StrayKids_ChkChkBoom
0P0aQreFs8w,Eviten usar emojis,1,2024-08-01T17:10:02Z,StrayKids_ChkChkBoom
0P0aQreFs8w,🎉🎉🎉🎉🎉🎉,0,2024-08-01T17:09:02Z,StrayKids_ChkChkBoom
0P0aQreFs8w,stay no debemos parar hasta los 100M,4,2024-08-01T17:08:37Z,StrayKids_ChkChkBoom
0P0aQreFs8w,"Stray kids  kids everywhere All around the world you make stray kids stay 

Our life our choice our fandom our light our house our spark our hellavator our hug..our know...our dwekki...our jinnie...our quokka...our chicken..our puppy..our baby bread....our world whom we can't hurt ...if we r be there sheild if we will there sword they will our home......we will protect you don't worry just go on ur way....pur wing will never whatever happens just go on and on ....love you stay love you stray kids 😊😊😊",3,2024-08-01T17:08:34Z,StrayKids_ChkChkBoom
0P0aQreFs8w,Straykids dominando el mundo,3,2024-08-01T17:07:53Z,StrayKids_ChkChkBoom
0P0aQreFs8w,😮😮😮🩷,0,2024-08-01T17:07:16Z,StrayKids_ChkChkBoom
0P0aQreFs8w,misa seni cok ozledim💥,0,2024-08-01T17:06:57Z,StrayKids_ChkChkBoom
0P0aQreFs8w,yine yoklar,0,2024-08-01T17:06:02Z,StrayKids_ChkChkBoom
0P0aQreFs8w,🫶🏻💥,0,2024-08-01T17:05:41Z,StrayKids_ChkChkBoom
0P0aQreFs8w,"vamos Stay!!!! inviten a más a seguir aqui, compartan los links!",2,2024-08-01T17:04:29Z,StrayKids_ChkChkBoom
0P0aQreFs8w,benim tayfa yine yok hadi gorusuruz,1,2024-08-01T17:01:11Z,StrayKids_ChkChkBoom
0P0aQreFs8w,los amo y jamás me cansaré de decirlo,2,2024-08-01T16:59:59Z,StrayKids_ChkChkBoom
0P0aQreFs8w,That was my favorite music video ever oh my gosh you guys make the best music ❤😊,0,2024-08-01T16:59:59Z,StrayKids_ChkChkBoom
0P0aQreFs8w,🎉🎉❤🎉❤🎉❤❤,0,2024-08-01T16:53:16Z,StrayKids_ChkChkBoom
0P0aQreFs8w,Solo veré kpop por esto.,2,2024-08-01T16:52:57Z,StrayKids_ChkChkBoom
0P0aQreFs8w,This song is soooo fckggg gowdddddd,1,2024-08-01T16:51:08Z,StrayKids_ChkChkBoom
0P0aQreFs8w,Good❤,2,2024-08-01T16:50:44Z,StrayKids_ChkChkBoom
0P0aQreFs8w,Stray Kids is forever my favorite group. Stray Kids everywhere all around the world ❤,3,2024-08-01T16:49:22Z,StrayKids_ChkChkBoom
0P0aQreFs8w,"LOS AMO DIOS MÍO 😭😭😭💗💗💗

MY NEW FAVORITE SONG",1,2024-08-01T16:49:22Z,StrayKids_ChkChkBoom
0P0aQreFs8w,"Stray Kids’ “Chk Chk Boom” is now the highest charting 4th generation boy group song on Circle Weekly Global Chart!

#2 Chk Chk Boom 🆕🥠
#3 MANIAC
#4 S-Class
#5 Good Boy Gone Bad, LALALALA
#6 Sugar Rush Ride",4,2024-08-01T16:46:28Z,StrayKids_ChkChkBoom
0P0aQreFs8w,Lee know,4,2024-08-01T16:44:15Z,StrayKids_ChkChkBoom
0P0aQreFs8w,This was cool 😂😊,3,2024-08-01T16:40:52Z,StrayKids_ChkChkBoom
0P0aQreFs8w,Que canción tan de la verga,3,2024-08-01T16:40:14Z,StrayKids_ChkChkBoom
0P0aQreFs8w,I never understand the feeling of loving someone you never met until i found Stray Kids. They helped me during the toughest moment in my life and im forever grateful,17,2024-08-01T16:40:02Z,StrayKids_ChkChkBoom
0P0aQreFs8w,Happy birthday STAYY 🔥‼️,8,2024-08-01T16:39:41Z,StrayKids_ChkChkBoom
0P0aQreFs8w,how long have you been watching this?                                           me: chk chk boom,4,2024-08-01T16:37:04Z,StrayKids_ChkChkBoom
0P0aQreFs8w,Haha,2,2024-08-01T16:36:51Z,StrayKids_ChkChkBoom
0P0aQreFs8w,Woww,0,2024-08-01T16:36:11Z,StrayKids_ChkChkBoom
0P0aQreFs8w,Yyyy,0,2024-08-01T16:35:57Z,StrayKids_ChkChkBoom
0P0aQreFs8w,Uuu,0,2024-08-01T16:35:33Z,StrayKids_ChkChkBoom
0P0aQreFs8w,❤❤❤❤❤❤❤❤,0,2024-08-01T16:34:33Z,StrayKids_ChkChkBoom
0P0aQreFs8w,We well always here for you ❤️❤️❤️❤️❤️❤️❤️❤️❤️❤️😊,0,2024-08-01T16:32:34Z,StrayKids_ChkChkBoom
0P0aQreFs8w,"STAY PLEASE KEEP STR3AMING, WE NEED HIGH POINT IN SNS",9,2024-08-01T16:31:59Z,StrayKids_ChkChkBoom
0P0aQreFs8w,Inviten a enimen,0,2024-08-01T16:31:51Z,StrayKids_ChkChkBoom
0P0aQreFs8w,Who will support Stray kids forever?,2,2024-08-01T16:30:03Z,StrayKids_ChkChkBoom
0P0aQreFs8w,"Guys, come on let's get that 65M soon!",1,2024-08-01T16:29:28Z,StrayKids_ChkChkBoom
0P0aQreFs8w,SOTY,1,2024-08-01T16:28:20Z,StrayKids_ChkChkBoom
0P0aQreFs8w,selamat malam stay selamat istirahat,0,2024-08-01T16:27:04Z,StrayKids_ChkChkBoom
0P0aQreFs8w,lets do 100m of 3 weeks,0,2024-08-01T16:26:10Z,StrayKids_ChkChkBoom
0P0aQreFs8w,2.4M likes soon,0,2024-08-01T16:24:58Z,StrayKids_ChkChkBoom
0P0aQreFs8w,Best release of 2024 mannnn,4,2024-08-01T16:22:13Z,StrayKids_ChkChkBoom
0P0aQreFs8w,97k more to 62M,5,2024-08-01T16:18:24Z,StrayKids_ChkChkBoom
0P0aQreFs8w,puffff,0,2024-08-01T16:18:24Z,StrayKids_ChkChkBoom
0P0aQreFs8w,Best CAMEO,3,2024-08-01T16:16:11Z,StrayKids_ChkChkBoom
0P0aQreFs8w,THANKS HUGH AND RYAN ❤,4,2024-08-01T16:15:40Z,StrayKids_ChkChkBoom
0P0aQreFs8w,0:45 my fav part omg ✨️✨️✨️,0,2024-08-01T16:15:00Z,StrayKids_ChkChkBoom
0P0aQreFs8w,Enserio amo está canción,1,2024-08-01T16:13:20Z,StrayKids_ChkChkBoom
0P0aQreFs8w,all the members shine this comeback❤❤,5,2024-08-01T16:13:19Z,StrayKids_ChkChkBoom
0P0aQreFs8w,"Forever proud to be a STAY. I'm so grateful that I found you at the right time, my Stray Kids :"")",12,2024-08-01T16:12:34Z,StrayKids_ChkChkBoom
0P0aQreFs8w,i so want to see felix in a drama,3,2024-08-01T16:11:55Z,StrayKids_ChkChkBoom
0P0aQreFs8w,SLAYING SKZ,3,2024-08-01T16:07:57Z,StrayKids_ChkChkBoom
0P0aQreFs8w,Hyunjin devoured🤌🏻🤌🏻🔥,2,2024-08-01T16:04:29Z,StrayKids_ChkChkBoom
0P0aQreFs8w,❤🎉,0,2024-08-01T16:03:39Z,StrayKids_ChkChkBoom
0P0aQreFs8w,aye domino,1,2024-08-01T16:00:18Z,StrayKids_ChkChkBoom
0P0aQreFs8w,Stray Kids Everywhere all around the world,1,2024-08-01T15:59:03Z,StrayKids_ChkChkBoom
0P0aQreFs8w,"""CHK CHK, BOOM!💥🔫""",2,2024-08-01T15:58:48Z,StrayKids_ChkChkBoom
0P0aQreFs8w,At the very first day...I was the only one who can sing along with my kings....but now my whole family can sing along.....ayeeee Chk Chk Boom!!! 🤭❤️‍🔥,4,2024-08-01T15:56:26Z,StrayKids_ChkChkBoom
0P0aQreFs8w,Türkiyeeeeee. ❤❤❤💋(bayrak bulamadim)❤❤,1,2024-08-01T15:56:05Z,StrayKids_ChkChkBoom
0P0aQreFs8w,ATEEEEEEEEEEEE,2,2024-08-01T15:54:10Z,StrayKids_ChkChkBoom
0P0aQreFs8w,1:37 WTF CHANGBIN 😭😭,3,2024-08-01T15:54:06Z,StrayKids_ChkChkBoom
0P0aQreFs8w,Stray Kids is HOME❤,1,2024-08-01T15:51:54Z,StrayKids_ChkChkBoom
0P0aQreFs8w,A bit late but Happy Birthday STAY!!!,2,2024-08-01T15:50:19Z,StrayKids_ChkChkBoom
0P0aQreFs8w,62mll goo,2,2024-08-01T15:48:00Z,StrayKids_ChkChkBoom
0P0aQreFs8w,61M,2,2024-08-01T15:46:23Z,StrayKids_ChkChkBoom
0P0aQreFs8w,Stay fighting!,3,2024-08-01T15:45:37Z,StrayKids_ChkChkBoom
0P0aQreFs8w,"As always, a great comeback! 
Stray Kids leaders of the K-pop industry!",8,2024-08-01T15:45:28Z,StrayKids_ChkChkBoom
0P0aQreFs8w,Goooooooooo stayyyy!!!,1,2024-08-01T15:43:34Z,StrayKids_ChkChkBoom
0P0aQreFs8w,Está canción no creo superarla jamás,1,2024-08-01T15:42:37Z,StrayKids_ChkChkBoom
0P0aQreFs8w,Skz= nuestro lugar seguro siempre,4,2024-08-01T15:41:05Z,StrayKids_ChkChkBoom
0P0aQreFs8w,"The second man is already an actor, and I watched more than six series of him",1,2024-08-01T15:40:19Z,StrayKids_ChkChkBoom
0P0aQreFs8w,watching this to lighten the mood after watching Stray Kids mv,2,2024-08-01T15:40:11Z,StrayKids_ChkChkBoom
0P0aQreFs8w,❤❤❤❤❤,0,2024-08-01T15:39:25Z,StrayKids_ChkChkBoom
0P0aQreFs8w,😭😭😭,0,2024-08-01T15:36:41Z,StrayKids_ChkChkBoom
0P0aQreFs8w,"61,863M",3,2024-08-01T15:36:11Z,StrayKids_ChkChkBoom
0P0aQreFs8w,"The crossover
The song 
The video
The dance 
Thats what that we want😎😎😎",0,2024-08-01T15:36:05Z,StrayKids_ChkChkBoom
0P0aQreFs8w,Intercalar con Mountains y Skz,1,2024-08-01T15:34:28Z,StrayKids_ChkChkBoom
0P0aQreFs8w,nhạc hay quá!!!,0,2024-08-01T15:33:31Z,StrayKids_ChkChkBoom
0P0aQreFs8w,stayyyy acaba de salir el mv de stray kids!!!!!!,1,2024-08-01T15:33:18Z,StrayKids_ChkChkBoom
0P0aQreFs8w,❤,0,2024-08-01T15:33:03Z,StrayKids_ChkChkBoom
0P0aQreFs8w,Who’s here before the sound goes viral?,1,2024-08-01T15:32:55Z,StrayKids_ChkChkBoom
0P0aQreFs8w,"858k
""Lobos, we cannot stop hunting""~
Jensetter here!♡
Spot x Chk Chk Boom",2,2024-08-01T15:31:58Z,StrayKids_ChkChkBoom
0P0aQreFs8w,ATEEEEEEE 😭😭😭,0,2024-08-01T15:31:43Z,StrayKids_ChkChkBoom
