id,subreddit,text,score,created_utc,comeback
lwnubrw,NCTDream,"aww I loved reading your analysis sm! Thank u for sharing, and now I also want to participate bc I also have sooo many thought and nowhere else to put them:

• I liked this album a lot actually, I think it’s one of my fav from them! maybe their experiments this time just happened to fall into my taste, not sure how popular this opinion is lol

• yesss I totally agree that When I’m With You is reminiscent of riize! I think bc riize has used a lot of house sounds and dance in their title tracks!  I think that’s exactly what I see/hear in When I’m With You, with some extra edm elements sprinkled in. On the fence about whether the concept is the right one, since it feels like riize ‘claimed’ it alr in a sense, they kind of did it first. ngl dream’s last few comebacks haven’t really felt super focused in their concepts. 

• the dreamies killed the house moves and vocals though! and I think the title track is super catchy, I can imagine it being played in pochas or cafés or in a club or something

• Flying Kiss to me felt more like that trademark refreshing and bright ‘nct dream’ sound, honestly I like it better! The little harp instrumentals are soo pretty and fairy like :) but I can see how it’s not as trendy/ubiquitous/playable as the title track

• I REALLY love the more poprock-ish or slightly angsty, yearning sound like in i hate fruits and YOU. I hope they do more songs like this!! I’ve been listening to these two on repeat especially

• No Escape stands out a lot, it’s so heavy and high energy when the rest of the album is so...happy haha. the song invokes a nightmarish vision, so I guess that’s where the dreamscape concept fits. being trapped, anxiety, and I think they also literally say ‘악몽’ (nightmare in korean) within the first few seconds of the song

• Best of Me has that dark, smooth, nighttime vibe that could definitely be interpreted as dreamlike as well. I like that they placed it after No Escape on the track list - it’s a good transition out of the ‘nightmare’ and into the happier parts of the dream. This song reminiscent of The Weeknd in a way (am I the only one?) It makes me feel like I’m speeding across a city bridge over water, with a lot of neon lights all around me 

• Night Poem, Heavenly, and Off the Wall all sound so lovely, celebratory and bright. overall fitting more with the nct dream sound I’m familiar with! I’m here for it

• Rains in Heaven. Like you said, don’t even need to explain this song, it’s just beautiful 

• I also noticed, compared to many of their previous comebacks, there’s a lot less sexual innuendo/sexy songs, which I definitely approve of! Like don’t get me wrong, the dreamies are hot af, but sometimes it feels a bit of a discredit to their talent when they’re pushed to rely heavily on sexuality to attract an audience. so this album felt refreshing in way. Like they’re confident could win you over with just their dancing and singing and their concept :) and they just happen to be beautiful on top of all that :))))

• someone else said the album felt colorful, like the feeling of falling in love, and I couldn’t agree more. I’m obsessed overall. I’ve been listening to it sm. Dreamscape is a very appropriate title for the album, I definitely feel the dreamlike, euphoric, angelic qualities in it! I’m excited if they decide to do more comebacks in this direction. again the title song was not the strongest link for me concept-wise, but since it’s dream I’ll support them <3",4,1731367074,NCTDREAM_WhenImWithYou
lwpsovo,NCTDream,"I literally resubscribed to their bubbles so that I could tell them ""please don't apologize"" as soon as Haechan started talking I thought he was going to share about album BTS stuff but then he said sorry and I was like oh no........it hit a nerve with me. I was like do not let them gaslight you when you know how much work your team has put in for this",10,1731396445,NCTDREAM_WhenImWithYou
lwpywol,NCTDream,"Yeah I kinda agree with you there. That’s why I was so upset when Haechan and Jeno were apologizing and owning up to it as if they were at fault. And that’s a big gripe I have with kpop culture. Artists do not owe fans anything. And we know it’s especially bad with SM and how they handle that type of situation. That’s why I really respected Mark’s response. As the leader he spoke up because he was upset and as he should! But he didn’t apologize by saying they were at fault but rather carefully explained and cleared the misunderstanding while addressing his feelings which are so valid. 

When idols directly give into the gaslighting and start apologizing for things that they don’t need to, that’s when those fans think they have power over them. And that I agree needs to be stopped",1,1731400588,NCTDREAM_WhenImWithYou
lwpznaf,NCTDream,"Yeah I kinda agree with you there. That’s why I was so upset when Haechan and Jeno were apologizing and owning up to it as if they were at fault. And that’s a big gripe I have with kpop culture. Artists do not owe fans anything. And we know it’s especially bad with SM and how they handle that type of situation. That’s why I really respected Mark’s response. As the leader he spoke up because he was upset and as he should! But he didn’t apologize by saying they were at fault but rather carefully explained and cleared the misunderstanding while addressing his feelings which are so valid. 

When idols directly give into the gaslighting and start apologizing for things that they don’t need to, that’s when those fans think they have power over them. And that I agree needs to be stopped",5,1731401100,NCTDREAM_WhenImWithYou
lwq4a7h,NCTDream,"Kfans are so entitled they can't even see how hard Dream is working on tour right now while preparing for music shows and encore at the same time, two things that will be basically exclusively for them to enjoy. And it hurts me to see how excited the dreamies were for this comeback, I hope we can still turn this around and make it a happy memory by winning first place a lot but it really hurts when we can't really do anything about it. This minority of fans are ruining the whole thing for the dreamies and I just feel so sorry. They literally didn't have to prepare a full album in the middle of a world tour and awful scheduling BUT THEY DID and I'm so sad their efforts and hard work are not being seen. What frustrates me the most is the members have constantly been under stress and exhaustion from this schedule but they can't even appreciate the fact that they still want to give YOU fans a good album. They need nothing but rest and you can't even give them your support now.... entitled shits. And I'm so angry these people made Haechan, who only put out some of his first lyrics, feel like he is lacking and he needs to improve. My heart really breaks for him.",2,1731404331,NCTDREAM_WhenImWithYou
lwq5vjy,NCTDream,"Omg yes. Company being evil and sabotaging their artists would be hybe to new jeans and we know for sure that aint equivalent SM towards NCT DREAM. Nctzens have been dick-riding on that false accusation for years

And yes, can't lie. NCT got some of the worse parasocial relationships I have seen between the artist and fans, so bad that fans feel entitled to say anything and dictate on their friendship. People also turning up to their concerts to film watermarked fancams/ content, interactions with the boys and just have their phones up 95% of it , it's sick. Can't they put their phones down and actually enjoy the live art that they have a privilege of seeing. We have truly lost the plot.",2,1731405430,NCTDREAM_WhenImWithYou
lwq8n71,NCTDream,"I was so fucking sad to see both jeno & mark instantly feel the need to take away the phone from renjun. the fact that knetz even did that to them made me so fucking mad. 

knetz need to get their fucking shit together and realize the world doesn't surround them. 

mark & haechan have worked their fucking asses off and continue to do it. They haven't stopped moving this entire year and it's so unfair how knetz are not only treating them but the rest of the dream as well. 

for the last few months have been so draining on kpop due to knetz & their bullshit. I wish that knetz would've just fuck off.",3,1731407287,NCTDREAM_WhenImWithYou
lwqaewb,NCTDream,"It sucks because Mark and Haechan are experiencing this for the second time since knetz did the same fucked-up shit during Superhuman as well. Like they want tours and albums, if the tours collide with the album preparations they are working already twice as much and it's not their fault if fans deemed the promotion to be not up to par, in my opinion they were. If i'm already a fan I really don't care that much about promotions, the company could only post a date and a album picture and that would be enough for me to tune in. Why would dreamies be at fault for the sns promotions? Knetz seriously don't deserve anything since they bully dreamiest for going live later in day for Korea, like fuck off, international fans always tune in whatever condition or we watch later, it's not that big of a deal to bully them like that. 
This is why they seem happier with fans in other countries. And I had a feeling they already knew the backlash was coming since Mark had apologised 2 on stage in Copenhagen if the promos and albums weren't to our standard, and promoted the album like 7 times, like I felt bad for them since then.",3,1731408421,NCTDREAM_WhenImWithYou
lwqh4y1,NCTDream,"Yes very well said! I think Mark’s response conpared to Jeno and Haechans honestly might be because of his upbringing or being Korean Canadian. Or maybe it comes down to their personalities but Jeno and Haechan don’t seem like the people in real life who would apologize in this way to friends or family…idk

Haechan’s and Jeno’s response seems largely like the cookie cutter apology that is expected out of them to clean up the mess. They’re not the first idols to respond in this way to fans displeasure. Hopefully that will change over time!",4,1731412336,NCTDREAM_WhenImWithYou
lwsbzdq,NCTDream,"Yeah Jeno’s sentiment was more similar to Mark and Mark just full send and was like on leader mode and I was like YES THATS OUR 7DREAM LEADER do not fucking apologize for the hard work y’all put in. Like if people are going to talk shit they have every right to say honestly like yeah it hasn’t been easy with their schedules yet they still put in their 100% into their music. I need more idols to speak up and put these “fans” into their place. Bc no they do not get to harass the idols and eat their cake at the same time fuck that shit. So yes I agree it might be the Canadian side of Mark or his leader side whatever it is, I was so proud of him for speaking up and he did it respectfully too. 

I feel very bad for Haechan though, it seems like he took it to the heart. His message hurt me the most. Like we all know how much work he puts into both of his teams. And the fact that he participated so much in this album.

Jeno’s made me sad because he is someone who you can tell does not get mad often or easily. He’s so calm and gentle but to see him so turned off, I knew it was bad bad. And I’m glad he ended his messages positively, and when he said 7Dream and the company has been working hard and trying their best so instead of blaming anyone they just wanna work hard. I was like yes own up to it Jeno, it’s not your fault!",3,1731435896,NCTDREAM_WhenImWithYou
lwsz683,NCTDream,"Korean fans especially, need to leave Dream the hell alone. They don’t make their own schedules and they have been juggling quite a lot already. On top of that, Mark and Haechan are probably extra exhausted, bouncing back between two groups. Yell at SM, yell at their managers but leave those boys alone. They’re barely getting any sleep as is.",1,1731442994,NCTDREAM_WhenImWithYou
lwtj41o,NCTDream,"I honestly LOVE the whole album. Been listening to it the whole day but here is my ranking:

1.	⁠Night poem
2.	⁠No escape
3.	⁠I hate fruits
4.	⁠Heavenly
5.	⁠Off the wall
6.	⁠You
7.	⁠Rains in heaven
8.	⁠Intro: dreamscape
9.	⁠Flying kiss
10.	⁠When I’m with you
11.	⁠Best of me",3,1731449422,NCTDREAM_WhenImWithYou
lwx7y5s,NCTDream,True but still - Dreamscape is 11 songs and should go well. I feel like management though Hey Christmas is coming and decided to release even before the tour was over.,1,1731508875,NCTDREAM_WhenImWithYou
lwxfzgj,NCTDream,"I won’t compare dreamscape with istj tho, it’s too far comparison considering every artists has seen a decrease in sales. I mean even aespa with the success or supernova and Armageddon, whiplash sold lesser but their digitals are better. So the decrease is somewhat excepted. 

Also to add, istj was from the year where sales peaked for all big selling groups, almost no other group has outsold their albums from last year with any one of their recent cb. Like I recall svt hit 4-5m sales last year but only 3m+ this year and that’s considered the highest week sales. So there’s a general drop",4,1731511567,NCTDREAM_WhenImWithYou
lwy2iyj,NCTDream,"I would say than those unorganized all SM boycott, the trend of sales decrease are affect their sales more tbh. Moreover in Dreamscape situation, it’s about classic stock issues from SM again…",2,1731518534,NCTDREAM_WhenImWithYou
lwy4249,NCTDream,"I mean with basically non existent promos to keep fans engaged before the comeback, no comeback live before the release (the live when kfans already sleep), no single contents post dreamscape released yet, and promotions just start on thursday or so, Dream still doing relatively well tbh.",2,1731518999,NCTDREAM_WhenImWithYou
lwy8nxv,NCTDream,"It´s not negative but frustration because Nctzens really want them to have great sales numbers.

So when it seems someone is sleeping in SM - we for sure know it´s not the boys as they are busting their b... on tour. And making content.",5,1731520392,NCTDREAM_WhenImWithYou
lwyf9nu,NCTDream,Nah it’s not sm boycott (which doesn’t actually exist)…it’s nct dream Korean fans who are unhappy about the promotions and that they were on tour abroad when it was released,3,1731522386,NCTDREAM_WhenImWithYou
lx13lig,NCTDream,"I think they really did focus a lot on bringing as many new stages as possible for TDS3. It will be interesting to see what approach they bring for TDS4. Of course it depends on the scheduling too, but this time they had all of Candy, ISTJ and Dream()scape to choose from for new songs. Next time it does seem more likely they’ll only have Dreamscape and maybe one more album or mini to fit in.",2,1731554090,NCTDREAM_WhenImWithYou
lx3afpu,NCTDream,"Yeah, tbh, I felt more, “NCT Dream is actually here!” standing outside the venue than I did once I got to my seat and actually saw them lol. Still a good time, but I feared it would feel like just watching a pre-recorded performance, and it lowkey did. Maybe it would have felt better being closer, or if there were more “show” elements, but that’s hard to do when the members speak a different language.

I also didn’t film a lot, and even when I did, my videos are bad cause I wasn’t focused on filming, and I still felt that way.",3,1731594667,NCTDREAM_WhenImWithYou
lx3jhry,NCTDream,"Hi honey, it's not just you. Aside the fact that I couldn't really truly fathom that I was actually there and saw these boys with my two eyes...  I felt sad and empty too afterwards. I don't mean to say they made me feel miserable...they made me feel so lite and almost imaginary even . I felt like I never wanted to leave. I already knew Mark was absolutely amazing but he spoke so kindly to us that I had trouble accepting that unreal lovable person that he is. Him and boys made me feel understood somehow. ☀️

It was heartbreaking watching Renjun as my bias because despite being happy that I could see him joined in the EU leg, I felt like he still needs more time and space and might be a little worn out already (as Berlin was one of the last stops). Considering his hiatus and mental state I really hope they're taking things slowly with him and are being considerate. Coming back like this must feel really exciting but scary at the same time, especially since not everybody understands or even knows he went through something dark. Even when Jeno or Haechan cheered him up a few times successfully, or the fans managed it too, he seemed very timid and anxious half of the evening... and my chest felt tight witnessing that. My heart broke for him, especially because I experienced similar struggles that he did and I could imagine myself in his shoes which only made me admire him more for having the strength to stand there.

 The combination of that + the lovely sweet heartwarming songs + the boys cheering us up just overwhelmed me and after leaving the concert all I could think about was I wanted to give a big-ass hug to all of them and thank them, *just thank them* . They made my day and it was the one positive ""day off"" after a long exhausting while. So while I didn't end up withdrawn in bed, I still felt run over by a bulldozer and I still have problems listening to some songs which were performed there because it takes me back. And that feels amazing but also incredibely sad at the same time....  And no I'm absolutely not trying to say boys did anything wrong. *They did everything right* and that's why it hurts so much, I feel crazy 🥲 I hope they can have some proper rest now, have a good sleep and time off and hopefully don't feel too let down by the hateful reactions on their comeback. They don't deserve this, nobody does, but they worked so so hard and have been so busy, they do all that they can to make us happy and to keep everyone satisfied... Give them a break. 😔😪💚",5,1731597730,NCTDREAM_WhenImWithYou
lx5i1j2,NCTDream,"So proud of our dreamies and nctzens 💚💚 Also, I’m still fighting my brain to stop immediately thinking of dream()scape when I read dreamscape 😭",2,1731619401,NCTDREAM_WhenImWithYou
lx6dp4y,NCTDream,"Honestly it's totally understandable, I saw them twice and they were so good both times! I watched them and filmed at the same time and keep watching the videos. I feel really happy watching them back, I can't wait for their next tour!

 Hoping they can get a loooonnnnggg break in between especially Mark and Haechan my god there's still dream scape promotions, jingle ball, year end/new year award shows, SM concert, 127 tour and Mark's solo too!",1,1731629452,NCTDREAM_WhenImWithYou
lx784iu,NCTDream,"Since Taeyeon, Irene and NCT Dream are in different centers, I don’t think their close comebacks affected the current delays 🥲",1,1731639758,NCTDREAM_WhenImWithYou
lx8frev,NCTDream,"I get you, worse is I keep calling dream()scape as dreamscape instead of dreamescape. So it takes a while to register",1,1731659748,NCTDREAM_WhenImWithYou
lx9has2,NCTDream,I discovered Nct dream quite late but hello future blew me away when I stumbled upon it. I couldn’t get over the vocal line popping off. I still get chills even though I’ve listened to it countless of times,7,1731678580,NCTDREAM_WhenImWithYou
lxac8ey,NCTDream,"ISTJ for sure, everything down to the choreo, Haechan shining in the song, Renjun’s moonwalk, the breakdown, it’s perfect!!",4,1731688358,NCTDREAM_WhenImWithYou
lxetkqm,NCTDream,A weird choice - but I always go back to Candy. Since its my first NCT Dream song that instantly made me stan then so hard and became my top played song in 2023 cause I played it 800+ times.,3,1731751218,NCTDREAM_WhenImWithYou
lxtrbnp,NCTDream,"💚 Edit: Diggus pre-voting hasn’t ended! It’s free and can be done daily until 22nd 11:59 pm KST. When voting, please choose NCT Dream and two other ‘inactive’ songs such as small girl by youngji so that the votes cannot go against Dream.",3,1731966843,NCTDREAM_WhenImWithYou
lxwp38k,NCTDream,">I’ll also say: When I’m With You has grown on me. It’s probably still not a favorite on the album for me but while diligently streaming this week I’ve come to quite like it.

My dance crew decided to cover this song/choreo so I've been streaming it more times than I probably would've otherwise. It's really done its thing, I quite enjoy it now. My original complaint was that it lacked a musically interesting part, but I think the post-chorus rap and the bridge have grown into that for me.

But yes, not to be a biased Haechan bias, but I legitimately would've gone with Flying Kiss or Best Of Me.",1,1732013271,NCTDREAM_WhenImWithYou
lxwp9ye,NCTDream,"The transition from You>Heavenly>Night poem is just TOP TIER!! I don’t think I’ve ever been in a trans like that when I first heard those trio. 

Then comes “Off the wall” to take you to the dancing floor! 

I absolutely LOVE this album. And this album is partly responsible for keeping me alive too!

Oh DREAMSCAPE, they’ll never make me hate you 💚😪",3,1732013387,NCTDREAM_WhenImWithYou
lxwrg15,NCTDream,"I just wrote a similar comment!! I can’t deal with it, how dare they put those songs back to back and not expect me to ascend to heaven?!? Dreamscape, the album that you are ❤️❤️ love the dreamies so much! Hope you are doing good fellow nctzen, we always got your back!",3,1732014697,NCTDREAM_WhenImWithYou
lxy4azp,NCTDream,"Wow lucky you were able to secure that VIP! Guess we won’t be staying at the same hotel then. I was only able to book an economy package from the cancellations (still thankful cause general ticketing thru melon was awful 😅)

It’s going to be my 2nd time going to Seoul and will most probably be visiting the NCT Dream LINE Pop Up at Seongsu and maybe Kwangya/Seoul Forest to find Mark’s bench. What were you thinking of doing om your free days? 😊",1,1732033384,NCTDREAM_WhenImWithYou
lxy4vx6,NCTDream,">Which days are you attending? 

Days 2 and 3 !

Did you get melon or global package? 

Melonnnn I'm a resident of Korea

Are you solo or with friends and where are you coming from, if you're comfortable sharing?

Technically solo but meeting friends ♡ and from another part of Korea not Seoul 

What are you going to wear to the concert?

Im dressing in a black and red and white theme to match Dream()scape

Who's your bias?

JISUNGGGGG


Will you have any freebies or have you heard of any being offered?

I'll probably make some with extra album cards 


Is it your first time in Korea? 

Noooo but I've been here 5 years anyway haha


Do you have any exciting plans outside of the concert?

Not particularly!!

Should we form a group chat? (twitter, kakao, here on reddit, etc. open to ideas)

Im always down to have a gc, foreign NCTzen living in Korea already have our own!",2,1732033558,NCTDREAM_WhenImWithYou
lxy9cgl,NCTDream,"The NCTzens in Korea GC has over 100 members friend 😭 125, I just checked",1,1732034893,NCTDREAM_WhenImWithYou
lxyo3ph,NCTDream,"Solo girlie here going for Day 1 (GP) and Day 2 (Melon). I'll most likely be wearing Renjun hoodie for Day1 + anything to keep me warm >.<! The K fans who I sat next to from the past concerts have given a small candy pack they prepared 🥹 so I was thinking of doing the same this time. Then I will also try to visit their pop-up store in Seongsu.


If you're going to Kwangya/SM area, you can try Haechan's recommendation, Cafe Seasony! I liked the chestnut cheesecake he suggested. Not sure if there will be cafe events for Chenle's birthday that is scheduled near the con dates but there are some scheduled for 22-24 I think if you will be in Seoul already. ^^",2,1732039238,NCTDREAM_WhenImWithYou
ly00l0q,NCTDream,"I'm also attending solo! I went in May earlier this year with a friend but going solo this time for day1+2

I'm an asteroid but haechan is my bias wrecker 🙈 I'll be bringing some jisung themed freebies with me!!

I would love to meet some other czennies and shop around for freebies/cafe events/merch if others are free☺️",1,1732053796,NCTDREAM_WhenImWithYou
ly3y0jm,NCTDream,"Hi!

I'll be going days 1&3 thru GP too! (One deluxe & one superior)
Going by myself, just flying out from California for the weekend
Will probably be wearing my NCT Nation Haechan jersey and then a billion layers to keep warm
I'm a sunflower too! Though Chenle during concerts is so distracting lol
Unfortunately no freebies planned this time unless I decide to go crazy this weekend but I still need to pack
I haven't been to Korea in over 10 years so I'm sure lots has changed but I'm not too worried
So far my plans are trying to go to the N Seoul Tower when I land. Then a palace and food tour on day 2 when I'm not going to the concert and probably trying to hit up the SM Store, maybe the pop up cuz I think it's still going? Not 100% sure yet
And id be happy to join a gc! But I'll probably end up being really quiet in it 😅",1,1732115651,NCTDREAM_WhenImWithYou
ly7y0ss,NCTDream,"I think Flying Kiss is the most fitting track to serve a TT considering it's popularity among all the tracks in the album, the MV, and the overall concept. The song isn't generic enough (imo) so it has TT material. 
-Best TT Candidate
(idk why this wouldn't be Pre-release, it's REALLY good..) 

No escape would be perfect HOWEVER it isn't the best fitting with the concept represents DREAMSCAPE. I felt that this song would actually be way better in Dream()scape rather than this album. 
-2nd Best Pre-release Candidate
-4th Best TT Candidate

Best of Me would be the better option for a dual concept instead of No Escape. Mostly because of the actual meaning of the lyrics (Too lazy to read No escape lyrics but ik Best of Me lyrics would kind of be fitting in to Dreamscape's concept.) 
-2nd Best TT Candidate
-1st Best Pre-release Candidate

I Hate Fruits is high up there! Good unique song with nice production. Showcases a lot of members ability in vocal parts (Specifically, Mark and Jisung). Nothing much to say other than it is a grower and one of the best tracks in the album. 
-3rd best TT Candidate
-3rd Best Pre-release Candidate

Heavenly is amazing!! I would highly recommend you guys listen to it lots more and let it grow on you!! It lowkey made me teary. 
Heavenly isn't TT material, but I actually think it could replace Flying Kiss's position as a Pre-release if not I Hate Fruits (I hate Fruits is not generic and is really a grower. A song that's unique but something ""BG"" generic like Smoothie's general review from people). 
-5th Best TT Candidate
-4th Best Pre-release Candidate

The rest is very good for Bsides. I'd say You and Off the Wall had a chance of being Pre-release.",2,1732175327,NCTDREAM_WhenImWithYou
ly8gugi,NCTDream,"so lucky to get day 2, it seems like that was really the golden ticket day 😂 then again we're all lucky to have any of the days at all right? a black/red/white outfit is such a cute idea! it's great that you get to meet up with friends for the concert, are they sitting near you or will you guys meet later to eat? i wish i had a friend to share the experience with too lol. i hope you have so much fun!! that's so cool that there's a foreign nctzen living in korea chat",1,1732187569,NCTDREAM_WhenImWithYou
ly8says,NCTDream,"Sunflower hair clips are so cute, as a fellow Haechan stan I love it 🥺🥺🥺 For throat candies there’s literally a brand here ([목캔디](https://mitem.gmarket.co.kr/Item?goodscode=2969206037)) that you’ll see at every convenience store that people give a lot! I also have gotten little Lemona (Vitamin C drink?) powder pouches a few times. If you have room in your luggage from the US I’m sure people would love American candy too! Even little gifts are so sweet. 
At another BG’s concert I went to I sat next to a really young boy (he must’ve been like a middle schooler) and at the end he gave me a little pack with a few candy and stickers and a handwritten note apologizing for not being able to give more and saying how it was his first concert so he was probably really nervous and awkward 😭

And 100% agree on the extra layer! It’s all seated anyway, so easy to take off when you’re inside!",2,1732193321,NCTDREAM_WhenImWithYou
ly9oq8t,NCTDream,"Oh wow 21 hours 😬😬😬 I hope you get the most comfortable seats! Mine is only 13 hours direct. Though also hi hotel buddy! I'll be the one with the blue hair if you wanna say hi haha



Chenle is so cute!! I think i walked away from Oakland with more videos of him than haechan 😅



Yeah packing is the worst but you're smart starting early. I want to say ill do the same but I know I'm not gonna start until Wednesday morning. I hate packing...and unpacking...but traveling is the best



Id be worried about the cold too in a hangbok but I feel like there's lots of space for layers! Though I was just going in regular clothes because the one I'm going to is incorporated with the food tour. I was debating to go on a tour in Gyeongbok Palace in the morning but was afraid after the flight and then a concert day i wouldn't wake up in time lol. But I use an app called Get Your Guide when I go to places to get ideas of cool things in the city and sometimes book the tours. The one I'm going to Saturday is going to Changgyeong Palace, then a food market, and then a temple, so it's got a nice mix of everything and wasn't too expensive",2,1732207679,NCTDREAM_WhenImWithYou
lyl0sxy,NCTDream,"i also really love one of their earlier songs called ""my page"", which has an overall message of not knowing what the future holds, but learning to trust in yourself and your story:

\- Where am I right now? I can’t know everything / But I am writing out myself / On top of these clumsy words, there’s not even a title / But I’m finding my own answer

\- korean: 난 지금 어딜까 다 알 순 없지만 / 난 나만의 나를 쓰고 있어 / 서툰 이 글 위엔 제목도 없지만 / 난 나만의 답을 찾고 있어

i only included the first half of the chorus here, but you can search up ""nct dream my page lyrics"" and find the rest of the song for more inspo!",1,1732373015,NCTDREAM_WhenImWithYou
lymuf27,NCTDream,"Honestly it would make a great intro for an awards show/end of year performance! But we won’t be getting many of those stages so I’m not sure it will happen - especially when they have two titles to choose from this year. 

Intro: Dreamscape has also actually really grown on me too, so it would be fun to see that too.",8,1732394620,NCTDREAM_WhenImWithYou
lyr0e2h,NCTDream,"I’m wondering about the Chicago concert. Will NCT Dream be doing more than one song? Also if anyone knows if Wonho will be doing more than one song? Should I do freebies? I don’t know how many I should bring or if there will be enough fans there? I won’t lie I’m a little nervous that all the other non-K-pop fans will be there & hopefully we can connect with Dreamzens easily. Also is anyone planning a meetup prior? My sister is coming in from another state and we’re coming in from another state, we have a bit of a drive but not too bad. We usually go to dinner somewhere in Chicago first, would love to go to a meet up with other dreamzens!",1,1732461536,NCTDREAM_WhenImWithYou
lys6tih,NCTDream,"hi!! 
1. i'm attending all 3 days in korea, 2f for first 2 days and 4f for last day. got all of them from resale bcos i failed ticketing 😭 

2. i'm coming with a friend but i'm pray she can get a last minute d1&d3 ticket. if not she'll only come for d3. i do have an aussie friend coming on d1 so hopefully won't be so lonely. i'm from singapore! 

3. i'm wearing a blue/grey cardigan with like inner heat tech/shirt/inner longsleeve on d1&d3, d2 i'm wearing the fcmm jeno brown sweater. 

4. jaemin and jisung~ 

5. yes i do! originally i want to print stickers but i bought some star clips and some candies.. if i have enough stickers i'll add in some 

6. i'm staying for 8d so dday bfore con i'll be gg to all the pop ups (line, superdry and dreamscape pop up) and just do alot of shopping. the first time i came for the first con in seoul i didn't get to do much so i want to make the most of my time fullest.

7. it's my 2nd time but i feel like it's gonna be like my first time bcos i kinda wasted alot of time on my first trip.. lol 

just have fun and take as many pictures!!!! it's also gonna be my first winter so hope i survive the cold lol. hope u enjoy the con!!!",3,1732474998,NCTDREAM_WhenImWithYou
lwnubrw,NCTDream,"aww I loved reading your analysis sm! Thank u for sharing, and now I also want to participate bc I also have sooo many thought and nowhere else to put them:

• I liked this album a lot actually, I think it’s one of my fav from them! maybe their experiments this time just happened to fall into my taste, not sure how popular this opinion is lol

• yesss I totally agree that When I’m With You is reminiscent of riize! I think bc riize has used a lot of house sounds and dance in their title tracks!  I think that’s exactly what I see/hear in When I’m With You, with some extra edm elements sprinkled in. On the fence about whether the concept is the right one, since it feels like riize ‘claimed’ it alr in a sense, they kind of did it first. ngl dream’s last few comebacks haven’t really felt super focused in their concepts. 

• the dreamies killed the house moves and vocals though! and I think the title track is super catchy, I can imagine it being played in pochas or cafés or in a club or something

• Flying Kiss to me felt more like that trademark refreshing and bright ‘nct dream’ sound, honestly I like it better! The little harp instrumentals are soo pretty and fairy like :) but I can see how it’s not as trendy/ubiquitous/playable as the title track

• I REALLY love the more poprock-ish or slightly angsty, yearning sound like in i hate fruits and YOU. I hope they do more songs like this!! I’ve been listening to these two on repeat especially

• No Escape stands out a lot, it’s so heavy and high energy when the rest of the album is so...happy haha. the song invokes a nightmarish vision, so I guess that’s where the dreamscape concept fits. being trapped, anxiety, and I think they also literally say ‘악몽’ (nightmare in korean) within the first few seconds of the song

• Best of Me has that dark, smooth, nighttime vibe that could definitely be interpreted as dreamlike as well. I like that they placed it after No Escape on the track list - it’s a good transition out of the ‘nightmare’ and into the happier parts of the dream. This song reminiscent of The Weeknd in a way (am I the only one?) It makes me feel like I’m speeding across a city bridge over water, with a lot of neon lights all around me 

• Night Poem, Heavenly, and Off the Wall all sound so lovely, celebratory and bright. overall fitting more with the nct dream sound I’m familiar with! I’m here for it

• Rains in Heaven. Like you said, don’t even need to explain this song, it’s just beautiful 

• I also noticed, compared to many of their previous comebacks, there’s a lot less sexual innuendo/sexy songs, which I definitely approve of! Like don’t get me wrong, the dreamies are hot af, but sometimes it feels a bit of a discredit to their talent when they’re pushed to rely heavily on sexuality to attract an audience. so this album felt refreshing in way. Like they’re confident could win you over with just their dancing and singing and their concept :) and they just happen to be beautiful on top of all that :))))

• someone else said the album felt colorful, like the feeling of falling in love, and I couldn’t agree more. I’m obsessed overall. I’ve been listening to it sm. Dreamscape is a very appropriate title for the album, I definitely feel the dreamlike, euphoric, angelic qualities in it! I’m excited if they decide to do more comebacks in this direction. again the title song was not the strongest link for me concept-wise, but since it’s dream I’ll support them <3",4,1731367074,NCTDREAM_WhenImWithYou
lwpsovo,NCTDream,"I literally resubscribed to their bubbles so that I could tell them ""please don't apologize"" as soon as Haechan started talking I thought he was going to share about album BTS stuff but then he said sorry and I was like oh no........it hit a nerve with me. I was like do not let them gaslight you when you know how much work your team has put in for this",10,1731396445,NCTDREAM_WhenImWithYou
lwpywol,NCTDream,"Yeah I kinda agree with you there. That’s why I was so upset when Haechan and Jeno were apologizing and owning up to it as if they were at fault. And that’s a big gripe I have with kpop culture. Artists do not owe fans anything. And we know it’s especially bad with SM and how they handle that type of situation. That’s why I really respected Mark’s response. As the leader he spoke up because he was upset and as he should! But he didn’t apologize by saying they were at fault but rather carefully explained and cleared the misunderstanding while addressing his feelings which are so valid. 

When idols directly give into the gaslighting and start apologizing for things that they don’t need to, that’s when those fans think they have power over them. And that I agree needs to be stopped",1,1731400588,NCTDREAM_WhenImWithYou
lwpznaf,NCTDream,"Yeah I kinda agree with you there. That’s why I was so upset when Haechan and Jeno were apologizing and owning up to it as if they were at fault. And that’s a big gripe I have with kpop culture. Artists do not owe fans anything. And we know it’s especially bad with SM and how they handle that type of situation. That’s why I really respected Mark’s response. As the leader he spoke up because he was upset and as he should! But he didn’t apologize by saying they were at fault but rather carefully explained and cleared the misunderstanding while addressing his feelings which are so valid. 

When idols directly give into the gaslighting and start apologizing for things that they don’t need to, that’s when those fans think they have power over them. And that I agree needs to be stopped",5,1731401100,NCTDREAM_WhenImWithYou
lwq4a7h,NCTDream,"Kfans are so entitled they can't even see how hard Dream is working on tour right now while preparing for music shows and encore at the same time, two things that will be basically exclusively for them to enjoy. And it hurts me to see how excited the dreamies were for this comeback, I hope we can still turn this around and make it a happy memory by winning first place a lot but it really hurts when we can't really do anything about it. This minority of fans are ruining the whole thing for the dreamies and I just feel so sorry. They literally didn't have to prepare a full album in the middle of a world tour and awful scheduling BUT THEY DID and I'm so sad their efforts and hard work are not being seen. What frustrates me the most is the members have constantly been under stress and exhaustion from this schedule but they can't even appreciate the fact that they still want to give YOU fans a good album. They need nothing but rest and you can't even give them your support now.... entitled shits. And I'm so angry these people made Haechan, who only put out some of his first lyrics, feel like he is lacking and he needs to improve. My heart really breaks for him.",2,1731404331,NCTDREAM_WhenImWithYou
lwq5vjy,NCTDream,"Omg yes. Company being evil and sabotaging their artists would be hybe to new jeans and we know for sure that aint equivalent SM towards NCT DREAM. Nctzens have been dick-riding on that false accusation for years

And yes, can't lie. NCT got some of the worse parasocial relationships I have seen between the artist and fans, so bad that fans feel entitled to say anything and dictate on their friendship. People also turning up to their concerts to film watermarked fancams/ content, interactions with the boys and just have their phones up 95% of it , it's sick. Can't they put their phones down and actually enjoy the live art that they have a privilege of seeing. We have truly lost the plot.",2,1731405430,NCTDREAM_WhenImWithYou
lwq8n71,NCTDream,"I was so fucking sad to see both jeno & mark instantly feel the need to take away the phone from renjun. the fact that knetz even did that to them made me so fucking mad. 

knetz need to get their fucking shit together and realize the world doesn't surround them. 

mark & haechan have worked their fucking asses off and continue to do it. They haven't stopped moving this entire year and it's so unfair how knetz are not only treating them but the rest of the dream as well. 

for the last few months have been so draining on kpop due to knetz & their bullshit. I wish that knetz would've just fuck off.",3,1731407287,NCTDREAM_WhenImWithYou
lwqaewb,NCTDream,"It sucks because Mark and Haechan are experiencing this for the second time since knetz did the same fucked-up shit during Superhuman as well. Like they want tours and albums, if the tours collide with the album preparations they are working already twice as much and it's not their fault if fans deemed the promotion to be not up to par, in my opinion they were. If i'm already a fan I really don't care that much about promotions, the company could only post a date and a album picture and that would be enough for me to tune in. Why would dreamies be at fault for the sns promotions? Knetz seriously don't deserve anything since they bully dreamiest for going live later in day for Korea, like fuck off, international fans always tune in whatever condition or we watch later, it's not that big of a deal to bully them like that. 
This is why they seem happier with fans in other countries. And I had a feeling they already knew the backlash was coming since Mark had apologised 2 on stage in Copenhagen if the promos and albums weren't to our standard, and promoted the album like 7 times, like I felt bad for them since then.",3,1731408421,NCTDREAM_WhenImWithYou
lwqh4y1,NCTDream,"Yes very well said! I think Mark’s response conpared to Jeno and Haechans honestly might be because of his upbringing or being Korean Canadian. Or maybe it comes down to their personalities but Jeno and Haechan don’t seem like the people in real life who would apologize in this way to friends or family…idk

Haechan’s and Jeno’s response seems largely like the cookie cutter apology that is expected out of them to clean up the mess. They’re not the first idols to respond in this way to fans displeasure. Hopefully that will change over time!",4,1731412336,NCTDREAM_WhenImWithYou
lwsbzdq,NCTDream,"Yeah Jeno’s sentiment was more similar to Mark and Mark just full send and was like on leader mode and I was like YES THATS OUR 7DREAM LEADER do not fucking apologize for the hard work y’all put in. Like if people are going to talk shit they have every right to say honestly like yeah it hasn’t been easy with their schedules yet they still put in their 100% into their music. I need more idols to speak up and put these “fans” into their place. Bc no they do not get to harass the idols and eat their cake at the same time fuck that shit. So yes I agree it might be the Canadian side of Mark or his leader side whatever it is, I was so proud of him for speaking up and he did it respectfully too. 

I feel very bad for Haechan though, it seems like he took it to the heart. His message hurt me the most. Like we all know how much work he puts into both of his teams. And the fact that he participated so much in this album.

Jeno’s made me sad because he is someone who you can tell does not get mad often or easily. He’s so calm and gentle but to see him so turned off, I knew it was bad bad. And I’m glad he ended his messages positively, and when he said 7Dream and the company has been working hard and trying their best so instead of blaming anyone they just wanna work hard. I was like yes own up to it Jeno, it’s not your fault!",3,1731435896,NCTDREAM_WhenImWithYou
lwsz683,NCTDream,"Korean fans especially, need to leave Dream the hell alone. They don’t make their own schedules and they have been juggling quite a lot already. On top of that, Mark and Haechan are probably extra exhausted, bouncing back between two groups. Yell at SM, yell at their managers but leave those boys alone. They’re barely getting any sleep as is.",1,1731442994,NCTDREAM_WhenImWithYou
lwtj41o,NCTDream,"I honestly LOVE the whole album. Been listening to it the whole day but here is my ranking:

1.	⁠Night poem
2.	⁠No escape
3.	⁠I hate fruits
4.	⁠Heavenly
5.	⁠Off the wall
6.	⁠You
7.	⁠Rains in heaven
8.	⁠Intro: dreamscape
9.	⁠Flying kiss
10.	⁠When I’m with you
11.	⁠Best of me",3,1731449422,NCTDREAM_WhenImWithYou
lwx7y5s,NCTDream,True but still - Dreamscape is 11 songs and should go well. I feel like management though Hey Christmas is coming and decided to release even before the tour was over.,1,1731508875,NCTDREAM_WhenImWithYou
lwxfzgj,NCTDream,"I won’t compare dreamscape with istj tho, it’s too far comparison considering every artists has seen a decrease in sales. I mean even aespa with the success or supernova and Armageddon, whiplash sold lesser but their digitals are better. So the decrease is somewhat excepted. 

Also to add, istj was from the year where sales peaked for all big selling groups, almost no other group has outsold their albums from last year with any one of their recent cb. Like I recall svt hit 4-5m sales last year but only 3m+ this year and that’s considered the highest week sales. So there’s a general drop",4,1731511567,NCTDREAM_WhenImWithYou
lwy2iyj,NCTDream,"I would say than those unorganized all SM boycott, the trend of sales decrease are affect their sales more tbh. Moreover in Dreamscape situation, it’s about classic stock issues from SM again…",2,1731518534,NCTDREAM_WhenImWithYou
lwy4249,NCTDream,"I mean with basically non existent promos to keep fans engaged before the comeback, no comeback live before the release (the live when kfans already sleep), no single contents post dreamscape released yet, and promotions just start on thursday or so, Dream still doing relatively well tbh.",2,1731518999,NCTDREAM_WhenImWithYou
lwy8nxv,NCTDream,"It´s not negative but frustration because Nctzens really want them to have great sales numbers.

So when it seems someone is sleeping in SM - we for sure know it´s not the boys as they are busting their b... on tour. And making content.",5,1731520392,NCTDREAM_WhenImWithYou
lwyf9nu,NCTDream,Nah it’s not sm boycott (which doesn’t actually exist)…it’s nct dream Korean fans who are unhappy about the promotions and that they were on tour abroad when it was released,3,1731522386,NCTDREAM_WhenImWithYou
lx13lig,NCTDream,"I think they really did focus a lot on bringing as many new stages as possible for TDS3. It will be interesting to see what approach they bring for TDS4. Of course it depends on the scheduling too, but this time they had all of Candy, ISTJ and Dream()scape to choose from for new songs. Next time it does seem more likely they’ll only have Dreamscape and maybe one more album or mini to fit in.",2,1731554090,NCTDREAM_WhenImWithYou
lx3afpu,NCTDream,"Yeah, tbh, I felt more, “NCT Dream is actually here!” standing outside the venue than I did once I got to my seat and actually saw them lol. Still a good time, but I feared it would feel like just watching a pre-recorded performance, and it lowkey did. Maybe it would have felt better being closer, or if there were more “show” elements, but that’s hard to do when the members speak a different language.

I also didn’t film a lot, and even when I did, my videos are bad cause I wasn’t focused on filming, and I still felt that way.",3,1731594667,NCTDREAM_WhenImWithYou
lx3jhry,NCTDream,"Hi honey, it's not just you. Aside the fact that I couldn't really truly fathom that I was actually there and saw these boys with my two eyes...  I felt sad and empty too afterwards. I don't mean to say they made me feel miserable...they made me feel so lite and almost imaginary even . I felt like I never wanted to leave. I already knew Mark was absolutely amazing but he spoke so kindly to us that I had trouble accepting that unreal lovable person that he is. Him and boys made me feel understood somehow. ☀️

It was heartbreaking watching Renjun as my bias because despite being happy that I could see him joined in the EU leg, I felt like he still needs more time and space and might be a little worn out already (as Berlin was one of the last stops). Considering his hiatus and mental state I really hope they're taking things slowly with him and are being considerate. Coming back like this must feel really exciting but scary at the same time, especially since not everybody understands or even knows he went through something dark. Even when Jeno or Haechan cheered him up a few times successfully, or the fans managed it too, he seemed very timid and anxious half of the evening... and my chest felt tight witnessing that. My heart broke for him, especially because I experienced similar struggles that he did and I could imagine myself in his shoes which only made me admire him more for having the strength to stand there.

 The combination of that + the lovely sweet heartwarming songs + the boys cheering us up just overwhelmed me and after leaving the concert all I could think about was I wanted to give a big-ass hug to all of them and thank them, *just thank them* . They made my day and it was the one positive ""day off"" after a long exhausting while. So while I didn't end up withdrawn in bed, I still felt run over by a bulldozer and I still have problems listening to some songs which were performed there because it takes me back. And that feels amazing but also incredibely sad at the same time....  And no I'm absolutely not trying to say boys did anything wrong. *They did everything right* and that's why it hurts so much, I feel crazy 🥲 I hope they can have some proper rest now, have a good sleep and time off and hopefully don't feel too let down by the hateful reactions on their comeback. They don't deserve this, nobody does, but they worked so so hard and have been so busy, they do all that they can to make us happy and to keep everyone satisfied... Give them a break. 😔😪💚",5,1731597730,NCTDREAM_WhenImWithYou
lx5i1j2,NCTDream,"So proud of our dreamies and nctzens 💚💚 Also, I’m still fighting my brain to stop immediately thinking of dream()scape when I read dreamscape 😭",2,1731619401,NCTDREAM_WhenImWithYou
lx6dp4y,NCTDream,"Honestly it's totally understandable, I saw them twice and they were so good both times! I watched them and filmed at the same time and keep watching the videos. I feel really happy watching them back, I can't wait for their next tour!

 Hoping they can get a loooonnnnggg break in between especially Mark and Haechan my god there's still dream scape promotions, jingle ball, year end/new year award shows, SM concert, 127 tour and Mark's solo too!",1,1731629452,NCTDREAM_WhenImWithYou
lx784iu,NCTDream,"Since Taeyeon, Irene and NCT Dream are in different centers, I don’t think their close comebacks affected the current delays 🥲",1,1731639758,NCTDREAM_WhenImWithYou
lx8frev,NCTDream,"I get you, worse is I keep calling dream()scape as dreamscape instead of dreamescape. So it takes a while to register",1,1731659748,NCTDREAM_WhenImWithYou
lx9has2,NCTDream,I discovered Nct dream quite late but hello future blew me away when I stumbled upon it. I couldn’t get over the vocal line popping off. I still get chills even though I’ve listened to it countless of times,7,1731678580,NCTDREAM_WhenImWithYou
lxac8ey,NCTDream,"ISTJ for sure, everything down to the choreo, Haechan shining in the song, Renjun’s moonwalk, the breakdown, it’s perfect!!",4,1731688358,NCTDREAM_WhenImWithYou
lxetkqm,NCTDream,A weird choice - but I always go back to Candy. Since its my first NCT Dream song that instantly made me stan then so hard and became my top played song in 2023 cause I played it 800+ times.,3,1731751218,NCTDREAM_WhenImWithYou
lxtrbnp,NCTDream,"💚 Edit: Diggus pre-voting hasn’t ended! It’s free and can be done daily until 22nd 11:59 pm KST. When voting, please choose NCT Dream and two other ‘inactive’ songs such as small girl by youngji so that the votes cannot go against Dream.",3,1731966843,NCTDREAM_WhenImWithYou
lxwp38k,NCTDream,">I’ll also say: When I’m With You has grown on me. It’s probably still not a favorite on the album for me but while diligently streaming this week I’ve come to quite like it.

My dance crew decided to cover this song/choreo so I've been streaming it more times than I probably would've otherwise. It's really done its thing, I quite enjoy it now. My original complaint was that it lacked a musically interesting part, but I think the post-chorus rap and the bridge have grown into that for me.

But yes, not to be a biased Haechan bias, but I legitimately would've gone with Flying Kiss or Best Of Me.",1,1732013271,NCTDREAM_WhenImWithYou
lxwp9ye,NCTDream,"The transition from You>Heavenly>Night poem is just TOP TIER!! I don’t think I’ve ever been in a trans like that when I first heard those trio. 

Then comes “Off the wall” to take you to the dancing floor! 

I absolutely LOVE this album. And this album is partly responsible for keeping me alive too!

Oh DREAMSCAPE, they’ll never make me hate you 💚😪",3,1732013387,NCTDREAM_WhenImWithYou
lxwrg15,NCTDream,"I just wrote a similar comment!! I can’t deal with it, how dare they put those songs back to back and not expect me to ascend to heaven?!? Dreamscape, the album that you are ❤️❤️ love the dreamies so much! Hope you are doing good fellow nctzen, we always got your back!",3,1732014697,NCTDREAM_WhenImWithYou
lxy4azp,NCTDream,"Wow lucky you were able to secure that VIP! Guess we won’t be staying at the same hotel then. I was only able to book an economy package from the cancellations (still thankful cause general ticketing thru melon was awful 😅)

It’s going to be my 2nd time going to Seoul and will most probably be visiting the NCT Dream LINE Pop Up at Seongsu and maybe Kwangya/Seoul Forest to find Mark’s bench. What were you thinking of doing om your free days? 😊",1,1732033384,NCTDREAM_WhenImWithYou
lxy4vx6,NCTDream,">Which days are you attending? 

Days 2 and 3 !

Did you get melon or global package? 

Melonnnn I'm a resident of Korea

Are you solo or with friends and where are you coming from, if you're comfortable sharing?

Technically solo but meeting friends ♡ and from another part of Korea not Seoul 

What are you going to wear to the concert?

Im dressing in a black and red and white theme to match Dream()scape

Who's your bias?

JISUNGGGGG


Will you have any freebies or have you heard of any being offered?

I'll probably make some with extra album cards 


Is it your first time in Korea? 

Noooo but I've been here 5 years anyway haha


Do you have any exciting plans outside of the concert?

Not particularly!!

Should we form a group chat? (twitter, kakao, here on reddit, etc. open to ideas)

Im always down to have a gc, foreign NCTzen living in Korea already have our own!",2,1732033558,NCTDREAM_WhenImWithYou
lxy9cgl,NCTDream,"The NCTzens in Korea GC has over 100 members friend 😭 125, I just checked",1,1732034893,NCTDREAM_WhenImWithYou
lxyo3ph,NCTDream,"Solo girlie here going for Day 1 (GP) and Day 2 (Melon). I'll most likely be wearing Renjun hoodie for Day1 + anything to keep me warm >.<! The K fans who I sat next to from the past concerts have given a small candy pack they prepared 🥹 so I was thinking of doing the same this time. Then I will also try to visit their pop-up store in Seongsu.


If you're going to Kwangya/SM area, you can try Haechan's recommendation, Cafe Seasony! I liked the chestnut cheesecake he suggested. Not sure if there will be cafe events for Chenle's birthday that is scheduled near the con dates but there are some scheduled for 22-24 I think if you will be in Seoul already. ^^",2,1732039238,NCTDREAM_WhenImWithYou
ly00l0q,NCTDream,"I'm also attending solo! I went in May earlier this year with a friend but going solo this time for day1+2

I'm an asteroid but haechan is my bias wrecker 🙈 I'll be bringing some jisung themed freebies with me!!

I would love to meet some other czennies and shop around for freebies/cafe events/merch if others are free☺️",1,1732053796,NCTDREAM_WhenImWithYou
ly3y0jm,NCTDream,"Hi!

I'll be going days 1&3 thru GP too! (One deluxe & one superior)
Going by myself, just flying out from California for the weekend
Will probably be wearing my NCT Nation Haechan jersey and then a billion layers to keep warm
I'm a sunflower too! Though Chenle during concerts is so distracting lol
Unfortunately no freebies planned this time unless I decide to go crazy this weekend but I still need to pack
I haven't been to Korea in over 10 years so I'm sure lots has changed but I'm not too worried
So far my plans are trying to go to the N Seoul Tower when I land. Then a palace and food tour on day 2 when I'm not going to the concert and probably trying to hit up the SM Store, maybe the pop up cuz I think it's still going? Not 100% sure yet
And id be happy to join a gc! But I'll probably end up being really quiet in it 😅",1,1732115651,NCTDREAM_WhenImWithYou
ly7y0ss,NCTDream,"I think Flying Kiss is the most fitting track to serve a TT considering it's popularity among all the tracks in the album, the MV, and the overall concept. The song isn't generic enough (imo) so it has TT material. 
-Best TT Candidate
(idk why this wouldn't be Pre-release, it's REALLY good..) 

No escape would be perfect HOWEVER it isn't the best fitting with the concept represents DREAMSCAPE. I felt that this song would actually be way better in Dream()scape rather than this album. 
-2nd Best Pre-release Candidate
-4th Best TT Candidate

Best of Me would be the better option for a dual concept instead of No Escape. Mostly because of the actual meaning of the lyrics (Too lazy to read No escape lyrics but ik Best of Me lyrics would kind of be fitting in to Dreamscape's concept.) 
-2nd Best TT Candidate
-1st Best Pre-release Candidate

I Hate Fruits is high up there! Good unique song with nice production. Showcases a lot of members ability in vocal parts (Specifically, Mark and Jisung). Nothing much to say other than it is a grower and one of the best tracks in the album. 
-3rd best TT Candidate
-3rd Best Pre-release Candidate

Heavenly is amazing!! I would highly recommend you guys listen to it lots more and let it grow on you!! It lowkey made me teary. 
Heavenly isn't TT material, but I actually think it could replace Flying Kiss's position as a Pre-release if not I Hate Fruits (I hate Fruits is not generic and is really a grower. A song that's unique but something ""BG"" generic like Smoothie's general review from people). 
-5th Best TT Candidate
-4th Best Pre-release Candidate

The rest is very good for Bsides. I'd say You and Off the Wall had a chance of being Pre-release.",2,1732175327,NCTDREAM_WhenImWithYou
ly8gugi,NCTDream,"so lucky to get day 2, it seems like that was really the golden ticket day 😂 then again we're all lucky to have any of the days at all right? a black/red/white outfit is such a cute idea! it's great that you get to meet up with friends for the concert, are they sitting near you or will you guys meet later to eat? i wish i had a friend to share the experience with too lol. i hope you have so much fun!! that's so cool that there's a foreign nctzen living in korea chat",1,1732187569,NCTDREAM_WhenImWithYou
ly8says,NCTDream,"Sunflower hair clips are so cute, as a fellow Haechan stan I love it 🥺🥺🥺 For throat candies there’s literally a brand here ([목캔디](https://mitem.gmarket.co.kr/Item?goodscode=2969206037)) that you’ll see at every convenience store that people give a lot! I also have gotten little Lemona (Vitamin C drink?) powder pouches a few times. If you have room in your luggage from the US I’m sure people would love American candy too! Even little gifts are so sweet. 
At another BG’s concert I went to I sat next to a really young boy (he must’ve been like a middle schooler) and at the end he gave me a little pack with a few candy and stickers and a handwritten note apologizing for not being able to give more and saying how it was his first concert so he was probably really nervous and awkward 😭

And 100% agree on the extra layer! It’s all seated anyway, so easy to take off when you’re inside!",2,1732193321,NCTDREAM_WhenImWithYou
ly9oq8t,NCTDream,"Oh wow 21 hours 😬😬😬 I hope you get the most comfortable seats! Mine is only 13 hours direct. Though also hi hotel buddy! I'll be the one with the blue hair if you wanna say hi haha



Chenle is so cute!! I think i walked away from Oakland with more videos of him than haechan 😅



Yeah packing is the worst but you're smart starting early. I want to say ill do the same but I know I'm not gonna start until Wednesday morning. I hate packing...and unpacking...but traveling is the best



Id be worried about the cold too in a hangbok but I feel like there's lots of space for layers! Though I was just going in regular clothes because the one I'm going to is incorporated with the food tour. I was debating to go on a tour in Gyeongbok Palace in the morning but was afraid after the flight and then a concert day i wouldn't wake up in time lol. But I use an app called Get Your Guide when I go to places to get ideas of cool things in the city and sometimes book the tours. The one I'm going to Saturday is going to Changgyeong Palace, then a food market, and then a temple, so it's got a nice mix of everything and wasn't too expensive",2,1732207679,NCTDREAM_WhenImWithYou
lyl0sxy,NCTDream,"i also really love one of their earlier songs called ""my page"", which has an overall message of not knowing what the future holds, but learning to trust in yourself and your story:

\- Where am I right now? I can’t know everything / But I am writing out myself / On top of these clumsy words, there’s not even a title / But I’m finding my own answer

\- korean: 난 지금 어딜까 다 알 순 없지만 / 난 나만의 나를 쓰고 있어 / 서툰 이 글 위엔 제목도 없지만 / 난 나만의 답을 찾고 있어

i only included the first half of the chorus here, but you can search up ""nct dream my page lyrics"" and find the rest of the song for more inspo!",1,1732373015,NCTDREAM_WhenImWithYou
lymuf27,NCTDream,"Honestly it would make a great intro for an awards show/end of year performance! But we won’t be getting many of those stages so I’m not sure it will happen - especially when they have two titles to choose from this year. 

Intro: Dreamscape has also actually really grown on me too, so it would be fun to see that too.",8,1732394620,NCTDREAM_WhenImWithYou
lyr0e2h,NCTDream,"I’m wondering about the Chicago concert. Will NCT Dream be doing more than one song? Also if anyone knows if Wonho will be doing more than one song? Should I do freebies? I don’t know how many I should bring or if there will be enough fans there? I won’t lie I’m a little nervous that all the other non-K-pop fans will be there & hopefully we can connect with Dreamzens easily. Also is anyone planning a meetup prior? My sister is coming in from another state and we’re coming in from another state, we have a bit of a drive but not too bad. We usually go to dinner somewhere in Chicago first, would love to go to a meet up with other dreamzens!",1,1732461536,NCTDREAM_WhenImWithYou
lys6tih,NCTDream,"hi!! 
1. i'm attending all 3 days in korea, 2f for first 2 days and 4f for last day. got all of them from resale bcos i failed ticketing 😭 

2. i'm coming with a friend but i'm pray she can get a last minute d1&d3 ticket. if not she'll only come for d3. i do have an aussie friend coming on d1 so hopefully won't be so lonely. i'm from singapore! 

3. i'm wearing a blue/grey cardigan with like inner heat tech/shirt/inner longsleeve on d1&d3, d2 i'm wearing the fcmm jeno brown sweater. 

4. jaemin and jisung~ 

5. yes i do! originally i want to print stickers but i bought some star clips and some candies.. if i have enough stickers i'll add in some 

6. i'm staying for 8d so dday bfore con i'll be gg to all the pop ups (line, superdry and dreamscape pop up) and just do alot of shopping. the first time i came for the first con in seoul i didn't get to do much so i want to make the most of my time fullest.

7. it's my 2nd time but i feel like it's gonna be like my first time bcos i kinda wasted alot of time on my first trip.. lol 

just have fun and take as many pictures!!!! it's also gonna be my first winter so hope i survive the cold lol. hope u enjoy the con!!!",3,1732474998,NCTDREAM_WhenImWithYou
lwjw57b,kpopthoughts,"Nct 127 - johnny. he is my ideal older brother lol he's so fun and takes care of everyone  
shinee - key. he's so batshit but so wholesome i love him   
nct dream - chenle and mark. chenle is a riot and mark is so easy to mess with. they're lil bros.   
svt- dino. do i even need to explain?",1,1731313406,NCTDREAM_WhenImWithYou
lwk2nof,kpop,"I just feel like crying I discovered Dream through Dream()scape and I can’t believe I’m here, this album is such a good representation of what NCT Dream sounds like. This album is cohesive af, Dream sounding from top to bottom, literally no skips 

That intro is quite something it’s emotional yet techno and bright at the same time

WIMW - the more chill chorus actually works because the prechorus and rap parts make up for it and it just wraps it up so perfectly

Flying Kiss - I can confidently say they unanimously agreed this one to be the couple song 

I hate fruits - this song is so fun!!! 

No Escape - This song is the most Neo sounding one and I love the gritty sound of it, that outro is wild, this song is gonna be so good for their concerts

Best of Me - That 80s synth sound, the prechorus reminds me of something from The Weeknd, the song gives me old SHINee vibes and I’m living for it 

YOU - YALL WTF THE WAY THIS SONG SWITCHED UP R U KIDDING ME!!!!!!!! The last minute of this song is crazy Jesus what a trip it’s so pretty 

Heavenly - Why does everyone sound so heavenly on this track? Their voices just sound like honey. This is such a quintessential Dream sounding song. That group chorus is tugging at my heart I can not rn. I love the vocal layering on this track

Night Poem - Ok at this point I just can’t choose a favorite b-side wtf Dream lol omg the rap + vocal line harmonies pleaase and the chorus is so dreamy. Jisung narrating at the end? PLZ

Off The Wall - I can finish this review unbiased, I love the ooh ahh so fresh and funky vibe!!! The way they say Off The Wall with the up & down it’s so DREAM coded 

And ofc Rains In Heaven fits perfectly! If this isn’t the most Dream album they have put out idk what is. 

My initial favs are ihatefruits, You, and Heavenly! I’m gonna go listen to this on repeat and cry",22,1731317895,NCTDREAM_WhenImWithYou
lwk497s,kpop,"Yea it effo gave bw bside vibes. Considering how strong nct title tracks can be,I mean I don't have to look at the whole nct,just looking at nct dream past songs it's clear. I wish there was something more to it",12,1731318999,NCTDREAM_WhenImWithYou
lwk6ps9,kpop,"Wow. I haven't been the biggest fan of NCT Dream's albums (some of their individual singles are great) but this is probably the first where I think it is truly cohesive in terms of sound. It's been such a fun listen that I think I want to just give my thoughts on each song since I've genuinely been listening to it for the past hour lol.

INTRO: DREAMSCAPE

From the beginning acoustic finger picking to Chenle and Renjun's (actually, props to all of the group and their singing throughout the album, especially Jisung) vocals to the lovely propulsive chorus, it's a great sign of the lush production that the rest of the album will have.

8.5 / 10

When I'm With You

Oddly enough, one of the weaker tracks (despite being the title track) on the album for me but still listenable with parts that I enjoyed. Mark's rap is as always fantastic and I do love that Jisung is singing so much more as of late, he has a lovely voice. I do just wish the chorus went bigger in a way that we'll see in the next song

7 / 10

Flying Kiss

With contributions from Haechan, this song caught me off guard when the chorus hit. The verses were dreamlike and evocative which was what I assumed was intentional, but then we reach the chorus that isn't sung so much as rapped and sung, a rapid fire vocal that is insanely catchy. It almost seems like it shouldn't work but the fact that it does so splendidly is a testament to the strength of the melody. Fantastic and a highlight for me. 

9 / 10

i hate fruits

Interesting title aside (considering the uh, entity that was Smoothie), I was pleasantly surprised with this song. Once again, the production is lush, with bombastic percussion, beautifully interspersed with guitars and synths that once again, evoke an almost dreamlike sound. 

8.75 / 10

No Escape

Back to an almost 127esque sound, with atypical sounds over a tight beat. Whilst not my favorite, it has enough interesting elements throughout that I still enjoyed my listen. The bridge is great though, with a great Haechan vocal. 

7 / 10

Best of Me

What a fascinating song. So much of the album sounds like it's intentionally evoking the 80s and the intro of Best of Me sounds like it could belong in that decade. Of course, until the big boom of the chorus, where the bass and sounds all combine into a wall of sound that kind of just pummels you. In a good way. I think lol. I liked it well enough, though it did border on repetitive at times. 

7.5/ 10

YOU

The echoey synth riff was hard to get used to at first but it grew on me once we got to Haechan's part, where it's initial coldness shifts to something more longing and pretty. The chorus is quite lovely but then a shift occurs midway where a jazzy synth starts to play under Mark's vocals and boy is this song rich and worth multiple listens. Renjun's high note is beautiful, the bass line is hypnotic and once we reach the outro, everything combined into a gorgeous end 

8.75 / 10

Heavenly

Oh my goodness, when heaven occurs in an NCT song I just know I'm in for incredible vocals and harmonies. This song is no different. Everything about it screams sumptuous and gorgeous. The harmonies are gorgeous, the chord progression is lovely, and everything only builds up to the bridge, which sends us careening past the rap line into an outro that just puts an instant smile on my face and some INSANE high notes from the vocal line. My second favorite song on the album. 

9.25 / 10

Night Poem

It's hard to follow Heavenly but Night Poem does a great job, continuing with a smooth R&B groove and beat that is one of the best in the album. There's a fascinating sound that almost sounds like a theremin in the background. It's a lovely warm hug of a song that sort of passes quickly but stays with you

8.75 / 10

Off the Wall

I'm sure the title choice is intentional in bringing up the King of Pop, but this song is just pure 80s inspired, from the funky guitar slinking around the background to the absolutely gorgeous vocals of the entire group to the chorus and chant that veers dangerously close to a melody from the song Celebration (made famous by Kylie) but still hits with oomph. 

This song seems like the perfect way to end a concert, as the main melody is simple enough to be played continuously whilst the clap worthy beat and chants are meant to be sung by an audience. And of course, the lyrics all but tell you to put your hands to the sky. I sincerely adore this song, as an 80s music fan something about it just brings a smile to my face and it seems like something that could have existed in the era of Whitney and Michael.

9.75 / 10

Rains in Heaven 

Although released as a single already, Rains in Heaven is a gorgeous piece of work that I can't add much more other than I love it, from the vocals to the momentous return of seeing Renjun after so long. In Spotify, this song is included on the album so I thought I'd still give my thoughts.

9.25 / 10


The whole album is a banger and the first NCT album that I could listen to the entire thing without feeling compelled to skip a song. Seeing how these boys have evolved from Chewing Gum to this has been a ride and with the advent of RIIZE and NCT Wish, it is strange that these still relatively young guys are practically veterans. Dreamscape is definitely worth a listen and will be rotating in my playlists for the foreseeable future. 

Final Rating

9.25 / 10",13,1731320647,NCTDREAM_WhenImWithYou
lwl187q,kpopthoughts,"To me both are fine, but I'd be more hyped for an album with mixed genres/styles because if I won't like the TT I might like at least some of the b-sides. It actually happened today with NCT Dream's release - I'm not a fan of bright concepts, so the TT wasn't really my thing, but then I listened to the b-side No Escape, which is completely different from the rest of the album, and damn it's good. If the album had strictly one theme and vibe, unfortunately it wouldn't be for me. So a mix of styles is better if you're a picky listener",4,1731335356,NCTDREAM_WhenImWithYou
lwl2x4r,kpop,"Two listens thru, I think I like this album a lot.  Suits their identity but still feels fresh. Gonna start with my fav:

You - this song does something to me emotionally. Nostalgic in a way that is so so Dream, a jazz break down that is authentic to the brand and it still sounds new for the unit (and NCT as a whole) bc of the pulsating 80s electro sound. So well executed all around. I will be obsessed for a long time I think.

When I’m with You - House sounds good on them and the bridge melody is beautiful in a way that is quintessentially Dream. Imlay + Dvwn (love Dvwn!) + Mark in the credits is an unexpected and welcomed combo.

Best of Me - I can see why Haechan loves this one and I’m glad he got to contribute lyrically. The track screams classic SM bg (with an MJ touch which is also very SM and Haechan coded) and I’m 100% here for it.

No Escape - I see this thematically and sonically fitting better in their Dream()scape mini from earlier this year but (together with Best of Me) it offers a welcomed break from the brighter/softer sound in the rest of the album. I just wish the instrumentals were a little more amped up. The vocals (from everyone) were chefs kiss in this.

Flying Kiss - I like this one better in the flow of the album than standalone. There’s something slightly musical theater about the background vocals in the final chorus that takes me out. The chorus topline still sells the song for me.

Heavenly - what in the Lionel Ritchie. Love the verses and the post-chorus “heavenly heavenly heavenly yeah~” I’m less into the chorus but I respect the genre it references.

I hate fruits - each member delivered vocally on this one. Jaemin surprised me in the best way.

Off the Wall - very Kool and the Gang celebrate good times kind of song and it should’ve closed the album instead of Rains in Heaven.

I can see how Night Poem fits into the back third of the album and the purpose of Intro:dreamscape but I’m prob not going to return to those as much as the ones above (though Jisung’s spoken word outro deserves a shout out in Night Poem).

Really looking forward to seeing how this album and its songs stack up against Dream’s other output over time for me.",9,1731335969,NCTDREAM_WhenImWithYou
lwl6s0a,kpop,"copypasting my comment here too 

TLDR: Top tier: Flying Kiss, I hate fruits, Night Poem — Great tier: You, Heavenly, Off the Wall

Am I Jeno Jisung biased? Absolutely. Did they pop off this whole album? Uhhhhyeah. They haven’t even had any releases without Renjun but I still just kept going ugh I’m so glad Renjun is back lol 😩  

**Intro: Dreamscape** welcome to FarmVille??? this opening took me out. Quite enjoy the rest of the song. The instrumental break. Whatever you’d call it… is kind of giving old SOPHIE track. So cute and squeaky. 

**When I’m With You** you know what… I think I’m just not crazy about this sound. House music? Just will never be title track material for me. I love the vocals though. Jisung Renjun. Yeah 🙂‍↕️ it’s just not very invigorating. Idk if that’s the right term. But like Hello Future, ISTJ, even Smoothie make me wanna get up and *dance.* 

**Flying Kiss** I’m such a big fan. I love her. Melodically so so interesting. So pretty. Jeno opener. Love it. The “mwah” sound. Don’t love it. But ugh. The verses are so! pretty!! “I love you forever” my kind of love themed pop song. 

**I hate fruits** HELLLL YEAH I WAS WAITING FOR THIS ONE. I’m obsessed with this chorus. Obsessed with these lyrics. Jeno - Mark - Jisung opener. As my timeline was saying when the preview dropped: “Did Mark write a song about eating p***y?” truly the question on my mind. This shit is so catchy. Instrumental is incredible. 

**No Escape** if there’s one thing about Haechan it’s he’s gonna tear up the heavier Dream tracks. This one is really reminding me of Countdown (3, 2, 1) I think? We might explooooode. Yeah. There’s something so Glitch Mode album about this song though. 

**Best of Me** Kpop boy group music. Idk what else to say about it. In a High School Musical-y way. Bet On It x Work This Out. I think this comparison has just made me like this song more instantly. Thanks Troy. 

**You** oh I love Chenle on this. Renjun on the bridge that little “I know” absolutely heavenly. I love when synth is going arpeggiating the chords. Okay I was vibing with the little changeup so hard like ooooh we’re jazzy and then Mark directly in my ear “I’m in you” 😭

**Heavenly** if I knew a lick of Korean this would be *the* karaoke pick. The sound is a little older pop like. I just love it. The chorus hits. 

**Night Poem** THE OTHER BSIDE I WAS EXCITED FOR I let that preview loop for like 10 minutes straight. I mean c’mon the vocals in the instrumental. ohhh it’s so dreamy. The girly pop song of the album. The vibes are very NCT Wish Steady bside. 

**Off the Wall** surprised me because I actually had so much fun here. It’s giving final scene prom in a cheesy teen movie. I’ve been going off the wall 😁😁😁 it’s very Home Alone - 127 core. Like we’re just having fun. 

**Rains in Heaven** is still Rains in Heaven. I do think I like her more than I did when it first released. She’s grown on me. The epitome of that tweet that’s like “kpop boy group lyrics will have the most homoerotically charged gay pining lyrics and then throw in a ‘girl’ so it seems less gay but we know.” it’s the “girl I adore you” line that gets me every time 😭😭😭  as if this isn’t just a love song Mark wrote for Renjun.",6,1731337303,NCTDREAM_WhenImWithYou
lwm3qvs,kpopthoughts,Yup. I did a data project on NCT Dream’s ISTJ album 😵‍💫.,4,1731347669,NCTDREAM_WhenImWithYou
lwn2j2r,kpopthoughts,"“It’s always the darkest before the dawn” - stray kids levanter, I think some variation is in another of their songs, as well as in one or two bts ones. 

“Walking with the cheese that’s the queso” - regular nct 

Mark’s jopping verse 

“Blue cheese Parmesan cheese cheddar cheese yeah yeah yeah cheese” stray kids cheese 

“You’re so hot, hot like soup” - NCT dream istj 

“We’re so fishy fishy like” ateez wave 

“Yes im a bad boy so I like bad girl” - 17 year old Jungkook in war of hormone 

“Peace of cake, wanna bet? Ok, call” - stray kids, slash 

“Spitting out a single joke makes everybody LOL, think you can out do me? Well I’ll kick you out to somewhere else” - Changbin in domino English version 

“Peanut butter jelly time we stick together day and night” - stray kids jjam 

All of these are for various reasons, mostly because they’re hilarious though",13,1731358265,NCTDREAM_WhenImWithYou
lwnl2gn,kpopthoughts,"Yes, he did and Mark and Haechan implied that dream is going on tour again next year. 

127 tour has now been announced from end of January till end of April and people are assuming Dream will comeback immediately after and then start touring again straight away.",20,1731363989,NCTDREAM_WhenImWithYou
lwoaddr,kpopthoughts,And now Haechan just apologised like I hate fans so much.,56,1731372708,NCTDREAM_WhenImWithYou
lwodfdg,kpopthoughts,"Okay I didn't realize how BAD it is because I was so busy enjoying this album but after seeing Haechan's bubble...and him apologizing about their shortcomings. And how he will talk a lot with the company and the members on how to do better. And their manager even felt bad about this album.

I understand that the album promotions // rollout has been real tight given the schedule but we were aware of their tour schedule since the beginning of the year. It is upsetting that they couldn't be in Korea for their comeback live and do a press conference but that is not their fault. I'm sure SM knew that was risky too but probably did the best they could with the scheduling. Given Mark & Haechan's schedules too with 127, I feel they really tried their best given the time constraints.

I don't like the entitlement that kfans have and I understand that it's largely because of them that 7Dream could come back together but the members themselves do not deserve this hate. They have worked so hard prepping for this album for the past year. They participated in production and everything.

7Dream deserves so much more I'm so tired of seeing this group be dragged and be hurt when it has already been so hard for them to stay together as a team. Now the members themselves feel like what they have done isn't enough and that they're lacking when they just dropped an amazing 4th full album that is so well put together.

They're not even back home to begin promotions yet. Can they let them wrap up their Europe tour???? It's literally not their fault. Complaining isn't going to change the fact of what's already done. I'm tired of fan's entitlement without thinking about the consequences of their words. Now 7Dream is going to feel like they didn't do enough and out here apologizing for something that is literally NOT THEIR FAULT. 

I was ready to let go of my selfish greed for 7Dream to do well on chart given the album rollout promos + but omg now I'm just going to stream like crazy because I am so tired of these boys not being able to catch a break jesus fucking christ",65,1731373790,NCTDREAM_WhenImWithYou
lwof739,kpopthoughts,"The album itself is actually really good. Haechan and Mark also wrote two songs each. 

The promotion and timing were the issues which obviously falls solely on SM and yet a member is the one apologising for it.",31,1731374418,NCTDREAM_WhenImWithYou
lwoisbe,kpopthoughts,I’m really annoyed at these so called fans and their gall to attack Dream. Haechan should not have to apologize for how bad SM is at schedules. There are definitely things that should have been done better but Dream has nothing to do with any of it. I really love the album and it’s disheartening that all the guys will hear is bad things instead of how great the songs are.,42,1731375692,NCTDREAM_WhenImWithYou
lwoj4vh,kpopthoughts,"Spoken in Nct dream ""Unknown"" right before the first chorus:

So, what if all this could be so easy. Just like...",4,1731375815,NCTDREAM_WhenImWithYou
lwonacn,kpopthoughts,"NCT Dream - Hot Sauce? 

It changes a lot in their formation as a group and popularity. I really appreciate SM’s choice for stopping the graduation method and comeback with 7Dream.",9,1731377293,NCTDREAM_WhenImWithYou
lwonkwk,kpopthoughts,"This is so crazy to me because this is exactly what happened to me after the concert. I wanted to see NCT Dream but at the same time I wasn't into kpop (the entertainment part) that much anymore. Fast forward to the concert and it was sooo good. I am so excited to actually be back as a fan like I am actually watching content from all NCT Units and other groups too.
NCT Dream was amazing. Real professionals. My favorite was the vocal line especially Chenle. I was most amazed by his stage presence.
Sorry I needed to comment on your post OP because everything you wrote fits into my experience!",2,1731377397,NCTDREAM_WhenImWithYou
lwp2q4v,kpopthoughts,"Whoever have the members bubble and twitter, please sending more love to them especially to Haechan and Jeno and whoever go to their london concert, please make it the best crowd😭😭

I’m honestly really speechless by everything that I couldn’t writing much but really Dream shouldn’t be the one who apologize about the whole situation. SM really need to manage their tour and comeback better tbh because this is just unsustainable.",30,1731383078,NCTDREAM_WhenImWithYou
lwpipr8,kpopthoughts,"Fans will want everything they can get, though, it's just human nature, and it's different fans wanting different things. It's up to management to do the proper research and figure out what to prioritize and how. Then, from there, do some stakeholder management, which means communicating to them and helping them set the right expectation.

Right now, the most egregious fail to me is that last part, because I certainly don't see management responding to the backlash. Instead, they cower behind Haechan and Mark (of all people), who's out there apologizing to fans. SM needs to be out there being transparent, apologizing, laying out plans. They need to let fans know, ""hey, this is why Dream is doing this instead of that"", admit any management fuck-up and be the shield for their artists.

They also, for the love of god, need to stop idols from reading online comments, especially during lives. That shit needs to be vetted and curated.",4,1731390543,NCTDREAM_WhenImWithYou
lwpl6fr,kpopthoughts,"I feel like fans were hoping for the members to have a say in their albums and promotions. For smaller companies, the artists have lot more influence in their album production especially when they are long into their career. We saw a popular boy group member outright calling their management ""thoughtless"" for even considering sub-par title song, so they decided on another song of the members' choice. And it did pretty well.  
  
It does like, bigger the agency, smaller the influence of the artists (excluding those who write/choreograph their own songs) which is understandable. Even more so in the case of NCT Dream since they made their debut very young. Also, the tours may make this even more impossible for many groups to stay involved unless they sacrifice a lot more.   
  
Ultimately, it is the management's fault for not reading into demands of their (local) fans and navigating it delicately. A Korean friend who is a fan was saying that a lot of them have their concern for this album promotion, it is a full-length album but it doesn't feel like that so far.",1,1731391912,NCTDREAM_WhenImWithYou
lwpr9sb,kpopthoughts,i feel like nct dream can never catch a break 😭,23,1731395541,NCTDREAM_WhenImWithYou
lwq8sce,kpopthoughts,">Now Haechan has apologised for the ‘low quality’ album

low quality how? are the songs bad according to fans?",13,1731407379,NCTDREAM_WhenImWithYou
lwrh15k,kpopthoughts,"it's hurts my heart that haechan had to apologize for the album being low quality when it's the first album that he's participated in writing. it's now a low quality album by any means, i actually love the entirety of it. cannot believe how badly the fans are treating the dreamies when they've been working so hard.",28,1731426333,NCTDREAM_WhenImWithYou
lwrijdn,kpopthoughts,"Hoppin on casket fresh, looking like a fashion show yeah 
diamonds all on my neck lookin like a water show
-regular by 127

HAECHAN ATE THAT SHIT UPPP",5,1731426810,NCTDREAM_WhenImWithYou
lws1jyo,kpopthoughts,"no chinduck, u thought u were on kpoopheads so I decided to treat you to an iconic kpoopheads phrase

/uj im listening to nct dream's new album rn, I would NOT last the first day of no nct November 😭😭",9,1731432714,NCTDREAM_WhenImWithYou
lwssuz9,kpopthoughts,"rn heavenly by nct dream is hitting that niche for me, genuinely feel like levitating every time i listen to it",7,1731441040,NCTDREAM_WhenImWithYou
lwsyjyw,kpopthoughts,Hello Future - Nct Dream,6,1731442803,NCTDREAM_WhenImWithYou
lwthssm,kpopthoughts,"In general when it comes to kpop I feel like this is an issue that fans have but especially when it comes to SM entertainment in my opinion. 

Someone who got into kpop because of SM artists in the first place I've always picked up on the fact that when they have units or they have multiple groups they have issues with making sure that they're properly giving them time off and come back in a timely manner that makes sense and it's super bad and very jarring with NCT as a whole and I don't understand people who are upset with the dreamies for their live stream let alone for this comeback and being upset with how it went down because they should be upset with entertainment point blank. 

It feels like NCT from the very beginning has always had a very shitty scheduling especially with them having members who are part of more than one unit. People sitting here in my opinion and complaining about that live stream or even this comeback both my mind because y'all should really be complaining at some about the fact that NCT dream is just about to finish up their tour and are having a comeback at the same time and not so long after that 127 is going to be going on tour and possibly having one to two comebacks. 

And all of this is happening back to back meaning that haechan & mark are basically getting no time off once again. Not even including the fact that 127 had already had I believe one to two comebacks this year in and of itself on top of having done a couple of concerts right before they ended up having to go and promote with dream again and it seems to be like vamping up. They consistently seem to keep fucking over WayV in terms of it feeling like their purposely not communicating with winwin or when they do they change the scheduling last minute from what we've been told so that he cannot participate.

And don't even get started on groups outside of NCT at this point I feel like it's weird to be a fan of any SM artist and not sit there and just constantly try to get the company to understand that they are the issue and they are the problem. 

At the same time I'm unsurprised at this being an issue with fans especially NCT fans Blaming the members rather than getting mad at the company. Mainly because I do think that to a certain extent a lot of their fans especially the more casual flash got into them after their rebellious phase where it seemed that they themselves used to call out the company. A lot of them kind of see the boys as being untouchable in terms of the way that the company sees them and interacts with them which is very much so not true. 

But I also think that some people have this weird misconception who are fans of theirs that they have way more say than they actually do have. I highly doubt that if any of the boys of NCT had to say in anything that their comebacks would be as close together as they are in the first place let alone that some of their comebacks would cross over with them being on tour.",5,1731449010,NCTDREAM_WhenImWithYou
lwv5pk6,kpopthoughts,"I assume probably some of SuJu members. They literally once said, it's too late to leave now that they made it this far lmao. Mostly as a joke but hey, every joke has a hint of truth.

Another one is Mark and Haechan. I know they love what they were doing but I think at one point of their life, when they were so dead tired of handling 2 active groups, they probably just, ""should have chosen a group like Winwin 😭""

Please don't take my comment seriously",13,1731470139,NCTDREAM_WhenImWithYou
lwvhk1u,kpop,"Unless you count NCT Dream, there’s no 3rd gen. I feel old.",1,1731475475,NCTDREAM_WhenImWithYou
lwvj8bb,kpop,"Unless you count NCT Dream, there’s no 3rd gen. I feel old.

I mean, technically they are, but they’re supposed to be the babies.",39,1731476310,NCTDREAM_WhenImWithYou
lwyl4k6,kpopthoughts,"NCT: I think their original system of rotating members has hurt them. I really like NCT U & having the different mix of members in songs, but then Mark & Haechan are working insane schedules doing two groups at once because the graduation system got abandoned. The concept of NCT just doesn’t feel like it started off clear & realistic. If it had been approached differently from the start, I think things might be different now. It’s just whiplash sometimes because then there’s the Shotaro/Sungchan situation debuting them but then they had no group & then suddenly they’re gone? I also understand people being put off by the number of members under the brand of NCT as well as it seeming confusing. 

SM also sometimes has some really cringe lyric writing. I think lyrically they could definitely improve",44,1731524140,NCTDREAM_WhenImWithYou
lwyy5gu,kpopthoughts,"As an nctzen my very very VERY unpopular opinion is that markhae should’ve been able to graduate and dream stayed a fixed unit of jeno jaemin jisung renjun and chenle. 

I think due to mark being such a talented rapper it’s kind of stunted the growth jeno and jaemin can get as rappers. He’s given most of the lines and you can tell jeno is essentially just emulating him (which is understandable, but it doesn’t help in jeno discovering his own voice and style as a rapper) jaemin’s technical skill as a rapper is even more apparent 

This sounds like a hate post but it really isn’t my blood runs neon green and I love all the boys, I just think dream is a little unbalanced (moreso in the rap line than vocal line)

All that to say the only dream soloists I can realistically see as soloists are Mark and haechan. I don’t think Jaemin and jeno have even expressed any desires for a solo. I do think renjun chenle and jisung have good voices but I don’t think they’ll be getting any solo opportunities for a while.",15,1731528082,NCTDREAM_WhenImWithYou
lwz1h4g,kpopthoughts,Imo the ones who have solo potential the most are mark and haechan and also chenle and renjun. The other 3 just fit better in a group. Not everyone has solo potential and that's okay,5,1731529107,NCTDREAM_WhenImWithYou
lwz2goi,kpopthoughts,"I'd say there are overall very few idols who really have the solo potential tbh. With NCT Dream honestly idk if any of them besides Mark and maybe Haechan have the potential to get big as soloists nor do I see them actually wanting to go solo. 

Maybe Chenle would do well if he was doing some ballads in Chinese? Or maybe not ballads but still focusing on the Chinese market, like Lay did. For some reason I can see it happening. For others - idk really, I can see them having different types of solo gigs like acting or photography things in Jaemin's case but not music.

Regarding J-line I fully agree with the other commenter. Having THE Mark Lee in your group automatically gravitates all the attention to him in terms of rap. He's just that good, that's why all the parts (at least the challenging ones) mostly go to him. It's hard to evolve as a rapper when you aren't really given the opportunity to, well, rap. Although I must say that even though J-line isn't at Mark's level of rap skill they're still improving (they got a lot better this comeback, I was pleasantly surprised) and they still get good and memorable parts so I definitely don't understand calling them not talented. Jaemin has very memorable and beautiful voice (my fav one among dreamies actually), has some really good parts AND is a great dancer with good stage presence. Same for Jisung and Jeno",7,1731529416,NCTDREAM_WhenImWithYou
lwz46ga,kpopthoughts,"I agree with what have already said about Mark and Haechan. But it seem(ed) like for a while we were getting a lot of Jisung + Jaemin + Jeno content and I think they’d work really well as a trio. Idk if this was what SM was hinting at or there’s something I’ve missed. But I hope that happens. Aside from going solo, that’s something they would give them more content and more to work with.",4,1731529959,NCTDREAM_WhenImWithYou
lwz6qob,kpopthoughts,"I agree that they probably should've graduated but as an ot7 fan I'm glad they didn't. 

I also always thought dream was a lot more balanced, at least more than 127. No hate to 127 I love them equally as well, but dream is always promoting as ot5. In comparison, I don't think I've ever seen a 127 stage without mark+haechan. Maybe bc I'm so used to ot5 dream performing that I can't really feel the emptiness but it's hard for me to imagine a 127 stage without mark+haechan.",2,1731530745,NCTDREAM_WhenImWithYou
lwz7y27,kpopthoughts,"The comment on Jisung is interesting to me. I feel like he’s hugely slept on when it comes to “solo potential” conversations because: yes he’s shy, but he’s something else entirely when performing and his voice has developed a lot in the last few years. Give him another year or two and a chance to step out on his own a couple of times, and I do feel like he’d be an incredible soloist. Even in terms of appearing of variety shows, there’s people who will find the shyness charming and it might actually be to his benefit in that sense. I don’t think it would take much for people to become quite endeared. 

I kind of feel similar in regards to Jeno though? I feel like his vocals are also kind of underrated especially after hearing him on this tour and in their most recent album. Give him a fighting chance and he’d also be a pretty solid soloist too tbh.

People don’t like to admit but a lot of nctzens are stuck on the idea that dream members not named Mark or Haechan simply can’t be soloists because they weren’t part of the grown up unit that they perceive to be infinitely more talented, and are stuck on the idea that they’re too young and have had stunted growth as idols.

I am biased, but even putting my objective head on, they’re all much more capable than even nctzens will give them credit for.",6,1731531106,NCTDREAM_WhenImWithYou
lwzm5px,kpopthoughts,"As said by many people on here I would think that it’s Mark, Haechan and actually Chenle.

Mark has already released some great solo music and I expect him to continue to do so.

Haechan has not done as much but form the covers he had done I think he has the vocals to carry solo songs too. He is also extremely charismatic on stage which is important for a solo. 

And for those who are not in the fandom, they may not know but Chenle actually used to be a child singer and released solo work. Obviously that was ages ago but he has a great voice and is also pretty charismatic. However, he hasn’t expressed as much interest in going solo in the future  as Mark and Haechan have so far.",7,1731535401,NCTDREAM_WhenImWithYou
lwzpuag,kpopthoughts,"mark solo will always do well bc he's so equally balanced in everything. I can see baekhyun in haechan which is why I have high hopes for him. Renle are good vocally so if they promote in China it will work. 


the thing with trolls and antis hating on triple j is that I see they're not as vocally strong as vocal unit but I think jeno has so much potential to pull a kai or a minho, I see jaemin and jeno doing something easy and fun like donghae and eunhyuck too, just bc some ppl don't like their tone/voice doesn't mean they can't carry a tune or put out good music. 


also sm blocking mostly every solo work of dream and then kfans leaving the fandom think why aren't they doing more work? literally sm doesn't give them those chances",10,1731536577,NCTDREAM_WhenImWithYou
lwzqyze,kpopthoughts,"I just saw them in concert two weeks ago. I'm definitely more of a casual listener and barely know their names except for Mark. From their stage presence during the concert, I'd definitely say Haechan. He's got a great voice and really commands attention. He was my favourite. I really liked Chenle too. Those were the three that were the most distinguishable to me. 

Renjun got a lot of attention from the members and the audience because it was his first concert since his hiatus. He seemed very nervous and emotional but that's normal considering the circumstances. 

The other three members were sadly overshadowed. They were great but just didn't stand out. So based on that I don't know if a solo career would be viable. But you never know. It's possible they blossom when out from under the shadow of their group members.",7,1731536938,NCTDREAM_WhenImWithYou
lwztewk,kpopthoughts,"in Korea? only Haehcan has the popularity and musical style that will be popular. 

If you look at Marks pre-releases, the non-rap music he put out didnt create a splash. Mark is one of  the most popular members so he will sell well, but the music he likes for his personal style doesn't really resonate with a domestic audience (almost alt rock). And the international audience likes Marks rapping more--his rap verses in SuperM and 127 routinely go viral. 

Haechans personal style leans towards the type of music Baekhyun releases and we see how popular he is (i think hes the best selling male soloist this year). Plus, Haechan is super popular. 

as for the others, SM has never let them flourish so how can we possible say? RenLe would need to release something primarily for the Chinese audience and unlike Jun from SVT or even WW they havent gotten the opportunity to build a portfolio in China. SM should have been doing that for them starting their 5th year.  (i also strongly think SM would create a chinese based company and release their music through them, something similar to what they are doing for Yuta)

3J are so popular but until recently i didnt know how savage Knetz were about them. They really only talk about them for visuals. Truthfully. they need to become stronger vocalists but SM also has never given them that opportunity either. Mark hard carries the rap section in Dream so all of them are underdeveloped which is wild since SM cradle robbed them, like why werent they developing them as trainees.  Jeno probably has the most potential from this trio which makes sense since hes been given the most opportunities in SMtown collabs. But idk if any of the three have desires for solo albums. 

  
and i know you didnt ask about other NCT members but like another commenter said, aside from Haehcan, I think NCT has already debuted the members with the most solo potential. Left from the remaining members I can only kinda see Xiaojun as a successful soloist and he would need to build up his portfolio in China too. No one else really stands out to me. But SM is SM and theyll give ones that stay the longest in the company a solo shot..even if it sells less than 20k (looking at some of the SuJu hags...)",13,1731537731,NCTDREAM_WhenImWithYou
lx034cd,kpopthoughts,"I personally do think you can call a group an ult group of yours if you have listened to the majority of their discography. 


I mean I still have three/four BTS albums left and I call them my ult group. Those albums are Skool Luv Affair (both versions), 2 Cool 4 Skool & O!RUL8,2? I have listened to all of the title tracks from those albums and even a couple of bsides but I haven't listened to them in their full glory. As a big album lover I prefer to listen to albums on repeat for a little while (I put them in a playlist with another album and some random songs). The reason why I haven't listened to those albums is mainly due to the fact that BTS was going to the military and I wanted to save a little bit of their discography during a very dry group period. Another reason is that I like so many other groups and artists that I have like at least 15 new releases that are coming out during a new month. So in a sense their blacklist titles got blacklisted, whoops. 


I would say NCT Dream is like my second ult, they're my second favourite group. But until the month of October I hadn't listened to the We Go Up & We Young album. I only got to them this early on is due to the fact that I wanted to have listened to all of their songs before seeing them perform live twice. Now I only have the live album left (which are just live recordings of songs I already know and love). They were also a case of new releases getting prioritised but also a case of not becoming oversaturated by them. 


I also went too waaaay too many concerts (the total amount of 2024 will be 25 concerts) and I like to do a lil concert preparation by listening to the setlist and my favourite songs before a concert happens. So sometimes I've had like 3 concerts in a month, for which I all held a lil pre concert prep party, but also like comebacks of my favorites that I wanted to check out. And since my listening habits aren't your average habits (as in I can't listen to an album just once). 


I do agree that it's weird to call a group your ult if you haven't listened to most of their discography or if they have like a very small discography. I mean BTS had like 24 albums while NCT Dream had like 16.",1,1731541040,NCTDREAM_WhenImWithYou
lx03nol,kpopthoughts,"Haechan definitely has the musical style and unique voice that makes me think he is the most likely to have music that appeals outside the fandom. I completely agree. 

He has already confirmed his solo will be r&b and from the few songs outside the group he has done (like Martini blue) and form his love of Baekhyun I can really see him making music that will be popular in Korea.",6,1731541230,NCTDREAM_WhenImWithYou
lx052ph,kpopthoughts,"I’m also glad mark’s still in dream! i obviously care much more about them actually being happy as a team than any of my little critiques 

And I just meant balanced in terms of talent and skill throughout the team. 127 can do a performance without markhae and it would be fine. Taeyong can cover mark and yuta / doyoung / jungwoo can cover haechan. But markhae missing from dream leaves a serious skill gap. Jeno and jaemin aren’t really at the caliber to deliver mark’s raps as well as he. Haechan would be easier to cover but the difference would still be very apparent",5,1731541726,NCTDREAM_WhenImWithYou
lx0yiyl,kpopthoughts,"knetz are so rude omg we need to stop giving them attention 

anyways chenle renjun absolutely mark haechan obviously, i think jisung would also kill it (he’s very versatile). but i have not seen enough from jaemin or jeno to say they’d have high solo potential necessarily. their rap is a little weak, it’s better in some songs over others. i also don’t know that they want a solo? my ult bias mentioned he doesn’t want one, his priority is the team. i imagine a majority of the members are like this, maybe aside from chenle & mark & maybe haechan. 

i’m just a casual fan who loves their music tho, i don’t know them much better than that.",3,1731552223,NCTDREAM_WhenImWithYou
lx10pu2,kpopthoughts,"Not quite related. But I first read this as ""beat box"" by NMIXX, and went like hey NMIXX is covering my NCT Dream favorite song...",6,1731553020,NCTDREAM_WhenImWithYou
lx1agjq,kpop,"List of We Dem Boyz's Choreographies this year:

The Boyz - Honey

Vanner - After Party

NCT Wish - NASA

Young Posse - XXL

NCT Dream - Smoothie

n.SSign - Funk Jam

Super Junior DnE - GGB

POW - What Makes You Beautiful

Samuel Kim - 2 Tone Rose Gold

INI - Legit

RIIZE - Boom Boom Bass

NCT 127 - Walk

Stray Kids - Chk Chk Boom

INI - Walkie Talkie

Stray Kids - JJAM

ZeroBaseOne - Good So Bad

ZeroBaseOne - Kill The Romeo

BoyNextDoor - Nice Guy

Kang Daniel - Electric Shock

Minho - Call Back

ITZY - Gold

G-Dragon - Power

Kang Daniel - Losing Myself",3,1731556778,NCTDREAM_WhenImWithYou
lx1bxgm,kpopthoughts,"nah theyre so dependent on each other, but if I had to pick it’d be mark haechan jeno",1,1731557400,NCTDREAM_WhenImWithYou
lx1q1wh,kpopthoughts,"nct: the fact that they are nct and not two regular boy groups (the original crop of what is now 127 (+ten) in one and babyshinki/dream in another). i feel like this has hurt nct dream the most, bc they just feel like they're all over the place identity wise and have lacked focus for a few years now. also that ten did not debut in 127. he and taeyong should have been in a group together the whole damn time!! 

svt: post hybe svt is just not the same. and i actually like most of the music for what it is (hot bangs and god of music fits right into the freshteen catalogue), but it still feels worse than the pre hybe discography. love money fame in particular was...blech. that was the first time i felt like svt's sound was truly neutered to fit the tiktok sludge mold.

soshi: many of their korean b-sides are kind of ass. there ARE some hits in there though!

shinee: shinee r perfect no notes. jk i thought their solos this year were all mid. hopefully taemin in particular can course correct now that he's gotten used to his new company.",17,1731564157,NCTDREAM_WhenImWithYou
lx36ztz,kpopthoughts,NCT Dream Hello Future,7,1731593428,NCTDREAM_WhenImWithYou
lx37ti6,kpopthoughts,"Im dropping another Dream album bc theyre just top tier but 

NCT DREAM Beatbox (the Glitch Mode repack)",5,1731593732,NCTDREAM_WhenImWithYou
lx37v2v,kpopthoughts,"NCT Dream - Dream()scape

NCT Dream - Dreamscape",6,1731593748,NCTDREAM_WhenImWithYou
lx3bazt,kpopthoughts,"nct dream : overwork by sm, esp haechan and mark, music quality went down since candy imo 

82major : public interest, management, yechan got recognized as keeho brother 

cix: bad management, jinyoung left ( contract ended last august) 

the boyz: management, uncertain future ( left ist after contract) 

pow: management 

Stayc : expired music , concept , from super rookie to midterm 4th gen gg 

nmixx : too much mixxpop , experimental
 
Lsf: singing skills , hate train since coachella 

Nwjns : hybe 

blackpink: jennie hate train , lisa crazy horse performance , blinks",5,1731594979,NCTDREAM_WhenImWithYou
lx3emiv,kpopthoughts,"I've had four shows canceled due to covid, with two having been rescheduled. (Originally, I was going to write about one and then remembered the three others). Strap in.


The first one was NCT127. I was so excited to see them for the first time since Johnny is my bias and we grew up very near each other. So seeing him in our home state was a dream. It was the neo awards tour, but I was able to at least see them for the link (sans haechan for his heart concerns). If I remember correctly, they canceled pretty fast after shit hit the fan. And at least i got a free album out of it lol.

Next was Monsta X. They were thankfully rescheduled after I think one postponement. Unfortunately though, by the time they came Shownu- one of my ults- had enlisted. I also had 4th row but my friend had to help me get the ticket because my ticketmaster account stopped working and made me lose my 2nd row seat. They changed venues and we had to pick new seats and she sent me the info too late so I ended up like 30 rows back. Still happy to have been able to go in the end but sad I lost my prime seat.

Another postponed show was P1Harmony. I was so excited to see them and was at the venue like 8 hours before showtime (to get merch and vibe and whatnot) and about 1 hour before the doors are supposed to open someone in line shouts ""Check Twitter!"". We all rush to see and all members but Intak had tested positive for covid and the show was to be postponed. So about 6 hours sitting in the hot sun only to be told they were sick for their first time in Chicago. At least they got better and were able to make it back!

The worst one though-

I went to school in Hawai'i and rarely anyone came there. One day, VAV announced they were heading there and my friends and I bought tickets and were so excited. I had the top tier package, snapshoots, and like second row. It would have been my second show and my first to go with friends. Well, covid rolled around and stupid studio pav postpones it. And postpones it again. Then announces it will happen! And then postpones it again. Until FINALLY they cancel it and announce that they will be refunding us. Did not see a cent until almost  TWO YEARS LATER. I had sold my ticket to another girl because by the time they were supposed to be back on island, I was graduated and back home so I wasn't about to fly back just for their show. Unfortunately they already had done the Chicago show so I just accepted my loss. So my friends and I were consistently emailing them looking for our money. I had to give it to the girl I sold the ticket to who would not stop messaging me about it- despite me sending her everything they sent up regarding the refunds. Could not listen to them for the longest time. And now I live in Korea and they disbanded this year.... I have not had good luck with those boys",6,1731596119,NCTDREAM_WhenImWithYou
lx3pe48,kpopthoughts,hello future by nct dream,1,1731599593,NCTDREAM_WhenImWithYou
lx3rza4,kpopthoughts,beatbox by nct dream,2,1731600408,NCTDREAM_WhenImWithYou
lx3tpwl,kpopthoughts,istj by nct dream,2,1731600957,NCTDREAM_WhenImWithYou
lx45r2e,kpopthoughts,"For NCT its mainly been so-so. NCT Dream just released their 4th album, which is great btw. Some knetz hated on the fact that they weren't in Korea when it released and made them apologize, which reminds me how much hatred I have for them (the knetz, not NCT Dream 😭). Doyoung (NCT 127) also released a brand new single, The Story, for his encode concert, and it was great! I love the vocals, and the music video is excellent. That brings his release count this year up to 14 solo songs (and 12 group songs)! Yuta (NCT 127) also just had his solo Japanese debut not long ago which was excellent (personal favorite is LAST SONG), and Jaehyun had a comeback with his solo single Unconditional. For NCT Wish, they are promoting Steady still, and about to release their 1st full Japanese album, which is great, but incredibly overworked. Riku is sitting out promotions while they are on tour as well. Now, my favorite unit, WayV! WayV is about to have their 3rd comeback of the year with Frequency, which is just great. Only bad part is the whole controversy with Yeonjun (TXT) stans claiming that YangYang copied Yeonjun from Ggum, which I have very intense feelings about (its slime anyways 😭). So, overall pretty good I guess!",8,1731604664,NCTDREAM_WhenImWithYou
lx47ffp,kpopthoughts,Dream()scape by NCT Dream,4,1731605178,NCTDREAM_WhenImWithYou
lx47y28,kpopthoughts,"Due to it being released the other day, Dreamscape by nct dream

Mine is night poem",7,1731605334,NCTDREAM_WhenImWithYou
lx4cqp8,kpopthoughts,NCT Dream's latest comeback Dreamscape.,6,1731606779,NCTDREAM_WhenImWithYou
lx4xxkf,kpopthoughts,"For Monsta X and Wonho: Wonho will be releasing a new single “What Would You Do” this month on the 22nd, which is also Kihyun’s birthday. Wonho will be performing at Kpop Masterz in Mexico on the 18th, then he’ll perform at the Unforgettable Gala in December as well as join the iHeartRadio Jingle Ball Tour. He’s also going to be holding fanmeets in the US. 

Minhyuk’s birthday recently passed and he successfully held his art talk in France. He went to Jaejoong and Junsu’s concert and it was really heartwarming with how much they mean to him (and many others). I.M is still hosting Kiss the Radio and Shownu is still doing Nopogy with NCT Jungwoo. NCT Dream Mark and Renjun are the next guests and then I believe Enhypen. 

Kihyun was promoted in the military and his song “,(Comma)” that he co-wrote was voted as the song with the prettiest Korean lyrics in Ilgan Sports. He and Joohoney are in the double digits until they’re out now, Hyungwon a bit longer. 

They released Season’s Greetings and fans are now broke.",9,1731613226,NCTDREAM_WhenImWithYou
lx5438f,kpop,"When I think about how I got 3 pit tickets to see the wonder girls AND 2pm for less than $100 in 2010 it makes me so sad. I think I’m done with kpop concerts for a while because of the prices. I got front row seats and sang to at the concert of band I grew up listening to for $250, which is about what I paid to… not see anything at all in the pit at NCT Dream.",10,1731615123,NCTDREAM_WhenImWithYou
lx5bvwl,kpopthoughts,"i've got two albums to share:

nct dream - dreamscape 
fifty fifty - love tune",1,1731617523,NCTDREAM_WhenImWithYou
lx5kry2,kpopthoughts,"Top artist contenders:
* Aespa
* Day6
* Dreamcatcher
* Enhypen
* EXO
* Infinite
* NCT Dream
* Red Velvet

Top song contenders:
* Aespa - Supernova
* Baekhyun - Pineapple Slice
* Dreamcatcher - 2 Rings / Justice
* Enhypen - XO
* Red Velvet - Cosmic
* TXT - Deja Vu",5,1731620243,NCTDREAM_WhenImWithYou
lx5rimt,kpopthoughts,"i didnt rlly listen to much kpop this yr but it'll probably have something from Enhypen, maybe XO or Chaconne. guessing maybe nct dream and new jeans",2,1731622308,NCTDREAM_WhenImWithYou
lx5v443,kpopthoughts,"i think i’ll have p1harmony, doyoung, nct dream, zb1, and seventeen as my top 5 artists!",5,1731623423,NCTDREAM_WhenImWithYou
lx620k1,kpopthoughts,"The Boyz will undoubtedly be my #1 artist! Other contenders I’m guessing: 
+ NCT Dream
+ Enhypen
+ EPEX (because of a few songs lol) 
+ Jungkook
+ BOYNEXTDOOR
+ Seventeen
+ RIIZE
+ Jimin
+ BTS

I feel like I didn’t have much variety this year in regard to artists I consistently listened to… and also, I’ve used YouTube to listen to some music so there’s that

There would be too many contenders for songs so idk",7,1731625603,NCTDREAM_WhenImWithYou
lx6t913,kpop,nct dream title tracks have never really been my taste but wow this is a refreshing banger !!,1,1731634702,NCTDREAM_WhenImWithYou
lx70nwz,kpopthoughts,"Im pretty sure my top 5 artists will be Taeyong, nct dream, nct 127, nct wish, and Jaehyun.  I mean nct be releasing so many bop albums this year it's no surprise.",2,1731637180,NCTDREAM_WhenImWithYou
lx880f1,kpopthoughts,"NCT Dream would have debuted in 2020 instead of 2016

ZB1 would be debuting in March of next year 

(Assuming this is about their 18th birthday and not the Korean age of majority which is different! Yujin won't be a legal adult in Korea until January 2026)",23,1731655280,NCTDREAM_WhenImWithYou
lx8dq68,kpopthoughts,"2021 for NCT Dream, actually! Jisung only turned 19 in 2021.",5,1731658538,NCTDREAM_WhenImWithYou
lx8jk0y,straykids,"Friend is an Atiny as well as a Stay and we were texting about all these releases and she was stressing too because NCT Dream came back as well and she’s a Mark fan and she still has yet to get Giant and a DICON for Chan and Changbin. Man, I had dropped money on Itzy and Aespa back in October, bought Chan’s DICON recently, and we got all of these. Well, at least we’re all fed with some great music these last months until the new year! 😆",4,1731662035,NCTDREAM_WhenImWithYou
lx8nbdx,kpopthoughts,"Dream are the unit that spent years performing without Mark and Haechan on the regular... they spent years drawing in fans from performances without them. The other members covered for them perfectly fine. Once again proving that ""nctzens"" here don't actually like Dream.

They have the talent. Just because you prefer another unit doesn't mean that Dream are some poor untalented incapable babies. I wish nctzens would honestly just stop talking about Dream at this point, every ""compliment"" is met with a backhanded insult.",0,1731664394,NCTDREAM_WhenImWithYou
lx8qpln,kpopthoughts,"Ok and the others still spent years covering for Mark and Haechan perfectly fine, but according to you the other unit are the only ones capable of filling in for them? What kind of “objective” logic is that based on? When they opposite has regularly been proven to be the case. 

You don’t have to explicitly say you don’t like them or that they lack talent, the implication is clearly there.",0,1731666477,NCTDREAM_WhenImWithYou
lx8xo0r,kpopthoughts,NCT Dream 2020,9,1731670364,NCTDREAM_WhenImWithYou
lx97033,kpop,The best NCT dream album yet!,1,1731674660,NCTDREAM_WhenImWithYou
lx9i0r5,straykids,"Ohh, I didn't buy NCT Dream's album this comeback, but I'm also a fan (and Mark is also my bias), so I understand your friend. But yes, November is being such a great month for music, we're being spoiled with all these great releases.",2,1731678837,NCTDREAM_WhenImWithYou
lx9tipd,kpopthoughts,NCT Dream will be #1 then I feel like it could be Jaehyun/Baekhyun/Doyoung plus maybe Aespa or Riize. I know Taylor Swift will also be in my top 5 so kpop is a tossup.,1,1731682699,NCTDREAM_WhenImWithYou
lx9tyhe,kpopthoughts,"Nct 127: Debuted in 2016, would’ve debuted in 2018

Nct Dream: Debuted in 2016, would’ve debuted in 2020

Enhypen: Debuted in 2020, would’ve debuted in 2023",17,1731682837,NCTDREAM_WhenImWithYou
lxa94ex,kpop,"it’s not about that but it’s about the fact that they unfairly removed him from the group and don’t listen to international fans as much as they listen to knetz. i will always support seunghan whichever way he goes but while we can fight we should fight against sm’s unfair treatment towards international fans, seunghan and riize themselves. mark from nct dream was once also put on hiatus and was i think also kicked out and give a solo career to, again, shut us up and stop boycotting, but nctzens didn’t stop and we were able to get him back in nct dream. so perhaps we can do it with seunghan as well and he can continue to follow his dream, which is riize.",-1,1731687436,NCTDREAM_WhenImWithYou
lxaa4v6,kpop,"> mark from nct dream was once also put on hiatus and was i think also kicked out and give a solo career to, again, shut us up and stop boycotting, but nctzens didn’t stop and we were able to get him back in nct dream. 

WHAT are you talking about???? This never happened.",5,1731687734,NCTDREAM_WhenImWithYou
lxb17sv,kpopthoughts,NCT dream would've debuted in 2020 dang,16,1731695766,NCTDREAM_WhenImWithYou
lxbtxjq,kpop,"So once upon a time, NCT Dream had a concept where you’d “graduate” at 20 like you would in certain Jpop groups and move on to your “permanent” unit. But that concept fell apart when SM didn’t have trainees who were ready to replace anyone when they left and fans were really attached to the group as seven. Mark still ended up graduating out of Dream for a short while, he was still always in 127, but SM canned the concept and brought him back to Dream as well. He wasn’t kicked out. 

But I do agree that we need to keep the pressure on SM in terms of actually protecting their artists’ reputations against slander and harassment. That hasn’t changed and it affects everyone in the company, Seunghan is just the one affected worst right now.",1,1731704490,NCTDREAM_WhenImWithYou
lxdgbnx,kpopthoughts,BOX by NCT Dream,2,1731725247,NCTDREAM_WhenImWithYou
lxds2do,kpopthoughts,"This is possibly me and NCT Dream? I knew Mark Lee and… no one else from Dream, just other NCT members. I was utterly obsessed with Hello Future but had not listened to much else. 

Funnily enough what made me more of a fan after seeing them live was that Mark was really asking fans to sing along with them for this one ballad-y part and no one was really doing it. I felt bad and confused about what was up with fans. It led me to explore their music more and get recs from Redditors and now I have several more songs to be obsessed with :) also I learned that these guys super grew up in kpop together and that’s endearing.",10,1731729965,NCTDREAM_WhenImWithYou
lxdxki5,kpopthoughts,Don't know if the bigger fan but NCT Dream.,10,1731732353,NCTDREAM_WhenImWithYou
lxf9nmc,kpop,"MHJ’s reputation coming out of SM wasn’t good amongst her own employees. All of the nightmare boss stories we’ve heard coming out about her from Ador existed as SM, other creatives who know her finished products hype her up and she was a big name but her reputation preceded her. 

She caught public backlash at least four different times in her 15 years at SM, which is pretty significant for someone who doesn’t have a public facing job the way she did as Ador’s CEO. Twice there was an uproar in the way she had SHINee members styled for concept shoots, the group has even spoken out against some of those concepts later on as making them really uncomfortable. She got in trouble for including images of a terrorist attack (either 9/11 or the nuclear bombing of Japan) in Red Velvet’s Happiness music video (she didn’t personally add those images but was the person signing off on it all.) She also caught backlash for NCT Dream’s My First and Last concept since the theme was teenagers crushing on their teacher.

Bang PD knew exactly who MHJ was but he didn’t care. He wanted to stick it to SM by hiring her and all this talk she has about wanting to achieve higher or whatever was always about her frustrations with the fact she had to answer to someone else. And then she came to Hybe, where they allowed her to do whatever she wanted with no supervision.",18,1731760528,NCTDREAM_WhenImWithYou
lxfd9wn,kpopthoughts,"I saw NCT Dream this week. When I went in, I only knew 4ish songs on the setlist (and a dozen that weren't on there). Now I'm listening to that setlist on loop. They were so good!!!",8,1731762267,NCTDREAM_WhenImWithYou
lxfdowf,kpopthoughts,haechan,3,1731762457,NCTDREAM_WhenImWithYou
lxfeqc0,kpopthoughts,nct dream,3,1731762921,NCTDREAM_WhenImWithYou
lxfz08q,kpopthoughts,mark haechan,3,1731770842,NCTDREAM_WhenImWithYou
lxg7467,kpopthoughts,It is not an original song but a collaboration: Stray Kids x Charlie Puth's Lose My Breath. I think TXT/Enhypen/NCT Dream suits that better than Stray Kids.,9,1731773557,NCTDREAM_WhenImWithYou
lxggmon,kpopthoughts,ISTJ would be perfect for SHINee! I actually felt like they should have switched songs in that era and NCT Dream should have had Hard instead.,2,1731776663,NCTDREAM_WhenImWithYou
lxgso5d,kpopthoughts,Nct (Haechan),5,1731780504,NCTDREAM_WhenImWithYou
lxgxgp3,kpopthoughts,"Honestly in my experience in both kpop and just general pop a concert like eras tour that is divided by album and has a reasonably even split between all the albums (RIP Debut/Speak Now) is not *that* common. It depends tour to tour and group to group, but many do focus a lot more on songs from their newer albums and only play a few of the older hits (especially once their discography gets bigger). 

I’ll use my ults (NCT Dream) as an example just because I’m most familiar. They have 12 albums/minis but over half their latest setlist came from just the last three releases. They also only included two of the title tracks from the nine albums before that.",6,1731782030,NCTDREAM_WhenImWithYou
lxh51z2,ATEEZ,"But that’s what I mean, Ateez don’t sound like Ateez did for many years and that’s okay and people are allowed to talk about that. 

They have always been experimental and they should be allowed to be, but people should also be able to talk about their feelings.

No one is spamming them in the comments on their YouTube or socials complaining about it or asking them to go back (that would be problematic) but they are discussing it with other fans because a lot of people feel the same way.

This post and others are invalidating those feelings by expecting people not to talk about it.

I’ve not seen any hate or real negativity like what’s happening in nct dream. Only people talking whistfully about their favourite era.",10,1731784456,NCTDREAM_WhenImWithYou
lxh6693,kpopthoughts,"Like....  all NCT?????

Doyoung, Renjun, Jisung, Haechan, Chenle, Hendery, Kun",3,1731784814,NCTDREAM_WhenImWithYou
lxhmpx8,kpopthoughts,haechan!,2,1731790214,NCTDREAM_WhenImWithYou
lxhv3nm,kpopthoughts,"127: Johnny, Haechan, [and formerly Taeil]
Dream: Renjun, Chenle, and I have a little soft spot for Jisung
WayV: Kun, Ten, Xiaojun
Wish: sorry but I'm too old to stan them, they could be my literal kids 😅

I MEAN HOW DO YOU PICK ONLY ONE???",3,1731792953,NCTDREAM_WhenImWithYou
lxiv7yj,kpopthoughts,"This was literally my story with NCT 127 last year, I was a bit more than a casual listener but not an actual stan. So when their The Link dare was announced I knew I HAD to go, keep in mind it was the first time a top kpop group was performing here and at a big venue!


Was the best night (although haechan couldn't come 😔) left out so hyped but with a huge post concert depression that I had to binge watch their content that weekend, fast forward (not really just like a week after) ended up becoming a chilzen up until now they are my ults 💚


To a lesser extent it also happened when I went to ARTMS concert a few months back. After the loonagate I drifted appart from the group and wasn't checking out their new releases, I did check out Dall when I came out but that's it, but after the concert many of the tracks have been on my heavy rotation playlist. I'm looking forward to what they are gonna a do next for sure!",6,1731805954,NCTDREAM_WhenImWithYou
lxizrdq,kpopthoughts,"I don't understand all the slander for Jeno Jaemin and Jisung ://// While I personally do not think ALL of Dream has solo potential, I still think that they are still very talented. Before I got into Dream, I knew of Mark the most because of his exposure with multiple teams. And I was aware of Jeno because of all the different NCT U / SMTOWN collabs he's been in. 

It is hard for me to imagine a Dream member having a solo aside from Mark and Haechan at the moment, but that doesn't mean it won't change. I genuinely think everyone else needs more time to develop and find their own style. I think Jisung is very talented and if he had more years of experience, he could do a solo if he wanted to. His voice impressed me the most in the 4th album.

I love Chenle's voice as well and he's always been great, and I could see him doing some promos in China and maybe even Korea (depends on how SM promotes them).

I have a hard disagree on triple J's having a smaller vocal range. I think Jisung and even Jeno can sing well, they just haven't been given enough opportunity because they usually take the rap lines in Dream songs.",3,1731807668,NCTDREAM_WhenImWithYou
lxk8eim,kpopthoughts,"Nct haechan and skz seungmin are huge fans of baekhyun and his music, also kep1er youngeun is a baekhyun bias.",11,1731828037,NCTDREAM_WhenImWithYou
lxkknak,kpop,"How can NCT Dream Mark, 127 Mark, SuperM Mark and soloist Mark will join tho?",107,1731836070,NCTDREAM_WhenImWithYou
lxkpr9g,ATEEZ,"You're the reasonable type of fan. Respectfully sitting it out, but not fretting about ""how could they do this"" to you and it's unstanning time! Lol  

I was lukewarm on Crazy Form for the first few listens, but because I understand that sometimes I need time to dissect and digest art that doesn't grab me on first listen, I kept listening. Eventually it became every other word out of my mouth, and now I'm cooled off to a healthy ""love that tune"" level lol  

The songs that need to grow on me are the ones that expand my music taste. They give me something to think about, to chew on, to consider from the perspective of the artist. 

There's definitely some stuff from groups that I love but I've had to sit out on because no amount of listens could get me there. At least not right now. There was a time that I didn't like anything I heard by ATEEZ when a friend was trying to show them to me. I guess I wasn't into back then but nowadays those exact songs are some of my favorites and I wonder why I didn't like them then but like them now. 

I think my love for NCT helped me move into a place where my music taste became ready for ATEEZ. Ironically, NCT is one of the groups I've had to sit out with so much that I'm not sure I'm a fan anymore. Everything after Favorite hasn't grabbed me, aside form a few b-sides and one NCT Dream title (ISTJ). But by god I'm still sat and ready for every comeback because I want to see what they'll do next and hope it's something I can appreciate or grow with. 

Thankfully, ATEEZ is still firmly within my music taste generally speaking. I really like IOMT a lot but need a little bit of time with it before it'll become something I bounce around the house singing. The rest of the album is very creative and I like it a lot. I think I definitely enjoy DEEP DIVE and Selfish Waltz more than IOMT at the moment, but that could change. 

Anyway, see ya on the next one!",3,1731839496,NCTDREAM_WhenImWithYou
lxkz5mj,kpop,"Flashback to Haechan and Mark having to choose whether to be NCT 127, NCT Dream or NCT U when getting points on the NCT 2018 Weekly Idol episode.",29,1731845450,NCTDREAM_WhenImWithYou
lxkzjrl,kpopthoughts,"nct's haechan being a fanboy of shinee and taemin! haechan's reason for trying out the auditions at sment is because he watched replay on tv 😭 and we get to see him all shy and internally fanboying while trying so hard to compose himself [here](https://youtu.be/Mj1JSTwbxHA?si=iOR2f77T6FI0MXJt) 😭😭 

nct wish's ryo is also a diehard fan of doyoung! he's the one true successful fan being able to interact with him AND be in the same group as him 😭😭",17,1731845671,NCTDREAM_WhenImWithYou
lxl385h,kpop,"Desperately hoping that lots of nct members are involved, especially mark and haechan since their dynamic is so fun to watch in variety content 🥹",5,1731847657,NCTDREAM_WhenImWithYou
lxnhqkj,kpopthoughts,"K this might be a bit crack but

Chenle(nct dream)--nct 127(mostly taeyong)

Ryo(nct wish)--doyoung(nct 127,djj)

Jaehee(nct wish)--jaehyun(nct 127.djj)",8,1731877869,NCTDREAM_WhenImWithYou
lxnkqfa,straykids,"I'm not sure if this if what you are talking about or not, but they very briefly covered Big Bang's Fantastic Baby as part of a History of Kpop performance they did with NCT Dream in 2019. It's at 1:50 in this video [https://www.youtube.com/watch?v=m1mzBnyR0uE](https://www.youtube.com/watch?v=m1mzBnyR0uE)

  
As far as I know Skz never covered Fantastic Baby in full, but they did cover a part of Bang Bang Bang at the 2019 Golden Disc Awards and it's really fun. [https://www.youtube.com/watch?v=lL6oCZZYHGI](https://www.youtube.com/watch?v=lL6oCZZYHGI)",2,1731878852,NCTDREAM_WhenImWithYou
lxrqte2,kpop,Nct dream had a concert there last year,15,1731944798,NCTDREAM_WhenImWithYou
lxs5fl1,straykids,"Whoa they are coming to Nationals Park in DC. That’s a 40k seater.

This year, ENHYPEN, TXT, ATEEZ, IU and NCT Dream all did Capitol One Arena, max 20k seats (but they didn’t use all of them).",4,1731949347,NCTDREAM_WhenImWithYou
lxt38bk,kpop,"There’s been several - Super Junior, NCT Dream, Dreamcatcher, NU’EST, Big Bang, B1A4 :)",8,1731959525,NCTDREAM_WhenImWithYou
lxuj2gl,kpopthoughts,Most of BTS are fans of Big Bang. I know that Haechan is a big Taemin fan/Shawol.,-1,1731976147,NCTDREAM_WhenImWithYou
lxvxqdj,kpopthoughts,"Skz: danceracha solo stans especially hyunjin and Felix's toxic solo stans hating on other members and hyunjin solo stans are on another level when it comes to saying horrible things about other members and saying things like hyunjin don't get promotions when he literally the member who is featured the most in the magazines this year and some members of skz haven't even gotten a chance to have their solo magazine and he is the brand ambassador of Versace and Cartier and some members like han haven't even attend any solo fashion show and most of them expect hyunjin and Felix haven't became solo brand ambassador for any brand and he is popular member alongside Felix and he gets so much screentime and always gets a dance break center and also always gets the main parts like chorus part and outro in their songs but after all this still alot of hyunjin fans always cry over him not getting proper promotions but in reality he is the member alongside Felix who gets the most promotions and toxic and weird ship wars especially weird minsung shippers hating on seungmin just because his and lee know's ship is more popular in korea and Japan than minsung 

Nct : i think the hate goes between the fandoms of different subunits especially nct 127 stans vs nct dream stans because nct 127 stans have problem with Mark and haechan being a part of nct dream but nct dream stans say that mark and haechan are performing with nct 127 most of the times and nct dream performs as ot5 in most of the events they attend expect world tours . Solo stans as well especially the solo stans of popular members vs underaated members like stans of the members who gets the most lines and screentime like taeyong , jaehyun and mark vs stans of members who gets the least lines like alot of Johnny and yuta stans getting upset of not them getting proper lines but i think everyone was satisfied with their song walk because Johnny and yuta got lines in that song

Ive : it's basically wonyoung and yujin stans vs rest of the members stans because of the obvious favouritism towards wonyoung and yujin because other members stans get upset that their bias is not getting equal treatment as the other two members of the group",14,1731995959,NCTDREAM_WhenImWithYou
lxvzcu2,kpopthoughts,unitzens. especially dreamzens vs 127zens beefing over which group mark & haechan love more. babes they're all in the same group why are you fighting 😭😭😭😭😭😭,51,1731996838,NCTDREAM_WhenImWithYou
lxvzqky,kpop,"Music show wins are about timing, there are **a lot** of songs that had no music wins but are successful. Ice On My Teeth is likely not getting a win because Enhypen and NCT Dream had a comeback around the same time. The Show also isn't airing next week. If it did, IOMT would have won.",2,1731997052,NCTDREAM_WhenImWithYou
lxwpp7j,kpopthoughts,">So Nct Dream released their 4th full length album a week ago and the hype is not there.

Tbf none of the groups that released an album during this time got a lot of hype. The Hybe VS MHJ drama, or Taeil's Scandal or Riize Seunghan's Controversy just overshadowed every comeback that happened this month. Perfect example would be TXT's over the moon comeback. I don't see anyone talking about the song unless they are fans themselves.",60,1732013648,NCTDREAM_WhenImWithYou
lxwv55v,kpopthoughts,"I'm a casual listener of NCT Dream, so I'm not really in the know what goes on with them in general other than music but even then it's pretty apparent that SM is pushing Dream too far. I get that they're workaholics or whatever, but until when will they push themselves? Until one of them drops at a concert or until they seriously injure themselves? That's physical. What about the psychological effects of them being constantly on tour and then coming back to Korea to promote (not to mention Japan as well)-so more travel. It's hard to feel a sense of center when you're always on the move, living out of a suitcase, and that could affect someone's mental state even if they're the strongest soul and have a great support system.

I guess that SM is trying to squeeze every last drop they can from NCT while they can. I have no doubts that some members won't renew with SM when the times come (though I fully believe they'd remain in NCT regardless of where they go for solo work) and that's why SM is trying to get every dollar before some of the members bounce. I think losing Taemin, Onew, Baekhyun, Xiumin and Chen kinda scared them (especially since enlistment era started for NCT) bc NCT 127 & Dream are their only active boy group that promotes primarily in Korea, which leaves them with rare EXO and/or Suju comebacks, WayV and NCT Wish. 127 and Dream are their big money bringers in terms of boy groups so SM is taking advantage of that while they can.",34,1732016759,NCTDREAM_WhenImWithYou
lxx0mrh,kpopthoughts,"I noticed nobody is talking about the whole drama with k-dreamies boycotting this comeback. They aren't happy NCT Dream wasn't in Korea at the start of the comeback promotions, and began hating on the boys. 

They refused to stream the song and want it to flop as a ""lesson"" to SM for not prioritising k-fans. The boys even received a ton of hate from these so-called fans during their comeback livestream. 

Basically, k-dreamies are giving Dream the 127 Superhuman era treatment.",20,1732019448,NCTDREAM_WhenImWithYou
lxxb0la,kpopthoughts,"1. October is musically a very rich month. Many big group had their cb.
2. TXT is still charting better than NCT DREAM in melon (it's a first - last time smoothie & deja vu came around the same time & Smoothie charted better.)
3. Both TXT and Enhypen did better in album sales.",2,1732023708,NCTDREAM_WhenImWithYou
lxxdbrc,kpopthoughts,"* Enhypen - Highway 1009
* Madein - Dopamine
* NCT Dream - Carat Cake, Rains In Heaven
* QWER - Make Our Highlight",3,1732024568,NCTDREAM_WhenImWithYou
lxxsyi2,kpopthoughts,"First time in a while that I checked out an NCT Dream release and yea I found the TT to be extremely forgettable and boring so I lost interest in checking out the rest of the album after that. The mv/concept seemed pretty uninspired as well, like they just kind of threw it together last minute.",11,1732029899,NCTDREAM_WhenImWithYou
lxxumtc,kpopthoughts,"i'm no nct dream listener so i can't comment on the quality and how that affects how the fans interact with it, but i feel like it's kind of a natural progression of their career considering they're in their 8th year as a group Even despite lineup changes. and the kfans taking issue with ""lack of promotion"" must've affected the sales even if they weren't outright boycotting like they did 5 years ago",39,1732030428,NCTDREAM_WhenImWithYou
lxxutxl,kpopthoughts,"That’s kind of crazy how much they want for just a comeback (or maybe I’m just used to the senior SM groups getting the bare minimum). Look at the calendar and tell me where they’re supposed to fit all of this into their schedule. Not to mention Mark and Haechan are about to be busy with 127 schedules too. Like just the thought of trying to do all that is exhausting, Dream’s going to need a month of straight sleep when this is all said and done.",4,1732030491,NCTDREAM_WhenImWithYou
lxy89cw,kpopthoughts,For 3 Nct dream sold better in 1st week hanteo than TXT or Enhypen latest albums and the album is 1 week old so is too early to say somebody did better in sales.,14,1732034572,NCTDREAM_WhenImWithYou
lxyfrcc,kpopthoughts,"The problem with nct is that spaced out tours would be so hard to do because of mark and haechan being in two groups you know.. like yeah I get your point but I don't think it'd work..?

Also correct me if I'm wrong but wasn't dream vs dream usually shot at mv sets? Why do I vaguely remember seeing mark and jeno's dream vs dream on the diggity set?",6,1732036791,NCTDREAM_WhenImWithYou
lxyk2yx,kpopthoughts,Smoothie nct dream cause they’re definitely talking about giving head,2,1732038062,NCTDREAM_WhenImWithYou
lxyk8gy,kpopthoughts,"Aren't they already doing this though...? NewJeans, NCT Dream, Say my Name, Unis, Itzy, Babymonster...?",8,1732038107,NCTDREAM_WhenImWithYou
lxyty79,kpopthoughts,"My ults are NCT Dream and SVT so yes, every day, and it’s usually about meaningless games with made up rules and no prizes.

In all seriousness, as someone else answered I think there’s a few times we’ve seen Scoups genuinely mad on camera. For Dream (and NCT in general) they’ve pretty consistently and honestly shown their anger/frustration at sasaengs before, especially when they get constant calls interrupting their lives. Haechan, Renjun, Jeno and Doyoung are the ones I remember most blatantly expressing their anger but a lot of the other members have also been pretty obvious.",29,1732040955,NCTDREAM_WhenImWithYou
lxyyn27,kpopthoughts,"Oh fair, although some of these still definitely qualify (NCT Dream, Teen Top which I forgot to mention, as well as NewJeans since the oldest member was 19 at debut which is still within teenage age range).",3,1732042331,NCTDREAM_WhenImWithYou
lxze9no,kpopthoughts,"im a big dreamzen and seeing this promotion period unfold is crazy. dropping the album during the last bit of their tour and they came straight back to korea jet lagged as hell to promote. but correct me if im wrong, the streams and sales are just fine?? this album is another million seller in its first week and its dream's 4th(?) album to do so (again cmiiw) the issue was with the marketing and lack of build up for the album bc of the timing. PLUS, a lot of fans complaints went straight to the members (ex: they were in london when the album dropped and their cb livestream was in a hotel room and started an hour late due to timezone mixups and oversleeping so the fans were complaining in the comments and the members saw all of them :\ ) and that part makes me sad bc they all felt the need to apologize for this album when all of it was SM's fault. and the quality of the music? as a predebut fan this album is SUPER dreampop and mark and haechan had a hand in writing some of the songs. the members themselves expressed how excited they were for this cb and how they love the songs. neo's management center is all to blame for everything but despite it all, bc they are nct dream, their sales and streams are doing well and they're predicted to get some music show wins next week.",31,1732047075,NCTDREAM_WhenImWithYou
lxzjnjq,kpopthoughts,"Okay you know what though, this is so true?!

Ten’s Nightwalker has been an instant spooky season hit, and replayed out of Halloween too!

Taeyong’s Moon Tour is so soft and sweet, and I genuinely loved that song. 

Doyoung’s Beginning and The Story are both insanely beautiful vocally, and just so powerful.

I’ve listened to all of these releases, and downloaded other songs from those albums!!

I fell into Nct Dream last year I think and checked their releases this year too. Breathing is the softest and most lilting I swear, and despite my dislike for Dreamscape’s title - I hate fruits is AMAZING?! Off the wall is so funky, heavenly is literally heavenly, and the anxiety of No Escape just subsumes me with those chords!!

And I’m liking the sound of WayV’s Hi Five so far!

Nct isn’t a group or subgroups I’m a fan of, just not my vibe. But I’ve enjoyed so much from them this year too! Even releases I haven’t enjoyed personally like Perfume, the WayV releases this year (I loved them in 2023!) and Nct Wish just have felt really solid even though I’m not listening.

Love the post OP! Honestly pretty fun to reflect on, and absolutely just such a great year for nct as a whole musically.",7,1732048700,NCTDREAM_WhenImWithYou
lxzpocf,kpopthoughts,"June:

Enhypen - Sunoo
ARTMS - Choerry & Jinsoul
Seventeen - Hoshi & Jun
NCT - Haechan
Ateez - Yeosang

I share a birthday Hoshi and Yeosang!",5,1732050500,NCTDREAM_WhenImWithYou
ly0hb4l,kpopthoughts,"Haechan (NCT) & I share the same birthday, just one year apart.",2,1732059243,NCTDREAM_WhenImWithYou
ly10a91,kpopthoughts,"He also answered Jeno’s phone and told the person to stop calling once too, and both him and Jeno have “accidentally” exposed the numbers of sasaengs continuously calling them during lives.

For Haechan I remember he literally deleted his Kakaotalk app and announced it during a live last year because they kept calling.",4,1732065850,NCTDREAM_WhenImWithYou
ly14s6a,kpopthoughts,"Everybody was buzzing about Smoothie because of the promotion. The concept was solid, the snippet videos and everything. We didn't have any of that this CB, they just dropped the pics and called it a day and fans should rightfully be mad and call SM out for that. They could have pushed this as the aftermath of the escape from the mini album scenario since this album has a happier vibe than previous one but we don't really have one because of how SM dropped this one.

The album is full of dreamvibe that most core NCT Dream fans like. Granted it's not everybody's cup of tea but Dream has never been the favorite of most because of their softer vibe.

And I'd like to clear it out that eventhough there were entitled kfans jumping at 7dream, there are a lot of kfans speaking up against this. I'm getting tired of the knet vs intl fans discourse. Not all kfans are evil, it's just that entitled minority fans or antis end up being louder that actual fans in any scenario.",8,1732067424,NCTDREAM_WhenImWithYou
ly3h1rv,kpopthoughts,"that time new from tbz chewed out sunwoo on a phone call mid vlive, that time that one zb1 kid almost clobbered that other zb1 kid with a folding chair also mid live, that time v and jin from bts went at it backstage to the point they had to have a meeting about it post show, any time nct/nct dream specifically have to play a game/deal with stalker fans on live, that time jungkook from bts got mad his steak wasn’t cooked properly. 

not anger at someone else but back in the day when kai felt his performances/practices didn’t go well and used to get visibly frustrated with himself to the point of banging on his head with a fist. idk if he still does that but i hope he’s learned to deal with that sort of frustration better but i can’t imagine the sort of pressure he is and puts himself under to perform. 

a super ancient one, but back in their rookie era hyoyeon played a prank on the rest of snsd to derail a practice and jessica got visibly and openly mad at her for wasting time. that one has always been funny to me because taeyeon, the leader, didn’t intervene or get visibly annoyed at hyoyeon and just let jessica ream into her.",16,1732109651,NCTDREAM_WhenImWithYou
ly3w1rb,straykids,"Just wanted to say that I really love how the Japanese language sounds on this album. It worked really well with the very staccato beats in Saiyan and Aieokuretanoninaze. 

With so many groups releasing music in November and then competing across all the social media platforms (NCT Dream and Enhyphen were constantly on my feeds), I felt like Giant got less attention and every song on the album was fantastic. I have listened to it straight through over and over. Really solid album. Thanks skz for consistently being amazing!",2,1732115002,NCTDREAM_WhenImWithYou
ly5e62d,kpopthoughts,"they slandered HYBE not their groups. Please at least get the basic information correct. They were trying to avoid a hostile takeover from Hybe who was creating Youtube accounts claiming to be SM employees saviors so SM started releasing information that Hybe would lay a whole bunch of people off and then shelve groups and not re-sign a bunch of contracts

also, SM only cares about slandering their OWN groups lmao. They would rather shit talk their own groups and idols in the media and make their lives miserable (See EXO, NCT 127, Red Velvet, and thats only in the last 5 years)

and btw Aespa is wildly popular. and NCT Dream sells the same amount of albums as TXT and Enhphyen in Korea. idk where is notion comes from that only Hybe groups are popular and successful..BTS is an outlier and no one is delusional enough to think they can reach their success. The rest of their groups are on par with literally everyone else in the industry. 

also the audacity to write this when its been on record now that BPD has been obsessed with taking Aespa down lmao

try a different theory",-56,1732131683,NCTDREAM_WhenImWithYou
ly6qdgy,kpop,i want nct dream to attend especially haechannn 😭,4,1732155456,NCTDREAM_WhenImWithYou
lyd5k4d,kpop,"I would have replaced with 

Yoona

Minho

Haechan/Johnny

and if Kai was here him 

just so we could see some different personalities im aslo surprised they went with leetuk instead of heechul",18,1732249104,NCTDREAM_WhenImWithYou
lyd80cw,kpop,imagine groups debuted like txt or nct dream 😭😭😭,3,1732250114,NCTDREAM_WhenImWithYou
lyd8syn,kpop,"I thought it was so cute lol, it was all giving H&M commercial, agree on NCT dream tho",2,1732250454,NCTDREAM_WhenImWithYou
lydb6ns,kpopthoughts,It is called Rainbow by  NCT Dream.,2,1732251517,NCTDREAM_WhenImWithYou
lydgaah,kpopthoughts,">its funny tho cause those hating ass bitches that made such a fuss about 0T6 have migrated to stanning Wiish lmao. Riize has lost a lot of its sheen in Korea idk why SM was so focused on keeping them only relevant there when they know Kfans are fickle

What's the proof of this? Every single ot6 left for wish? Wish dont seem to be selling more than riize or charting better, so what's are you basing this off of. I've also heard people saying ""all"" of Nct dreams kfans left for wish and so far nct dream is selling as much as usual.

I dislike the way the Seunghan situation was handled but acting like Riize lost their ""fickle"" k-fanbase based off some tweets is ridiculous. We need to wait for a comeback to actually gauge the demographics of the fandom.",5,1732254015,NCTDREAM_WhenImWithYou
lydi0yx,kpop,"He can't help it, he has the hosting disease. If Haechan was here he would absolutely hop on it as well lmao",13,1732254926,NCTDREAM_WhenImWithYou
lydl590,kpopthoughts,">Kfans are historically fickle and will easily support other groups

What's the precedent for this? Couldn't the same be said for western fans especially since they tend to stan multiple groups, while korean fans tend to stan one group?

>Over the last couple of months there’s been a surge of new wish fans and it would add up to these losers going to another popular group because they’re doing more content 

How are you measuring this ""surge""? I don't really see big increases on their sns for example. Or charting. And again seeing some random people on Twitter (or weibo) and deciding that means ot6s/kfans are generally leaving for wish is pretty anecdotal. People have been saying fans are going to WISH over NCT Dream too, and nothing so far is really proving that. Idk why wish is the new face of fandom discontent but its a weird narrative to keep pushing.",4,1732256604,NCTDREAM_WhenImWithYou
lye2jho,kpop,Did NCT 127 and NCT Dream drop out of MAMA's performances? I could have sworn they were both announced for today and tomorrow respectively. I had put it in my calendar and all. I just noticed they weren't in the presentations.,2,1732267437,NCTDREAM_WhenImWithYou
lyf1pzq,kpopthoughts,"Engenes might downvote me for this. But I think after we won the first voting and leading in the second. engenes definitely started getting way toococky thinking we had it secured. 

Engenes always have had a habit of blaming other fandoms when they lose something honestly (mostly voting). It happened recently with nct dream too blaming their music show loss on fraudulent sales. Happened with Dreamcatcher when in show champion prevoting when insomnia asked other fandoms to help them vote. And now it’s happening with Jimin.",39,1732285091,NCTDREAM_WhenImWithYou
lyie7al,straykids,"for ppl asking about resale vip benefits!! ill share my experience with the nct dream and seventeen concert! i bought vip for both tours (both resale and by myself)

nct dream
- for dc: when i checked in at the vip counter, i just told the staff that i got my vip through resale and they checked me in
- for chicago: same as above but i had a pic of the original ticket purchaser’s id this time (but the staff only said “oh that makes it easier” when i showed her so ig this means she could’ve checked me in regardless)

svt
- for nyc: i bought this vip myself and when i went to show the staff my id she straight up said nah i don’t need it LOL

*****basically “officially* vip benefits cannot be resold or transferred BUT depending on venue staff, sometimes they’ll still honor it! definitely not guaranteed and they sometimes try to scare you buy emphasizing its non-transferable, but it really really depends on the staff. i’ve been lucky in the past so i can only hope its the same for skz! 

**went to skz kaohsiung with a resale vip ticket and checked in fine w no id but asia tour is diff from n.a. tour i guess (though kaohsiung was livenation too)

**if buying on a resale platform, try making sure it says somewhere that the vip package is included (stubhub will have a comment that says “includes vip pass” or smth.) otherwise you risk buying official platinum which is NOT vip :/",1,1732324965,NCTDREAM_WhenImWithYou
lyieb32,straykids,"for ppl asking about resale vip benefits!! ill share my experience with the nct dream and seventeen concert! i bought vip for both tours (both resale and by myself)

nct dream

•	⁠for dc: when i checked in at the vip counter, i just told the staff that i got my vip through resale and they checked me in
•	⁠for chicago: same as above but i had a pic of the original ticket purchaser’s id this time (but the staff only said “oh that makes it easier” when i showed her so ig this means she could’ve checked me in regardless)

svt

•	⁠for nyc: i bought this vip myself and when i went to show the staff my id she straight up said nah i don’t need it LOL

****basically “officially vip benefits cannot be resold or transferred BUT depending on venue staff, sometimes they’ll still honor it! definitely not guaranteed and they sometimes try to scare you buy emphasizing its non-transferable, but it really really depends on the staff. i’ve been lucky in the past so i can only hope its the same for skz!

**went to skz kaohsiung with a resale vip ticket and checked in fine w no id but asia tour is diff from n.a. tour i guess (though kaohsiung was livenation too)

**if buying on a resale platform, try making sure it says somewhere that the vip package is included (stubhub will have a comment that says “includes vip pass” or smth.) otherwise you risk buying official platinum which is NOT vip :/",9,1732325006,NCTDREAM_WhenImWithYou
lyk10hq,kpopthoughts,"Famous choreographer and stage director and trainer from Japan. She's worked on choreographies from NCT Dream, Ilit, XG, Kepler and XG.",1,1732354736,NCTDREAM_WhenImWithYou
lyk2l9e,kpop,"> Lyrics and Composed by Chang Yong Jin

> Chinese Lyrics by Tianrao Tao

> Arranged by Coach & Sendo

> Mixed by Yoo Young Jin

I actually thought this was the NCT DREAM version arranged by KENZIE, but it turns out to be arranged by Coach & Sendo who also joined LSM in A2O.",2,1732355773,NCTDREAM_WhenImWithYou
lyksko5,kpopthoughts,NCT Dream,4,1732369778,NCTDREAM_WhenImWithYou
lyl7yr6,IVE,"Leeseo manager here with some updates saw in passing, would love to share, I hope the current fanbase admins pick it up from here:

* Seems like a thai celeb(cmiiw) is a fan of leeseo, even tweeted about her hair color change: 

[https://x.com/Noeul\_lee6/status/1859948955389567430](https://x.com/Noeul_lee6/status/1859948955389567430)

* Seo-in-guk's nephew's bias is leeseo: 

[https://x.com/bboingvely/status/1859940281132658941](https://x.com/bboingvely/status/1859940281132658941)

* This week's MC cut:

[https://www.youtube.com/watch?v=-y4OcKcUt1A](https://www.youtube.com/watch?v=-y4OcKcUt1A)

Interview includes ateez, enhypen and nct dream.

  
We have NCT Dream's Jeno as special MC tomorrow with leeseo, more niece content is coming\~",16,1732375608,NCTDREAM_WhenImWithYou
lylunms,kpopthoughts,something i forgot to add in my post is that i don’t have a problem with fans calling out misinformation or defending their idols in a situation that they’ve unfairly been dragged into (one that comes to mind is when groups like exo and nct dream were accused of bullying another group with zero evidence to suggest it ever happened). what i do take issue with is fans creating their own problems and framing the people who respond to them as the instigators.,14,1732383102,NCTDREAM_WhenImWithYou
lymyzvc,kpopthoughts,Dreamies (NCT Dream),24,1732396151,NCTDREAM_WhenImWithYou
lynjqei,kpopthoughts,wishies for nct dream :-) i enjoy purki for purple kiss too,3,1732403370,NCTDREAM_WhenImWithYou
lyrgyhn,kpopthoughts,Hot candy cover by nct dream,1,1732466927,NCTDREAM_WhenImWithYou
lyt4594,kpopthoughts,"still a teen and don’t have a job yet… so I’ve only gone to one this year, it was my very first concert - The Boyz in NYC! I would’ve loved to see Enhypen and Seventeen but I didn’t want to stress my family with the ticket costs again. plus one of my SVT biases wouldn’t be there :( also a relative said they had tickets for a NCT Dream concert, but it was on a school night so I wouldn’t be able to go 😔 funnily enough I started getting into them after

As for the TBZ concert, it was the best time of my life, no joke!! They’re one of my ults and I couldn’t believe I was seeing them with my very own eyes. 🥹 it was such a blast, I was constantly screaming ahaha. absolutely wonderful performers!! and they definitely know how to be entertaining <3",5,1732485167,NCTDREAM_WhenImWithYou
lyt92f9,kpopthoughts,IU & NCT Dream. Wish I could have seen Aespa and Enhypen! But the dates didn’t work out.,7,1732486780,NCTDREAM_WhenImWithYou
lyt9jqt,kpopthoughts,"This year I’ve seen:
Everglow, Ten, OnlyOneOf, NMIXX, Stray Kids, Billlie, WayV, A.C.E, XG.

My favourite concerts were WayV and Stray Kids. Both their performances are on another level, soooooo much fun and I would go see them both again in a heartbeat.

For concerts I missed: iKON because it got cancelled and I was devastated. I’ve seen them once before and they blew me away. Also missed NCT Dream for monetary reasons, have also seen them before and the setlist didn’t appeal to me so much this time.

I enjoyed all of them! My negatives mostly apply to the venues; XG I didn’t like the venue and my bad seats lessened the experience a little bit. I would try for better seats if they come back again. Also for Billlie and OnlyOneOf it was standing in smaller venues which I don’t like. I’m short and hate queuing so it’s never a good view.",5,1732486940,NCTDREAM_WhenImWithYou
lytaz58,kpopthoughts,"I went to ~20 concerts in 22-23, but this year I chilled out a bit and focused on my ult bias groups. So I just saw NCT Dream (3 nights of TDS3, and I’m going to the encore next weekend) and SVT (Follow in Incheon). For non-kpop, I also saw Taylor Swift in Tokyo.

* How was it: both groups were amazing! Part of the reason I choose my ult groups is for their live performances and I’d seen both before, so I knew they’d be great - the energy was high, the mics were on, I loved the setlists, and meeting fans at the shows was so fun.
* Who did you miss: I live in Seoul, so technically… every group that toured. But the only concert I ticketed for but didn’t get was IU 😭 I was also really sick so missed SVT’s Right Here tour. 
* Who are you looking forward to: I already have tickets for SMTown and Coldpay’s show where Twice will be opening! I’ve never seen Twice before (and I loved Coldplay’s show in Tokyo) so I’m very excited. Also, predictably: TDS4, maybe a Right Here encore show, and hopefully another IU tour.",4,1732487415,NCTDREAM_WhenImWithYou
lytcbn6,kpopthoughts,"This year has been crazy! Here as a European kpop fan 😗🤚

I started with p1harmony which even though I ended up really at the back since it was a general standing ticket I had so much fun!! Piwon has a special place in my heart since it was one of very first kpop groups I started listening to.. And hilarious enough I stayed at the same hotel as them lmaoooo I didn’t get to see them but my dad saw them at the lounge 😭 

Xikers so much fun! Surprisingly enough I was really close to the stage I felt the price was a bit expensive… I know they’re rookies but the concert felt like it was missing something 

The rose! Omggg this was my second time seeing them and they will always give an amazing performance no matter what! This was my mom’s first concert and it was fun to be with her she fell in love with woosung.. I can’t blame her!

Eric Nam it was fun but I was just really tired that day so I felt like I didn’t get to enjoy the concert as much as I thought. Eric is such an hilarious person love him!

Music Bank Antwerp! OMGGGG I HAD NOSE BLEED TICKETS BUT LET ME TELL YOU THIS WAS SOO MUCH FUN! So many talented artists and I got to witness TXT aaaaaaaa I cried I screamed until I lost my voice made tons of friends and even saw them walking on the streets.. it was one of my fav concert

SEVENTEEN BERLIN LOLLAPALOOZA!! TAKES THE THROPY 🏆 I WAS REALLY CLOSE TO THE STAGE DYING OF HEAT AND THE SUN BUT I WAS SO WORTH IT 😭 I LOST MY VOICE FOR THE NEXT 2 DAYS seventeen it’s amazing and so professional at their job… I could talk for hours about them.. I think after p1harmony the pcd I got from this was horrible 

NCT DREAM it was funny and emotional since it was Renjun’s first concert after his hiatus so it made it really special! I didn’t enjoy the venue bc it was really messy and sound quality was meh but overall the vibes the songs the choreos are just wow amazing!!",7,1732487863,NCTDREAM_WhenImWithYou
lytgxob,kpopthoughts,"I saw Ateez and NCT Dream. Ateez was the best kpop concert I have been to. Have to admit I did not really enjoy Dream as much as I was hoping I would. 

I missed a bunch of acts I wasn’t interested in.",5,1732489436,NCTDREAM_WhenImWithYou
lytif5c,kpopthoughts,"Sorry, this is gonna be a long post. 

I'm going on a K-music/Korea-based-singers-singing-in-English concert blitz for 2024-2025 which started over summer 2024. If my funds, time, and health permits, I'm going even if I don't really know the artist super well. I managed to go to 10. 

* **Itzy** \- Newark, NJ - Have to admit though I liked their songs, it seemed that they weren't singing live or the backtrack was very loud. Might give them another chance because I want to see Lia. 
* **IU** \- Newark, NJ - So good! She gave everyone gifts, her concert went for almost 3 hrs, and my skin loves her T-shirt merch! Enjoyed the syncing of lightsticks and I would def see her again with a better seat. 
* **The Volunteers** \- Brooklyn, NY - Baek Yerin's voice is wonderful! Tickets were around $50 - 60. Can't remember. I love the cozy smaller venue. I do like her more r&b stuff but the band was really good. She doesn't say much during her sets though. 
* **(G)I-dle** \- Elmont, NY - My seats were okay, but so far away. They are really great performers and singers. I enjoyed it. Might see them again if I have a better seat.
* **DPR** \- New York, NY - I did not know about DPR at all and bought a cheap last min seat. CREAM and ARTIC were good but IAN was amazing and his songs are catchy. Would see again 100%. 
* **Everglow** \- New York, NY - I kept getting ads and the seats were heavily discounted so I went. Very rare for them to sing live, seemed more like dancers to their own songs. Will not be going to see them again. 
* **XG** \- New York, NY - My seat was terrible but the girls were amazing. Love all their songs and want a longer concert. Their covers were so good. Would see again for sure. 
* **Woosung -** Brooklyn, NY - Didn't know him at all (there is a trend with male singers), nor did I know about The Rose. However, I am now a fan. His constant whoop sound slightly annoyed me but great experience, songs and performance were fun. Would see again. 
* **eaJ -** New York, NY - I bought a ticket the day of the show for $50ish. Small venue which I enjoyed. LOVED LOVED this show. I hum his songs, that I haven't even listen to previously, throughout the day. 
* **Kiss of Life -** New York, NY - These girls brought it. The fans screamed so loud. I got a light stick and was dancing in my seat. While I only knew a few of their famous songs, I liked the smaller venue. I had been there before for CL in 2016 and some Japanese bands, so I decided to go with the 2nd level General Admission. So glad I did cause I wouldn't have been able to see anything on the Floor with the amount of ppl that came.  

Won't be able to **Moon Byul** and **Fifty-Fifty** isn't really interesting me. 

I might go see **Wonho** in December if I'm up for it. Though I'm not super familiar, I've been listening to a few songs here and there. This would be my final show of 2024. 

I regret not seeing any artist that came to NYC before I decided to go and try see most of them -Alexa, Bibi, ENHYPEN, Bang Yong-guk, IVE, Whee-in, TXT, BM, LUCY, I.M, ATEEZ, SEVENTEEN, Viviz, NCT Dream, Chuu, Xdinary Heroes, Lee Young-Ji, JUNNY, and more. 

I'm annoyed that the **Seori, Katie, Giselle** show was cancelled. Was excited to see them. 

2025 seems like it will be a lot and I'm so READY!

* I'm thinking of seeing **KINO** in January.
* Already secured my **aespa** ticket for Feb. 
* Haven't bought my ticket for **Jaurim** yet in March. 
* Bought my ticket for **Stray Kids** for June. 
* Trying to find decent pricing for a ticket to see **Day6** and **NCT 127**. 
* Waiting in desperation for **Taemin** tickets to be released, and **Taeyang** and **2NE1** to announce a U.S. tour.",9,1732489957,NCTDREAM_WhenImWithYou
lwjw57b,kpopthoughts,"Nct 127 - johnny. he is my ideal older brother lol he's so fun and takes care of everyone  
shinee - key. he's so batshit but so wholesome i love him   
nct dream - chenle and mark. chenle is a riot and mark is so easy to mess with. they're lil bros.   
svt- dino. do i even need to explain?",1,1731313406,NCTDREAM_WhenImWithYou
lwk2nof,kpop,"I just feel like crying I discovered Dream through Dream()scape and I can’t believe I’m here, this album is such a good representation of what NCT Dream sounds like. This album is cohesive af, Dream sounding from top to bottom, literally no skips 

That intro is quite something it’s emotional yet techno and bright at the same time

WIMW - the more chill chorus actually works because the prechorus and rap parts make up for it and it just wraps it up so perfectly

Flying Kiss - I can confidently say they unanimously agreed this one to be the couple song 

I hate fruits - this song is so fun!!! 

No Escape - This song is the most Neo sounding one and I love the gritty sound of it, that outro is wild, this song is gonna be so good for their concerts

Best of Me - That 80s synth sound, the prechorus reminds me of something from The Weeknd, the song gives me old SHINee vibes and I’m living for it 

YOU - YALL WTF THE WAY THIS SONG SWITCHED UP R U KIDDING ME!!!!!!!! The last minute of this song is crazy Jesus what a trip it’s so pretty 

Heavenly - Why does everyone sound so heavenly on this track? Their voices just sound like honey. This is such a quintessential Dream sounding song. That group chorus is tugging at my heart I can not rn. I love the vocal layering on this track

Night Poem - Ok at this point I just can’t choose a favorite b-side wtf Dream lol omg the rap + vocal line harmonies pleaase and the chorus is so dreamy. Jisung narrating at the end? PLZ

Off The Wall - I can finish this review unbiased, I love the ooh ahh so fresh and funky vibe!!! The way they say Off The Wall with the up & down it’s so DREAM coded 

And ofc Rains In Heaven fits perfectly! If this isn’t the most Dream album they have put out idk what is. 

My initial favs are ihatefruits, You, and Heavenly! I’m gonna go listen to this on repeat and cry",22,1731317895,NCTDREAM_WhenImWithYou
lwk497s,kpop,"Yea it effo gave bw bside vibes. Considering how strong nct title tracks can be,I mean I don't have to look at the whole nct,just looking at nct dream past songs it's clear. I wish there was something more to it",12,1731318999,NCTDREAM_WhenImWithYou
lwk6ps9,kpop,"Wow. I haven't been the biggest fan of NCT Dream's albums (some of their individual singles are great) but this is probably the first where I think it is truly cohesive in terms of sound. It's been such a fun listen that I think I want to just give my thoughts on each song since I've genuinely been listening to it for the past hour lol.

INTRO: DREAMSCAPE

From the beginning acoustic finger picking to Chenle and Renjun's (actually, props to all of the group and their singing throughout the album, especially Jisung) vocals to the lovely propulsive chorus, it's a great sign of the lush production that the rest of the album will have.

8.5 / 10

When I'm With You

Oddly enough, one of the weaker tracks (despite being the title track) on the album for me but still listenable with parts that I enjoyed. Mark's rap is as always fantastic and I do love that Jisung is singing so much more as of late, he has a lovely voice. I do just wish the chorus went bigger in a way that we'll see in the next song

7 / 10

Flying Kiss

With contributions from Haechan, this song caught me off guard when the chorus hit. The verses were dreamlike and evocative which was what I assumed was intentional, but then we reach the chorus that isn't sung so much as rapped and sung, a rapid fire vocal that is insanely catchy. It almost seems like it shouldn't work but the fact that it does so splendidly is a testament to the strength of the melody. Fantastic and a highlight for me. 

9 / 10

i hate fruits

Interesting title aside (considering the uh, entity that was Smoothie), I was pleasantly surprised with this song. Once again, the production is lush, with bombastic percussion, beautifully interspersed with guitars and synths that once again, evoke an almost dreamlike sound. 

8.75 / 10

No Escape

Back to an almost 127esque sound, with atypical sounds over a tight beat. Whilst not my favorite, it has enough interesting elements throughout that I still enjoyed my listen. The bridge is great though, with a great Haechan vocal. 

7 / 10

Best of Me

What a fascinating song. So much of the album sounds like it's intentionally evoking the 80s and the intro of Best of Me sounds like it could belong in that decade. Of course, until the big boom of the chorus, where the bass and sounds all combine into a wall of sound that kind of just pummels you. In a good way. I think lol. I liked it well enough, though it did border on repetitive at times. 

7.5/ 10

YOU

The echoey synth riff was hard to get used to at first but it grew on me once we got to Haechan's part, where it's initial coldness shifts to something more longing and pretty. The chorus is quite lovely but then a shift occurs midway where a jazzy synth starts to play under Mark's vocals and boy is this song rich and worth multiple listens. Renjun's high note is beautiful, the bass line is hypnotic and once we reach the outro, everything combined into a gorgeous end 

8.75 / 10

Heavenly

Oh my goodness, when heaven occurs in an NCT song I just know I'm in for incredible vocals and harmonies. This song is no different. Everything about it screams sumptuous and gorgeous. The harmonies are gorgeous, the chord progression is lovely, and everything only builds up to the bridge, which sends us careening past the rap line into an outro that just puts an instant smile on my face and some INSANE high notes from the vocal line. My second favorite song on the album. 

9.25 / 10

Night Poem

It's hard to follow Heavenly but Night Poem does a great job, continuing with a smooth R&B groove and beat that is one of the best in the album. There's a fascinating sound that almost sounds like a theremin in the background. It's a lovely warm hug of a song that sort of passes quickly but stays with you

8.75 / 10

Off the Wall

I'm sure the title choice is intentional in bringing up the King of Pop, but this song is just pure 80s inspired, from the funky guitar slinking around the background to the absolutely gorgeous vocals of the entire group to the chorus and chant that veers dangerously close to a melody from the song Celebration (made famous by Kylie) but still hits with oomph. 

This song seems like the perfect way to end a concert, as the main melody is simple enough to be played continuously whilst the clap worthy beat and chants are meant to be sung by an audience. And of course, the lyrics all but tell you to put your hands to the sky. I sincerely adore this song, as an 80s music fan something about it just brings a smile to my face and it seems like something that could have existed in the era of Whitney and Michael.

9.75 / 10

Rains in Heaven 

Although released as a single already, Rains in Heaven is a gorgeous piece of work that I can't add much more other than I love it, from the vocals to the momentous return of seeing Renjun after so long. In Spotify, this song is included on the album so I thought I'd still give my thoughts.

9.25 / 10


The whole album is a banger and the first NCT album that I could listen to the entire thing without feeling compelled to skip a song. Seeing how these boys have evolved from Chewing Gum to this has been a ride and with the advent of RIIZE and NCT Wish, it is strange that these still relatively young guys are practically veterans. Dreamscape is definitely worth a listen and will be rotating in my playlists for the foreseeable future. 

Final Rating

9.25 / 10",13,1731320647,NCTDREAM_WhenImWithYou
lwl187q,kpopthoughts,"To me both are fine, but I'd be more hyped for an album with mixed genres/styles because if I won't like the TT I might like at least some of the b-sides. It actually happened today with NCT Dream's release - I'm not a fan of bright concepts, so the TT wasn't really my thing, but then I listened to the b-side No Escape, which is completely different from the rest of the album, and damn it's good. If the album had strictly one theme and vibe, unfortunately it wouldn't be for me. So a mix of styles is better if you're a picky listener",4,1731335356,NCTDREAM_WhenImWithYou
lwl2x4r,kpop,"Two listens thru, I think I like this album a lot.  Suits their identity but still feels fresh. Gonna start with my fav:

You - this song does something to me emotionally. Nostalgic in a way that is so so Dream, a jazz break down that is authentic to the brand and it still sounds new for the unit (and NCT as a whole) bc of the pulsating 80s electro sound. So well executed all around. I will be obsessed for a long time I think.

When I’m with You - House sounds good on them and the bridge melody is beautiful in a way that is quintessentially Dream. Imlay + Dvwn (love Dvwn!) + Mark in the credits is an unexpected and welcomed combo.

Best of Me - I can see why Haechan loves this one and I’m glad he got to contribute lyrically. The track screams classic SM bg (with an MJ touch which is also very SM and Haechan coded) and I’m 100% here for it.

No Escape - I see this thematically and sonically fitting better in their Dream()scape mini from earlier this year but (together with Best of Me) it offers a welcomed break from the brighter/softer sound in the rest of the album. I just wish the instrumentals were a little more amped up. The vocals (from everyone) were chefs kiss in this.

Flying Kiss - I like this one better in the flow of the album than standalone. There’s something slightly musical theater about the background vocals in the final chorus that takes me out. The chorus topline still sells the song for me.

Heavenly - what in the Lionel Ritchie. Love the verses and the post-chorus “heavenly heavenly heavenly yeah~” I’m less into the chorus but I respect the genre it references.

I hate fruits - each member delivered vocally on this one. Jaemin surprised me in the best way.

Off the Wall - very Kool and the Gang celebrate good times kind of song and it should’ve closed the album instead of Rains in Heaven.

I can see how Night Poem fits into the back third of the album and the purpose of Intro:dreamscape but I’m prob not going to return to those as much as the ones above (though Jisung’s spoken word outro deserves a shout out in Night Poem).

Really looking forward to seeing how this album and its songs stack up against Dream’s other output over time for me.",9,1731335969,NCTDREAM_WhenImWithYou
lwl6s0a,kpop,"copypasting my comment here too 

TLDR: Top tier: Flying Kiss, I hate fruits, Night Poem — Great tier: You, Heavenly, Off the Wall

Am I Jeno Jisung biased? Absolutely. Did they pop off this whole album? Uhhhhyeah. They haven’t even had any releases without Renjun but I still just kept going ugh I’m so glad Renjun is back lol 😩  

**Intro: Dreamscape** welcome to FarmVille??? this opening took me out. Quite enjoy the rest of the song. The instrumental break. Whatever you’d call it… is kind of giving old SOPHIE track. So cute and squeaky. 

**When I’m With You** you know what… I think I’m just not crazy about this sound. House music? Just will never be title track material for me. I love the vocals though. Jisung Renjun. Yeah 🙂‍↕️ it’s just not very invigorating. Idk if that’s the right term. But like Hello Future, ISTJ, even Smoothie make me wanna get up and *dance.* 

**Flying Kiss** I’m such a big fan. I love her. Melodically so so interesting. So pretty. Jeno opener. Love it. The “mwah” sound. Don’t love it. But ugh. The verses are so! pretty!! “I love you forever” my kind of love themed pop song. 

**I hate fruits** HELLLL YEAH I WAS WAITING FOR THIS ONE. I’m obsessed with this chorus. Obsessed with these lyrics. Jeno - Mark - Jisung opener. As my timeline was saying when the preview dropped: “Did Mark write a song about eating p***y?” truly the question on my mind. This shit is so catchy. Instrumental is incredible. 

**No Escape** if there’s one thing about Haechan it’s he’s gonna tear up the heavier Dream tracks. This one is really reminding me of Countdown (3, 2, 1) I think? We might explooooode. Yeah. There’s something so Glitch Mode album about this song though. 

**Best of Me** Kpop boy group music. Idk what else to say about it. In a High School Musical-y way. Bet On It x Work This Out. I think this comparison has just made me like this song more instantly. Thanks Troy. 

**You** oh I love Chenle on this. Renjun on the bridge that little “I know” absolutely heavenly. I love when synth is going arpeggiating the chords. Okay I was vibing with the little changeup so hard like ooooh we’re jazzy and then Mark directly in my ear “I’m in you” 😭

**Heavenly** if I knew a lick of Korean this would be *the* karaoke pick. The sound is a little older pop like. I just love it. The chorus hits. 

**Night Poem** THE OTHER BSIDE I WAS EXCITED FOR I let that preview loop for like 10 minutes straight. I mean c’mon the vocals in the instrumental. ohhh it’s so dreamy. The girly pop song of the album. The vibes are very NCT Wish Steady bside. 

**Off the Wall** surprised me because I actually had so much fun here. It’s giving final scene prom in a cheesy teen movie. I’ve been going off the wall 😁😁😁 it’s very Home Alone - 127 core. Like we’re just having fun. 

**Rains in Heaven** is still Rains in Heaven. I do think I like her more than I did when it first released. She’s grown on me. The epitome of that tweet that’s like “kpop boy group lyrics will have the most homoerotically charged gay pining lyrics and then throw in a ‘girl’ so it seems less gay but we know.” it’s the “girl I adore you” line that gets me every time 😭😭😭  as if this isn’t just a love song Mark wrote for Renjun.",6,1731337303,NCTDREAM_WhenImWithYou
lwm3qvs,kpopthoughts,Yup. I did a data project on NCT Dream’s ISTJ album 😵‍💫.,4,1731347669,NCTDREAM_WhenImWithYou
lwn2j2r,kpopthoughts,"“It’s always the darkest before the dawn” - stray kids levanter, I think some variation is in another of their songs, as well as in one or two bts ones. 

“Walking with the cheese that’s the queso” - regular nct 

Mark’s jopping verse 

“Blue cheese Parmesan cheese cheddar cheese yeah yeah yeah cheese” stray kids cheese 

“You’re so hot, hot like soup” - NCT dream istj 

“We’re so fishy fishy like” ateez wave 

“Yes im a bad boy so I like bad girl” - 17 year old Jungkook in war of hormone 

“Peace of cake, wanna bet? Ok, call” - stray kids, slash 

“Spitting out a single joke makes everybody LOL, think you can out do me? Well I’ll kick you out to somewhere else” - Changbin in domino English version 

“Peanut butter jelly time we stick together day and night” - stray kids jjam 

All of these are for various reasons, mostly because they’re hilarious though",13,1731358265,NCTDREAM_WhenImWithYou
lwnl2gn,kpopthoughts,"Yes, he did and Mark and Haechan implied that dream is going on tour again next year. 

127 tour has now been announced from end of January till end of April and people are assuming Dream will comeback immediately after and then start touring again straight away.",20,1731363989,NCTDREAM_WhenImWithYou
lwoaddr,kpopthoughts,And now Haechan just apologised like I hate fans so much.,56,1731372708,NCTDREAM_WhenImWithYou
lwodfdg,kpopthoughts,"Okay I didn't realize how BAD it is because I was so busy enjoying this album but after seeing Haechan's bubble...and him apologizing about their shortcomings. And how he will talk a lot with the company and the members on how to do better. And their manager even felt bad about this album.

I understand that the album promotions // rollout has been real tight given the schedule but we were aware of their tour schedule since the beginning of the year. It is upsetting that they couldn't be in Korea for their comeback live and do a press conference but that is not their fault. I'm sure SM knew that was risky too but probably did the best they could with the scheduling. Given Mark & Haechan's schedules too with 127, I feel they really tried their best given the time constraints.

I don't like the entitlement that kfans have and I understand that it's largely because of them that 7Dream could come back together but the members themselves do not deserve this hate. They have worked so hard prepping for this album for the past year. They participated in production and everything.

7Dream deserves so much more I'm so tired of seeing this group be dragged and be hurt when it has already been so hard for them to stay together as a team. Now the members themselves feel like what they have done isn't enough and that they're lacking when they just dropped an amazing 4th full album that is so well put together.

They're not even back home to begin promotions yet. Can they let them wrap up their Europe tour???? It's literally not their fault. Complaining isn't going to change the fact of what's already done. I'm tired of fan's entitlement without thinking about the consequences of their words. Now 7Dream is going to feel like they didn't do enough and out here apologizing for something that is literally NOT THEIR FAULT. 

I was ready to let go of my selfish greed for 7Dream to do well on chart given the album rollout promos + but omg now I'm just going to stream like crazy because I am so tired of these boys not being able to catch a break jesus fucking christ",65,1731373790,NCTDREAM_WhenImWithYou
lwof739,kpopthoughts,"The album itself is actually really good. Haechan and Mark also wrote two songs each. 

The promotion and timing were the issues which obviously falls solely on SM and yet a member is the one apologising for it.",31,1731374418,NCTDREAM_WhenImWithYou
lwoisbe,kpopthoughts,I’m really annoyed at these so called fans and their gall to attack Dream. Haechan should not have to apologize for how bad SM is at schedules. There are definitely things that should have been done better but Dream has nothing to do with any of it. I really love the album and it’s disheartening that all the guys will hear is bad things instead of how great the songs are.,42,1731375692,NCTDREAM_WhenImWithYou
lwoj4vh,kpopthoughts,"Spoken in Nct dream ""Unknown"" right before the first chorus:

So, what if all this could be so easy. Just like...",4,1731375815,NCTDREAM_WhenImWithYou
lwonacn,kpopthoughts,"NCT Dream - Hot Sauce? 

It changes a lot in their formation as a group and popularity. I really appreciate SM’s choice for stopping the graduation method and comeback with 7Dream.",9,1731377293,NCTDREAM_WhenImWithYou
lwonkwk,kpopthoughts,"This is so crazy to me because this is exactly what happened to me after the concert. I wanted to see NCT Dream but at the same time I wasn't into kpop (the entertainment part) that much anymore. Fast forward to the concert and it was sooo good. I am so excited to actually be back as a fan like I am actually watching content from all NCT Units and other groups too.
NCT Dream was amazing. Real professionals. My favorite was the vocal line especially Chenle. I was most amazed by his stage presence.
Sorry I needed to comment on your post OP because everything you wrote fits into my experience!",2,1731377397,NCTDREAM_WhenImWithYou
lwp2q4v,kpopthoughts,"Whoever have the members bubble and twitter, please sending more love to them especially to Haechan and Jeno and whoever go to their london concert, please make it the best crowd😭😭

I’m honestly really speechless by everything that I couldn’t writing much but really Dream shouldn’t be the one who apologize about the whole situation. SM really need to manage their tour and comeback better tbh because this is just unsustainable.",30,1731383078,NCTDREAM_WhenImWithYou
lwpipr8,kpopthoughts,"Fans will want everything they can get, though, it's just human nature, and it's different fans wanting different things. It's up to management to do the proper research and figure out what to prioritize and how. Then, from there, do some stakeholder management, which means communicating to them and helping them set the right expectation.

Right now, the most egregious fail to me is that last part, because I certainly don't see management responding to the backlash. Instead, they cower behind Haechan and Mark (of all people), who's out there apologizing to fans. SM needs to be out there being transparent, apologizing, laying out plans. They need to let fans know, ""hey, this is why Dream is doing this instead of that"", admit any management fuck-up and be the shield for their artists.

They also, for the love of god, need to stop idols from reading online comments, especially during lives. That shit needs to be vetted and curated.",4,1731390543,NCTDREAM_WhenImWithYou
lwpl6fr,kpopthoughts,"I feel like fans were hoping for the members to have a say in their albums and promotions. For smaller companies, the artists have lot more influence in their album production especially when they are long into their career. We saw a popular boy group member outright calling their management ""thoughtless"" for even considering sub-par title song, so they decided on another song of the members' choice. And it did pretty well.  
  
It does like, bigger the agency, smaller the influence of the artists (excluding those who write/choreograph their own songs) which is understandable. Even more so in the case of NCT Dream since they made their debut very young. Also, the tours may make this even more impossible for many groups to stay involved unless they sacrifice a lot more.   
  
Ultimately, it is the management's fault for not reading into demands of their (local) fans and navigating it delicately. A Korean friend who is a fan was saying that a lot of them have their concern for this album promotion, it is a full-length album but it doesn't feel like that so far.",1,1731391912,NCTDREAM_WhenImWithYou
lwpr9sb,kpopthoughts,i feel like nct dream can never catch a break 😭,23,1731395541,NCTDREAM_WhenImWithYou
lwq8sce,kpopthoughts,">Now Haechan has apologised for the ‘low quality’ album

low quality how? are the songs bad according to fans?",13,1731407379,NCTDREAM_WhenImWithYou
lwrh15k,kpopthoughts,"it's hurts my heart that haechan had to apologize for the album being low quality when it's the first album that he's participated in writing. it's now a low quality album by any means, i actually love the entirety of it. cannot believe how badly the fans are treating the dreamies when they've been working so hard.",28,1731426333,NCTDREAM_WhenImWithYou
lwrijdn,kpopthoughts,"Hoppin on casket fresh, looking like a fashion show yeah 
diamonds all on my neck lookin like a water show
-regular by 127

HAECHAN ATE THAT SHIT UPPP",5,1731426810,NCTDREAM_WhenImWithYou
lws1jyo,kpopthoughts,"no chinduck, u thought u were on kpoopheads so I decided to treat you to an iconic kpoopheads phrase

/uj im listening to nct dream's new album rn, I would NOT last the first day of no nct November 😭😭",9,1731432714,NCTDREAM_WhenImWithYou
lwssuz9,kpopthoughts,"rn heavenly by nct dream is hitting that niche for me, genuinely feel like levitating every time i listen to it",7,1731441040,NCTDREAM_WhenImWithYou
lwsyjyw,kpopthoughts,Hello Future - Nct Dream,6,1731442803,NCTDREAM_WhenImWithYou
lwthssm,kpopthoughts,"In general when it comes to kpop I feel like this is an issue that fans have but especially when it comes to SM entertainment in my opinion. 

Someone who got into kpop because of SM artists in the first place I've always picked up on the fact that when they have units or they have multiple groups they have issues with making sure that they're properly giving them time off and come back in a timely manner that makes sense and it's super bad and very jarring with NCT as a whole and I don't understand people who are upset with the dreamies for their live stream let alone for this comeback and being upset with how it went down because they should be upset with entertainment point blank. 

It feels like NCT from the very beginning has always had a very shitty scheduling especially with them having members who are part of more than one unit. People sitting here in my opinion and complaining about that live stream or even this comeback both my mind because y'all should really be complaining at some about the fact that NCT dream is just about to finish up their tour and are having a comeback at the same time and not so long after that 127 is going to be going on tour and possibly having one to two comebacks. 

And all of this is happening back to back meaning that haechan & mark are basically getting no time off once again. Not even including the fact that 127 had already had I believe one to two comebacks this year in and of itself on top of having done a couple of concerts right before they ended up having to go and promote with dream again and it seems to be like vamping up. They consistently seem to keep fucking over WayV in terms of it feeling like their purposely not communicating with winwin or when they do they change the scheduling last minute from what we've been told so that he cannot participate.

And don't even get started on groups outside of NCT at this point I feel like it's weird to be a fan of any SM artist and not sit there and just constantly try to get the company to understand that they are the issue and they are the problem. 

At the same time I'm unsurprised at this being an issue with fans especially NCT fans Blaming the members rather than getting mad at the company. Mainly because I do think that to a certain extent a lot of their fans especially the more casual flash got into them after their rebellious phase where it seemed that they themselves used to call out the company. A lot of them kind of see the boys as being untouchable in terms of the way that the company sees them and interacts with them which is very much so not true. 

But I also think that some people have this weird misconception who are fans of theirs that they have way more say than they actually do have. I highly doubt that if any of the boys of NCT had to say in anything that their comebacks would be as close together as they are in the first place let alone that some of their comebacks would cross over with them being on tour.",5,1731449010,NCTDREAM_WhenImWithYou
lwv5pk6,kpopthoughts,"I assume probably some of SuJu members. They literally once said, it's too late to leave now that they made it this far lmao. Mostly as a joke but hey, every joke has a hint of truth.

Another one is Mark and Haechan. I know they love what they were doing but I think at one point of their life, when they were so dead tired of handling 2 active groups, they probably just, ""should have chosen a group like Winwin 😭""

Please don't take my comment seriously",13,1731470139,NCTDREAM_WhenImWithYou
lwvhk1u,kpop,"Unless you count NCT Dream, there’s no 3rd gen. I feel old.",1,1731475475,NCTDREAM_WhenImWithYou
lwvj8bb,kpop,"Unless you count NCT Dream, there’s no 3rd gen. I feel old.

I mean, technically they are, but they’re supposed to be the babies.",39,1731476310,NCTDREAM_WhenImWithYou
lwyl4k6,kpopthoughts,"NCT: I think their original system of rotating members has hurt them. I really like NCT U & having the different mix of members in songs, but then Mark & Haechan are working insane schedules doing two groups at once because the graduation system got abandoned. The concept of NCT just doesn’t feel like it started off clear & realistic. If it had been approached differently from the start, I think things might be different now. It’s just whiplash sometimes because then there’s the Shotaro/Sungchan situation debuting them but then they had no group & then suddenly they’re gone? I also understand people being put off by the number of members under the brand of NCT as well as it seeming confusing. 

SM also sometimes has some really cringe lyric writing. I think lyrically they could definitely improve",44,1731524140,NCTDREAM_WhenImWithYou
lwyy5gu,kpopthoughts,"As an nctzen my very very VERY unpopular opinion is that markhae should’ve been able to graduate and dream stayed a fixed unit of jeno jaemin jisung renjun and chenle. 

I think due to mark being such a talented rapper it’s kind of stunted the growth jeno and jaemin can get as rappers. He’s given most of the lines and you can tell jeno is essentially just emulating him (which is understandable, but it doesn’t help in jeno discovering his own voice and style as a rapper) jaemin’s technical skill as a rapper is even more apparent 

This sounds like a hate post but it really isn’t my blood runs neon green and I love all the boys, I just think dream is a little unbalanced (moreso in the rap line than vocal line)

All that to say the only dream soloists I can realistically see as soloists are Mark and haechan. I don’t think Jaemin and jeno have even expressed any desires for a solo. I do think renjun chenle and jisung have good voices but I don’t think they’ll be getting any solo opportunities for a while.",15,1731528082,NCTDREAM_WhenImWithYou
lwz1h4g,kpopthoughts,Imo the ones who have solo potential the most are mark and haechan and also chenle and renjun. The other 3 just fit better in a group. Not everyone has solo potential and that's okay,5,1731529107,NCTDREAM_WhenImWithYou
lwz2goi,kpopthoughts,"I'd say there are overall very few idols who really have the solo potential tbh. With NCT Dream honestly idk if any of them besides Mark and maybe Haechan have the potential to get big as soloists nor do I see them actually wanting to go solo. 

Maybe Chenle would do well if he was doing some ballads in Chinese? Or maybe not ballads but still focusing on the Chinese market, like Lay did. For some reason I can see it happening. For others - idk really, I can see them having different types of solo gigs like acting or photography things in Jaemin's case but not music.

Regarding J-line I fully agree with the other commenter. Having THE Mark Lee in your group automatically gravitates all the attention to him in terms of rap. He's just that good, that's why all the parts (at least the challenging ones) mostly go to him. It's hard to evolve as a rapper when you aren't really given the opportunity to, well, rap. Although I must say that even though J-line isn't at Mark's level of rap skill they're still improving (they got a lot better this comeback, I was pleasantly surprised) and they still get good and memorable parts so I definitely don't understand calling them not talented. Jaemin has very memorable and beautiful voice (my fav one among dreamies actually), has some really good parts AND is a great dancer with good stage presence. Same for Jisung and Jeno",7,1731529416,NCTDREAM_WhenImWithYou
lwz46ga,kpopthoughts,"I agree with what have already said about Mark and Haechan. But it seem(ed) like for a while we were getting a lot of Jisung + Jaemin + Jeno content and I think they’d work really well as a trio. Idk if this was what SM was hinting at or there’s something I’ve missed. But I hope that happens. Aside from going solo, that’s something they would give them more content and more to work with.",4,1731529959,NCTDREAM_WhenImWithYou
lwz6qob,kpopthoughts,"I agree that they probably should've graduated but as an ot7 fan I'm glad they didn't. 

I also always thought dream was a lot more balanced, at least more than 127. No hate to 127 I love them equally as well, but dream is always promoting as ot5. In comparison, I don't think I've ever seen a 127 stage without mark+haechan. Maybe bc I'm so used to ot5 dream performing that I can't really feel the emptiness but it's hard for me to imagine a 127 stage without mark+haechan.",2,1731530745,NCTDREAM_WhenImWithYou
lwz7y27,kpopthoughts,"The comment on Jisung is interesting to me. I feel like he’s hugely slept on when it comes to “solo potential” conversations because: yes he’s shy, but he’s something else entirely when performing and his voice has developed a lot in the last few years. Give him another year or two and a chance to step out on his own a couple of times, and I do feel like he’d be an incredible soloist. Even in terms of appearing of variety shows, there’s people who will find the shyness charming and it might actually be to his benefit in that sense. I don’t think it would take much for people to become quite endeared. 

I kind of feel similar in regards to Jeno though? I feel like his vocals are also kind of underrated especially after hearing him on this tour and in their most recent album. Give him a fighting chance and he’d also be a pretty solid soloist too tbh.

People don’t like to admit but a lot of nctzens are stuck on the idea that dream members not named Mark or Haechan simply can’t be soloists because they weren’t part of the grown up unit that they perceive to be infinitely more talented, and are stuck on the idea that they’re too young and have had stunted growth as idols.

I am biased, but even putting my objective head on, they’re all much more capable than even nctzens will give them credit for.",6,1731531106,NCTDREAM_WhenImWithYou
lwzm5px,kpopthoughts,"As said by many people on here I would think that it’s Mark, Haechan and actually Chenle.

Mark has already released some great solo music and I expect him to continue to do so.

Haechan has not done as much but form the covers he had done I think he has the vocals to carry solo songs too. He is also extremely charismatic on stage which is important for a solo. 

And for those who are not in the fandom, they may not know but Chenle actually used to be a child singer and released solo work. Obviously that was ages ago but he has a great voice and is also pretty charismatic. However, he hasn’t expressed as much interest in going solo in the future  as Mark and Haechan have so far.",7,1731535401,NCTDREAM_WhenImWithYou
lwzpuag,kpopthoughts,"mark solo will always do well bc he's so equally balanced in everything. I can see baekhyun in haechan which is why I have high hopes for him. Renle are good vocally so if they promote in China it will work. 


the thing with trolls and antis hating on triple j is that I see they're not as vocally strong as vocal unit but I think jeno has so much potential to pull a kai or a minho, I see jaemin and jeno doing something easy and fun like donghae and eunhyuck too, just bc some ppl don't like their tone/voice doesn't mean they can't carry a tune or put out good music. 


also sm blocking mostly every solo work of dream and then kfans leaving the fandom think why aren't they doing more work? literally sm doesn't give them those chances",10,1731536577,NCTDREAM_WhenImWithYou
lwzqyze,kpopthoughts,"I just saw them in concert two weeks ago. I'm definitely more of a casual listener and barely know their names except for Mark. From their stage presence during the concert, I'd definitely say Haechan. He's got a great voice and really commands attention. He was my favourite. I really liked Chenle too. Those were the three that were the most distinguishable to me. 

Renjun got a lot of attention from the members and the audience because it was his first concert since his hiatus. He seemed very nervous and emotional but that's normal considering the circumstances. 

The other three members were sadly overshadowed. They were great but just didn't stand out. So based on that I don't know if a solo career would be viable. But you never know. It's possible they blossom when out from under the shadow of their group members.",7,1731536938,NCTDREAM_WhenImWithYou
lwztewk,kpopthoughts,"in Korea? only Haehcan has the popularity and musical style that will be popular. 

If you look at Marks pre-releases, the non-rap music he put out didnt create a splash. Mark is one of  the most popular members so he will sell well, but the music he likes for his personal style doesn't really resonate with a domestic audience (almost alt rock). And the international audience likes Marks rapping more--his rap verses in SuperM and 127 routinely go viral. 

Haechans personal style leans towards the type of music Baekhyun releases and we see how popular he is (i think hes the best selling male soloist this year). Plus, Haechan is super popular. 

as for the others, SM has never let them flourish so how can we possible say? RenLe would need to release something primarily for the Chinese audience and unlike Jun from SVT or even WW they havent gotten the opportunity to build a portfolio in China. SM should have been doing that for them starting their 5th year.  (i also strongly think SM would create a chinese based company and release their music through them, something similar to what they are doing for Yuta)

3J are so popular but until recently i didnt know how savage Knetz were about them. They really only talk about them for visuals. Truthfully. they need to become stronger vocalists but SM also has never given them that opportunity either. Mark hard carries the rap section in Dream so all of them are underdeveloped which is wild since SM cradle robbed them, like why werent they developing them as trainees.  Jeno probably has the most potential from this trio which makes sense since hes been given the most opportunities in SMtown collabs. But idk if any of the three have desires for solo albums. 

  
and i know you didnt ask about other NCT members but like another commenter said, aside from Haehcan, I think NCT has already debuted the members with the most solo potential. Left from the remaining members I can only kinda see Xiaojun as a successful soloist and he would need to build up his portfolio in China too. No one else really stands out to me. But SM is SM and theyll give ones that stay the longest in the company a solo shot..even if it sells less than 20k (looking at some of the SuJu hags...)",13,1731537731,NCTDREAM_WhenImWithYou
lx034cd,kpopthoughts,"I personally do think you can call a group an ult group of yours if you have listened to the majority of their discography. 


I mean I still have three/four BTS albums left and I call them my ult group. Those albums are Skool Luv Affair (both versions), 2 Cool 4 Skool & O!RUL8,2? I have listened to all of the title tracks from those albums and even a couple of bsides but I haven't listened to them in their full glory. As a big album lover I prefer to listen to albums on repeat for a little while (I put them in a playlist with another album and some random songs). The reason why I haven't listened to those albums is mainly due to the fact that BTS was going to the military and I wanted to save a little bit of their discography during a very dry group period. Another reason is that I like so many other groups and artists that I have like at least 15 new releases that are coming out during a new month. So in a sense their blacklist titles got blacklisted, whoops. 


I would say NCT Dream is like my second ult, they're my second favourite group. But until the month of October I hadn't listened to the We Go Up & We Young album. I only got to them this early on is due to the fact that I wanted to have listened to all of their songs before seeing them perform live twice. Now I only have the live album left (which are just live recordings of songs I already know and love). They were also a case of new releases getting prioritised but also a case of not becoming oversaturated by them. 


I also went too waaaay too many concerts (the total amount of 2024 will be 25 concerts) and I like to do a lil concert preparation by listening to the setlist and my favourite songs before a concert happens. So sometimes I've had like 3 concerts in a month, for which I all held a lil pre concert prep party, but also like comebacks of my favorites that I wanted to check out. And since my listening habits aren't your average habits (as in I can't listen to an album just once). 


I do agree that it's weird to call a group your ult if you haven't listened to most of their discography or if they have like a very small discography. I mean BTS had like 24 albums while NCT Dream had like 16.",1,1731541040,NCTDREAM_WhenImWithYou
lx03nol,kpopthoughts,"Haechan definitely has the musical style and unique voice that makes me think he is the most likely to have music that appeals outside the fandom. I completely agree. 

He has already confirmed his solo will be r&b and from the few songs outside the group he has done (like Martini blue) and form his love of Baekhyun I can really see him making music that will be popular in Korea.",6,1731541230,NCTDREAM_WhenImWithYou
lx052ph,kpopthoughts,"I’m also glad mark’s still in dream! i obviously care much more about them actually being happy as a team than any of my little critiques 

And I just meant balanced in terms of talent and skill throughout the team. 127 can do a performance without markhae and it would be fine. Taeyong can cover mark and yuta / doyoung / jungwoo can cover haechan. But markhae missing from dream leaves a serious skill gap. Jeno and jaemin aren’t really at the caliber to deliver mark’s raps as well as he. Haechan would be easier to cover but the difference would still be very apparent",5,1731541726,NCTDREAM_WhenImWithYou
lx0yiyl,kpopthoughts,"knetz are so rude omg we need to stop giving them attention 

anyways chenle renjun absolutely mark haechan obviously, i think jisung would also kill it (he’s very versatile). but i have not seen enough from jaemin or jeno to say they’d have high solo potential necessarily. their rap is a little weak, it’s better in some songs over others. i also don’t know that they want a solo? my ult bias mentioned he doesn’t want one, his priority is the team. i imagine a majority of the members are like this, maybe aside from chenle & mark & maybe haechan. 

i’m just a casual fan who loves their music tho, i don’t know them much better than that.",3,1731552223,NCTDREAM_WhenImWithYou
lx10pu2,kpopthoughts,"Not quite related. But I first read this as ""beat box"" by NMIXX, and went like hey NMIXX is covering my NCT Dream favorite song...",6,1731553020,NCTDREAM_WhenImWithYou
lx1agjq,kpop,"List of We Dem Boyz's Choreographies this year:

The Boyz - Honey

Vanner - After Party

NCT Wish - NASA

Young Posse - XXL

NCT Dream - Smoothie

n.SSign - Funk Jam

Super Junior DnE - GGB

POW - What Makes You Beautiful

Samuel Kim - 2 Tone Rose Gold

INI - Legit

RIIZE - Boom Boom Bass

NCT 127 - Walk

Stray Kids - Chk Chk Boom

INI - Walkie Talkie

Stray Kids - JJAM

ZeroBaseOne - Good So Bad

ZeroBaseOne - Kill The Romeo

BoyNextDoor - Nice Guy

Kang Daniel - Electric Shock

Minho - Call Back

ITZY - Gold

G-Dragon - Power

Kang Daniel - Losing Myself",3,1731556778,NCTDREAM_WhenImWithYou
lx1bxgm,kpopthoughts,"nah theyre so dependent on each other, but if I had to pick it’d be mark haechan jeno",1,1731557400,NCTDREAM_WhenImWithYou
lx1q1wh,kpopthoughts,"nct: the fact that they are nct and not two regular boy groups (the original crop of what is now 127 (+ten) in one and babyshinki/dream in another). i feel like this has hurt nct dream the most, bc they just feel like they're all over the place identity wise and have lacked focus for a few years now. also that ten did not debut in 127. he and taeyong should have been in a group together the whole damn time!! 

svt: post hybe svt is just not the same. and i actually like most of the music for what it is (hot bangs and god of music fits right into the freshteen catalogue), but it still feels worse than the pre hybe discography. love money fame in particular was...blech. that was the first time i felt like svt's sound was truly neutered to fit the tiktok sludge mold.

soshi: many of their korean b-sides are kind of ass. there ARE some hits in there though!

shinee: shinee r perfect no notes. jk i thought their solos this year were all mid. hopefully taemin in particular can course correct now that he's gotten used to his new company.",17,1731564157,NCTDREAM_WhenImWithYou
lx36ztz,kpopthoughts,NCT Dream Hello Future,7,1731593428,NCTDREAM_WhenImWithYou
lx37ti6,kpopthoughts,"Im dropping another Dream album bc theyre just top tier but 

NCT DREAM Beatbox (the Glitch Mode repack)",5,1731593732,NCTDREAM_WhenImWithYou
lx37v2v,kpopthoughts,"NCT Dream - Dream()scape

NCT Dream - Dreamscape",6,1731593748,NCTDREAM_WhenImWithYou
lx3bazt,kpopthoughts,"nct dream : overwork by sm, esp haechan and mark, music quality went down since candy imo 

82major : public interest, management, yechan got recognized as keeho brother 

cix: bad management, jinyoung left ( contract ended last august) 

the boyz: management, uncertain future ( left ist after contract) 

pow: management 

Stayc : expired music , concept , from super rookie to midterm 4th gen gg 

nmixx : too much mixxpop , experimental
 
Lsf: singing skills , hate train since coachella 

Nwjns : hybe 

blackpink: jennie hate train , lisa crazy horse performance , blinks",5,1731594979,NCTDREAM_WhenImWithYou
lx3emiv,kpopthoughts,"I've had four shows canceled due to covid, with two having been rescheduled. (Originally, I was going to write about one and then remembered the three others). Strap in.


The first one was NCT127. I was so excited to see them for the first time since Johnny is my bias and we grew up very near each other. So seeing him in our home state was a dream. It was the neo awards tour, but I was able to at least see them for the link (sans haechan for his heart concerns). If I remember correctly, they canceled pretty fast after shit hit the fan. And at least i got a free album out of it lol.

Next was Monsta X. They were thankfully rescheduled after I think one postponement. Unfortunately though, by the time they came Shownu- one of my ults- had enlisted. I also had 4th row but my friend had to help me get the ticket because my ticketmaster account stopped working and made me lose my 2nd row seat. They changed venues and we had to pick new seats and she sent me the info too late so I ended up like 30 rows back. Still happy to have been able to go in the end but sad I lost my prime seat.

Another postponed show was P1Harmony. I was so excited to see them and was at the venue like 8 hours before showtime (to get merch and vibe and whatnot) and about 1 hour before the doors are supposed to open someone in line shouts ""Check Twitter!"". We all rush to see and all members but Intak had tested positive for covid and the show was to be postponed. So about 6 hours sitting in the hot sun only to be told they were sick for their first time in Chicago. At least they got better and were able to make it back!

The worst one though-

I went to school in Hawai'i and rarely anyone came there. One day, VAV announced they were heading there and my friends and I bought tickets and were so excited. I had the top tier package, snapshoots, and like second row. It would have been my second show and my first to go with friends. Well, covid rolled around and stupid studio pav postpones it. And postpones it again. Then announces it will happen! And then postpones it again. Until FINALLY they cancel it and announce that they will be refunding us. Did not see a cent until almost  TWO YEARS LATER. I had sold my ticket to another girl because by the time they were supposed to be back on island, I was graduated and back home so I wasn't about to fly back just for their show. Unfortunately they already had done the Chicago show so I just accepted my loss. So my friends and I were consistently emailing them looking for our money. I had to give it to the girl I sold the ticket to who would not stop messaging me about it- despite me sending her everything they sent up regarding the refunds. Could not listen to them for the longest time. And now I live in Korea and they disbanded this year.... I have not had good luck with those boys",6,1731596119,NCTDREAM_WhenImWithYou
lx3pe48,kpopthoughts,hello future by nct dream,1,1731599593,NCTDREAM_WhenImWithYou
lx3rza4,kpopthoughts,beatbox by nct dream,2,1731600408,NCTDREAM_WhenImWithYou
lx3tpwl,kpopthoughts,istj by nct dream,2,1731600957,NCTDREAM_WhenImWithYou
lx45r2e,kpopthoughts,"For NCT its mainly been so-so. NCT Dream just released their 4th album, which is great btw. Some knetz hated on the fact that they weren't in Korea when it released and made them apologize, which reminds me how much hatred I have for them (the knetz, not NCT Dream 😭). Doyoung (NCT 127) also released a brand new single, The Story, for his encode concert, and it was great! I love the vocals, and the music video is excellent. That brings his release count this year up to 14 solo songs (and 12 group songs)! Yuta (NCT 127) also just had his solo Japanese debut not long ago which was excellent (personal favorite is LAST SONG), and Jaehyun had a comeback with his solo single Unconditional. For NCT Wish, they are promoting Steady still, and about to release their 1st full Japanese album, which is great, but incredibly overworked. Riku is sitting out promotions while they are on tour as well. Now, my favorite unit, WayV! WayV is about to have their 3rd comeback of the year with Frequency, which is just great. Only bad part is the whole controversy with Yeonjun (TXT) stans claiming that YangYang copied Yeonjun from Ggum, which I have very intense feelings about (its slime anyways 😭). So, overall pretty good I guess!",8,1731604664,NCTDREAM_WhenImWithYou
lx47ffp,kpopthoughts,Dream()scape by NCT Dream,4,1731605178,NCTDREAM_WhenImWithYou
lx47y28,kpopthoughts,"Due to it being released the other day, Dreamscape by nct dream

Mine is night poem",7,1731605334,NCTDREAM_WhenImWithYou
lx4cqp8,kpopthoughts,NCT Dream's latest comeback Dreamscape.,6,1731606779,NCTDREAM_WhenImWithYou
lx4xxkf,kpopthoughts,"For Monsta X and Wonho: Wonho will be releasing a new single “What Would You Do” this month on the 22nd, which is also Kihyun’s birthday. Wonho will be performing at Kpop Masterz in Mexico on the 18th, then he’ll perform at the Unforgettable Gala in December as well as join the iHeartRadio Jingle Ball Tour. He’s also going to be holding fanmeets in the US. 

Minhyuk’s birthday recently passed and he successfully held his art talk in France. He went to Jaejoong and Junsu’s concert and it was really heartwarming with how much they mean to him (and many others). I.M is still hosting Kiss the Radio and Shownu is still doing Nopogy with NCT Jungwoo. NCT Dream Mark and Renjun are the next guests and then I believe Enhypen. 

Kihyun was promoted in the military and his song “,(Comma)” that he co-wrote was voted as the song with the prettiest Korean lyrics in Ilgan Sports. He and Joohoney are in the double digits until they’re out now, Hyungwon a bit longer. 

They released Season’s Greetings and fans are now broke.",9,1731613226,NCTDREAM_WhenImWithYou
lx5438f,kpop,"When I think about how I got 3 pit tickets to see the wonder girls AND 2pm for less than $100 in 2010 it makes me so sad. I think I’m done with kpop concerts for a while because of the prices. I got front row seats and sang to at the concert of band I grew up listening to for $250, which is about what I paid to… not see anything at all in the pit at NCT Dream.",10,1731615123,NCTDREAM_WhenImWithYou
lx5bvwl,kpopthoughts,"i've got two albums to share:

nct dream - dreamscape 
fifty fifty - love tune",1,1731617523,NCTDREAM_WhenImWithYou
lx5kry2,kpopthoughts,"Top artist contenders:
* Aespa
* Day6
* Dreamcatcher
* Enhypen
* EXO
* Infinite
* NCT Dream
* Red Velvet

Top song contenders:
* Aespa - Supernova
* Baekhyun - Pineapple Slice
* Dreamcatcher - 2 Rings / Justice
* Enhypen - XO
* Red Velvet - Cosmic
* TXT - Deja Vu",5,1731620243,NCTDREAM_WhenImWithYou
lx5rimt,kpopthoughts,"i didnt rlly listen to much kpop this yr but it'll probably have something from Enhypen, maybe XO or Chaconne. guessing maybe nct dream and new jeans",2,1731622308,NCTDREAM_WhenImWithYou
lx5v443,kpopthoughts,"i think i’ll have p1harmony, doyoung, nct dream, zb1, and seventeen as my top 5 artists!",5,1731623423,NCTDREAM_WhenImWithYou
lx620k1,kpopthoughts,"The Boyz will undoubtedly be my #1 artist! Other contenders I’m guessing: 
+ NCT Dream
+ Enhypen
+ EPEX (because of a few songs lol) 
+ Jungkook
+ BOYNEXTDOOR
+ Seventeen
+ RIIZE
+ Jimin
+ BTS

I feel like I didn’t have much variety this year in regard to artists I consistently listened to… and also, I’ve used YouTube to listen to some music so there’s that

There would be too many contenders for songs so idk",7,1731625603,NCTDREAM_WhenImWithYou
lx6t913,kpop,nct dream title tracks have never really been my taste but wow this is a refreshing banger !!,1,1731634702,NCTDREAM_WhenImWithYou
lx70nwz,kpopthoughts,"Im pretty sure my top 5 artists will be Taeyong, nct dream, nct 127, nct wish, and Jaehyun.  I mean nct be releasing so many bop albums this year it's no surprise.",2,1731637180,NCTDREAM_WhenImWithYou
lx880f1,kpopthoughts,"NCT Dream would have debuted in 2020 instead of 2016

ZB1 would be debuting in March of next year 

(Assuming this is about their 18th birthday and not the Korean age of majority which is different! Yujin won't be a legal adult in Korea until January 2026)",23,1731655280,NCTDREAM_WhenImWithYou
lx8dq68,kpopthoughts,"2021 for NCT Dream, actually! Jisung only turned 19 in 2021.",5,1731658538,NCTDREAM_WhenImWithYou
lx8jk0y,straykids,"Friend is an Atiny as well as a Stay and we were texting about all these releases and she was stressing too because NCT Dream came back as well and she’s a Mark fan and she still has yet to get Giant and a DICON for Chan and Changbin. Man, I had dropped money on Itzy and Aespa back in October, bought Chan’s DICON recently, and we got all of these. Well, at least we’re all fed with some great music these last months until the new year! 😆",4,1731662035,NCTDREAM_WhenImWithYou
lx8nbdx,kpopthoughts,"Dream are the unit that spent years performing without Mark and Haechan on the regular... they spent years drawing in fans from performances without them. The other members covered for them perfectly fine. Once again proving that ""nctzens"" here don't actually like Dream.

They have the talent. Just because you prefer another unit doesn't mean that Dream are some poor untalented incapable babies. I wish nctzens would honestly just stop talking about Dream at this point, every ""compliment"" is met with a backhanded insult.",0,1731664394,NCTDREAM_WhenImWithYou
lx8qpln,kpopthoughts,"Ok and the others still spent years covering for Mark and Haechan perfectly fine, but according to you the other unit are the only ones capable of filling in for them? What kind of “objective” logic is that based on? When they opposite has regularly been proven to be the case. 

You don’t have to explicitly say you don’t like them or that they lack talent, the implication is clearly there.",0,1731666477,NCTDREAM_WhenImWithYou
lx8xo0r,kpopthoughts,NCT Dream 2020,9,1731670364,NCTDREAM_WhenImWithYou
lx97033,kpop,The best NCT dream album yet!,1,1731674660,NCTDREAM_WhenImWithYou
lx9i0r5,straykids,"Ohh, I didn't buy NCT Dream's album this comeback, but I'm also a fan (and Mark is also my bias), so I understand your friend. But yes, November is being such a great month for music, we're being spoiled with all these great releases.",2,1731678837,NCTDREAM_WhenImWithYou
lx9tipd,kpopthoughts,NCT Dream will be #1 then I feel like it could be Jaehyun/Baekhyun/Doyoung plus maybe Aespa or Riize. I know Taylor Swift will also be in my top 5 so kpop is a tossup.,1,1731682699,NCTDREAM_WhenImWithYou
lx9tyhe,kpopthoughts,"Nct 127: Debuted in 2016, would’ve debuted in 2018

Nct Dream: Debuted in 2016, would’ve debuted in 2020

Enhypen: Debuted in 2020, would’ve debuted in 2023",17,1731682837,NCTDREAM_WhenImWithYou
lxa94ex,kpop,"it’s not about that but it’s about the fact that they unfairly removed him from the group and don’t listen to international fans as much as they listen to knetz. i will always support seunghan whichever way he goes but while we can fight we should fight against sm’s unfair treatment towards international fans, seunghan and riize themselves. mark from nct dream was once also put on hiatus and was i think also kicked out and give a solo career to, again, shut us up and stop boycotting, but nctzens didn’t stop and we were able to get him back in nct dream. so perhaps we can do it with seunghan as well and he can continue to follow his dream, which is riize.",-1,1731687436,NCTDREAM_WhenImWithYou
lxaa4v6,kpop,"> mark from nct dream was once also put on hiatus and was i think also kicked out and give a solo career to, again, shut us up and stop boycotting, but nctzens didn’t stop and we were able to get him back in nct dream. 

WHAT are you talking about???? This never happened.",5,1731687734,NCTDREAM_WhenImWithYou
lxb17sv,kpopthoughts,NCT dream would've debuted in 2020 dang,16,1731695766,NCTDREAM_WhenImWithYou
lxbtxjq,kpop,"So once upon a time, NCT Dream had a concept where you’d “graduate” at 20 like you would in certain Jpop groups and move on to your “permanent” unit. But that concept fell apart when SM didn’t have trainees who were ready to replace anyone when they left and fans were really attached to the group as seven. Mark still ended up graduating out of Dream for a short while, he was still always in 127, but SM canned the concept and brought him back to Dream as well. He wasn’t kicked out. 

But I do agree that we need to keep the pressure on SM in terms of actually protecting their artists’ reputations against slander and harassment. That hasn’t changed and it affects everyone in the company, Seunghan is just the one affected worst right now.",1,1731704490,NCTDREAM_WhenImWithYou
lxdgbnx,kpopthoughts,BOX by NCT Dream,2,1731725247,NCTDREAM_WhenImWithYou
lxds2do,kpopthoughts,"This is possibly me and NCT Dream? I knew Mark Lee and… no one else from Dream, just other NCT members. I was utterly obsessed with Hello Future but had not listened to much else. 

Funnily enough what made me more of a fan after seeing them live was that Mark was really asking fans to sing along with them for this one ballad-y part and no one was really doing it. I felt bad and confused about what was up with fans. It led me to explore their music more and get recs from Redditors and now I have several more songs to be obsessed with :) also I learned that these guys super grew up in kpop together and that’s endearing.",10,1731729965,NCTDREAM_WhenImWithYou
lxdxki5,kpopthoughts,Don't know if the bigger fan but NCT Dream.,10,1731732353,NCTDREAM_WhenImWithYou
lxf9nmc,kpop,"MHJ’s reputation coming out of SM wasn’t good amongst her own employees. All of the nightmare boss stories we’ve heard coming out about her from Ador existed as SM, other creatives who know her finished products hype her up and she was a big name but her reputation preceded her. 

She caught public backlash at least four different times in her 15 years at SM, which is pretty significant for someone who doesn’t have a public facing job the way she did as Ador’s CEO. Twice there was an uproar in the way she had SHINee members styled for concept shoots, the group has even spoken out against some of those concepts later on as making them really uncomfortable. She got in trouble for including images of a terrorist attack (either 9/11 or the nuclear bombing of Japan) in Red Velvet’s Happiness music video (she didn’t personally add those images but was the person signing off on it all.) She also caught backlash for NCT Dream’s My First and Last concept since the theme was teenagers crushing on their teacher.

Bang PD knew exactly who MHJ was but he didn’t care. He wanted to stick it to SM by hiring her and all this talk she has about wanting to achieve higher or whatever was always about her frustrations with the fact she had to answer to someone else. And then she came to Hybe, where they allowed her to do whatever she wanted with no supervision.",18,1731760528,NCTDREAM_WhenImWithYou
lxfd9wn,kpopthoughts,"I saw NCT Dream this week. When I went in, I only knew 4ish songs on the setlist (and a dozen that weren't on there). Now I'm listening to that setlist on loop. They were so good!!!",8,1731762267,NCTDREAM_WhenImWithYou
lxfdowf,kpopthoughts,haechan,3,1731762457,NCTDREAM_WhenImWithYou
lxfeqc0,kpopthoughts,nct dream,3,1731762921,NCTDREAM_WhenImWithYou
lxfz08q,kpopthoughts,mark haechan,3,1731770842,NCTDREAM_WhenImWithYou
lxg7467,kpopthoughts,It is not an original song but a collaboration: Stray Kids x Charlie Puth's Lose My Breath. I think TXT/Enhypen/NCT Dream suits that better than Stray Kids.,9,1731773557,NCTDREAM_WhenImWithYou
lxggmon,kpopthoughts,ISTJ would be perfect for SHINee! I actually felt like they should have switched songs in that era and NCT Dream should have had Hard instead.,2,1731776663,NCTDREAM_WhenImWithYou
lxgso5d,kpopthoughts,Nct (Haechan),5,1731780504,NCTDREAM_WhenImWithYou
lxgxgp3,kpopthoughts,"Honestly in my experience in both kpop and just general pop a concert like eras tour that is divided by album and has a reasonably even split between all the albums (RIP Debut/Speak Now) is not *that* common. It depends tour to tour and group to group, but many do focus a lot more on songs from their newer albums and only play a few of the older hits (especially once their discography gets bigger). 

I’ll use my ults (NCT Dream) as an example just because I’m most familiar. They have 12 albums/minis but over half their latest setlist came from just the last three releases. They also only included two of the title tracks from the nine albums before that.",6,1731782030,NCTDREAM_WhenImWithYou
lxh51z2,ATEEZ,"But that’s what I mean, Ateez don’t sound like Ateez did for many years and that’s okay and people are allowed to talk about that. 

They have always been experimental and they should be allowed to be, but people should also be able to talk about their feelings.

No one is spamming them in the comments on their YouTube or socials complaining about it or asking them to go back (that would be problematic) but they are discussing it with other fans because a lot of people feel the same way.

This post and others are invalidating those feelings by expecting people not to talk about it.

I’ve not seen any hate or real negativity like what’s happening in nct dream. Only people talking whistfully about their favourite era.",10,1731784456,NCTDREAM_WhenImWithYou
lxh6693,kpopthoughts,"Like....  all NCT?????

Doyoung, Renjun, Jisung, Haechan, Chenle, Hendery, Kun",3,1731784814,NCTDREAM_WhenImWithYou
lxhmpx8,kpopthoughts,haechan!,2,1731790214,NCTDREAM_WhenImWithYou
lxhv3nm,kpopthoughts,"127: Johnny, Haechan, [and formerly Taeil]
Dream: Renjun, Chenle, and I have a little soft spot for Jisung
WayV: Kun, Ten, Xiaojun
Wish: sorry but I'm too old to stan them, they could be my literal kids 😅

I MEAN HOW DO YOU PICK ONLY ONE???",3,1731792953,NCTDREAM_WhenImWithYou
lxiv7yj,kpopthoughts,"This was literally my story with NCT 127 last year, I was a bit more than a casual listener but not an actual stan. So when their The Link dare was announced I knew I HAD to go, keep in mind it was the first time a top kpop group was performing here and at a big venue!


Was the best night (although haechan couldn't come 😔) left out so hyped but with a huge post concert depression that I had to binge watch their content that weekend, fast forward (not really just like a week after) ended up becoming a chilzen up until now they are my ults 💚


To a lesser extent it also happened when I went to ARTMS concert a few months back. After the loonagate I drifted appart from the group and wasn't checking out their new releases, I did check out Dall when I came out but that's it, but after the concert many of the tracks have been on my heavy rotation playlist. I'm looking forward to what they are gonna a do next for sure!",6,1731805954,NCTDREAM_WhenImWithYou
lxizrdq,kpopthoughts,"I don't understand all the slander for Jeno Jaemin and Jisung ://// While I personally do not think ALL of Dream has solo potential, I still think that they are still very talented. Before I got into Dream, I knew of Mark the most because of his exposure with multiple teams. And I was aware of Jeno because of all the different NCT U / SMTOWN collabs he's been in. 

It is hard for me to imagine a Dream member having a solo aside from Mark and Haechan at the moment, but that doesn't mean it won't change. I genuinely think everyone else needs more time to develop and find their own style. I think Jisung is very talented and if he had more years of experience, he could do a solo if he wanted to. His voice impressed me the most in the 4th album.

I love Chenle's voice as well and he's always been great, and I could see him doing some promos in China and maybe even Korea (depends on how SM promotes them).

I have a hard disagree on triple J's having a smaller vocal range. I think Jisung and even Jeno can sing well, they just haven't been given enough opportunity because they usually take the rap lines in Dream songs.",3,1731807668,NCTDREAM_WhenImWithYou
lxk8eim,kpopthoughts,"Nct haechan and skz seungmin are huge fans of baekhyun and his music, also kep1er youngeun is a baekhyun bias.",11,1731828037,NCTDREAM_WhenImWithYou
lxkknak,kpop,"How can NCT Dream Mark, 127 Mark, SuperM Mark and soloist Mark will join tho?",107,1731836070,NCTDREAM_WhenImWithYou
lxkpr9g,ATEEZ,"You're the reasonable type of fan. Respectfully sitting it out, but not fretting about ""how could they do this"" to you and it's unstanning time! Lol  

I was lukewarm on Crazy Form for the first few listens, but because I understand that sometimes I need time to dissect and digest art that doesn't grab me on first listen, I kept listening. Eventually it became every other word out of my mouth, and now I'm cooled off to a healthy ""love that tune"" level lol  

The songs that need to grow on me are the ones that expand my music taste. They give me something to think about, to chew on, to consider from the perspective of the artist. 

There's definitely some stuff from groups that I love but I've had to sit out on because no amount of listens could get me there. At least not right now. There was a time that I didn't like anything I heard by ATEEZ when a friend was trying to show them to me. I guess I wasn't into back then but nowadays those exact songs are some of my favorites and I wonder why I didn't like them then but like them now. 

I think my love for NCT helped me move into a place where my music taste became ready for ATEEZ. Ironically, NCT is one of the groups I've had to sit out with so much that I'm not sure I'm a fan anymore. Everything after Favorite hasn't grabbed me, aside form a few b-sides and one NCT Dream title (ISTJ). But by god I'm still sat and ready for every comeback because I want to see what they'll do next and hope it's something I can appreciate or grow with. 

Thankfully, ATEEZ is still firmly within my music taste generally speaking. I really like IOMT a lot but need a little bit of time with it before it'll become something I bounce around the house singing. The rest of the album is very creative and I like it a lot. I think I definitely enjoy DEEP DIVE and Selfish Waltz more than IOMT at the moment, but that could change. 

Anyway, see ya on the next one!",3,1731839496,NCTDREAM_WhenImWithYou
lxkz5mj,kpop,"Flashback to Haechan and Mark having to choose whether to be NCT 127, NCT Dream or NCT U when getting points on the NCT 2018 Weekly Idol episode.",29,1731845450,NCTDREAM_WhenImWithYou
lxkzjrl,kpopthoughts,"nct's haechan being a fanboy of shinee and taemin! haechan's reason for trying out the auditions at sment is because he watched replay on tv 😭 and we get to see him all shy and internally fanboying while trying so hard to compose himself [here](https://youtu.be/Mj1JSTwbxHA?si=iOR2f77T6FI0MXJt) 😭😭 

nct wish's ryo is also a diehard fan of doyoung! he's the one true successful fan being able to interact with him AND be in the same group as him 😭😭",17,1731845671,NCTDREAM_WhenImWithYou
lxl385h,kpop,"Desperately hoping that lots of nct members are involved, especially mark and haechan since their dynamic is so fun to watch in variety content 🥹",5,1731847657,NCTDREAM_WhenImWithYou
lxnhqkj,kpopthoughts,"K this might be a bit crack but

Chenle(nct dream)--nct 127(mostly taeyong)

Ryo(nct wish)--doyoung(nct 127,djj)

Jaehee(nct wish)--jaehyun(nct 127.djj)",8,1731877869,NCTDREAM_WhenImWithYou
lxnkqfa,straykids,"I'm not sure if this if what you are talking about or not, but they very briefly covered Big Bang's Fantastic Baby as part of a History of Kpop performance they did with NCT Dream in 2019. It's at 1:50 in this video [https://www.youtube.com/watch?v=m1mzBnyR0uE](https://www.youtube.com/watch?v=m1mzBnyR0uE)

  
As far as I know Skz never covered Fantastic Baby in full, but they did cover a part of Bang Bang Bang at the 2019 Golden Disc Awards and it's really fun. [https://www.youtube.com/watch?v=lL6oCZZYHGI](https://www.youtube.com/watch?v=lL6oCZZYHGI)",2,1731878852,NCTDREAM_WhenImWithYou
lxrqte2,kpop,Nct dream had a concert there last year,15,1731944798,NCTDREAM_WhenImWithYou
lxs5fl1,straykids,"Whoa they are coming to Nationals Park in DC. That’s a 40k seater.

This year, ENHYPEN, TXT, ATEEZ, IU and NCT Dream all did Capitol One Arena, max 20k seats (but they didn’t use all of them).",4,1731949347,NCTDREAM_WhenImWithYou
lxt38bk,kpop,"There’s been several - Super Junior, NCT Dream, Dreamcatcher, NU’EST, Big Bang, B1A4 :)",8,1731959525,NCTDREAM_WhenImWithYou
lxuj2gl,kpopthoughts,Most of BTS are fans of Big Bang. I know that Haechan is a big Taemin fan/Shawol.,-1,1731976147,NCTDREAM_WhenImWithYou
lxvxqdj,kpopthoughts,"Skz: danceracha solo stans especially hyunjin and Felix's toxic solo stans hating on other members and hyunjin solo stans are on another level when it comes to saying horrible things about other members and saying things like hyunjin don't get promotions when he literally the member who is featured the most in the magazines this year and some members of skz haven't even gotten a chance to have their solo magazine and he is the brand ambassador of Versace and Cartier and some members like han haven't even attend any solo fashion show and most of them expect hyunjin and Felix haven't became solo brand ambassador for any brand and he is popular member alongside Felix and he gets so much screentime and always gets a dance break center and also always gets the main parts like chorus part and outro in their songs but after all this still alot of hyunjin fans always cry over him not getting proper promotions but in reality he is the member alongside Felix who gets the most promotions and toxic and weird ship wars especially weird minsung shippers hating on seungmin just because his and lee know's ship is more popular in korea and Japan than minsung 

Nct : i think the hate goes between the fandoms of different subunits especially nct 127 stans vs nct dream stans because nct 127 stans have problem with Mark and haechan being a part of nct dream but nct dream stans say that mark and haechan are performing with nct 127 most of the times and nct dream performs as ot5 in most of the events they attend expect world tours . Solo stans as well especially the solo stans of popular members vs underaated members like stans of the members who gets the most lines and screentime like taeyong , jaehyun and mark vs stans of members who gets the least lines like alot of Johnny and yuta stans getting upset of not them getting proper lines but i think everyone was satisfied with their song walk because Johnny and yuta got lines in that song

Ive : it's basically wonyoung and yujin stans vs rest of the members stans because of the obvious favouritism towards wonyoung and yujin because other members stans get upset that their bias is not getting equal treatment as the other two members of the group",14,1731995959,NCTDREAM_WhenImWithYou
lxvzcu2,kpopthoughts,unitzens. especially dreamzens vs 127zens beefing over which group mark & haechan love more. babes they're all in the same group why are you fighting 😭😭😭😭😭😭,51,1731996838,NCTDREAM_WhenImWithYou
lxvzqky,kpop,"Music show wins are about timing, there are **a lot** of songs that had no music wins but are successful. Ice On My Teeth is likely not getting a win because Enhypen and NCT Dream had a comeback around the same time. The Show also isn't airing next week. If it did, IOMT would have won.",2,1731997052,NCTDREAM_WhenImWithYou
lxwpp7j,kpopthoughts,">So Nct Dream released their 4th full length album a week ago and the hype is not there.

Tbf none of the groups that released an album during this time got a lot of hype. The Hybe VS MHJ drama, or Taeil's Scandal or Riize Seunghan's Controversy just overshadowed every comeback that happened this month. Perfect example would be TXT's over the moon comeback. I don't see anyone talking about the song unless they are fans themselves.",60,1732013648,NCTDREAM_WhenImWithYou
lxwv55v,kpopthoughts,"I'm a casual listener of NCT Dream, so I'm not really in the know what goes on with them in general other than music but even then it's pretty apparent that SM is pushing Dream too far. I get that they're workaholics or whatever, but until when will they push themselves? Until one of them drops at a concert or until they seriously injure themselves? That's physical. What about the psychological effects of them being constantly on tour and then coming back to Korea to promote (not to mention Japan as well)-so more travel. It's hard to feel a sense of center when you're always on the move, living out of a suitcase, and that could affect someone's mental state even if they're the strongest soul and have a great support system.

I guess that SM is trying to squeeze every last drop they can from NCT while they can. I have no doubts that some members won't renew with SM when the times come (though I fully believe they'd remain in NCT regardless of where they go for solo work) and that's why SM is trying to get every dollar before some of the members bounce. I think losing Taemin, Onew, Baekhyun, Xiumin and Chen kinda scared them (especially since enlistment era started for NCT) bc NCT 127 & Dream are their only active boy group that promotes primarily in Korea, which leaves them with rare EXO and/or Suju comebacks, WayV and NCT Wish. 127 and Dream are their big money bringers in terms of boy groups so SM is taking advantage of that while they can.",34,1732016759,NCTDREAM_WhenImWithYou
lxx0mrh,kpopthoughts,"I noticed nobody is talking about the whole drama with k-dreamies boycotting this comeback. They aren't happy NCT Dream wasn't in Korea at the start of the comeback promotions, and began hating on the boys. 

They refused to stream the song and want it to flop as a ""lesson"" to SM for not prioritising k-fans. The boys even received a ton of hate from these so-called fans during their comeback livestream. 

Basically, k-dreamies are giving Dream the 127 Superhuman era treatment.",20,1732019448,NCTDREAM_WhenImWithYou
lxxb0la,kpopthoughts,"1. October is musically a very rich month. Many big group had their cb.
2. TXT is still charting better than NCT DREAM in melon (it's a first - last time smoothie & deja vu came around the same time & Smoothie charted better.)
3. Both TXT and Enhypen did better in album sales.",2,1732023708,NCTDREAM_WhenImWithYou
lxxdbrc,kpopthoughts,"* Enhypen - Highway 1009
* Madein - Dopamine
* NCT Dream - Carat Cake, Rains In Heaven
* QWER - Make Our Highlight",3,1732024568,NCTDREAM_WhenImWithYou
lxxsyi2,kpopthoughts,"First time in a while that I checked out an NCT Dream release and yea I found the TT to be extremely forgettable and boring so I lost interest in checking out the rest of the album after that. The mv/concept seemed pretty uninspired as well, like they just kind of threw it together last minute.",11,1732029899,NCTDREAM_WhenImWithYou
lxxumtc,kpopthoughts,"i'm no nct dream listener so i can't comment on the quality and how that affects how the fans interact with it, but i feel like it's kind of a natural progression of their career considering they're in their 8th year as a group Even despite lineup changes. and the kfans taking issue with ""lack of promotion"" must've affected the sales even if they weren't outright boycotting like they did 5 years ago",39,1732030428,NCTDREAM_WhenImWithYou
lxxutxl,kpopthoughts,"That’s kind of crazy how much they want for just a comeback (or maybe I’m just used to the senior SM groups getting the bare minimum). Look at the calendar and tell me where they’re supposed to fit all of this into their schedule. Not to mention Mark and Haechan are about to be busy with 127 schedules too. Like just the thought of trying to do all that is exhausting, Dream’s going to need a month of straight sleep when this is all said and done.",4,1732030491,NCTDREAM_WhenImWithYou
lxy89cw,kpopthoughts,For 3 Nct dream sold better in 1st week hanteo than TXT or Enhypen latest albums and the album is 1 week old so is too early to say somebody did better in sales.,14,1732034572,NCTDREAM_WhenImWithYou
lxyfrcc,kpopthoughts,"The problem with nct is that spaced out tours would be so hard to do because of mark and haechan being in two groups you know.. like yeah I get your point but I don't think it'd work..?

Also correct me if I'm wrong but wasn't dream vs dream usually shot at mv sets? Why do I vaguely remember seeing mark and jeno's dream vs dream on the diggity set?",6,1732036791,NCTDREAM_WhenImWithYou
lxyk2yx,kpopthoughts,Smoothie nct dream cause they’re definitely talking about giving head,2,1732038062,NCTDREAM_WhenImWithYou
lxyk8gy,kpopthoughts,"Aren't they already doing this though...? NewJeans, NCT Dream, Say my Name, Unis, Itzy, Babymonster...?",8,1732038107,NCTDREAM_WhenImWithYou
lxyty79,kpopthoughts,"My ults are NCT Dream and SVT so yes, every day, and it’s usually about meaningless games with made up rules and no prizes.

In all seriousness, as someone else answered I think there’s a few times we’ve seen Scoups genuinely mad on camera. For Dream (and NCT in general) they’ve pretty consistently and honestly shown their anger/frustration at sasaengs before, especially when they get constant calls interrupting their lives. Haechan, Renjun, Jeno and Doyoung are the ones I remember most blatantly expressing their anger but a lot of the other members have also been pretty obvious.",29,1732040955,NCTDREAM_WhenImWithYou
lxyyn27,kpopthoughts,"Oh fair, although some of these still definitely qualify (NCT Dream, Teen Top which I forgot to mention, as well as NewJeans since the oldest member was 19 at debut which is still within teenage age range).",3,1732042331,NCTDREAM_WhenImWithYou
lxze9no,kpopthoughts,"im a big dreamzen and seeing this promotion period unfold is crazy. dropping the album during the last bit of their tour and they came straight back to korea jet lagged as hell to promote. but correct me if im wrong, the streams and sales are just fine?? this album is another million seller in its first week and its dream's 4th(?) album to do so (again cmiiw) the issue was with the marketing and lack of build up for the album bc of the timing. PLUS, a lot of fans complaints went straight to the members (ex: they were in london when the album dropped and their cb livestream was in a hotel room and started an hour late due to timezone mixups and oversleeping so the fans were complaining in the comments and the members saw all of them :\ ) and that part makes me sad bc they all felt the need to apologize for this album when all of it was SM's fault. and the quality of the music? as a predebut fan this album is SUPER dreampop and mark and haechan had a hand in writing some of the songs. the members themselves expressed how excited they were for this cb and how they love the songs. neo's management center is all to blame for everything but despite it all, bc they are nct dream, their sales and streams are doing well and they're predicted to get some music show wins next week.",31,1732047075,NCTDREAM_WhenImWithYou
lxzjnjq,kpopthoughts,"Okay you know what though, this is so true?!

Ten’s Nightwalker has been an instant spooky season hit, and replayed out of Halloween too!

Taeyong’s Moon Tour is so soft and sweet, and I genuinely loved that song. 

Doyoung’s Beginning and The Story are both insanely beautiful vocally, and just so powerful.

I’ve listened to all of these releases, and downloaded other songs from those albums!!

I fell into Nct Dream last year I think and checked their releases this year too. Breathing is the softest and most lilting I swear, and despite my dislike for Dreamscape’s title - I hate fruits is AMAZING?! Off the wall is so funky, heavenly is literally heavenly, and the anxiety of No Escape just subsumes me with those chords!!

And I’m liking the sound of WayV’s Hi Five so far!

Nct isn’t a group or subgroups I’m a fan of, just not my vibe. But I’ve enjoyed so much from them this year too! Even releases I haven’t enjoyed personally like Perfume, the WayV releases this year (I loved them in 2023!) and Nct Wish just have felt really solid even though I’m not listening.

Love the post OP! Honestly pretty fun to reflect on, and absolutely just such a great year for nct as a whole musically.",7,1732048700,NCTDREAM_WhenImWithYou
lxzpocf,kpopthoughts,"June:

Enhypen - Sunoo
ARTMS - Choerry & Jinsoul
Seventeen - Hoshi & Jun
NCT - Haechan
Ateez - Yeosang

I share a birthday Hoshi and Yeosang!",5,1732050500,NCTDREAM_WhenImWithYou
ly0hb4l,kpopthoughts,"Haechan (NCT) & I share the same birthday, just one year apart.",2,1732059243,NCTDREAM_WhenImWithYou
ly10a91,kpopthoughts,"He also answered Jeno’s phone and told the person to stop calling once too, and both him and Jeno have “accidentally” exposed the numbers of sasaengs continuously calling them during lives.

For Haechan I remember he literally deleted his Kakaotalk app and announced it during a live last year because they kept calling.",4,1732065850,NCTDREAM_WhenImWithYou
ly14s6a,kpopthoughts,"Everybody was buzzing about Smoothie because of the promotion. The concept was solid, the snippet videos and everything. We didn't have any of that this CB, they just dropped the pics and called it a day and fans should rightfully be mad and call SM out for that. They could have pushed this as the aftermath of the escape from the mini album scenario since this album has a happier vibe than previous one but we don't really have one because of how SM dropped this one.

The album is full of dreamvibe that most core NCT Dream fans like. Granted it's not everybody's cup of tea but Dream has never been the favorite of most because of their softer vibe.

And I'd like to clear it out that eventhough there were entitled kfans jumping at 7dream, there are a lot of kfans speaking up against this. I'm getting tired of the knet vs intl fans discourse. Not all kfans are evil, it's just that entitled minority fans or antis end up being louder that actual fans in any scenario.",8,1732067424,NCTDREAM_WhenImWithYou
ly3h1rv,kpopthoughts,"that time new from tbz chewed out sunwoo on a phone call mid vlive, that time that one zb1 kid almost clobbered that other zb1 kid with a folding chair also mid live, that time v and jin from bts went at it backstage to the point they had to have a meeting about it post show, any time nct/nct dream specifically have to play a game/deal with stalker fans on live, that time jungkook from bts got mad his steak wasn’t cooked properly. 

not anger at someone else but back in the day when kai felt his performances/practices didn’t go well and used to get visibly frustrated with himself to the point of banging on his head with a fist. idk if he still does that but i hope he’s learned to deal with that sort of frustration better but i can’t imagine the sort of pressure he is and puts himself under to perform. 

a super ancient one, but back in their rookie era hyoyeon played a prank on the rest of snsd to derail a practice and jessica got visibly and openly mad at her for wasting time. that one has always been funny to me because taeyeon, the leader, didn’t intervene or get visibly annoyed at hyoyeon and just let jessica ream into her.",16,1732109651,NCTDREAM_WhenImWithYou
ly3w1rb,straykids,"Just wanted to say that I really love how the Japanese language sounds on this album. It worked really well with the very staccato beats in Saiyan and Aieokuretanoninaze. 

With so many groups releasing music in November and then competing across all the social media platforms (NCT Dream and Enhyphen were constantly on my feeds), I felt like Giant got less attention and every song on the album was fantastic. I have listened to it straight through over and over. Really solid album. Thanks skz for consistently being amazing!",2,1732115002,NCTDREAM_WhenImWithYou
ly5e62d,kpopthoughts,"they slandered HYBE not their groups. Please at least get the basic information correct. They were trying to avoid a hostile takeover from Hybe who was creating Youtube accounts claiming to be SM employees saviors so SM started releasing information that Hybe would lay a whole bunch of people off and then shelve groups and not re-sign a bunch of contracts

also, SM only cares about slandering their OWN groups lmao. They would rather shit talk their own groups and idols in the media and make their lives miserable (See EXO, NCT 127, Red Velvet, and thats only in the last 5 years)

and btw Aespa is wildly popular. and NCT Dream sells the same amount of albums as TXT and Enhphyen in Korea. idk where is notion comes from that only Hybe groups are popular and successful..BTS is an outlier and no one is delusional enough to think they can reach their success. The rest of their groups are on par with literally everyone else in the industry. 

also the audacity to write this when its been on record now that BPD has been obsessed with taking Aespa down lmao

try a different theory",-56,1732131683,NCTDREAM_WhenImWithYou
ly6qdgy,kpop,i want nct dream to attend especially haechannn 😭,4,1732155456,NCTDREAM_WhenImWithYou
lyd5k4d,kpop,"I would have replaced with 

Yoona

Minho

Haechan/Johnny

and if Kai was here him 

just so we could see some different personalities im aslo surprised they went with leetuk instead of heechul",18,1732249104,NCTDREAM_WhenImWithYou
lyd80cw,kpop,imagine groups debuted like txt or nct dream 😭😭😭,3,1732250114,NCTDREAM_WhenImWithYou
lyd8syn,kpop,"I thought it was so cute lol, it was all giving H&M commercial, agree on NCT dream tho",2,1732250454,NCTDREAM_WhenImWithYou
lydb6ns,kpopthoughts,It is called Rainbow by  NCT Dream.,2,1732251517,NCTDREAM_WhenImWithYou
lydgaah,kpopthoughts,">its funny tho cause those hating ass bitches that made such a fuss about 0T6 have migrated to stanning Wiish lmao. Riize has lost a lot of its sheen in Korea idk why SM was so focused on keeping them only relevant there when they know Kfans are fickle

What's the proof of this? Every single ot6 left for wish? Wish dont seem to be selling more than riize or charting better, so what's are you basing this off of. I've also heard people saying ""all"" of Nct dreams kfans left for wish and so far nct dream is selling as much as usual.

I dislike the way the Seunghan situation was handled but acting like Riize lost their ""fickle"" k-fanbase based off some tweets is ridiculous. We need to wait for a comeback to actually gauge the demographics of the fandom.",5,1732254015,NCTDREAM_WhenImWithYou
lydi0yx,kpop,"He can't help it, he has the hosting disease. If Haechan was here he would absolutely hop on it as well lmao",13,1732254926,NCTDREAM_WhenImWithYou
lydl590,kpopthoughts,">Kfans are historically fickle and will easily support other groups

What's the precedent for this? Couldn't the same be said for western fans especially since they tend to stan multiple groups, while korean fans tend to stan one group?

>Over the last couple of months there’s been a surge of new wish fans and it would add up to these losers going to another popular group because they’re doing more content 

How are you measuring this ""surge""? I don't really see big increases on their sns for example. Or charting. And again seeing some random people on Twitter (or weibo) and deciding that means ot6s/kfans are generally leaving for wish is pretty anecdotal. People have been saying fans are going to WISH over NCT Dream too, and nothing so far is really proving that. Idk why wish is the new face of fandom discontent but its a weird narrative to keep pushing.",4,1732256604,NCTDREAM_WhenImWithYou
lye2jho,kpop,Did NCT 127 and NCT Dream drop out of MAMA's performances? I could have sworn they were both announced for today and tomorrow respectively. I had put it in my calendar and all. I just noticed they weren't in the presentations.,2,1732267437,NCTDREAM_WhenImWithYou
lyf1pzq,kpopthoughts,"Engenes might downvote me for this. But I think after we won the first voting and leading in the second. engenes definitely started getting way toococky thinking we had it secured. 

Engenes always have had a habit of blaming other fandoms when they lose something honestly (mostly voting). It happened recently with nct dream too blaming their music show loss on fraudulent sales. Happened with Dreamcatcher when in show champion prevoting when insomnia asked other fandoms to help them vote. And now it’s happening with Jimin.",39,1732285091,NCTDREAM_WhenImWithYou
lyie7al,straykids,"for ppl asking about resale vip benefits!! ill share my experience with the nct dream and seventeen concert! i bought vip for both tours (both resale and by myself)

nct dream
- for dc: when i checked in at the vip counter, i just told the staff that i got my vip through resale and they checked me in
- for chicago: same as above but i had a pic of the original ticket purchaser’s id this time (but the staff only said “oh that makes it easier” when i showed her so ig this means she could’ve checked me in regardless)

svt
- for nyc: i bought this vip myself and when i went to show the staff my id she straight up said nah i don’t need it LOL

*****basically “officially* vip benefits cannot be resold or transferred BUT depending on venue staff, sometimes they’ll still honor it! definitely not guaranteed and they sometimes try to scare you buy emphasizing its non-transferable, but it really really depends on the staff. i’ve been lucky in the past so i can only hope its the same for skz! 

**went to skz kaohsiung with a resale vip ticket and checked in fine w no id but asia tour is diff from n.a. tour i guess (though kaohsiung was livenation too)

**if buying on a resale platform, try making sure it says somewhere that the vip package is included (stubhub will have a comment that says “includes vip pass” or smth.) otherwise you risk buying official platinum which is NOT vip :/",1,1732324965,NCTDREAM_WhenImWithYou
lyieb32,straykids,"for ppl asking about resale vip benefits!! ill share my experience with the nct dream and seventeen concert! i bought vip for both tours (both resale and by myself)

nct dream

•	⁠for dc: when i checked in at the vip counter, i just told the staff that i got my vip through resale and they checked me in
•	⁠for chicago: same as above but i had a pic of the original ticket purchaser’s id this time (but the staff only said “oh that makes it easier” when i showed her so ig this means she could’ve checked me in regardless)

svt

•	⁠for nyc: i bought this vip myself and when i went to show the staff my id she straight up said nah i don’t need it LOL

****basically “officially vip benefits cannot be resold or transferred BUT depending on venue staff, sometimes they’ll still honor it! definitely not guaranteed and they sometimes try to scare you buy emphasizing its non-transferable, but it really really depends on the staff. i’ve been lucky in the past so i can only hope its the same for skz!

**went to skz kaohsiung with a resale vip ticket and checked in fine w no id but asia tour is diff from n.a. tour i guess (though kaohsiung was livenation too)

**if buying on a resale platform, try making sure it says somewhere that the vip package is included (stubhub will have a comment that says “includes vip pass” or smth.) otherwise you risk buying official platinum which is NOT vip :/",9,1732325006,NCTDREAM_WhenImWithYou
lyk10hq,kpopthoughts,"Famous choreographer and stage director and trainer from Japan. She's worked on choreographies from NCT Dream, Ilit, XG, Kepler and XG.",1,1732354736,NCTDREAM_WhenImWithYou
lyk2l9e,kpop,"> Lyrics and Composed by Chang Yong Jin

> Chinese Lyrics by Tianrao Tao

> Arranged by Coach & Sendo

> Mixed by Yoo Young Jin

I actually thought this was the NCT DREAM version arranged by KENZIE, but it turns out to be arranged by Coach & Sendo who also joined LSM in A2O.",2,1732355773,NCTDREAM_WhenImWithYou
lyksko5,kpopthoughts,NCT Dream,4,1732369778,NCTDREAM_WhenImWithYou
lyl7yr6,IVE,"Leeseo manager here with some updates saw in passing, would love to share, I hope the current fanbase admins pick it up from here:

* Seems like a thai celeb(cmiiw) is a fan of leeseo, even tweeted about her hair color change: 

[https://x.com/Noeul\_lee6/status/1859948955389567430](https://x.com/Noeul_lee6/status/1859948955389567430)

* Seo-in-guk's nephew's bias is leeseo: 

[https://x.com/bboingvely/status/1859940281132658941](https://x.com/bboingvely/status/1859940281132658941)

* This week's MC cut:

[https://www.youtube.com/watch?v=-y4OcKcUt1A](https://www.youtube.com/watch?v=-y4OcKcUt1A)

Interview includes ateez, enhypen and nct dream.

  
We have NCT Dream's Jeno as special MC tomorrow with leeseo, more niece content is coming\~",16,1732375608,NCTDREAM_WhenImWithYou
lylunms,kpopthoughts,something i forgot to add in my post is that i don’t have a problem with fans calling out misinformation or defending their idols in a situation that they’ve unfairly been dragged into (one that comes to mind is when groups like exo and nct dream were accused of bullying another group with zero evidence to suggest it ever happened). what i do take issue with is fans creating their own problems and framing the people who respond to them as the instigators.,14,1732383102,NCTDREAM_WhenImWithYou
lymyzvc,kpopthoughts,Dreamies (NCT Dream),24,1732396151,NCTDREAM_WhenImWithYou
lynjqei,kpopthoughts,wishies for nct dream :-) i enjoy purki for purple kiss too,3,1732403370,NCTDREAM_WhenImWithYou
lyrgyhn,kpopthoughts,Hot candy cover by nct dream,1,1732466927,NCTDREAM_WhenImWithYou
lyt4594,kpopthoughts,"still a teen and don’t have a job yet… so I’ve only gone to one this year, it was my very first concert - The Boyz in NYC! I would’ve loved to see Enhypen and Seventeen but I didn’t want to stress my family with the ticket costs again. plus one of my SVT biases wouldn’t be there :( also a relative said they had tickets for a NCT Dream concert, but it was on a school night so I wouldn’t be able to go 😔 funnily enough I started getting into them after

As for the TBZ concert, it was the best time of my life, no joke!! They’re one of my ults and I couldn’t believe I was seeing them with my very own eyes. 🥹 it was such a blast, I was constantly screaming ahaha. absolutely wonderful performers!! and they definitely know how to be entertaining <3",5,1732485167,NCTDREAM_WhenImWithYou
lyt92f9,kpopthoughts,IU & NCT Dream. Wish I could have seen Aespa and Enhypen! But the dates didn’t work out.,7,1732486780,NCTDREAM_WhenImWithYou
lyt9jqt,kpopthoughts,"This year I’ve seen:
Everglow, Ten, OnlyOneOf, NMIXX, Stray Kids, Billlie, WayV, A.C.E, XG.

My favourite concerts were WayV and Stray Kids. Both their performances are on another level, soooooo much fun and I would go see them both again in a heartbeat.

For concerts I missed: iKON because it got cancelled and I was devastated. I’ve seen them once before and they blew me away. Also missed NCT Dream for monetary reasons, have also seen them before and the setlist didn’t appeal to me so much this time.

I enjoyed all of them! My negatives mostly apply to the venues; XG I didn’t like the venue and my bad seats lessened the experience a little bit. I would try for better seats if they come back again. Also for Billlie and OnlyOneOf it was standing in smaller venues which I don’t like. I’m short and hate queuing so it’s never a good view.",5,1732486940,NCTDREAM_WhenImWithYou
lytaz58,kpopthoughts,"I went to ~20 concerts in 22-23, but this year I chilled out a bit and focused on my ult bias groups. So I just saw NCT Dream (3 nights of TDS3, and I’m going to the encore next weekend) and SVT (Follow in Incheon). For non-kpop, I also saw Taylor Swift in Tokyo.

* How was it: both groups were amazing! Part of the reason I choose my ult groups is for their live performances and I’d seen both before, so I knew they’d be great - the energy was high, the mics were on, I loved the setlists, and meeting fans at the shows was so fun.
* Who did you miss: I live in Seoul, so technically… every group that toured. But the only concert I ticketed for but didn’t get was IU 😭 I was also really sick so missed SVT’s Right Here tour. 
* Who are you looking forward to: I already have tickets for SMTown and Coldpay’s show where Twice will be opening! I’ve never seen Twice before (and I loved Coldplay’s show in Tokyo) so I’m very excited. Also, predictably: TDS4, maybe a Right Here encore show, and hopefully another IU tour.",4,1732487415,NCTDREAM_WhenImWithYou
lytcbn6,kpopthoughts,"This year has been crazy! Here as a European kpop fan 😗🤚

I started with p1harmony which even though I ended up really at the back since it was a general standing ticket I had so much fun!! Piwon has a special place in my heart since it was one of very first kpop groups I started listening to.. And hilarious enough I stayed at the same hotel as them lmaoooo I didn’t get to see them but my dad saw them at the lounge 😭 

Xikers so much fun! Surprisingly enough I was really close to the stage I felt the price was a bit expensive… I know they’re rookies but the concert felt like it was missing something 

The rose! Omggg this was my second time seeing them and they will always give an amazing performance no matter what! This was my mom’s first concert and it was fun to be with her she fell in love with woosung.. I can’t blame her!

Eric Nam it was fun but I was just really tired that day so I felt like I didn’t get to enjoy the concert as much as I thought. Eric is such an hilarious person love him!

Music Bank Antwerp! OMGGGG I HAD NOSE BLEED TICKETS BUT LET ME TELL YOU THIS WAS SOO MUCH FUN! So many talented artists and I got to witness TXT aaaaaaaa I cried I screamed until I lost my voice made tons of friends and even saw them walking on the streets.. it was one of my fav concert

SEVENTEEN BERLIN LOLLAPALOOZA!! TAKES THE THROPY 🏆 I WAS REALLY CLOSE TO THE STAGE DYING OF HEAT AND THE SUN BUT I WAS SO WORTH IT 😭 I LOST MY VOICE FOR THE NEXT 2 DAYS seventeen it’s amazing and so professional at their job… I could talk for hours about them.. I think after p1harmony the pcd I got from this was horrible 

NCT DREAM it was funny and emotional since it was Renjun’s first concert after his hiatus so it made it really special! I didn’t enjoy the venue bc it was really messy and sound quality was meh but overall the vibes the songs the choreos are just wow amazing!!",7,1732487863,NCTDREAM_WhenImWithYou
lytgxob,kpopthoughts,"I saw Ateez and NCT Dream. Ateez was the best kpop concert I have been to. Have to admit I did not really enjoy Dream as much as I was hoping I would. 

I missed a bunch of acts I wasn’t interested in.",5,1732489436,NCTDREAM_WhenImWithYou
lytif5c,kpopthoughts,"Sorry, this is gonna be a long post. 

I'm going on a K-music/Korea-based-singers-singing-in-English concert blitz for 2024-2025 which started over summer 2024. If my funds, time, and health permits, I'm going even if I don't really know the artist super well. I managed to go to 10. 

* **Itzy** \- Newark, NJ - Have to admit though I liked their songs, it seemed that they weren't singing live or the backtrack was very loud. Might give them another chance because I want to see Lia. 
* **IU** \- Newark, NJ - So good! She gave everyone gifts, her concert went for almost 3 hrs, and my skin loves her T-shirt merch! Enjoyed the syncing of lightsticks and I would def see her again with a better seat. 
* **The Volunteers** \- Brooklyn, NY - Baek Yerin's voice is wonderful! Tickets were around $50 - 60. Can't remember. I love the cozy smaller venue. I do like her more r&b stuff but the band was really good. She doesn't say much during her sets though. 
* **(G)I-dle** \- Elmont, NY - My seats were okay, but so far away. They are really great performers and singers. I enjoyed it. Might see them again if I have a better seat.
* **DPR** \- New York, NY - I did not know about DPR at all and bought a cheap last min seat. CREAM and ARTIC were good but IAN was amazing and his songs are catchy. Would see again 100%. 
* **Everglow** \- New York, NY - I kept getting ads and the seats were heavily discounted so I went. Very rare for them to sing live, seemed more like dancers to their own songs. Will not be going to see them again. 
* **XG** \- New York, NY - My seat was terrible but the girls were amazing. Love all their songs and want a longer concert. Their covers were so good. Would see again for sure. 
* **Woosung -** Brooklyn, NY - Didn't know him at all (there is a trend with male singers), nor did I know about The Rose. However, I am now a fan. His constant whoop sound slightly annoyed me but great experience, songs and performance were fun. Would see again. 
* **eaJ -** New York, NY - I bought a ticket the day of the show for $50ish. Small venue which I enjoyed. LOVED LOVED this show. I hum his songs, that I haven't even listen to previously, throughout the day. 
* **Kiss of Life -** New York, NY - These girls brought it. The fans screamed so loud. I got a light stick and was dancing in my seat. While I only knew a few of their famous songs, I liked the smaller venue. I had been there before for CL in 2016 and some Japanese bands, so I decided to go with the 2nd level General Admission. So glad I did cause I wouldn't have been able to see anything on the Floor with the amount of ppl that came.  

Won't be able to **Moon Byul** and **Fifty-Fifty** isn't really interesting me. 

I might go see **Wonho** in December if I'm up for it. Though I'm not super familiar, I've been listening to a few songs here and there. This would be my final show of 2024. 

I regret not seeing any artist that came to NYC before I decided to go and try see most of them -Alexa, Bibi, ENHYPEN, Bang Yong-guk, IVE, Whee-in, TXT, BM, LUCY, I.M, ATEEZ, SEVENTEEN, Viviz, NCT Dream, Chuu, Xdinary Heroes, Lee Young-Ji, JUNNY, and more. 

I'm annoyed that the **Seori, Katie, Giselle** show was cancelled. Was excited to see them. 

2025 seems like it will be a lot and I'm so READY!

* I'm thinking of seeing **KINO** in January.
* Already secured my **aespa** ticket for Feb. 
* Haven't bought my ticket for **Jaurim** yet in March. 
* Bought my ticket for **Stray Kids** for June. 
* Trying to find decent pricing for a ticket to see **Day6** and **NCT 127**. 
* Waiting in desperation for **Taemin** tickets to be released, and **Taeyang** and **2NE1** to announce a U.S. tour.",9,1732489957,NCTDREAM_WhenImWithYou
