id,subreddit,text,score,created_utc,comeback,label,source
lt5pi40,Aespa,Aespa has been on fire. Like release after release is sooooo strong.,2,1729597957,aespa_Whiplash,positive,reddit
ltggy9a,kpopthoughts,"Yeah, I expected them to increase sales too. But the economy isn’t doing that great + there’s a lot of competition this month (aespa, itzy, illit etc).

Sticky was a popular song on the charts, but charts are determined by casual listeners, not the core fanbase who buys albums. Mamamoo always hovered around similar album sales despite having hits. StayC had a steep decline despite Teddy Bear and Bubble being popular.

Only a slight increase instead of a big increase is not that worrying, it just means they need more time to build a fanbase. And it’s possible there might be a shipping issue (like there was for LSF).",23,1729740630,aespa_Whiplash,neutral,reddit
ltgx96u,kpopthoughts,this is impossible to do but i love how almost every comment has an aespa or ive bside\~,0,1729748674,aespa_Whiplash,positive,reddit
luxdu33,Aespa,But there are strict standards towards idols. I understand where you are coming from. The more down to earth personalities of aespa are very charming. But it is still a business with this industry. And sometimes industry is a very cold place to be one's self. :(,1,1730498074,aespa_Whiplash,neutral,reddit
ltcrcwo,kpopthoughts,"Fr I think this comeback is just getting hate because magnetic was SO huge so it gives people an excuse to call them flops if this one doesn't somehow perform better, which is ridiculous. They are already monster rookies and the discourse around this comeback already proves that they're doing something right imo, because haters love to target girls/women who are successful.  

There's no need to constantly write think pieces about how you don't like one song (same goes for those complaining about how they don't like the recent comebacks of aespa or Jennie etc). Just don't listen to it, it's actually very easy to avoid music you don't like.",27,1729696772,aespa_Whiplash,neutral,reddit
lsz9yuz,kpop,"has aespa failed any song this year omg??

hit back to back omds, after Rose get her pak i want this song to get pak to.",5,1729502139,aespa_Whiplash,positive,reddit
lsz9iyy,kpop,"I ,Anna put the high heels and dance till the morning to it aespa Strick again",9,1729501824,aespa_Whiplash,positive,reddit
luonay0,kpopthoughts,"Its the third time that Ningning is left out of group activities. The first time was kinda understandable, she was recording in China if I'm not mistaken but the second and third time like...really? We don't even know if it was a solo schedule or if she was sick, but they don't even try to accomodate around her.
About Giselle's styling, its kinda complicated. About the hair, aespa always seems to be able to choose hairstyles, specially on music shows, and Giselle already talked about how she prefers loose straight hair and sometimes she will do wavy hair. But clothing wise... I remember some hideous outfits for her during Drama promotions and some simpler ones compared to the other members during Supernova. So far with Whiplash I think she is getting good outfits? I saw some people complaining about her cargo outfit, that it was too baggy compared to the other members, but I think it really suited her and it was pretty so I didn't care.

TLDR: The complains about Ningning schedules are valid, the complains about Giselle styling sometimes are valid, sometimes are not and its just her own preferences.",31,1730377099,aespa_Whiplash,neutral,reddit
ltup4pg,kpopthoughts,"Wait they were like saying some derogatory stuff about other popular groups like nct ,skz,aespa like is it true 


Some were a
Saying they made fun of skz members height or smth",1,1729951759,aespa_Whiplash,neutral,reddit
luxdhgb,kpopthoughts,"I mean we know that SME groups like switching concepts and sounds so I understand why they were practicing different things, but I feel like the key point in Aespa's change is Fast and Furious soundtrack.


Aespa said that LSM watched the movie, heard the soundtrack and thought ""that's it."" It probably inspired him to create lore and SME universe episodes (which has been on hold for a while unfortunately) and they said multiple times that they all had to practice Next level and had different demos, I think Winter even said here they all tried out singing the song by themselves.",296,1730497953,aespa_Whiplash,neutral,reddit
luxdceq,kpopthoughts,"' BTOB Changsub's 1991 album, specifically his title track '33'!!
- Seventeen's Eyes on You, 1 to 13

- Heon Soo' Halo

- Purple Kiss' On my Bike, Light the Way

- Sole's Tonight 

- CNBLUE's Personal Color

- aespa's Whiplash, Flowers

- Kiss of Life' REM, Igloo

- ITZY's Imaginary Friend

-",7,1730497906,aespa_Whiplash,neutral,reddit
lv5o2e0,kpopthoughts,Honestly? Pretty much all of Aespa's 2024 output. There are good elements but non of the songs feel finished to me.,3,1730628912,aespa_Whiplash,negative,reddit
lup67ts,kpopthoughts,"my streaming stats for october -

top 10 songs:
1. steady - nct wish
2. on & on - nct wish 
3. 3 minutes - nct wish
4. supercute - nct wish
5. i'll like you - illit
6. mantra - jennie
7. whiplash  - aespa
8. igloo - kiss of life
9. iykyk - illit
10. moonstruck - enhypen

top 5 artists:
1. nct wish
2. enhypen
3. nct dream
4. kiss of life
5. aespa",2,1730384048,aespa_Whiplash,neutral,reddit
luorb4m,Aespa,So glad that Aespa is back to posting more in Pinterest lol,1,1730378742,aespa_Whiplash,positive,reddit
ltrea4g,kpopthoughts,Ningning,3,1729896052,aespa_Whiplash,neutral,reddit
ltva45x,kpopthoughts,"Twice and Itzy brought me into Kpop originally in 2021 so they were the first groups I stanned. As I learned the Kpop landscape I found Aespa and Red Velvet and liked their music and voices better. Then Twice and Itzy both put out several comebacks in a row that were meh for me (Chaeyoung's wardrobe snafus were the cherry on top) so I unstanned both. Then after watching them with ""WTF s going on"" for a long time NMIXX finally pulled me in with Sonar/Dash. Red Velvet, Aespa, and NMIXX are my top three now.",4,1729958946,aespa_Whiplash,positive,reddit
lt58edf,kpopthoughts,The reality of the situation? I must have missed the memo where you suddenly became an all-knowing psychic with insider knowledge on every little detail. Do you live with aespa? Are you their best friend or confidant? You can talk about fanbases all you want. It’s just hard to take this seriously when you’re making wild assumptions about idols you’ve never met or known. Maybe it’s time to step outside and get some fresh air.,19,1729587987,aespa_Whiplash,neutral,reddit
lutqv0d,kpop,Wow. I didn't think the aespa would be so low,3,1730448181,aespa_Whiplash,negative,reddit
lt7jnvp,kpopthoughts,"I don't. Out of my Top 10 favourite groups, only 3 (Red Velvet, aespa, NMIXX) are from a Big 4 company. Smaller companies consistently deliver better quality across the board. You're observation is strictly based on the exposure big companies can give their groups. It's not so much that fans prefer those groups, it's just they know of them through marketing and promotion.

In the 10 or so years I've been into K-Pop, I've seen all the time those stans getting in with Big 4 groups and ending up ulting Mid/Small company ones.",1,1729620256,aespa_Whiplash,neutral,reddit
lu4alvu,Aespa,"Aespa is one of my ults lol, got into them during Drama era, so I have a lot of favs. Flowers is supreme, I have never heard a b side this good from aespa",5,1730084075,aespa_Whiplash,positive,reddit
lt0hbei,kpop,"Probably my least favorite Aespa title track of the past two years, but infinitely re-listenable.",3,1729522077,aespa_Whiplash,negative,reddit
ltcimgw,Aespa,"Hi, your post has been removed.

Reason: **Follow title guidelines when submitting:**

Full list of title guidelines:

###New Release Teasers
Content Type | Title Format | Example
---|---|----
Album Teasers [1] | YYMMDD **Artist** - The # Mini/Full Album: Title (Teaser Type - Member(s)) | 230425 aespa - The 3rd Mini Album: MY WORLD (A STRANGE PHENOMENON Teaser Images - Karina & Winter)
Album Teasers [2] | YYMMDD **Artist** - The # Mini/Full Album: Title (Teaser Type - Member(s)) | 230425 aespa - The 4th Mini Album: DRAMA (Scheduler)  
Title Track Teasers [1] | YYMMDD **Artist** - Title (Teaser Type) | 230817 aespa - Better Things (MV Teaser)
Title Track Teasers [2] | YYMMDD **Artist** - Title (Teaser Type) | 230506 aespa - Spicy (Concept Photos)
Misc Teasers [1] | YYMMDD **Artist** - Title (Teaser Type - Member(s)) | 231023 aespa - 2024 Season's Greetings (Teaser Images)
Misc Teasers [2] | YYMMDD **Artist** - Title (Teaser Type - Member(s)) | 231023 aespa - 2023 aespa FAN MEETING: MY DRAMA (Teaser Video - Karina & Winter)

*Singles follow the same format as Title Tracks*

###Social Media
Content Type | Title Format | Example
---|---|----
SNS (Group) [1] | YYMMDD **aespa** [Platform] Update - Caption* | 230101 aespa Instagram Update with Karina 
SNS (Group) [2] | YYMMDD **aespa** [Platform] Update with Member(s) - Caption* | 240102 aespa TikTok Update with Karina & Giselle 
SNS (Individual) [1] | YYMMDD **Member** [Platform] Update - Caption* | 240112 Ningning Instagram Update
SNS (Individual) [2] | YYMMDD **Member** [Platform] Update with Member(s) - Caption*| 231202 Winter Weverse Update with Karina
SNS (Non-Group) [1] | YYMMDD **Handle** [Platform] Update with Member(s) - Caption* | 221225 Red Velvet Twitter Update with aespa
SNS (Non-Group) [2] | YYMMDD **Handle** [Platform] Update with Member(s)  - Caption* | 240226 ITZY Ryujin Instagram Story Update with Karina
Dance Challenge (Group) | YYMMDD **aespa** [Platform] Update with Member(s) - Caption with **Group Member(s)** | 231229 aespa TikTok Update with Giselle - #ImtheDrama with #YEJI 🐈 (with ITZY Yeji)
Dance Challenge (Non-Group) | YYMMDD **Handle** [Platform] Update with Member(s) - Caption with **Group Member(s)** | 230525 LE SSERAFIM TikTok Update with Winter - ❄️Boom boom boom🐯with #aespa #WINTER (with Kim Chaewon)
*_captions are only required on Instagram & Twitter posts if there is an english caption, or it's a major award or event. Translators are allowed as long as they make sense._

###Videos
Content Type | Title Format | Example
|--|--|--
MV | YYMMDD **Artist** - Title | 231110 aespa - Drama
Dance Practices | YYMMDD **Artist** - Title (Type) | 231116 aespa - Drama (Dance Practice)
Performances | YYMMDD **Artist** - Song Title @ **Show** | 230514 aespa - Thirsty @ SBS Inkigayo
LIVE | YYMMDD **Member(s)** [Platform] Live | 231008 Ningning Weverse Live
Variety (aespa Originals) | YYMMDD **Artist** - Title | 240313 Winter - This trip is done! 🐶🏝️ WINTER in Okinawa - Wintering Vlog
Variety | YYMMDD **Artist** @ **Show** | 210526 aespa @ Weekly Idol Ep. 513
Variety Teasers | YYMMDD **Artist** @ **Show** (Teaser) | 210523 aespa @ Weekly Idol Ep. 513 (Preview)

###Branded Content & Magazine Appearances
Content Type | Title Format | Example
|--|--|--
Commercial Films | YYMMDD **Artist** *for* Title | 231120 Karina for Lotte Chilsung’s beer Kloud Krush
Brand Ads | YYMMDD **Artist** *for* Title | 231221 Winter for Mamonde
Magazine Appearances | YYMMDD **Artist** *for* Title (Additional info) | 230925 Karina for Vogue Korea (October 2023 Issue)

###Misc

Content Type | Title Format | Example
|--|--|--
Stage Performance Pictures | YYMMDD **Artist** - Song Title ([Performance Date] **Show** Stage Pics) | 231117 aespa - Drama (231115 Show Champion Stage Pics)
News/Info | YYMMDD Article Title | 240405 SM confirms aespa to make comeback in May

- **All post dates should follow Korean Standard Time regardless of location.**

- **aespa** is officially stylized in all lowercase. Any other form of style used on official content will be removed.",1,1729694038,aespa_Whiplash,neutral,reddit
ltqyc5n,kpopthoughts,def ningning,5,1729890480,aespa_Whiplash,neutral,reddit
lt4rg2r,kpopthoughts,"'You know, back in 2022, you you you and you, participated in aespa's hate train, so this is fair now' - them pointing fingers at fandoms of groups who weren't even debuted at that time",96,1729576520,aespa_Whiplash,neutral,reddit
ltfscqk,kpopthoughts,"Aespa doesn't get straight up hate comments (unlike their fandom, it's pretty much accepted to blame all of world's problems on mys), all I've seen is slightly shady comments bringing up their plagiarism allegations due to the lyric that went viral some days ago. I'm content with Reddit finally feeling more or less neutral towards the girls.

BP gets vile comments. Like actually vile comments on Reddit. Someone felt jobless enough to even create a snark sub for them, so I don't think the APT and mantra praise will last a long time. 

I can't even describe the shit that NJ gets. Literal paragraphs are written psychoanalyzing the girls and claiming they're sociopaths. Redditors behave like flat-earthers on steroids, when it comes to the girls. It's sad.",16,1729731411,aespa_Whiplash,neutral,reddit
lu4iz9a,Aespa,"I can't deny, I like APT the most among the songs that have been released this month. But aespa competing up there with BP is already a great achievement in and of itself. Just like what Ning2x said, don't focus too much on the charts and enjoy the music. Indeed many multistans were well fed this month!",36,1730087696,aespa_Whiplash,neutral,reddit
lv5mx5x,Aespa,[aespa TikTok](https://www.tiktok.com/@aespa_official/video/7432989926796381448),3,1730628143,aespa_Whiplash,neutral,reddit
lt93fie,kpopthoughts,As someone who got back into kpop this year that listens and follows ALL current girl groups with no strong bias ...choosing from the songs on this poll I'd have to say I listen to Le Sserafim and aespa the most.,3,1729637866,aespa_Whiplash,positive,reddit
ltgfla6,kpopthoughts,"October alone has some of the heavy hitters all releasing (Itzy, Illit, Aespa, BP solos, etc) at the same time. The upcoming months also aren't slowing down either with more groups still scheduled to release like Misamo, XG, Babymonster, Rose full album, rumoured Jisoo comeback and so on.

  
As a fan of music and not specifically groups (that isn't to say the names listed aren't some of my favorites), I am loving it! But it is getting hard to keep up so haha.",45,1729740049,aespa_Whiplash,neutral,reddit
lszg1nb,kpop,"This is Giselle's era!!!!


This is a bop, a runway bop. MV goes crazy wow. It's catchy as hell wow. Stuck in my head for the whole month and the rest of the year. Aespa does it again!",8,1729506222,aespa_Whiplash,positive,reddit
lut7t9x,kpop,Damn Im shocked how low Aespa is,6,1730435469,aespa_Whiplash,negative,reddit
lt4u7c0,kpopthoughts,"Every big company will be accused of something at some point in time repeatedly. Aespa was accused on copying BP, of never singling live, RV was critiqued for not being like BP and Twice and Yeri was hated routinely for years, Itzy has gotten hate since other gen 4 groups debuted for literally anything and everything. HYBE used to the the sparkling gem of the industry and people swore they would become big 4 instead of just big 3. This is part of what comes with that. The bigger you are the more people target you.",51,1729578258,aespa_Whiplash,neutral,reddit
lttek8d,kpop,"ahahahah I love how they manage to insert their faves everywhere lol someone said that hybe was responsible for the hate train aespa suffered after debut 😭

I have friends that work with digital marketing and they monitored every single comment made online. People are just now discovering that marketing it’s not beautiful lol",12,1729927293,aespa_Whiplash,neutral,reddit
lti94zo,kpopthoughts,aespa lsrfm and nwjns!,1,1729775388,aespa_Whiplash,neutral,reddit
lt9a1uh,kpopthoughts,I think it's definitely aespa but NMIXX should be an option here. They are crushing it this year.,8,1729640176,aespa_Whiplash,neutral,reddit
ltsxxn4,twice,"Twice x aespa challenge, I repeat Twice x aespa challenge! 

So sick to see this combo.",13,1729917956,aespa_Whiplash,positive,reddit
lt4uvmj,kpop,"It's a bit like the one party consent when it comes to recordings in SK. She was 'visibly' a part of the conversation. 

The question is about the publishing in not court, but media. 

It would also touch down, once again, on 'ownership'.

Basically, courts would a) need to establish if the one party consent that is for RECORDINGS, also grips for written communication.

b) if there is public interest. In that specific message. 

To a) would take a long time and I don't think anybody wants to touch KKT right now, who would get involved in that, too. 

b) Given that the aespa thing didn't come up again, and that it by no chance can be seen as interconglomerate bullying, which she builds her case around right now...sorry...fights for NJ, nor is it about her CEO issue or anything... I wouldn't see how this specific message is of public interest. 

To note for those who 'but HYBE'... a) her messages are still considered a leak. Given that she sees a recording of a PR person correcting false reporting as whistleblowing, ... As always, rules for yee, not MHee, or something. And Hybe didn't hold a presser with 'so there are these messages.'

Furthermore, b) as established, she and the VP either used their WORK computers to communicate via KKT or used their work computers to sent KKT archives to a third party.

Either way, the stuff was on work computers, therefore, most likely, in that very moment the property of HYBE. (Once again, dear readers: if you haven't read the data privacy policy for employees of your company, maybe this would be a good time. Get some popcorn and ready to be shooketh). So, not comparable even if Hybe had published them 🤷‍♀️ 


(To be fair, I also understood the message as being about ambiguity in court. But that's the thing... I can believe all I want that BTS's Idol copied my morning stretch dancing routine, doesn't mean it's real. Court doesn't care about what you believe. 🤷‍♀️ )",28,1729578695,aespa_Whiplash,neutral,reddit
luynv3f,Aespa,Bias Ningning🦋 looks super cute in this camo fit. I can't take it 😍,2,1730515479,aespa_Whiplash,positive,reddit
ltenjda,kpopthoughts,"1. Welcome to My World (Aespa)
2. Igloo (KIOL)
3. Cookie (New Jeans)
4. Find (STAYC)
5. 1 Thing (STAYC)
6. Trick or Trick (Aespa)
7. Sour Grapes (Le Sserafim)
8. So What (STAYC)
9. Lucid Dream (Aespa)
10. ICONIC (Aespa)",6,1729717481,aespa_Whiplash,neutral,reddit
ltz5v1d,Aespa,"I wish they would have shown the camo fits cause those are my favorite 🫤 but still, it was a great jacket behind. The looks...Aespa ate💙⭐️🌙🦋",2,1730013977,aespa_Whiplash,neutral,reddit
lsz96dy,kpop,"This is one of the most stylish high fashion/perfume ad kpop videos I've ever seen.

*Presenting* Whiplash, *the new fragrance by* aespa",542,1729501575,aespa_Whiplash,positive,reddit
lth0ehx,kpopthoughts,"Itzy copied Aespa.... cause they were four members during an era. 

Ah yes, Lia went on hiatus just so they can ape off Aespa patented 4 member concept. Seems legit.",52,1729750541,aespa_Whiplash,neutral,reddit
lthim6p,kpopthoughts,"They are pretty well-liked on Reddit, but a significant part of their fanbase is in Asia, especially China, so they aren't mentioned as often as their peers here. 

Another factor is that their debut was sort of in-between two of the biggest girl group ""clusters"". Their debut was closer in time to Blackpink's than to Aespa's or IVE/Le Sserafim/NewJeans. 

But they are not really associated with Blackpink/Twice/Red Velvet. They are technically 4th gen, but I feel like they aren't really grouped up with much younger record-breaking 4th gen girl groups either. So they are left out from a lot of conversations.",32,1729762570,aespa_Whiplash,neutral,reddit
lszfheg,kpop,"Exactly Aespa, xg, charlie xcx, grimes, Doja, kim petras have some mv where the visual reminds me if ine another.  Hyperpop, cyberpunk, techno and all these aesthetic or ideas or concept overlaps each other.",-2,1729505868,aespa_Whiplash,neutral,reddit
ltvmg8m,kpopthoughts,"supernova aespa, after a million replays i kinda never want to hear that song again",6,1729962989,aespa_Whiplash,negative,reddit
lti68ko,Aespa,"I tought the choreo was boring, simple and lame when I saw the mv. And I wa like ""it makes sense, cause this song feels more like a runway, posing kind of song"" but no.
Thanks to this presentation my mind changed. I love the choreo, it suits the song so well.
Specially Winter's first verse and NingNing's first and last part.
And I still need to see the choreography vid they released earlier today 👀",9,1729774295,aespa_Whiplash,positive,reddit
ltyidoq,kpopthoughts,I dunno if that point stands. Billlie released 'Of All We Have Lost' on October 16 and aespa released 'Whiplash' on October 21. They were both on Show! Music Core last night.,13,1730000473,aespa_Whiplash,neutral,reddit
lsznb3n,Aespa,Winter and NingNing absolutely killing it! Do they release photo cards based on these photos? I need them!,6,1729510288,aespa_Whiplash,positive,reddit
lukjnit,unpopularkpopopinions,SM should’ve gave Aespa a better title after the success of Supernova. It seems like they’re trying to copy that formula but Whiplash falls so flat. It’s one of their worst releases next to Girls,1,1730315304,aespa_Whiplash,negative,reddit
ltfajc8,kpopthoughts,"- Dreamlike (Izone)
- Lovin Me (5050)
- Shine With Me (Ive)
- Star (Loona)
- Burn the Bridge (Lsrfm)
- Payback (Ive)
- ICU (Aespa)
- Love Me Like (Viviz)
- Back to the City (Kep1er)
- Rewind (Fromis_9)",7,1729725114,aespa_Whiplash,neutral,reddit
lz0kclc,ATEEZ,"For YouTube, this is what I had:

Top Artists:
1. ATEEZ (I was in the top 1% of listeners)
2. Stray Kids
3. Txt
4. Seventeen
5. ONF

Top Tracks:
1. Alpha (Boy Story)
2. Liar (BUS)
3. Killin’ It (P1Harmony)
4. Geekin’ (Younite)
5. Fxx Off (One Pact)

I’m very shocked that my top artists and top tracks don’t coincide AT ALL 😅

I had 6,303 minutes total",3,1732589671,ATEEZ_IceOnMyTeeth,neutral,reddit
lxxg5n9,ATEEZ,"Recs for people who 'miss' ATEEZ's older sound (going by vibes instead of similarity in songs)

WORLD sound:

* Psycho -JUN
* Pandora by MAVE
* Villain -K/DA
* Supercalifragilistic -XIkers
* Silent Night -Dreamcatcher (or maybe this fits into treasure idk it's kinda similar to horizon)
* Hold on tight -Aespa
* The dark side -muse (If you like this song, go explore synthwave and cyberpunk genre)
* Sharp Objects -Sorn (some people might find this mid but i love this one)
* Gods - newjeans

Treasure sound:

* Outro: Cross the Line (The vibes are mysterious and creepy, distinctly en-, but you might still like it)
* Eternally -TXT
* Side Effects -SKZ
* Sweet Juice -Purple Kiss
* Everybody's got a secret -Billlie
* Never In Vain -LUCY
* Lion -GIDLE
* Futakoita -FAKY (idk maybe this sounds like ateez maybe it doesn't? I It kind of reminds me of still here)

Fever sound:

* the rumor -billlie
* I really have no idea where this fits but it's kinda emotional and the lyrics talk about struggles of childhood so i'll put it here (it's vocaloid btw) When I was absent from school -Kikuo
* Mixtape #1 -SKZ
* Rhythm Ta -ikon",1,1732025597,ATEEZ_IceOnMyTeeth,neutral,reddit
lxxmm9j,ATEEZ,"I agree with IOMT lyrics -- a lot of them (especially the chorus) are not great, although some are nice. Compared to the rest of the album, I feel like it's the weakest song. The instrumental is great though. The way they perform it is also great. 

I actually disagree about the rest of the album -- I don't think it's cold. IOMT feels cold but the rest of the songs don't give me that vibe. My biggest problem with this album is that IOMT doesn't represent the rest of the album well and probably should've been on GH pt 1. I'm not sure if I would have one of the other songs as a title track, but the rest of the album seems like it needs a title track very much not in the style of IOMT (but rather more like Inception or Deja Vu. They performed Desire recently and a song like that also would've been an amazing vibe for a title track for this album.) 

Isn't this the only mv where San is shirtless or am I missing something? I know he's been showing his body in a lot of their live performances/festivals/photoshoots since around this time last year, but he seems fine with it. I think it's always him because he's the one comfortable with doing it. (Seonghwa has also had revealing outfits for their tour/festivals but to a lesser extent -- and to the level he's comfortable with, I'm assuming.) 

As for a general unpopular opinion...I'm not sure if this is an unpopular opinion or just a critique but I wish San would find a balance between performing and live singing on their choreographed songs. I know he's a main dancer but he's also the lead vocalist. He should not be one of the members who sings live the least in things. This was pretty noticeable during the concerts (especially during It's You because Wooyoung was very very live.) 

Other unpopular opinion that I can think of is that they should've promoted a song besides Empty Box with Work. I kind of get why they did, but also...the fact that we still don't have performances of any of those other songs is sad. Not even at GMF where they had a whole concert length set list opportunity.",15,1732027847,ATEEZ_IceOnMyTeeth,negative,reddit
lxrmlip,straykids,FFS my Amex is still recovering from Ateez in London in January,9,1731943427,ATEEZ_IceOnMyTeeth,positive,reddit
lxynrv3,ATEEZ,"Personally, I don't think they're performing any more songs from GH1 and 2 live in concert until they've performed it at a concert in Korea. That's what happened with Halazia - the set list didn't change for the EU leg even though it was after Witness, and they only adjusted it after they performed Halazia at their Anchor (Encore) concerts.

I don't think GMF would've been the right stage for Blind, either. Ateez stages are usually such a huge production and the layout for GMF seemed pretty simple in comparison! San mentioned on live earlier that the camera work at KGMA yesterday wasn't able to properly capture his dance break, it sounds like these logistics are really important to them :')",2,1732039141,ATEEZ_IceOnMyTeeth,neutral,reddit
lxi52y8,ATEEZ,"I think it is valid. But I do take comfort in the fact that Ateez have said that they really enjoy this album and have been excited for it to come out. 

And it's not really super straightforward. For example, recently with TXT, Hueningkai said that their current title track (Over The Moon) is the first one he's liked since Loser=Lover. There have been 4 comebacks since then and Loser=Lover came out in August 2021. (I guess it's 6 if you count their two English collabs from last year but they weren't full comebacks.) That doesn't mean everything since then has been bad even though they've experimented, or even that all the members have felt the same (because they haven't.) There has definitely been some pandering (especially with the two collabs, and half of their english/english version songs but not all of them) but some of that in and of itself has been an experiment for them and some are popular styles that some of the members themselves like. And there is the unfortunate reality that they need to succeed and sometimes that means giving in to popular trends. 

I think with Ateez, they're trying to balance trying new things that they want to try with making title tracks that can be generally successful and gain them a wider audience. And also trying to balance both of those things with whatever concept that specific era is.",13,1731796303,ATEEZ_IceOnMyTeeth,neutral,reddit
lxdk2af,ATEEZ,"This makes so much sense ! 
San’s over performing is definitely one of the things that sucked me in. But it’s very unsustainable on the long run. It takes a lot of control as a performer to find the right balance that allows you to survive a tour and promotional at this high level. It will take a toll on your body eventually ( as someone with tricky knees because of said issue 😅)
I actually really enjoy their laidback choreos, because they’re all so talented that it exudes charisma. 
As a baby atiny, I’m enjoying the last TTs for how fun they are. But as another commenter said, anything sounding like Halazia or Guerilla will have my soul.",5,1731726738,ATEEZ_IceOnMyTeeth,positive,reddit
lxnm689,ATEEZ,[Source](https://x.com/ateezofficial/status/1858017071650766880?s=46&t=vw626Ah4PxRifsbTwDPi7A),1,1731879325,ATEEZ_IceOnMyTeeth,neutral,reddit
lxt2ig6,straykids,"Yes, I thought about the weather too, I’d hate for it to be cancelled if it rains. It’s why I was hoping for another venue, after spending all that money and arranging to go, I’d hate for it to be rained out.

That does help, and is pretty much what I expected. I’ve only been to a few concerts, and only one that was kpop (Dreamcatcher last year, so way different from SKZ or Ateez, who I unfortunately had to miss) and with the pricing for Ateez, I expected SKZ will be as badI might straight up be priced out anyway so maybe the venue won’t make much difference for me in the end 😭",3,1731959309,ATEEZ_IceOnMyTeeth,neutral,reddit
ly3pd98,ATEEZ,"You might single-handedly convince me to get a TikTok account cause I’m dying to see these especially Hwa being open about his panic attack as I feel for the poor man 😭 but that particular algorithm is so bad for me! 

But I completely agree, and that’s one of my favorite Hongjoong quotes, and I watched Woo and Yunho crack up between Matz too many times in the drunk vid :) ty!!!!

Also I’m so glad I was fortunate enough to see them on tour, he was incredible on that stage and I don’t think I’ll ever see anything like it again. I went 3 times and I would have gone every week all year if it had been possible",1,1732112725,ATEEZ_IceOnMyTeeth,positive,reddit
lydmgfx,ATEEZ,"Ultimate bias is Hongjoong, but my main bias line is Yunho and Mingi. (They have priority after HJ when it comes to pcs and signed albums.) 

I wouldn't call the other 5 my bias wreckers, so I'll call them my second bias line. So Seonghwa, Wooyoung,  Yeosang, San, Jongho. I usually just say I'm OT8 rather then explain this though lol.

My favorite song is Dune from The World Ep.2: Outlaw (I love this whole album actually) but I have several favorites throughout the discography. 

Some recent favorites are: MATZ, Blind, Empty Box, Man on Fire, Enough, and Royal.",3,1732257347,ATEEZ_IceOnMyTeeth,neutral,reddit
lxid80d,kpopthoughts,wooyoung,2,1731799256,ATEEZ_IceOnMyTeeth,neutral,reddit
lxs8hte,ATEEZ,"I’d say that the cult forever changed my perspective of men, but not in all negative ways. 

I see ATEEZ and some other groups like siblings that are being raised in a different kind of cult (or maybe a high-demand and high-control patriarchal system), and we are watching them work their way through it publicly. Granted, once I escaped my own cult I feel like I see general systems of patriarchal control everywhere. But in this case I am sympathetic to ATEEZ because they are doing their best to behave correctly in the system while still bucking the trends and reaching outside of it. And it helps that they are in KQ. 

Where other men are concerned, a good 2 years of my deconstruction were devoted to separating the tangled lines of patriarchal control in my head and in my life. It was not easy. I went through all the stages of grief multiple times. 

How are you doing now? Do you have a support system? Did you have to separate completely from your family of origin? Are you safe? Feel free to DM me instead.",1,1731950280,ATEEZ_IceOnMyTeeth,neutral,reddit
lyt5a5p,ATEEZ,Ice on my teeth lyrics,8,1732485532,ATEEZ_IceOnMyTeeth,neutral,reddit
lyxwzda,kpopthoughts,"For the longest time, Better by ATEEZ was my favorite song by them, and originally it was a Japanese track!  They did end up doing a Korean version later on as well but I still prefer the original",2,1732558205,ATEEZ_IceOnMyTeeth,neutral,reddit
lxkl2qd,ATEEZ,"Kpop has become this weird animal where people invest so much into something that it affects their personality when something ""changes"" and they don't know how to handle it. 

Musicians and dancers are artists. Artists create and evolve, flow with their expression and experience different things with their personal influence and spirit. 

If someone chooses to invest a lot of time and hundreds or thousands of dollars into a group, I can see why they'll feel a little disconnected when they don't like the title track. But I just wonder how those people can be so devoted and yet so hostile about getting what they personally want every time. At least give them a few more comebacks before deciding to move away from them, or at the very least listen to the rest of the album lol 

Maybe they're impatient because for them it's more about the performative acts of being a fan, belonging to a group of people that they've turned into their entire identity, than the actual music and performances. Just happens to that they latched onto this group instead of that group. So when they feel they can't ""do all the things"" like edits, fanart, streaming, make outfits, make fan merch, obsess over photocards, etc because they didn't like the main track with the mv, they don't know how to enjoy the comeback without doing any of those things and just enjoying the rest of the album. It was never about the album for them, not really. It's about the event and the meaning if gives to their lives, I guess. 

Sure, people enjoy it for different reasons, and I'm guessing the ones tripping out over IOMT are like this. I haven't seen a single bad word about IOMT though until this thread, really surprised me to hear it because IOMT actually goes so hard just in a heavy way instead of a fast way. Sure some might not like it, but ATEEZ literally have been telling us they're trying something new on this album, so I don't know why anyone is shocked if it doesn't hit on first listen with them. They also said they tried something new on the last 4 albums, cuz that's kinda ATEEZ's whole thing~ 

These people just got lucky that they liked the last *several* comebacks, but, I guess, don't have an open enough mind to accept the art that ATEEZ is offering and try to explore it with the group, letting it digest, rather than glutting themselves on it and spitting it out without even tasting it.",7,1731836361,ATEEZ_IceOnMyTeeth,positive,reddit
lxr6xrf,ATEEZ,"Hi Op, your post has been removed because this type of content is more suited for our [weekly tavern](https://www.reddit.com/r/ATEEZ/about/sticky) which is for all kinds of casual chitchat. 

The ""discussion""-flair is for questions that elicit a longer discourse and don't have one specific answer. Please let us know if you have further questions regarding this! Alternatively, you can also check out the explanation [in our content guidelines](https://www.reddit.com/r/ATEEZ/wiki/howtopost#wiki_discussion_posts).",1,1731937771,ATEEZ_IceOnMyTeeth,neutral,reddit
lxh6dm6,ATEEZ,"Except the last four albums don’t sound like their first albums at all. I own all of them and I think the main issue is that the original fandom who has been there all along feel this way because that was what drew them to Ateez.

Whereas people who found Ateez when they exploded in the last two years know their new sound better and don’t have the nostalgia from before.

It would be wrong if people were spamming asking them to redo their albums and go back but they aren’t even putting this in the comments or the socials it’s just in the fandom space so it’s respectful discourse",10,1731784879,ATEEZ_IceOnMyTeeth,neutral,reddit
lxi0eu1,ATEEZ,"Seconding all of these. The final episodes of Salary Lupin are what led to me being a full time fan, and how I started as a Wooyoung bias.

Drunkteez episodes and the medical ones are great for getting to know who they each are, and I love that their 'characters' slip a little in each of these episodes.",3,1731794714,ATEEZ_IceOnMyTeeth,positive,reddit
lx8975f,kpop,"i shockingly guessed almost every single sound/vibe based on the segments from the highlight reel, so i'm glad to say that due to how well i know them, i wasn't let down (ok maybe a little bc i'll always be hoping they top outlaw lol). ratings will be tentative because i'm still processing. i hadn't heard a highlight medley in a longggg time, but i'm gonna start listening to theirs because it was decently accurate to my tentative final feelings. i also always listen to the album before watching the mv, so i went into the title track totally blind besides the highlight reel.



1 man on fire - 9/10 - this was my song based on the track list, and although i wavered, i'm back to it being my top pick. the vibes are just so right. a little drama is all i need, and it was delivered.

2 enough -  9/10 - i'm super glad san chose to sing this, that is all. it's like a baby version of turbulence.

3 ice on my teeth - 8.5/10 - taste by tyga but with strings. mingi's part was for the culture. insane mv also, they all look so fine.

4 deep dive - 8/10 - this was my favorite from the highlight medley. i was expecting that part to be the intro, and then a deeper dune-esque chorus, so i was surprised and a little disappointed when they ran it back for the actual chorus. it was good either way, though. 

5 selfish waltz - 7.25/10 synthpop is usually not my favorite depending on execution, so i'm not surprised this was so far down. it's an amazing song, especially the end, just definitely not anywhere near my favorite on the album. but wow, i'm feeling left out that everyone except for me is super in love with this already! 

6 scene 1: value - 10/10 - i was expecting this to be a lot higher cuz i usually rank their interludes/intros/outros super high for the ✨️vibes✨️, but since everything else was so spectacular, i had to drop my ranking by a lot.

and for album rating, i would say ⭐️⭐️⭐️⭐️.",4,1731655941,ATEEZ_IceOnMyTeeth,positive,reddit
ly7bkyh,ATEEZ,"Yes, I love their softer songs that show off their vocal prowess so much as well! Especially the fact that they're so lengthy :)) I fell into ATEEZ primarily because of their vocals, so listening to these songs makes me feel so elated.",1,1732163431,ATEEZ_IceOnMyTeeth,positive,reddit
lzcaiu5,kpopthoughts,"A few random ones of mine: 

* Ateez's [Rhythm Ta cover](https://youtu.be/Z4n06VT4H9w?si=LHquqeKr9eZbAxRz) for Kingdom 
* Ateez's [Wonderland](https://youtu.be/12PbO-u-n7U?si=sCm4ejAusfOTutA8) the second weekend of Coachella (I wish they had released the festival footage of this but they only released a Guerrilla performance so we only have fancams) 
* Ateez's [Fireworks (I'm the One) radio performance](https://youtu.be/vn8P6IyWYFk?si=lbbUFgoDN7YMKlFJ) (because it's cute and fun) 
* SHINee [Excuse Me Miss performance](https://youtu.be/jSORaqTQykk?si=rVBZQu7Xw1mwz_eK) (this is one of the best performances I've ever seen. Like not just SHINee, but out of all performances. It's not even a song I listen to much but I love this performance so much.) 
* SHINee [Evil](https://youtu.be/AQ0L6lY2riM?si=E7psQNHPG2nDuHtJ) (I just think it's such a cool performance.) 
* SHINee [Hitchhiking](https://youtu.be/-RShhsC0hq4?si=DSXRCCMpajPlpy23) Tokyo Dome (has some of my favorite vocals at the end) 
* SHINee [Tell Me What To Do radio performance](https://youtu.be/ZuWJIZLPylE?si=l3RVNfBf59UBE4QH) (this is fun) 
* [Taemin at KGMA](https://youtu.be/CHySW6RBk40?t=417) especially Guilty (around 7 minutes) because the VOCALS 
* [Jonghyun performing Juliette/Crazy (Guilty Pleasure)](https://youtu.be/7chnSxtPfIo?si=Q9oMKjHZLVK2Y5ni) on sketchbook (also VOCALS and I love this version of Juliette) 
* TXT [Thursday's Child Has Far to Go](https://youtu.be/EzXkQocC8gQ?si=A1PKGMqHc3oxTk50) at Lollapalooza (the JOY) 
* the epic that is BTS's 2019 MMA performance, which is 37 minutes long, but my favorite part starts at around [19 minutes ](https://youtu.be/b9cG4DzpL_c?t=1165)and is the solo performances and then Dionysus. 

  
Bonus not full group (but not soloist) fancams: 

* basically [any fancam of Seonghwa's solo scene](https://x.com/sojumaekju_/status/1819921709069111429) from the Towards the Light tour -- every single performance was different which is crazy 
* the [Magic Girl cover fancam](https://youtu.be/xC0XjIOKu7s?si=2A2uv7NDGeklICuH) (San, Seonghwa, and Yunho -- the difference in energy between them is what makes the performance tbh) 
* this [Seonghwa Halazia fancam](https://youtu.be/OZl-zqceqDg?si=3dr09CdxFJkS4wK1) is one of my favorites of all time
* this [Jungkook MMA Dionysus fancam](https://youtu.be/fX2faW6mIXw?si=I_rVT2-Ig6_IIvne) which is probably one of the first individual member fancams I ever watched (after getting into kpop) and really enjoyed",5,1732758618,ATEEZ_IceOnMyTeeth,neutral,reddit
lxjhe18,ATEEZ,"I gotta admit I wasn’t vibing to “Ice On My Teeth” at first probably cause I was expecting them to go “hard” and the song seems much more laidback to what they usually put out.

I gave it a second chance and listened to it a day after with earphones on this time and ohmygod it’s so DRIPPY??? The whole album feels pretty ICY, somewhat hip-hop influenced and I freakin’ love how it’s so not Ateez yet so Ateez to switch it up and experiment with their sounds.

Heck, even “Scene 1: Value” sounds hella cool - very Godfather-esque and noir-like. I don’t listen to The Rose much but I feel “Enough” gives off The Rose vibe + a lil bit of Post Malone if that makes sense (?). Don’t even get me started on “Man On Fire”…imma need 3-5 business days to recover from the sexiness *ahem*

I’m glad Ateez took a risk with this one and just have fun with it and do whatever they want. It adds so much colour to their discography.",8,1731814670,ATEEZ_IceOnMyTeeth,positive,reddit
lxt0yn4,straykids,"Thank you!!! This is my first time getting SKZ tickets so I wasn’t sure, Ateez and Seventeen both had fan club presale",2,1731958839,ATEEZ_IceOnMyTeeth,neutral,reddit
ly1ugdr,ATEEZ,"I was blessed with a signed HongJoong diary version. We can trade! 😂 Kidding (Don't beat me up, Ateez 😆)",2,1732077178,ATEEZ_IceOnMyTeeth,neutral,reddit
lytsimm,kpopthoughts,"I think it's going to be: Ateez, (g)I-DLE, Bibi, Kard and probably Stray Kids, maybe not in that order.

I really can't predict the songs, we'll see :D",3,1732493534,ATEEZ_IceOnMyTeeth,neutral,reddit
lye1nxk,ATEEZ,[Source](https://x.com/ateezofficial/status/1859873657457344844?s=46&t=vw626Ah4PxRifsbTwDPi7A),1,1732266858,ATEEZ_IceOnMyTeeth,neutral,reddit
lye1536,kpop,Those robot arms feels like if the apocalypse hit Ateez and those are the octopus arms now,4,1732266512,ATEEZ_IceOnMyTeeth,neutral,reddit
lyxcztd,ATEEZ,[Source](https://x.com/ATEEZofficial/status/1861062296380027269),1,1732552084,ATEEZ_IceOnMyTeeth,neutral,reddit
lxsuusc,straykids,Thanks for sharing! I missed Ateez due to work so trying to go all out for Stray Kids. Hopefully I can get VIP in at least one of the NA cities,2,1731956998,ATEEZ_IceOnMyTeeth,neutral,reddit
lzfnk94,ATEEZ,What u/wegooverthehorizon said IS correct but I was indicating their atiny fan meeting concept photos when they were in the hokey rink 😅😭😭😭,2,1732814950,ATEEZ_IceOnMyTeeth,neutral,reddit
lyryppb,ATEEZ,"WTS ATEEZ EUROPE TOUR LYON ATINY VIP 

2xLYON ATINY VIP FOR JUST 300 EURO EACH, can be bought seperatly 

Proof✅ PayPal g&s ✅ or eBay ✅ 
Link: ebay.us/MEiGhc",1,1732472560,ATEEZ_IceOnMyTeeth,neutral,reddit
lyafvux,ATEEZ,As a moatiny this made me really happy. They have such funny chemistry!,16,1732215752,ATEEZ_IceOnMyTeeth,positive,reddit
lxtwnu9,ATEEZ,[Source](https://x.com/ateezud/status/1858625692097016040?s=46&t=vw626Ah4PxRifsbTwDPi7A),1,1731968524,ATEEZ_IceOnMyTeeth,neutral,reddit
ly5g306,ATEEZ,"people who don’t like wooyoung are going to find a problem in whatever he does/says no matter what, san akgaes especially have had issues with him over literally the smallest most nonsensical things ever because, again, they already hate him. while i think that joking about appearances is weird and i personally don’t like it and wish they’d stop as well, i won’t worry too much over it when these are grown people who could simply talk to each other and be like “hey please stop joking about my looks”. it’s even more ridiculous that people are getting upset on behalf of san, who is known as the member who doesn’t shy away from calling out fans and addressing bad fan behavior head on, but people don’t think he can do that with his friends and bandmates? also, i personally find that men tend to be kind of mean when joking with each other, so even if i don’t like some jokes they’ve made before, it’s just whatever lol. idk tbh i wish people in general would stop infantilizing them. 

re: san’s parents bc i’ve noticed you mentioned them in a comment, idk i think they know wooyoung well enough by this point to not have their entire view of him rocked bc he made a couple of jokes, even if they don’t like it. 

also sorry if i sound harsh! english isn’t my first language and i struggle with getting across my tone right sometimes.",9,1732132263,ATEEZ_IceOnMyTeeth,neutral,reddit
lxdu0li,ATEEZ,"THANK YOU!! one of the few agreeable opinions I see. Ateez are artists, they are creative and as an artist u have to experiment and put out new sounds. It’s really disheartening to see people not liking their experimental/creative side. the whole album is amazing too and I love the different sounds because AGAIN they are artists",5,1731730810,ATEEZ_IceOnMyTeeth,positive,reddit
lxmprou,ATEEZ,They're all just really coming for Atiny sanity with this comeback ><,1,1731868945,ATEEZ_IceOnMyTeeth,positive,reddit
lxj4qsb,ATEEZ,"I agree so much with this 😭 I’m actually glad they are doing such different sounds but still having the signature ateez sound! Also this album we got to hear more of everyone’s different tones! I feel also as a yeosang bias, I felt I heard him more too which is always a plus. 

Enough is also my least favourite track haha it was so interesting to see how everyone here loved it so much.",5,1731809595,ATEEZ_IceOnMyTeeth,positive,reddit
lxh72c4,kpopthoughts,I know this is ateez because the first performance I ever saw of them was Coachella online. Their intro vcr had the glasses and atinys on twitter were explaining the meaning/importance of it!!,2,1731785100,ATEEZ_IceOnMyTeeth,neutral,reddit
lyajc1o,ATEEZ,That was so fun to see Wooyoung in his element. I hope he discovers the audiobooks with Stephen Fry.,13,1732216792,ATEEZ_IceOnMyTeeth,neutral,reddit
ly08dmk,kpopthoughts,"Ateez Work

Demon 666   (Yeah i know thats not the actual group and song name)",2,1732056256,ATEEZ_IceOnMyTeeth,neutral,reddit
lxx8a5b,ATEEZ,"We've had some major producer shifts that I think have gone into this as well. Leez departure from Edenary for one, along with on this album working with more outside producers. Based on what I'd heard of the non-edenary folks they'd brought on I sort of expected what we got from the album. Now that it seems like Ollounder is also leaving Edenary, it seems like the old anthemic ateez is not going to be around for a while.",8,1732022664,ATEEZ_IceOnMyTeeth,neutral,reddit
lz67qrj,ATEEZ,"Episodes 19, 20, and 21. They are absolutely must watch episodes. (Ateez gets drunk.)",9,1732670654,ATEEZ_IceOnMyTeeth,neutral,reddit
lxs98ci,ATEEZ,">!i saw that tweet, so many people in the quotes were pissing me off with their “eden should be the one to leave instead”. i’m genuinely starting to wonder if these people actually like ateez’s music because why would you want to get rid of such a huge part of their sound? idec for him on a personal level or anything but (despite some of my criticisms of him and edenary as a whole) i respect him as a producer. these people are making the fandom look immature as hell, it’s embarrassing at this point.!<",13,1731950504,ATEEZ_IceOnMyTeeth,neutral,reddit
lycmdf3,ATEEZ,[Source](https://x.com/ateezofficial/status/1859598995938738613?s=46&t=vw626Ah4PxRifsbTwDPi7A),2,1732241906,ATEEZ_IceOnMyTeeth,neutral,reddit
lx7xa81,ATEEZ,"The unspoken storyline is that between Work (gold) and IomT (diamonds), ATEEZ are preparing to launch a jewelry line. In universe. That's it, that's the next connecting thread. Jewelry. 

Maybe also more crime but mostly jewelry.",47,1731649703,ATEEZ_IceOnMyTeeth,neutral,reddit
lxxqtmt,ATEEZ,[Source](https://x.com/ateezofficial/status/1858481336484556869?s=46&t=vw626Ah4PxRifsbTwDPi7A),1,1732029218,ATEEZ_IceOnMyTeeth,neutral,reddit
lxxr605,ATEEZ,Atiny should all stream POW for clear skin,1,1732029328,ATEEZ_IceOnMyTeeth,neutral,reddit
lxpaotb,ATEEZ,"I've definitely felt this before. Especially with the few atiny friends I have, I feel like I'm far behind even though I've been ATINY since like 2021. I don't have the time to consume every single piece of media but I know that the love and appreciation I feel for them is real and genuine. 

  
Being ATINY and loving ATEEZ is a supplement to your life but just know the guys, (and any other group you stan) would want you to love and focus on yourself first. I think Hongjoong and the rest of the guy would be more appreciative that their hard work and music resonated with you so much that you became ATINY.",2,1731900889,ATEEZ_IceOnMyTeeth,neutral,reddit
lxgnglp,ATEEZ,"So I wasn’t the only one who saw similarities with Eden’s “Dancing in the Moonlight” and ATEEZ’s “Selfish Waltz”? They both have a synthy 80s vibe that I’m here for. 

And say it louder for everyone to hear: ATEEZ *ARE* ATEEZING! 🖤",11,1731778854,ATEEZ_IceOnMyTeeth,positive,reddit
m8ouajs,IVE,"I second this! 1, 2, 3 IVE really got me to love all of the girls' personalities and you get to see how they work together as a team, it's got a good amount of different variety content and some behind the scenes stuff too. I particularly like the first ""season"" since it shows them preparing for debut!",5,1737617893,IVE_RebelHeart,positive,reddit
m724rl6,IVE,i kinda agree. i started appreciating heya a lot more after seeing how fun the live performances of it are,23,1736835577,IVE_RebelHeart,positive,reddit
m7eembh,IVE,"Yujin has a lot of racecar themes in her solo shots so maybe something related to her bold presence in a fast paced industry? 


I think Rei, Gaeul, and Liz might be ""rebels"" in expressing their individuality. Rei's unique styling stands out in the bustling city scenes, so it could be related to showing her colorful personality as a foreign idol. Liz is surrounded by soft, comforting blankets and animals, so I think it could show her journey from being extremely shy at debut to the kindhearted, confident artist we see today. Gaeul I'm not as sure about but maybe the unique items featured in her scenes show her versatility?


These are all just ideas so feel free to debate :)",2,1737001681,IVE_RebelHeart,neutral,reddit
m7yi481,IVE,"Even I know that annyeongz are still close with their unnies. I'm not one of those people that accuse Wonyoung of stupid things. She is clearly just introverted and a homebody.

I celebrate all of the crumbs. But all of those interactions are off-camera or non-TV. Starship is clearly still instructing them.",0,1737279983,IVE_RebelHeart,neutral,reddit
m95efjl,kpopthoughts,"Some perspectives:

Prior to IVE's debut, Starship was losing money.  Even Yoo Jaesuk talks about how super stressed the CEO of Starship looked whenever he ran into him in the Gym pre-IVE. Starship's revenue literally doubled the first year after IVE debuted, and turned the company profitable.

It's not necessarily that Starship did anything particular special for IVE.  Starship had one ability going for them, and it's their ability to get quality songs for their groups that are far above what company of that size is able to get. They swing *way* above their weight class in that term.  They did well constructing IVE members, and it paid off for them *far better than anyone's expectation.  Tbh, as a Dive, Starship *really* lucked out on how successful IVE is, and I hesitate to give more than a marginal credit to Starship for IVE's success. They brought them good songs. Everything else was from IVE members' talent and efforts, and splash of good luck.

Cravity? For a non-Big 4 boy group that literally debuted during the absolute nadir of the Boy Group Dark Age (which, in my opinion, we're still kinda in) and was completely screwed by the Produce series controversy, they are doing *fantastic*.  All credits to them for overcoming those 2 catastrophic natural disasters and have the success they have.

WJSN? Very unfortunately, Starship constructed this group around a center that was only going to be temporary at best, and Starship paid for this poor planning by the group not going anywhere once the said center left.  At least Starship seems to be trying to do right by WJSN members by doing what they can to support their 2nd phase careers (w/ acting, producing, songwriting, etc).",49,1737836855,IVE_RebelHeart,neutral,reddit
m84sc8p,IVE,[Source Link](https://www.tiktok.com/@ive.official/video/7461913440337136914),1,1737362407,IVE_RebelHeart,neutral,reddit
m8y23aj,IVE,"I just keep replaying this WOnyoung [holssi on loop](https://www.youtube.com/shorts/ZnzzBiRpsog) i just loved her chill deep vocal here n never got tired of em, and this kind of song really suit her but im afraid as long Ryan S Jhun keep producing songs for them we will never get this Wonyoung",1,1737740431,IVE_RebelHeart,positive,reddit
m78qm67,IVE,I've been saying fuck starship since 2019 and this doesn't change that,1,1736929143,IVE_RebelHeart,neutral,reddit
m8u1xsm,IVE,It’s so good to seem them win one after such a long time! 👏🏾👏🏾👏🏾,9,1737682170,IVE_RebelHeart,positive,reddit
m8ffc2p,kpopthoughts,"Last time I did this, I mentioned my dream collab without having a hope in hell it could happen, and it did!! (IVE x David Guetta)


So now I'm gonna go for another one (LSF x Britney Spears) 


And those units even if it's just a festival stage collabs >> Rap:(Asa x Rei) Dance:(Koko x Iroha) Vocal:(Liz x IU) Variety:(Yujin x Haewon)",6,1737497118,IVE_RebelHeart,neutral,reddit
m8jt36o,kpopthoughts,"Blackpink - Jennie/Lisa, but they're all pretty popular imo so the difference isn't major

SKZ - Probably Felix and I think the disparity is pretty big 

BTS - Jungkook/V/Jimin and the disparity is big

IVE - Wonyoung/Yujin and the disparity is big

Kiss of Life - Natty/Julie and I'm honestly not sure, I think the most popular members are somewhat more popular but it's not a huge gap, like maybe it's medium lol",2,1737559863,IVE_RebelHeart,neutral,reddit
m7erabb,kpopthoughts,"It could be that 4th gen hybe slowly dying down as 5th gen groups are debuting so more attention given to them nowdays. 

IVE used to be digital monster alongside NJ, but nowadays the charts are just stagnated too. So, overall kcharts losin audiences. On Spotify, its just 3 4th gen gg charts, and only Le sserafim and aespa does numbers nowadays.",-3,1737007630,IVE_RebelHeart,neutral,reddit
m80mgw5,IVE,thx :),1,1737309323,IVE_RebelHeart,neutral,reddit
m83xk32,IVE,[IVE VOTING TEAM on X](https://x.com/ivevote?s=21&t=PN1BAwDuxTWYCcZ-_NkfQw),3,1737346451,IVE_RebelHeart,neutral,reddit
m6w9blx,kpop,A bit repetitive but still pretty good. Not my fav IVE track but they continue to release bangers.,20,1736760312,IVE_RebelHeart,positive,reddit
m73hwhx,IVE,totally lol,4,1736862721,IVE_RebelHeart,neutral,reddit
m7o3c3g,IVE,"Ok got it! I just saw that the song is top 15 on all charts and still rising so I was kind of confused. 

One more question, I feel like I remember people saying that ULs on Melon are down for all groups. Is this true or am I confusing it with something else?",3,1737138154,IVE_RebelHeart,neutral,reddit
m8bnjo5,IVE,what,1,1737452181,IVE_RebelHeart,neutral,reddit
m740q1a,IVE,Even twitter and the main kpop sub seems more positive than this sub. I don't know what people want anymore.,10,1736869092,IVE_RebelHeart,neutral,reddit
m6wbrv1,IVE,"Wonyoung in a wedding dress with the house on fire in the back is a fucking shot.

Song is, as always, my taste. I mean I'm not obsessed but I like it enough to put it on my playlist.",16,1736761927,IVE_RebelHeart,positive,reddit
m79crar,IVE,"I'm not exactly sure what was the point of your response when it doesn't really have to do anything to do with what I said, minus the first sentence and as I already stated, intention DOES NOT matter in the WORKPLACE when you screw up THIS BAD.",-3,1736942804,IVE_RebelHeart,neutral,reddit
m72l9yb,IVE,"[post link](https://vt.tiktok.com/ZS6Q2tuVY/) | caption:

>Do it, move it, do it 🏫⋆.ㅡ⭑",2,1736845731,IVE_RebelHeart,neutral,reddit
m99s8lc,IVE,"Such a good life motto: Well, I guess I’ll play along. Let’s see where it takes me. ❤️",16,1737902638,IVE_RebelHeart,neutral,reddit
m717n4x,IVE,"But... if we don't ""love"" them, then what are we fans?",1,1736822143,IVE_RebelHeart,neutral,reddit
m8wis30,IVE,"[post link](https://www.instagram.com/p/DFNYb5PvjaS/) | caption:

>🌺🩷",1,1737723661,IVE_RebelHeart,neutral,reddit
m7rrust,IVE,[Source Link](https://x.com/IVEstarship/status/1880522208092778868),1,1737186984,IVE_RebelHeart,neutral,reddit
m6wcgmr,IVE,"I know, I'm a Gaeul bias so this was extra painful 😭",9,1736762376,IVE_RebelHeart,negative,reddit
m96i9dj,kpopthoughts,"It might help to know which groups you've looked at. 

Thinking about 4th gen girl groups that I'm more familiar with: 

gidle, IVE, NMIXX, le sserafim, stayc, aespa

all full of members who look different, unique personalities, up and coming variety show stars like Haewon, Yujin, Yoon etc (not exhaustive list, just naming a few) who all have their own established personas. No two groups of these are anything like one another, to me anyway. So I can't really empathize at all with what you're saying.",20,1737849518,IVE_RebelHeart,neutral,reddit
m803hvs,IVE,Looking forward to watching Wony on Chef & My Fridge when it reaches Netflix! But from what I see from my country it's probably coming in February 😒,7,1737304000,IVE_RebelHeart,positive,reddit
m8gka1x,kpop,"1. ILLIT - Tick-Tack
2. KISS OF LIFE - Nothing
3. ITZY - Blossom
4. NMIXX - BOOM
5. KISS OF LIFE - Igloo
6. Kep1er - Flowers, Flutter, Your heart
7. KISS OF LIFE - Te Quiero
8. ENHYPEN - TEETH
9. Kep1er - Curious
10. Zerobaseone - Insomnia
11. Dreamcatcher - 2 Rings
12. (G)I-DLE - Bloom
13. Kep1er - Dear Diary
14. (G)I-DLE - Fate
15. KISS OF LIFE - Too Many Alex
16. IVE - Blue Heart
17. NMIXX - BEAT BEAT
18. Everglow - BACK 2 LUV
19. Stray Kids - MOUNTAINS
20. OH MY GIRL - Start Up
21. Yuta - Prisoner
22. ITZY - Yet, but
23. Xikers - Supercalifragilistic
24. TXT - Kitto Zutto
25. BOYNEXTDOOR - OUR

Honorable mentions:

 * NCT 127 - Pricey
 * P1Harmony - Countdown to Love
 * TWICE - You Get Me
 * ENHYPEN - Criminal Love
 * Purple Kiss - Heart Attack
 * Stray Kids - Twilight",9,1737509644,IVE_RebelHeart,neutral,reddit
m99dz1d,kpop,"1. Yuta - Bad Euphoria 
2. Yuta - Goodbye
3. Yuta - Last Song
4. Yuta - Prisoner
5. ARTMS - Butterfly Effect
6. Dreamcatcher - Stomp!
7. QWER - run! run! run!
8. Billlie - dream diary \~ etching mémoires of midnight rêverie
9. LE SSERAFIM - 1-800-hot 'n fun
10. Dreamcatcher - 2 rings
11. Xdinary Heroes - Moneyball
12. LE SSERAFIM  - Chasing Lightning 
13. NMIXX - Run for Roses
14. Loosemble - Confessions (cotton candy)
15. Yuta - Butterfly (Depth ver.)
16. QWER - Soda
17. Xdinary Heroes - Money on my Mind
18. Everglow - Colourz
19. QWER - Ferris wheel
20. (G)I-DLE - Fate
21. NMIXX - BOOM
22. ZEROBASEONE - Solar POWER
23. Madein - DADARIDA
24. Yves - Diorama
25. IVE - Blue Heart

HMs: IVE - Ice Queen, Kep1er - Double up!, Dreamcatcher - Intro: 7' Dreamcatcher, Loossemble - FANATISCISM, Loossemble - Secret Diary, Yves - Diorama, QWER - Let's Love!, tripleS - S, Yuta - Save You",-1,1737897248,IVE_RebelHeart,neutral,reddit
m7gszxa,IVE,Looking forward to Attitude just off the track name alone 🩷,13,1737042595,IVE_RebelHeart,positive,reddit
m8vmilr,IVE,Congratz!!!!!!!!…🥳🎉🎊🏆🏆🏅🏅🏅♡☆♥︎★,2,1737706025,IVE_RebelHeart,positive,reddit
m7ft2ae,IVE,"[post link](https://x.com/ive_twt/status/1879865407760458239?s=46) | caption:

>meow🙂‍↕",1,1737029879,IVE_RebelHeart,neutral,reddit
m85v8ep,IVE,MISS LEE HYUNSEO,2,1737382670,IVE_RebelHeart,positive,reddit
m6wnvi3,IVE,She went back to rapping and I love it. 🫰,5,1736769263,IVE_RebelHeart,positive,reddit
m7s0sd2,kpopthoughts,"Of course! I hate that the industry will prevent even solid vocalists from signing live very often (I would say Aespa and IVE for example suffer from this, they can deliver a solid live and sometimes they just aren't allowed). It's not always on the idols.",11,1737192707,IVE_RebelHeart,neutral,reddit
m6w8z23,IVE,sorry but this is so mid,6,1736760081,IVE_RebelHeart,negative,reddit
m6wzyly,kpop,"Everyone looks beautiful as always.  Liz with the various animals is too freaking cute.  Leeseo (I think?) on the bridge with Liz sounded amazing.  I think everyone sounded vocally really nice on this one.  Off the cuff, it's not my fav by IVE but fun and may become addictive to me after a few listens. I'll find out!",7,1736774806,IVE_RebelHeart,positive,reddit
m7a5maq,IVE,loved ive concepts are always so slay 😭,4,1736953896,IVE_RebelHeart,positive,reddit
m7y9fyk,kpopthoughts,"I'll be honest, some of you talk like IVE are Weki Meki level of popularity in the West. As someone who went to their sold out arena show in the US, they definitely still have fans here. 

Sure, they might not be as huge as Le Sserafim or NewJeans or even Aespa, but the difference between all of them is not as big as people think. 

At the end of the day IVE are still selling more albums than any of their peers, and their touring numbers are pretty good too, so it's not like they are underperforming. 

In 2018 people used to think that Twice would never be able to be successful in the West because of their concept and lack of English speakers, but look at them now. IVE had their 3-year anniversary just a month ago, who knows where they'll be in two years.",49,1737274713,IVE_RebelHeart,positive,reddit
m73rii6,IVE,"The harsh truth is: that’s no way to run a business. Sacrifice the relationships for the growth of the group😭😭😭 good choreography can take a song a long way. We know the girls are capable.

I’m holding out hope for that second single.  🤞🤞🤞The rumours were that this was some of their hardest choreography but…it doesn’t reflect that. It’s just arm movement with them walking in circles.",11,1736866147,IVE_RebelHeart,neutral,reddit
m8e5g8x,kpop,"1. Aespa - Live My Life

2. Kiss of Life - Back To Me

3. Babymonster - Love In My Heart

4. IVE - Blue Heart

5. NMIXX - Love Is Lonely

6. Aespa - Just Another Girl

7. Babymonster - Dream

8. IVE - WOW

9. Enhypen - Highway 1009

10. Yuqi, Minnie - Everytime

11. Itzy - Five

12. Babymonster - Like That

13. IU - I Stan U

14. RIIZE - Love 119

15. Purple Kiss - Heart Attack",5,1737484668,IVE_RebelHeart,neutral,reddit
m7t3snu,IVE,"I’m from NYC I’m planning to go to see them again in Paris, this would be my first time in Europe!",1,1737211608,IVE_RebelHeart,positive,reddit
m94xrqr,IVE,"I am so ready to sacrifice my firstborn to get a leeseo yt guesting, like can we please get her on any talk show format where the sole attention is on her, I really feel we dont know much about her personality and its killing me, its been 3 years, let her be at places now @ starship",5,1737831895,IVE_RebelHeart,positive,reddit
m6wrltj,IVE,Gaeul looked absolutely stunning in this MV,9,1736771130,IVE_RebelHeart,positive,reddit
m92wyw5,IVE,"if this is not their best styling yet, its at least top 3.",4,1737808229,IVE_RebelHeart,positive,reddit
m9281ml,kpopthoughts,but i think that the leader and face of group dont usually correlate? for ex wonyoung is the face of IVE and the leader is yujin,3,1737793132,IVE_RebelHeart,neutral,reddit
m7me6mg,IVE,I love how their LIVE VOCALS🤩were turned up so loud on this stage really can’t live without IVE🤣🤭,10,1737119212,IVE_RebelHeart,positive,reddit
m95nr9f,IVE,Now that song is a THROWBACK,3,1737839696,IVE_RebelHeart,neutral,reddit
lyrgyhn,kpopthoughts,Hot candy cover by nct dream,1,1732466927,NCTDREAM_WhenImWithYou,neutral,reddit
lxwp38k,NCTDream,">I’ll also say: When I’m With You has grown on me. It’s probably still not a favorite on the album for me but while diligently streaming this week I’ve come to quite like it.

My dance crew decided to cover this song/choreo so I've been streaming it more times than I probably would've otherwise. It's really done its thing, I quite enjoy it now. My original complaint was that it lacked a musically interesting part, but I think the post-chorus rap and the bridge have grown into that for me.

But yes, not to be a biased Haechan bias, but I legitimately would've gone with Flying Kiss or Best Of Me.",1,1732013271,NCTDREAM_WhenImWithYou,positive,reddit
lxdgbnx,kpopthoughts,BOX by NCT Dream,2,1731725247,NCTDREAM_WhenImWithYou,neutral,reddit
lxwp9ye,NCTDream,"The transition from You>Heavenly>Night poem is just TOP TIER!! I don’t think I’ve ever been in a trans like that when I first heard those trio. 

Then comes “Off the wall” to take you to the dancing floor! 

I absolutely LOVE this album. And this album is partly responsible for keeping me alive too!

Oh DREAMSCAPE, they’ll never make me hate you 💚😪",3,1732013387,NCTDREAM_WhenImWithYou,positive,reddit
lxizrdq,kpopthoughts,"I don't understand all the slander for Jeno Jaemin and Jisung ://// While I personally do not think ALL of Dream has solo potential, I still think that they are still very talented. Before I got into Dream, I knew of Mark the most because of his exposure with multiple teams. And I was aware of Jeno because of all the different NCT U / SMTOWN collabs he's been in. 

It is hard for me to imagine a Dream member having a solo aside from Mark and Haechan at the moment, but that doesn't mean it won't change. I genuinely think everyone else needs more time to develop and find their own style. I think Jisung is very talented and if he had more years of experience, he could do a solo if he wanted to. His voice impressed me the most in the 4th album.

I love Chenle's voice as well and he's always been great, and I could see him doing some promos in China and maybe even Korea (depends on how SM promotes them).

I have a hard disagree on triple J's having a smaller vocal range. I think Jisung and even Jeno can sing well, they just haven't been given enough opportunity because they usually take the rap lines in Dream songs.",3,1731807668,NCTDREAM_WhenImWithYou,neutral,reddit
lwodfdg,kpopthoughts,"Okay I didn't realize how BAD it is because I was so busy enjoying this album but after seeing Haechan's bubble...and him apologizing about their shortcomings. And how he will talk a lot with the company and the members on how to do better. And their manager even felt bad about this album.

I understand that the album promotions // rollout has been real tight given the schedule but we were aware of their tour schedule since the beginning of the year. It is upsetting that they couldn't be in Korea for their comeback live and do a press conference but that is not their fault. I'm sure SM knew that was risky too but probably did the best they could with the scheduling. Given Mark & Haechan's schedules too with 127, I feel they really tried their best given the time constraints.

I don't like the entitlement that kfans have and I understand that it's largely because of them that 7Dream could come back together but the members themselves do not deserve this hate. They have worked so hard prepping for this album for the past year. They participated in production and everything.

7Dream deserves so much more I'm so tired of seeing this group be dragged and be hurt when it has already been so hard for them to stay together as a team. Now the members themselves feel like what they have done isn't enough and that they're lacking when they just dropped an amazing 4th full album that is so well put together.

They're not even back home to begin promotions yet. Can they let them wrap up their Europe tour???? It's literally not their fault. Complaining isn't going to change the fact of what's already done. I'm tired of fan's entitlement without thinking about the consequences of their words. Now 7Dream is going to feel like they didn't do enough and out here apologizing for something that is literally NOT THEIR FAULT. 

I was ready to let go of my selfish greed for 7Dream to do well on chart given the album rollout promos + but omg now I'm just going to stream like crazy because I am so tired of these boys not being able to catch a break jesus fucking christ",65,1731373790,NCTDREAM_WhenImWithYou,positive,reddit
lx5438f,kpop,"When I think about how I got 3 pit tickets to see the wonder girls AND 2pm for less than $100 in 2010 it makes me so sad. I think I’m done with kpop concerts for a while because of the prices. I got front row seats and sang to at the concert of band I grew up listening to for $250, which is about what I paid to… not see anything at all in the pit at NCT Dream.",10,1731615123,NCTDREAM_WhenImWithYou,negative,reddit
lx47y28,kpopthoughts,"Due to it being released the other day, Dreamscape by nct dream

Mine is night poem",7,1731605334,NCTDREAM_WhenImWithYou,neutral,reddit
lx8jk0y,straykids,"Friend is an Atiny as well as a Stay and we were texting about all these releases and she was stressing too because NCT Dream came back as well and she’s a Mark fan and she still has yet to get Giant and a DICON for Chan and Changbin. Man, I had dropped money on Itzy and Aespa back in October, bought Chan’s DICON recently, and we got all of these. Well, at least we’re all fed with some great music these last months until the new year! 😆",4,1731662035,NCTDREAM_WhenImWithYou,neutral,reddit
lxb17sv,kpopthoughts,NCT dream would've debuted in 2020 dang,16,1731695766,NCTDREAM_WhenImWithYou,neutral,reddit
lyf1pzq,kpopthoughts,"Engenes might downvote me for this. But I think after we won the first voting and leading in the second. engenes definitely started getting way toococky thinking we had it secured. 

Engenes always have had a habit of blaming other fandoms when they lose something honestly (mostly voting). It happened recently with nct dream too blaming their music show loss on fraudulent sales. Happened with Dreamcatcher when in show champion prevoting when insomnia asked other fandoms to help them vote. And now it’s happening with Jimin.",39,1732285091,NCTDREAM_WhenImWithYou,neutral,reddit
lx8frev,NCTDream,"I get you, worse is I keep calling dream()scape as dreamscape instead of dreamescape. So it takes a while to register",1,1731659748,NCTDREAM_WhenImWithYou,neutral,reddit
lxkknak,kpop,"How can NCT Dream Mark, 127 Mark, SuperM Mark and soloist Mark will join tho?",107,1731836070,NCTDREAM_WhenImWithYou,neutral,reddit
lylunms,kpopthoughts,something i forgot to add in my post is that i don’t have a problem with fans calling out misinformation or defending their idols in a situation that they’ve unfairly been dragged into (one that comes to mind is when groups like exo and nct dream were accused of bullying another group with zero evidence to suggest it ever happened). what i do take issue with is fans creating their own problems and framing the people who respond to them as the instigators.,14,1732383102,NCTDREAM_WhenImWithYou,neutral,reddit
ly8gugi,NCTDream,"so lucky to get day 2, it seems like that was really the golden ticket day 😂 then again we're all lucky to have any of the days at all right? a black/red/white outfit is such a cute idea! it's great that you get to meet up with friends for the concert, are they sitting near you or will you guys meet later to eat? i wish i had a friend to share the experience with too lol. i hope you have so much fun!! that's so cool that there's a foreign nctzen living in korea chat",1,1732187569,NCTDREAM_WhenImWithYou,neutral,reddit
lx1q1wh,kpopthoughts,"nct: the fact that they are nct and not two regular boy groups (the original crop of what is now 127 (+ten) in one and babyshinki/dream in another). i feel like this has hurt nct dream the most, bc they just feel like they're all over the place identity wise and have lacked focus for a few years now. also that ten did not debut in 127. he and taeyong should have been in a group together the whole damn time!! 

svt: post hybe svt is just not the same. and i actually like most of the music for what it is (hot bangs and god of music fits right into the freshteen catalogue), but it still feels worse than the pre hybe discography. love money fame in particular was...blech. that was the first time i felt like svt's sound was truly neutered to fit the tiktok sludge mold.

soshi: many of their korean b-sides are kind of ass. there ARE some hits in there though!

shinee: shinee r perfect no notes. jk i thought their solos this year were all mid. hopefully taemin in particular can course correct now that he's gotten used to his new company.",17,1731564157,NCTDREAM_WhenImWithYou,neutral,reddit
lxfeqc0,kpopthoughts,nct dream,3,1731762921,NCTDREAM_WhenImWithYou,neutral,reddit
lxac8ey,NCTDream,"ISTJ for sure, everything down to the choreo, Haechan shining in the song, Renjun’s moonwalk, the breakdown, it’s perfect!!",4,1731688358,NCTDREAM_WhenImWithYou,neutral,reddit
lwsbzdq,NCTDream,"Yeah Jeno’s sentiment was more similar to Mark and Mark just full send and was like on leader mode and I was like YES THATS OUR 7DREAM LEADER do not fucking apologize for the hard work y’all put in. Like if people are going to talk shit they have every right to say honestly like yeah it hasn’t been easy with their schedules yet they still put in their 100% into their music. I need more idols to speak up and put these “fans” into their place. Bc no they do not get to harass the idols and eat their cake at the same time fuck that shit. So yes I agree it might be the Canadian side of Mark or his leader side whatever it is, I was so proud of him for speaking up and he did it respectfully too. 

I feel very bad for Haechan though, it seems like he took it to the heart. His message hurt me the most. Like we all know how much work he puts into both of his teams. And the fact that he participated so much in this album.

Jeno’s made me sad because he is someone who you can tell does not get mad often or easily. He’s so calm and gentle but to see him so turned off, I knew it was bad bad. And I’m glad he ended his messages positively, and when he said 7Dream and the company has been working hard and trying their best so instead of blaming anyone they just wanna work hard. I was like yes own up to it Jeno, it’s not your fault!",3,1731435896,NCTDREAM_WhenImWithYou,positive,reddit
lyd80cw,kpop,imagine groups debuted like txt or nct dream 😭😭😭,3,1732250114,NCTDREAM_WhenImWithYou,neutral,reddit
lwz7y27,kpopthoughts,"The comment on Jisung is interesting to me. I feel like he’s hugely slept on when it comes to “solo potential” conversations because: yes he’s shy, but he’s something else entirely when performing and his voice has developed a lot in the last few years. Give him another year or two and a chance to step out on his own a couple of times, and I do feel like he’d be an incredible soloist. Even in terms of appearing of variety shows, there’s people who will find the shyness charming and it might actually be to his benefit in that sense. I don’t think it would take much for people to become quite endeared. 

I kind of feel similar in regards to Jeno though? I feel like his vocals are also kind of underrated especially after hearing him on this tour and in their most recent album. Give him a fighting chance and he’d also be a pretty solid soloist too tbh.

People don’t like to admit but a lot of nctzens are stuck on the idea that dream members not named Mark or Haechan simply can’t be soloists because they weren’t part of the grown up unit that they perceive to be infinitely more talented, and are stuck on the idea that they’re too young and have had stunted growth as idols.

I am biased, but even putting my objective head on, they’re all much more capable than even nctzens will give them credit for.",6,1731531106,NCTDREAM_WhenImWithYou,positive,reddit
lxyk2yx,kpopthoughts,Smoothie nct dream cause they’re definitely talking about giving head,2,1732038062,NCTDREAM_WhenImWithYou,neutral,reddit
lxuj2gl,kpopthoughts,Most of BTS are fans of Big Bang. I know that Haechan is a big Taemin fan/Shawol.,-1,1731976147,NCTDREAM_WhenImWithYou,neutral,reddit
lx1bxgm,kpopthoughts,"nah theyre so dependent on each other, but if I had to pick it’d be mark haechan jeno",1,1731557400,NCTDREAM_WhenImWithYou,neutral,reddit
lx3bazt,kpopthoughts,"nct dream : overwork by sm, esp haechan and mark, music quality went down since candy imo 

82major : public interest, management, yechan got recognized as keeho brother 

cix: bad management, jinyoung left ( contract ended last august) 

the boyz: management, uncertain future ( left ist after contract) 

pow: management 

Stayc : expired music , concept , from super rookie to midterm 4th gen gg 

nmixx : too much mixxpop , experimental
 
Lsf: singing skills , hate train since coachella 

Nwjns : hybe 

blackpink: jennie hate train , lisa crazy horse performance , blinks",5,1731594979,NCTDREAM_WhenImWithYou,negative,reddit
lxyfrcc,kpopthoughts,"The problem with nct is that spaced out tours would be so hard to do because of mark and haechan being in two groups you know.. like yeah I get your point but I don't think it'd work..?

Also correct me if I'm wrong but wasn't dream vs dream usually shot at mv sets? Why do I vaguely remember seeing mark and jeno's dream vs dream on the diggity set?",6,1732036791,NCTDREAM_WhenImWithYou,neutral,reddit
lwp2q4v,kpopthoughts,"Whoever have the members bubble and twitter, please sending more love to them especially to Haechan and Jeno and whoever go to their london concert, please make it the best crowd😭😭

I’m honestly really speechless by everything that I couldn’t writing much but really Dream shouldn’t be the one who apologize about the whole situation. SM really need to manage their tour and comeback better tbh because this is just unsustainable.",30,1731383078,NCTDREAM_WhenImWithYou,neutral,reddit
lxkzjrl,kpopthoughts,"nct's haechan being a fanboy of shinee and taemin! haechan's reason for trying out the auditions at sment is because he watched replay on tv 😭 and we get to see him all shy and internally fanboying while trying so hard to compose himself [here](https://youtu.be/Mj1JSTwbxHA?si=iOR2f77T6FI0MXJt) 😭😭 

nct wish's ryo is also a diehard fan of doyoung! he's the one true successful fan being able to interact with him AND be in the same group as him 😭😭",17,1731845671,NCTDREAM_WhenImWithYou,neutral,reddit
lwz2goi,kpopthoughts,"I'd say there are overall very few idols who really have the solo potential tbh. With NCT Dream honestly idk if any of them besides Mark and maybe Haechan have the potential to get big as soloists nor do I see them actually wanting to go solo. 

Maybe Chenle would do well if he was doing some ballads in Chinese? Or maybe not ballads but still focusing on the Chinese market, like Lay did. For some reason I can see it happening. For others - idk really, I can see them having different types of solo gigs like acting or photography things in Jaemin's case but not music.

Regarding J-line I fully agree with the other commenter. Having THE Mark Lee in your group automatically gravitates all the attention to him in terms of rap. He's just that good, that's why all the parts (at least the challenging ones) mostly go to him. It's hard to evolve as a rapper when you aren't really given the opportunity to, well, rap. Although I must say that even though J-line isn't at Mark's level of rap skill they're still improving (they got a lot better this comeback, I was pleasantly surprised) and they still get good and memorable parts so I definitely don't understand calling them not talented. Jaemin has very memorable and beautiful voice (my fav one among dreamies actually), has some really good parts AND is a great dancer with good stage presence. Same for Jisung and Jeno",7,1731529416,NCTDREAM_WhenImWithYou,positive,reddit
lymyzvc,kpopthoughts,Dreamies (NCT Dream),24,1732396151,NCTDREAM_WhenImWithYou,neutral,reddit
lx880f1,kpopthoughts,"NCT Dream would have debuted in 2020 instead of 2016

ZB1 would be debuting in March of next year 

(Assuming this is about their 18th birthday and not the Korean age of majority which is different! Yujin won't be a legal adult in Korea until January 2026)",23,1731655280,NCTDREAM_WhenImWithYou,neutral,reddit
lwk2nof,kpop,"I just feel like crying I discovered Dream through Dream()scape and I can’t believe I’m here, this album is such a good representation of what NCT Dream sounds like. This album is cohesive af, Dream sounding from top to bottom, literally no skips 

That intro is quite something it’s emotional yet techno and bright at the same time

WIMW - the more chill chorus actually works because the prechorus and rap parts make up for it and it just wraps it up so perfectly

Flying Kiss - I can confidently say they unanimously agreed this one to be the couple song 

I hate fruits - this song is so fun!!! 

No Escape - This song is the most Neo sounding one and I love the gritty sound of it, that outro is wild, this song is gonna be so good for their concerts

Best of Me - That 80s synth sound, the prechorus reminds me of something from The Weeknd, the song gives me old SHINee vibes and I’m living for it 

YOU - YALL WTF THE WAY THIS SONG SWITCHED UP R U KIDDING ME!!!!!!!! The last minute of this song is crazy Jesus what a trip it’s so pretty 

Heavenly - Why does everyone sound so heavenly on this track? Their voices just sound like honey. This is such a quintessential Dream sounding song. That group chorus is tugging at my heart I can not rn. I love the vocal layering on this track

Night Poem - Ok at this point I just can’t choose a favorite b-side wtf Dream lol omg the rap + vocal line harmonies pleaase and the chorus is so dreamy. Jisung narrating at the end? PLZ

Off The Wall - I can finish this review unbiased, I love the ooh ahh so fresh and funky vibe!!! The way they say Off The Wall with the up & down it’s so DREAM coded 

And ofc Rains In Heaven fits perfectly! If this isn’t the most Dream album they have put out idk what is. 

My initial favs are ihatefruits, You, and Heavenly! I’m gonna go listen to this on repeat and cry",22,1731317895,NCTDREAM_WhenImWithYou,positive,reddit
lyt9jqt,kpopthoughts,"This year I’ve seen:
Everglow, Ten, OnlyOneOf, NMIXX, Stray Kids, Billlie, WayV, A.C.E, XG.

My favourite concerts were WayV and Stray Kids. Both their performances are on another level, soooooo much fun and I would go see them both again in a heartbeat.

For concerts I missed: iKON because it got cancelled and I was devastated. I’ve seen them once before and they blew me away. Also missed NCT Dream for monetary reasons, have also seen them before and the setlist didn’t appeal to me so much this time.

I enjoyed all of them! My negatives mostly apply to the venues; XG I didn’t like the venue and my bad seats lessened the experience a little bit. I would try for better seats if they come back again. Also for Billlie and OnlyOneOf it was standing in smaller venues which I don’t like. I’m short and hate queuing so it’s never a good view.",5,1732486940,NCTDREAM_WhenImWithYou,negative,reddit
lxwrg15,NCTDream,"I just wrote a similar comment!! I can’t deal with it, how dare they put those songs back to back and not expect me to ascend to heaven?!? Dreamscape, the album that you are ❤️❤️ love the dreamies so much! Hope you are doing good fellow nctzen, we always got your back!",3,1732014697,NCTDREAM_WhenImWithYou,positive,reddit
lxvzcu2,kpopthoughts,unitzens. especially dreamzens vs 127zens beefing over which group mark & haechan love more. babes they're all in the same group why are you fighting 😭😭😭😭😭😭,51,1731996838,NCTDREAM_WhenImWithYou,neutral,reddit
lxfz08q,kpopthoughts,mark haechan,3,1731770842,NCTDREAM_WhenImWithYou,neutral,reddit
lx45r2e,kpopthoughts,"For NCT its mainly been so-so. NCT Dream just released their 4th album, which is great btw. Some knetz hated on the fact that they weren't in Korea when it released and made them apologize, which reminds me how much hatred I have for them (the knetz, not NCT Dream 😭). Doyoung (NCT 127) also released a brand new single, The Story, for his encode concert, and it was great! I love the vocals, and the music video is excellent. That brings his release count this year up to 14 solo songs (and 12 group songs)! Yuta (NCT 127) also just had his solo Japanese debut not long ago which was excellent (personal favorite is LAST SONG), and Jaehyun had a comeback with his solo single Unconditional. For NCT Wish, they are promoting Steady still, and about to release their 1st full Japanese album, which is great, but incredibly overworked. Riku is sitting out promotions while they are on tour as well. Now, my favorite unit, WayV! WayV is about to have their 3rd comeback of the year with Frequency, which is just great. Only bad part is the whole controversy with Yeonjun (TXT) stans claiming that YangYang copied Yeonjun from Ggum, which I have very intense feelings about (its slime anyways 😭). So, overall pretty good I guess!",8,1731604664,NCTDREAM_WhenImWithYou,neutral,reddit
lytaz58,kpopthoughts,"I went to ~20 concerts in 22-23, but this year I chilled out a bit and focused on my ult bias groups. So I just saw NCT Dream (3 nights of TDS3, and I’m going to the encore next weekend) and SVT (Follow in Incheon). For non-kpop, I also saw Taylor Swift in Tokyo.

* How was it: both groups were amazing! Part of the reason I choose my ult groups is for their live performances and I’d seen both before, so I knew they’d be great - the energy was high, the mics were on, I loved the setlists, and meeting fans at the shows was so fun.
* Who did you miss: I live in Seoul, so technically… every group that toured. But the only concert I ticketed for but didn’t get was IU 😭 I was also really sick so missed SVT’s Right Here tour. 
* Who are you looking forward to: I already have tickets for SMTown and Coldpay’s show where Twice will be opening! I’ve never seen Twice before (and I loved Coldplay’s show in Tokyo) so I’m very excited. Also, predictably: TDS4, maybe a Right Here encore show, and hopefully another IU tour.",4,1732487415,NCTDREAM_WhenImWithYou,positive,reddit
lxzjnjq,kpopthoughts,"Okay you know what though, this is so true?!

Ten’s Nightwalker has been an instant spooky season hit, and replayed out of Halloween too!

Taeyong’s Moon Tour is so soft and sweet, and I genuinely loved that song. 

Doyoung’s Beginning and The Story are both insanely beautiful vocally, and just so powerful.

I’ve listened to all of these releases, and downloaded other songs from those albums!!

I fell into Nct Dream last year I think and checked their releases this year too. Breathing is the softest and most lilting I swear, and despite my dislike for Dreamscape’s title - I hate fruits is AMAZING?! Off the wall is so funky, heavenly is literally heavenly, and the anxiety of No Escape just subsumes me with those chords!!

And I’m liking the sound of WayV’s Hi Five so far!

Nct isn’t a group or subgroups I’m a fan of, just not my vibe. But I’ve enjoyed so much from them this year too! Even releases I haven’t enjoyed personally like Perfume, the WayV releases this year (I loved them in 2023!) and Nct Wish just have felt really solid even though I’m not listening.

Love the post OP! Honestly pretty fun to reflect on, and absolutely just such a great year for nct as a whole musically.",7,1732048700,NCTDREAM_WhenImWithYou,neutral,reddit
lx3rza4,kpopthoughts,beatbox by nct dream,2,1731600408,NCTDREAM_WhenImWithYou,neutral,reddit
lxy4azp,NCTDream,"Wow lucky you were able to secure that VIP! Guess we won’t be staying at the same hotel then. I was only able to book an economy package from the cancellations (still thankful cause general ticketing thru melon was awful 😅)

It’s going to be my 2nd time going to Seoul and will most probably be visiting the NCT Dream LINE Pop Up at Seongsu and maybe Kwangya/Seoul Forest to find Mark’s bench. What were you thinking of doing om your free days? 😊",1,1732033384,NCTDREAM_WhenImWithYou,neutral,reddit
lxetkqm,NCTDream,A weird choice - but I always go back to Candy. Since its my first NCT Dream song that instantly made me stan then so hard and became my top played song in 2023 cause I played it 800+ times.,3,1731751218,NCTDREAM_WhenImWithYou,neutral,reddit
lxy4vx6,NCTDream,">Which days are you attending? 

Days 2 and 3 !

Did you get melon or global package? 

Melonnnn I'm a resident of Korea

Are you solo or with friends and where are you coming from, if you're comfortable sharing?

Technically solo but meeting friends ♡ and from another part of Korea not Seoul 

What are you going to wear to the concert?

Im dressing in a black and red and white theme to match Dream()scape

Who's your bias?

JISUNGGGGG


Will you have any freebies or have you heard of any being offered?

I'll probably make some with extra album cards 


Is it your first time in Korea? 

Noooo but I've been here 5 years anyway haha


Do you have any exciting plans outside of the concert?

Not particularly!!

Should we form a group chat? (twitter, kakao, here on reddit, etc. open to ideas)

Im always down to have a gc, foreign NCTzen living in Korea already have our own!",2,1732033558,NCTDREAM_WhenImWithYou,neutral,reddit
lws1jyo,kpopthoughts,"no chinduck, u thought u were on kpoopheads so I decided to treat you to an iconic kpoopheads phrase

/uj im listening to nct dream's new album rn, I would NOT last the first day of no nct November 😭😭",9,1731432714,NCTDREAM_WhenImWithYou,neutral,reddit
ly14s6a,kpopthoughts,"Everybody was buzzing about Smoothie because of the promotion. The concept was solid, the snippet videos and everything. We didn't have any of that this CB, they just dropped the pics and called it a day and fans should rightfully be mad and call SM out for that. They could have pushed this as the aftermath of the escape from the mini album scenario since this album has a happier vibe than previous one but we don't really have one because of how SM dropped this one.

The album is full of dreamvibe that most core NCT Dream fans like. Granted it's not everybody's cup of tea but Dream has never been the favorite of most because of their softer vibe.

And I'd like to clear it out that eventhough there were entitled kfans jumping at 7dream, there are a lot of kfans speaking up against this. I'm getting tired of the knet vs intl fans discourse. Not all kfans are evil, it's just that entitled minority fans or antis end up being louder that actual fans in any scenario.",8,1732067424,NCTDREAM_WhenImWithYou,positive,reddit
lydgaah,kpopthoughts,">its funny tho cause those hating ass bitches that made such a fuss about 0T6 have migrated to stanning Wiish lmao. Riize has lost a lot of its sheen in Korea idk why SM was so focused on keeping them only relevant there when they know Kfans are fickle

What's the proof of this? Every single ot6 left for wish? Wish dont seem to be selling more than riize or charting better, so what's are you basing this off of. I've also heard people saying ""all"" of Nct dreams kfans left for wish and so far nct dream is selling as much as usual.

I dislike the way the Seunghan situation was handled but acting like Riize lost their ""fickle"" k-fanbase based off some tweets is ridiculous. We need to wait for a comeback to actually gauge the demographics of the fandom.",5,1732254015,NCTDREAM_WhenImWithYou,neutral,reddit
lxvxqdj,kpopthoughts,"Skz: danceracha solo stans especially hyunjin and Felix's toxic solo stans hating on other members and hyunjin solo stans are on another level when it comes to saying horrible things about other members and saying things like hyunjin don't get promotions when he literally the member who is featured the most in the magazines this year and some members of skz haven't even gotten a chance to have their solo magazine and he is the brand ambassador of Versace and Cartier and some members like han haven't even attend any solo fashion show and most of them expect hyunjin and Felix haven't became solo brand ambassador for any brand and he is popular member alongside Felix and he gets so much screentime and always gets a dance break center and also always gets the main parts like chorus part and outro in their songs but after all this still alot of hyunjin fans always cry over him not getting proper promotions but in reality he is the member alongside Felix who gets the most promotions and toxic and weird ship wars especially weird minsung shippers hating on seungmin just because his and lee know's ship is more popular in korea and Japan than minsung 

Nct : i think the hate goes between the fandoms of different subunits especially nct 127 stans vs nct dream stans because nct 127 stans have problem with Mark and haechan being a part of nct dream but nct dream stans say that mark and haechan are performing with nct 127 most of the times and nct dream performs as ot5 in most of the events they attend expect world tours . Solo stans as well especially the solo stans of popular members vs underaated members like stans of the members who gets the most lines and screentime like taeyong , jaehyun and mark vs stans of members who gets the least lines like alot of Johnny and yuta stans getting upset of not them getting proper lines but i think everyone was satisfied with their song walk because Johnny and yuta got lines in that song

Ive : it's basically wonyoung and yujin stans vs rest of the members stans because of the obvious favouritism towards wonyoung and yujin because other members stans get upset that their bias is not getting equal treatment as the other two members of the group",14,1731995959,NCTDREAM_WhenImWithYou,neutral,reddit
leun30e,kpopthoughts,"I really love future perfect blessed cursed loser lover and aurora! I didn't like future perfect at first bc the concept seemed a bit mismatched for a HYBE boy group (that isn't BTS), especially for enhypen but i grew to enjoy it. I've always been a blessed cursed enjoyer and i think loser lover got more critiques bc some people saw it as too similar to lovesong as for case143 it was okay i just tend to not like skz's later title tracks as much as their stuff before",3,1721903998,StrayKids_ChkChkBoom,neutral,reddit
lf9mwse,straykids,"Hey! I just posted Felix's pages if you wanted to see them!
[Felix's pages](https://www.reddit.com/r/straykids/s/iZ6ZfDLPF1)",2,1722126492,StrayKids_ChkChkBoom,neutral,reddit
lf2ihb1,straykids,"i kinda get why the kids didn't talk much about it. it was a very hard time for them. although, as far as i remember, hyunjin talked about levanter during one of their live shoots for lmb in nyc. it was in their latest vid. he talked about how lmb's performance is kinda similar to levanter but that's it.",8,1722017132,StrayKids_ChkChkBoom,neutral,reddit
lfn4tfp,straykids,"Alright, so I got entirely screwed; the Presale link never got sent to me for Sydney, so I had to get a link separately. By the time I was in, it’s not possible to get 2 Soundcheck tickets.

Is there any hope to get Soundcheck tickets in tomorrow’s release? Or on a resale site later? I know nothing about Stray Kids but I really want to make this happen for my wife T_T",2,1722344305,StrayKids_ChkChkBoom,neutral,reddit
ldvs88s,straykids,"Hyunjin and then into Lee Know for the chorus killed me.

Also emo hyunjin in his second look 🖤",21,1721363670,StrayKids_ChkChkBoom,positive,reddit
lfml2yk,straykids,"[[source]](https://x.com/Stray_Kids/status/1818226192803361009?t=xhKtkjiX-4ni8qfnuA1n4w&s=19)

Caption:

>[SKZ-BEHIND📸] 
>
>Will you become more attractive if you eat an open sandwich 🥪? 😉",16,1722334424,StrayKids_ChkChkBoom,neutral,reddit
lf504ci,straykids,"Ahhh these are insane. My faves are the last photo of in, the first photo of Han, the lee know guitar pic and the pic of hyunjin’s with the guitar (reminds me of that famous Versace after party pic)",13,1722050737,StrayKids_ChkChkBoom,positive,reddit
ldvocvk,straykids,"Hi! Your submission on r/straykids has been manually removed for the following reason(s):

---

###Collection related content

- Identification of photocards, signatures, albums, etc.
- Showcasing photocards, album collections or official posters
- Showcasing collection art of any kind (collages, scrapbooks, etc.)
- Asking for photocard or ticket prices
- Any other content regarding the collection of merch

These types of posts fall under our rule 2.3 for Fluff Content and are best suited for r/skzcollection or our [Weekly Stay Discussion Thread](https://www.reddit.com/r/straykids/about/sticky) pinned to the top of r/straykids

---

You can read all of our submission guidelines [here.](https://www.reddit.com/r/straykids/wiki/rules)

*If you have any questions about our submission guidelines, or why your post was removed, feel free to [send the moderators a mod mail](/message/compose?to=%2Fr%2Fstraykids).*",1,1721361712,StrayKids_ChkChkBoom,neutral,reddit
leo4et5,straykids,"Yup, it’s always harder to chart on AM but I dont know why it’s not that talk about by kpop stans? Im also wondering why other bg hardly chart there since they have really good numbers on Spotify. For example, Chk chk boom is 36 on Spotify and 41 on AM like it’s both on Top 50.",4,1721802267,StrayKids_ChkChkBoom,neutral,reddit
ldxsxe1,straykids,"Rock Star, 5-Star and Oddinary are my favourite overall albums. Although my top favourite SKZ songs are in the 3 albums you mentioned. Shows they simply cannot satisfy us all with every album 🤷🏻‍♀️",8,1721401209,StrayKids_ChkChkBoom,neutral,reddit
ley7opy,straykids,"No idea? I haven’t seen the movie yet as I am packing for a cross-country move. Reddit and Stray Kids are my relax for a few mins distractions. It’s just me and the cat and when did I accumulate so MUCH stuff?! 

Anyways, I’ll have to watch it at some point and get back to you. It’s on my list! Why is my list so long? Sigh. Goals! Corvus, you need to go watch the new DP movie! Yes! Ok, I can do this! Apologies, it appears my ADHD meds are wearing off.",1,1721948847,StrayKids_ChkChkBoom,neutral,reddit
led6qgb,straykids,Han in the second pic makes the same face as me seeing Hyunjin in the first pic 😄,27,1721648003,StrayKids_ChkChkBoom,neutral,reddit
lfqwk2l,kpopthoughts,"1. STARSET

2. ATEEZ

3. Stray Kids

Then I don't really have a spot for 4 or 5, but I guess I'll go with Linkin Park and 2NE1",3,1722389808,StrayKids_ChkChkBoom,neutral,reddit
lejnzoz,straykids,"my rankings of the songs \^\^

1. mountains and jjam and the remix - honestly I just love songs that I can headbang to, the remix actually slapped harder than ccb on first listen

2. runners and ccb - both of them really grew on me, I actually didn't like ccb as much as some of the other songs at first but it's really starting to vibe with me, I love the reggaeton beat

3. I like it - its growing on me too, honeslty a bop

4. twilight and stray kids - not that they're bad, I just prefer fast/noisy skz songs in general",2,1721743736,StrayKids_ChkChkBoom,positive,reddit
lef5sdf,unpopularkpopopinions,"I personally prefer their b-sides, but I think their title tracks make sense. It's building the topline of their discography. Skz members seem to agree that God's Menu is when they found their identity. I respect that they move forward with how they want to define themselves. They are self-producing and these choices seem to be an expression of themselves. 

I look forward to see what they come out with post-contract renewal and see if they become more experimental or more commercially safe. How they navigate group's identity with a little more freedom with 8 individual identities forming.",5,1721673211,StrayKids_ChkChkBoom,neutral,reddit
lfclkr5,straykids,I don’t think aveeno sponsors them? And they are allowed to show unaffiliated brands.  When hyunjin and Felix both did what’s in my bag interviews before they showed brands that they werent affiliated with.  That’s just how “what’s in my bag” videos work.,8,1722181141,StrayKids_ChkChkBoom,neutral,reddit
lekkc65,straykids,"i actually have quite a funny story , at the beginning I found kpop extremely cringe(ik i apologize 😭) mainly cuz all the kpop fans around me were of the type to obsess over the members and judge everyone who did not like them . but throughout time I started to discover new things about kpop ,i think my first kpop song was you are beautiful by day6 (mydays>) but then i got introduced to skz and you won't believe how , it was through Hannah bahng , i actually found out that channie was hannahs brother ironically lmao. i listened to her songs perfect blues and oleander before and I found her old q n a video where chan was mentioned and as you know where that leads . I'm a stay now and I'm so happy that I am . i listen to their music and personally I really love hans songwriting.they have helped me a lot through my mentally unstable scenarios , they just make me laugh and inspire me so much. i wish i have the chance to meet them ( i am broke yes) just to say thank you cuz they really saved my life(not joking as a student i was suffering a lot but they helped me out). i hope I can continue being a stay as long as possible. 
btw guys please tell me your biases in the comments 
mine is hannie but bangchan is a biaswrecker 
okie bye guyss sorry for the long paragraph:(",1,1721754131,StrayKids_ChkChkBoom,positive,reddit
lf94tba,kpopthoughts,"All of Stray Kids and Itzy, but specifically 2Hwang. A duo debut would be amazing too but I doubt that's gonna happen xD Either way I think they'd have a stunning solo debut and Lee Know, Yuna and maybe Ryujin could do an acting debut too",6,1722119205,StrayKids_ChkChkBoom,neutral,reddit
lfa5m6l,straykids,"Honestly I’m not even properly streaming lol because I’ve just enjoyed the album too much that I keep rotating between chk chk boom, the heatwave version (by far the best of the remixes lol), the festival version, mountains and I like it. The songs are just too good to resist lol",1,1722134550,StrayKids_ChkChkBoom,positive,reddit
ley7itt,straykids,"Yeah I thought so too and skz log last year was my fav, div 1 rented a place for them to rest after ending the fanmeeting and only showed a bit of the dinner they had so it wasn't like a skz code too, so I'm guessing they filmed something like that in Milano that's why they went extra early to Italy",4,1721948786,StrayKids_ChkChkBoom,neutral,reddit
ldz5li7,straykids,"Hi! Your submission on r/straykids has been manually removed [(4.3 New Content)](https://www.reddit.com/r/straykids/wiki/rules/#wiki_4.3_new_content) for the following reason(s):

---

###4.3 New Content

Comments about content that is less than 24 hours old are not allowed in the Weekly Discussion Thread. We will redirect these comments to their actual thread to prevent the Weekly Discussion Thread from overcrowding.

**Your submission is either a re-post or belongs into the already existing thread for the topic. Please search the sub for the correct thread**

---

You can read all of our submission guidelines [here.](https://www.reddit.com/r/straykids/wiki/rules)

*If you have any questions about our submission guidelines, or why your post was removed, feel free to [send the moderators a mod mail](/message/compose?to=%2Fr%2Fstraykids).*",1,1721417275,StrayKids_ChkChkBoom,neutral,reddit
len1kdo,kpopthoughts,"I was just reddit searching them (trying to find Marvel/Deadpool fans' perspective on the Dp. soundtrack) and stumbled upon an old think piece from like 4 years ago about how Stray Kids are ""never going to be popular"". It was amusing to look back on with 2024 knowledge. Then this is the 1st post I see coming back to my main page. Made me giggle.",15,1721784029,StrayKids_ChkChkBoom,positive,reddit
ldvvgi8,straykids,"This was absolutely INSANE!! OMG! I love every bit of it so much! The grown up but still SKZ feel, the trash talking (well deserved confidence and bragging) it was perfect!!",3,1721365397,StrayKids_ChkChkBoom,positive,reddit
le1fzj2,straykids,"Source from Twitter:

[Bang Chan, Lee Know, Changbin, Hyunjin](https://x.com/SpotifyKpop/status/1814239583229579767)

[Han, Felix, Seungmin, I.N](https://x.com/SpotifyKpop/status/1814239734778270157)",5,1721450672,StrayKids_ChkChkBoom,neutral,reddit
ldz2r3y,kpopthoughts,BOOM BOOM CHK CHK BOOM,19,1721416308,StrayKids_ChkChkBoom,neutral,reddit
lehichn,straykids,"Subkshop (US based) has SKZOOs in stock. It's a legitimate retailer, and this batch is from the Magic School merch.

Original: [https://www.subkshop.com/products/stray-kids-4th-fanmeeting-skzs-magic-school-official-md-13-skzoo-plush-original-ver](https://www.subkshop.com/products/stray-kids-4th-fanmeeting-skzs-magic-school-official-md-13-skzoo-plush-original-ver)

Mini: [https://www.subkshop.com/products/stray-kids-4th-fanmeeting-skzs-magic-school-official-md-14-skzoo-plush-mini-ver](https://www.subkshop.com/products/stray-kids-4th-fanmeeting-skzs-magic-school-official-md-14-skzoo-plush-mini-ver)

10 cm: [https://www.subkshop.com/products/stray-kids-4th-fanmeeting-skzs-magic-school-official-md-15-skzoo-plush-10cm-ver](https://www.subkshop.com/products/stray-kids-4th-fanmeeting-skzs-magic-school-official-md-15-skzoo-plush-10cm-ver)

They have other stuff too, but I know people want SKZOOs.",11,1721702941,StrayKids_ChkChkBoom,neutral,reddit
ldvr2r5,straykids,"Same, I just finished Stray Kids",5,1721363070,StrayKids_ChkChkBoom,neutral,reddit
lf0cugc,straykids,"Stays doing so good. All of your hard work is being paid off, Stray Kids and Stays. 🥹🤘🤘 Rockstars",17,1721987184,StrayKids_ChkChkBoom,positive,reddit
lfuefwo,straykids,"The ad-libs in Chk Chk boom have my heart, specifically the my amigo 🥹 also Seugmin and bang chans ad-libs in lmb 😭",1,1722447078,StrayKids_ChkChkBoom,positive,reddit
lewux2u,straykids,"My full impression for the whole album is to follow, but I just had to gush about how Chk Chk Boom is the biggest Changbin moment EVER. I've always thought he was incredible, so I'm so glad to see it. Do we know if CCB was ""his"" song (I know it's always 3racha, but usually a song is the brainchild of 1 of them in particular)?

As usual his flow is fire, but it feels so alive in CCB. The lazy raspiness to his rap in the first verse would drive a sane person feral. And I can't speak about the second verse purring which makes me borderline UNHINGED.

Great time to be a Binnie Bias.",2,1721932664,StrayKids_ChkChkBoom,positive,reddit
lekv9n9,straykids,"THIS IS SO GOOD??? I love it!!!

I'm jazzed as hell they did a hip hop track with the signature funky skz sound.  It's so moody, so interesting, and so SKZ.  And I love that it's  in korean!!  And they even went very asian for the cover (I LOVE the design of the cover). They're forcing westerners to come halfway to them, I think it's a brilliant and bold move.  They are who they are, and will stay true to themselves, I always had this fear as they got bigger they'd sell out in some way, but  I have more faith than ever in them.

Changbin delivers yet again, Seungmin sounds glorious, they all have their moment to shine and the instrumental is flawless-- I really dig how all the diff sounds were mixed in and out and even tho there were so many diff sounds it's so cohesive (god versachoi is so good at that) esp love the piano, it has the sound and feel of a real piano/keyboard being played rather than just using a piano sound and if that's so that's cool! Maybe Chan played it lol. The build in the chorus is sooo good, love the more interesting chord progression choice there. Besides that there is this very subtle and slow build from beginning to end that really adds sooo much to it, another thing that versachoi is just so good at. AH I LOVE THIS 

This is THE biggest movie of the year and they're the title track for it!!! It feels unreal. But at the same time SO SO deserved. Ryan really took care of his new adopted kids.",14,1721757519,StrayKids_ChkChkBoom,positive,reddit
lfu01sl,straykids,"It's an awesome song and came out at the perfect time with Stray Kids renewing their contracts! I love the lyrics you mentioned too and have had all the ATE tracks on repeat lately, such an amazing album!",7,1722442546,StrayKids_ChkChkBoom,positive,reddit
lef7sa8,kpopthoughts,"No, I was talking about Wonho, in [the spring of 2021](https://x.com/official__wonho/status/1387695740323958786?s=46&t=4_v2xdRb5H_EMR1P0yR5Kw). He does look great with lighter hair but the really short hairstyle was painful to me haha. Like Hyunjin he grew it out though fortunately!",2,1721673841,StrayKids_ChkChkBoom,neutral,reddit
lel3gle,unpopularkpopopinions,"The day Onces leave Stray Kids alone, is the day we will have peace. Instead of screaming favouritism, payola, fraud and misogyny to every Stray Kids activity, they should just focus on Twice.",6,1721760100,StrayKids_ChkChkBoom,neutral,reddit
lecv2j1,straykids,Btw today’s the last day to vote Stray Kids Chk chk boom for MCountdown pre-vote on the Mnet plus app! We’re tied for 1st place so let’s push thru to be 1st place with a bigger gap!,13,1721640993,StrayKids_ChkChkBoom,neutral,reddit
lf7q83f,straykids,"When I want some feel good content, I like watching videos from SKZ’s time around 2018 KCON NY. Like this https://youtu.be/gJwuimoq0VM

Music Bank Berlin is fun too https://youtu.be/KRJfUBsZ_C4",2,1722100442,StrayKids_ChkChkBoom,neutral,reddit
ldx685i,straykids,"Chk Chk Boom is SOOO good, and the festival version is even better.",8,1721392873,StrayKids_ChkChkBoom,positive,reddit
ldvrbjw,straykids,"Yeah ""Stray Kids"" its THE song for us Stays and for them!
Its makes so emotional 😭😭😭♥️♥️🥺🥺",14,1721363197,StrayKids_ChkChkBoom,positive,reddit
le064va,kpop,"Seems like The Boyz foresaw that Stray Kids were going to dial back the noise level this comeback and decided to jump in and fill that gap. Though this sounds more SM-coded to me, more like an NCT 127 or SuperM track.

I don't dislike it, but it'll probably need a couple more listenings before I decide if it's going to grow on me. Will probably check out the rest of the album at some point.",2,1721430282,StrayKids_ChkChkBoom,neutral,reddit
lfw2qf8,kpopthoughts,"From what I understand (feel free to correct if I'm wrong!), most of it is for the acquisition and they are also going to completely acquire Cube VT Japan within the third quarter, integrating and restructuring their cosmetics departments. Cube's recent movements are mostly for all these changes. [Here is an article talking about it](https://www.smarttoday.co.kr/news/articleView.html?idxno=55709).

This month Cube will have to publish their quarterly reports, we might get more details there.

But Cube should be getting ready for (G)I-DLE's renewals already. BTOB renewed with Cube on their 6th year, 8 months before contract expiration, and from what I see, groups who have good renewals tend to do it months ahead of the actual expiration like Stray Kids just recently.",3,1722466692,StrayKids_ChkChkBoom,neutral,reddit
ldzq01r,straykids,"My ranking so far :


1. JJAM 
2. Runners 
3. Chk Chk Boom
4. Mountains
5. Stray Kids 
6. I Like It
7. Chk Chk Boom Festival Remix
8. Twilight 


I'll rate the album 8.1/10",3,1721424246,StrayKids_ChkChkBoom,neutral,reddit
le8g1qn,kpopthoughts,"I'd say my favorites were Stray Kids, NewJeans and Le Sserafim. I'm particularly impressed by newjeans stage, they were a good number of backup dancers and the energy was off the charts. Their dance break was also pretty nice and I like when they try to go for something different.",71,1721573910,StrayKids_ChkChkBoom,neutral,reddit
lfe7xds,kpopthoughts,Wait I didn't insults skz? I just asked a question? Your fandom have been insulting Jimin for 3 days in a row so I thought this what something like that. Y'all are so defensive and for what ? I don't have any problem with skz .. congratulations to them.,-39,1722201390,StrayKids_ChkChkBoom,neutral,reddit
lffbce1,straykids,"there has been so much content coming out recently, i cant point to specific interview buts jeongin and lee know talked about how they all come and eat dinner together in their dorm and hyunjin made a comment about they all stick to themselves. also seungmin recently talking about driving other members to vocal lessons ( the members we know have vocal lessons being minho, jeongin, seungmin, and felix ) . also ... they are in the middle of a comeback they probably didnt do a dorm re-arrangement in between flying in an out for festivals and prepping for a comeback and performing at music shows",10,1722217201,StrayKids_ChkChkBoom,neutral,reddit
lfs0g1i,kpopthoughts,"i’d add stays and engenes as well, felix and chan are friends with jake as well as hyunjin and ni-ki",24,1722409335,StrayKids_ChkChkBoom,neutral,reddit
lfvu9y1,straykids,I think it's supposed to be on all their plans? But it hasn't started yet. (Tomorrow I think? But SKZ is on the 2nd!),2,1722463652,StrayKids_ChkChkBoom,neutral,reddit
lebz5wt,kpopthoughts,"TXT: Ghosting, I really feel like it's one of the best songs in existence hahah. It's so pretty, the boys' falsettos have always been my favorite part of their music. 
SKZ: God's Menu. Its a perfect song hand-crafted by God himself 
BTS: Butter! I know there's probably a lot of Armys who'd hate anyone who says Dynamite or Butter is their favorite BTS song but they're both so undeniably catchy. There's a reason why they're two of BTS's most popular songs.",1,1721620961,StrayKids_ChkChkBoom,neutral,reddit
led1sxo,kpopthoughts,"I won't comment on the rankings because it's obviously a matter of taste.

However for Stray Kids you included a TON of songs that are NOT title tracks - they just have a ton of MVs for B-sides. Some albums have 4-5 MVs.",38,1721645274,StrayKids_ChkChkBoom,neutral,reddit
le663f0,kpopthoughts,"I personally don’t take it seriously since it’s pretty obviously all in good fun. For example hyunjin is just as likely to delulu-feed as he is to brutally reject fans and i found chan being a toxic boyfriend on bubble genuinely hilarious, so I think most fans have fun and play along lol",21,1721528701,StrayKids_ChkChkBoom,neutral,reddit
le2gv7x,straykids,"[[source]](https://www.instagram.com/p/C9pIc2iyDdl/?igsh=MTk4Z2F0OW04bDJ1Mg==)

Caption:

>ChkChkBoom 🧨",7,1721475096,StrayKids_ChkChkBoom,neutral,reddit
m1mioqu,twice,"with for sure!! both of my worlds colliding like this is insane😭 my friend mentioned that this is the cleanest megan has ever been while simultaneously being the raunchiest twice has ever been 😂

that being said i’m so obsessed with this song it’s so good wtf!!",32,1733967636,TWICE_Strategy,positive,reddit
m2rqhcc,twice,I got 2 Nayeons and a Jeongyeon haha,2,1734579325,TWICE_Strategy,positive,reddit
m2pm4tw,twice,All of them💕. But Tzuyu recently been glowing with confidence. she's so mesmerizing,2,1734552674,TWICE_Strategy,positive,reddit
m11i445,twice,"I mean when was the last time we got a TWICE B-side MV? For them it might have been. The main problem was how both these Specials were presented. On the other hand, there have been Live Clips released without pre-announcement often enough",20,1733671825,TWICE_Strategy,neutral,reddit
m2rzwrz,twice,"Oh yeah, I didn’t want it to come off as they are not close. They are. There are some members’ parents that even live in the same complex. 

What I mean is, if we look at Nayeon & Momo vs, idk, Jeongyeon and Dahyun, there’s a difference in the sense of public displays of “friendship” or interactions, on and off camera. 

And that was I was looking at. Even if they perform on camera (even of fansigns and more casual events), they cannot perform forever and 100% of the time. Nayeon and Momo seem like deeply connected in a way that’s ON YOUR FACE. Like, they were recently seen out for dinner together. That’s not stages. You know what I mean?

On your point of Dahyun, that’s really strange to think considering she’s the face of the group. I mean, she was given a bright and extra personality. But some ONCEs have been noticing she’s been “quieter” than usual. Some are saying she’s finally being “herself”.",1,1734583471,TWICE_Strategy,neutral,reddit
m2mocih,twice,Nayeon solo performance let’s gooooooo,4,1734509307,TWICE_Strategy,positive,reddit
m1k5itx,twice,"Without. Nothing wrong with it, it just feels random having her suddenly rap about her ass. Doesn't fit with Twice's vibe",6,1733940450,TWICE_Strategy,negative,reddit
m10ax7m,twice,"JYPE is a K-pop company. As such, the company will pursue similar goals bound by similar rules. That still doesn’t discredit them as being the best choice for Twice, especially considering what has been going on with other companies. 

SNSD, Taeyeon as a soloist, TVXQ at their prime were even the biggest in the industry. How were they treated? Slave contracts and career suicide when you try to get a better deal somewhere else. It’s not even in the slightest comparable to the ~70% Twice are getting or the many idols who have since left the company, and are still on good terms with JYP. 
 
Anyone who has actually read KG’s statement will understand that the criticism is directed at the whole K-pop industry. How often have we been debating issues like misogyny, the overworking culture in Korea and the impossible unrealistic standards alone in this sub?

The company is no family, no company is, and JYP himself might be weird but it’s the best company currently available for idols. 

We can even go back to Sixteen to get a clear picture about JYP/E within the idol industry. Weight has always been a huge factor for female idols. It was so normal to rip on Jihyo for her weight, she got constantly criticized and it would have been deemed as fair game to not debut her because she wasn’t able to manage her weight and by extension, herself as an idol. However, JYP brushed it off and prioritized other aspects such as skills and character. Jihyo had a fixed position in Twice right from the start. 

What about the greedy industry aspect of debuting children who would definitely make you money? He could also have debuted Somi, who clearly was a star even back then, but considered her age. Debuting also means you will have to deal with all the other aspects that cause mental health issues. Sulli comes to mind. Somi would have been a great addition to Twice but her debut was delayed until she was older to deal with the many aspects of idol life. We also recently heard from JYP that education is mandatory for trainees because he can’t guarantee that everything will pan out for those kids so at least they’ll have a plan B. 

Lastly, mental health. We have mentioned many times that before JYPE it was unheard of to get a mental health break. Your career was basically over if you can’t deal with the idol pressures that comes with overworking to stay competitive in this market and the unrealistic expectations placed on you. Yet both Mina and Jeongyeon came back happier and more confident. 

Right now Twice and JYPE are actively pushing the industry forward by setting an example that you can invest in a girl group that is pushing to its 30s, give them good contracts, expand their market overseas, keep them active like the most in-demand active girl groups. So while I understand wishing that the industry would improve, I don’t get how punishing/boycotting two of the main players who actually advocate for better conditions in the industry. That actually sets the industry backwards.",4,1733649540,TWICE_Strategy,neutral,reddit
m23k1zb,twice,Tbh i need moorreeee twice appearance in other celebrities show,11,1734223522,TWICE_Strategy,positive,reddit
m27bm4n,kpopthoughts,"1. Abcd - Nayeon

2. Strategy - Twice

3. Cosmic - Red velvet

4. Swan song - Le Sserafim

5. Gpt - Stayc",4,1734287253,TWICE_Strategy,neutral,reddit
m2nl83n,twice,"That’s just how lyrics are, grammar is the very last consideration behind meaning, lyricism, tone, the shape of the word, syllables, all that stuff. Japanese lyrics are especially difficult when you’re learning because to fit the music the sentence can be split across what sounds like entirely different lines which often stands out to me in Twice translations especially and can sound off to the ear when you’re used to other Jpop songs where the lyrics were written to the song, rather than a translation as a cover that has to fit a certain meaning and a certain rhythm. Also sometimes particles get dropped when the context is clear enough to not need them as well (e.g: このお酒名前何 in the Alcohol-Free rap)

Nothing has ever stood out to me as wrong or worded awkwardly though. I’m not fluent but got N2 and read a lot so I’d like to think I know what sounds normal even if I couldn’t write it myself lol but maybe a native would have a different opinion!",2,1734528554,TWICE_Strategy,neutral,reddit
m1fgqlv,twice,"Yes, some people have started to receive them and post their pulls behind spoiler tags here.

If this is your first time ordering from TWICESHOP, this is normal speed in terms of processing the orders. Compared to signed copies of previous albums and, the inventory for this one is just a lot more, thus a lot of orders to fulfill. Signed versions of Step 2 and Step 3 are still available, it’s only natural that they still have a bunch more orders to pack up and ship out.

TWICESHOP does not operate like Amazon’s network of fulfillment centers to where you can like get what you ordered before you even actually placed the order. This is normal speed for TWICESHOP, and add to the fact that we're in the December holiday rush, every warehouse with orders to ship, and the couriers tasked with picking up stuff are all working to and beyond capacity.

Waiting isn’t fun and can be excruciating, I get it, but you will get your order soon enough.",3,1733868395,TWICE_Strategy,neutral,reddit
m2a0qja,twice,the only BP members I've seen commonly interact with Twice were Lisa & Rosé. other than that like more often than not the Twice members always said in interviews their schedule are too packed to have time to interact with friends outside of their company - or making any new friends in that matter.,0,1734320706,TWICE_Strategy,neutral,reddit
m2r31t7,twice,It changes every few months lol. Right now it’s Jihyo,1,1734570418,TWICE_Strategy,neutral,reddit
m1ibw3l,twice,"I know [Nayeon donated twice (ha) to Donggang hospital](https://x.com/twice_seung/status/1818260340943278133) for patients who can’t otherwise afford surgeries. 

1st time 20M won. Then another 30M won after they let her know that those funds were used up. She initially wanted to stay anonymous but because a patient wanted to know who made his surgery possible, it was then revealed to be Twice’s Nayeon.",4,1733916153,TWICE_Strategy,neutral,reddit
m0zoi29,twice,There's already a thread for this https://www.reddit.com/r/twice/comments/1h8atv9/strategy_mv_outfits/,1,1733635998,TWICE_Strategy,neutral,reddit
m2ai6j8,twice,[Source Link](https://x.com/JYPETWICE/status/1868536582921502978),1,1734328984,TWICE_Strategy,neutral,reddit
m110q3q,twice,Idk why people are making twice the main characters of this issue. Like something is happening with vcha & the main focus is boycotting twice who have no direct link to this issue…,16,1733664985,TWICE_Strategy,neutral,reddit
m0q27hq,twice,"This solidified my desire for a full song from them. Can I get a full album now? Or at the very least a full cover of this song.

Their voices really balanced each other out well. I think there’s a lot of charisma to Nayeon’s voice, where it’s a very clear pop star voice and she just makes you wanna listen. 

I think Jeongyeon’s voice is the middle ground between Jihyo and Nayeon. It has the power of Jihyo‘s voice with the sweetness of Nayeon’s voice and power to boot. 

And then Jihyo is of course the Twice vocal queen.",21,1733500749,TWICE_Strategy,positive,reddit
m1u2ers,kpopthoughts,"In twice, Momo is no doubt the main dancer.

In terms of technique, Mina is better than both Jihyo and Sana. The latter stands out more because of they have more stage presence.",1,1734081506,TWICE_Strategy,neutral,reddit
m1gee2y,twice,Twice's official content uses it a lot; mostly in video subtitles but also in some Twitter posts (recent examples [here](https://x.com/JYPETWICE/status/1847653940705579178) and [here](https://x.com/JYPETWICE/status/1862376005786296510)),4,1733880162,TWICE_Strategy,neutral,reddit
m0xsfoo,twice,Yessss. And Nayeon fixed it so smoothly. It was so satisfying to watch tbh.,35,1733609577,TWICE_Strategy,positive,reddit
m2a9c1y,kpop,"Even in the US, there are a plethora of master degree programs that exist that can be completed via distance learning and even in the course of under 2 years. Even some of the US' most reputable schools facilitate such online distance masters programs, including Columbia, Johns Hopkins, Harvard, Brown, UPenn, Rice, and Cornell.

Furthermore, there are a variety of colleges that offer accelerated distance bachelor degree programs.

Considering that Tzuyu graduated high school from Hanlim Muli Art School back in February 2019, it is quite conceivable that in the almost 6 years since she finished high school that she could have completed both undergraduate and masters level study in said span of time.",7,1734324482,TWICE_Strategy,neutral,reddit
m0ti55r,kpop,"That shopping cart is the coolest prop I've ever seen!

I need to review my Twice faves because this has a good chance of dethroning them. The level of texture in those synths is insane. Megan rap is mad out there for Twice. So good. I get so lost in the song structure that the 3 minutes 17 seconds feel like nothing. The composer's strategy is evidently effective. 

One thing I'd change is swapping the cowbell beat under the chaeyoung part at the end. Or even get 2 or more cowbells tuned differently and play the beat with them. I'd also cut the clean voice Nayeon at the end.",2,1733544189,TWICE_Strategy,positive,reddit
m0txow9,twice,"I hate whoever thought of this. Now, that's all I'll hear when listening to Strategy. 😂

[Source](https://twitter.com/JYPETWICE/status/1865275366664999183?t=CSD6_kgwPqqF9n57KMw3LA&s=19)",15,1733551816,TWICE_Strategy,neutral,reddit
m163pxw,twice,[Source Link](https://x.com/JYPETWICE/status/1866042747385503964/),2,1733735153,TWICE_Strategy,neutral,reddit
m0sict0,kpop,"1. RM: Right Place, Wrong Person

2. IU: The Winning 

3. TWICE: With YOU-th

4. PLAVE: ASTERUM : 134-1

5. NCT 127: Walk",237,1733529692,TWICE_Strategy,neutral,reddit
m20gl1l,kpopthoughts,Jihyo,4,1734182892,TWICE_Strategy,neutral,reddit
m2aeoma,kpop,Probably just some overdefensive ONCEs who are annoyed by anyone questioning Tzuyu's degree credibility.,24,1734327111,TWICE_Strategy,neutral,reddit
m0nxq79,twice,"Oh my god, I've finally waited for the day that Twice releases a bass heavy album.

and 3 full English tracks?! Oh man, they're totally getting ready for that World Tour 2.0!!!",29,1733462446,TWICE_Strategy,positive,reddit
m1mk0q8,twice,"no profanity for sure but it was still very on the nose and obvious 😂 with that being said i’d love to see a raunchier version of twice and i feel like this is definitely a step in that direction? being a bit more lose with their lyrics, “get you in the floor make you say more more more!” 😮‍💨 a sluttier twice?? #needthat‼️",5,1733968120,TWICE_Strategy,positive,reddit
m0tzeya,twice,Clumsy Nayeon is my favorite Nayeon,15,1733552828,TWICE_Strategy,positive,reddit
m2s6uvm,twice,"chaeyoung i resonate with her deeply 
Also she’s really weird. And pretty. 
I like her.",3,1734586856,TWICE_Strategy,positive,reddit
m1o8wse,twice,I wish it would be the title track!! This would’ve gotten like viral tiktok treatment the verse is giving new jeans but the bridge chorus is sooo twice I love the song,1,1733999539,TWICE_Strategy,positive,reddit
m2pk380,twice,"Tzuyu, she’s adorable, she’s beautiful, she’s well spoken. I love her voice and love seeing her come out of her shell especially after her solo. Plus she has the most mesmerizing gaze

![gif](giphy|JSm18BuTgpKJoyRbDR)",6,1734552033,TWICE_Strategy,positive,reddit
m126289,kpopthoughts,#NAME?,5,1733679592,TWICE_Strategy,neutral,reddit
m1n9fi3,twice,"I have to agree with at least part of what was said about her not offering anything to music and not having any talent, like all US rappers. But Twice enjoyed the Collab and that what really matters. Support Twice no matter what.",-4,1733978174,TWICE_Strategy,positive,reddit
m11q77k,twice,"I’m confused too. What is the purpose of this? And why are you releasing another MV that will compete in views for the one already out? 

I don’t understand the thing with Div. 3 & twice. The fact that they almost never consider giving them bside videos when they easily could. Basics & up no more were such wasted opportunities",16,1733674523,TWICE_Strategy,neutral,reddit
m23ugzk,kpopthoughts,"Same OP, Cosmic is a song that warms my heart and gives me goosebumps every time, even after the 1000th re-listen

Similar songs to me are SNSD - Into The New World, f(x) - Beautiful Goodbye, Gfriend - Me Gustas Tu, TWICE - Feel Special, 2NE1 - Lonely, BLACKPINK - Stay  among others",6,1734227678,TWICE_Strategy,neutral,reddit
m0sfi20,twice,"Hello if there are any USA ONCES who want to support twices cb for the hot 100 chart, please buy the strategy (ft. Megan) digital song on iTunes and Amazon! Also if you can pandora premium offers a free 1 month subscription (cancel it in 3 weeks) that allows you to loop the title track (strategy). Most importantly, please use playlists from @oncestreamtwice on Spotify with 6 Spotify accounts (6 accounts are allowed to count per ip address for charting purposes like Spotify global and the bbhot 100. Each account is allowed 20 filtered streams per song per day. Any streams after the filtered ones will still count for Spotify counter, or unfiltered streams). 

Thank you to all ONCES who are supporting twice this comeback; TWICE and us fellow ONCES appreciate all your efforts!!",13,1733528617,TWICE_Strategy,neutral,reddit
m1txbp9,kpopthoughts,TWICE,3,1734078021,TWICE_Strategy,neutral,reddit
m2d2x4y,kpop,"Thank you so much for this explanation. I'm actually doing a program similar to Tzuyu soon (an hybrid masters psychology program) but I'm in the US, so it's interesting to see the different changes between countries. 

I'm glad she's passionate about psychology, it's a very interesting topic, but you're correct in that this program is just a title, nothing more. No right minded board would give her accreditation without any practicum or advanced topic experience.",7,1734372325,TWICE_Strategy,neutral,reddit
m2u1w2n,kpopthoughts,"The great thing about Kpop is that it’s normalized idols being soloists without having to choose between their group and solo work. Nayeon, Rosé, etc. can all be successful soloists while also being valuable members of a group. So I don’t think anyone is “better off” as a soloist because they don’t need to leave their group if they don’t want to.",34,1734622050,TWICE_Strategy,neutral,reddit
m0oe5wl,twice,"The first thing i did when my internet came back on was open up youtube, it is almost 3am and I am t i r e d.

I love ittt, the ""hey boy"" is so catchy but I love love love the chorus. It was so sweet and catchy. The prechorus with Tzuyu's voice I loved she sounded so good. The verses were fun and overall I want to go back to listen again right now. It's a really catchy song.

I loved Megan's part she sounded so good! I'm so glad she got to film with twice (unfortunately without misamo) Putting her at the bridge to mark the climax of the song was a good idea she really does an excellent job at making you feel hot and wanna rap along.

Anyways, I really like this song so thank you internet for coming back on instead of being off for another 2 days.",2,1733471657,TWICE_Strategy,positive,reddit
m2q4ru9,twice,Nayeon do i even have to explain?,2,1734558392,TWICE_Strategy,positive,reddit
m1xh574,twice,"It's up now, I tagged you in it too! :D   
[https://www.reddit.com/r/twice/comments/1hdnw5u/posting\_this\_because\_another\_fellow\_once\_showed/](https://www.reddit.com/r/twice/comments/1hdnw5u/posting_this_because_another_fellow_once_showed/)",2,1734128366,TWICE_Strategy,neutral,reddit
m1tei1i,twice,"I mean, Itzy's and Nmixx's sales back in January really did a number on JYPE's stock prices lol. I can't imagine how bad it would be if it was Twice that had such a downturn.",2,1734067084,TWICE_Strategy,neutral,reddit
m2tov22,twice,"I managed to get VIP front row tickets to their show at MetLife, the tickets were around $500 a piece, and that's only because I miraculously got a good place in queue for buying tickets. The hotel cost around $200 for one night, plus add on some extra money since we got food delivered afterwards.

I will say, as grateful as I am to have front row, because we were far off one end of the stage, Twice didn't actually perform in front of us very often. During the encore they did wander all around, but the group dances took place mainly in the center, so if you intend on getting a ticket on the ground floor I recommend aiming for the center, even if it's not front row (unless you're short!!!)

Personally if I am able to attend this tour I'll be looking at tickets in the first level instead of ground floor, despite being front row last time I did watch most of the performances on the screens anyway, so that makes the most sense for me.

Let me know if you have any more questions!! I can try my best to answer them, but I've only ever been to the one concert at MetLife. ☺️",2,1734617468,TWICE_Strategy,neutral,reddit
m12gk9g,kpopthoughts,"JIHYO !! I find her really good looking, she’s talented plus I love her figure. Now I personally don’t want to be that size, but watching her does motivate me to regularly exercise and keep in shape",9,1733682831,TWICE_Strategy,positive,reddit
m2lemb4,twice,"You can find some playlists on Spotify which people have made specifically for streaming the song and the b-sides. Just look up “Strategy Streaming” and select Playlists, many will pop up. The ones you’re supposed to stream are filtered playlists with two or three different TWICE songs in between the main title track “Strategy feat. Megan Thee Stallion” by TWICE. You can also find many such playlists on Twitter by their fan community. There is also a 100 Songs playlist for Strategy on YouTube.",1,1734487456,TWICE_Strategy,neutral,reddit
