group_comeback,comment,cleaned_comment,sentiment
aespa_Whiplash,60M this week. Lets do it.,m this week lets do it,neutral
aespa_Whiplash,happy 53M. Congrats. Lets go to 54M. Fighting.,happy m congrats lets go to m fighting,positive
aespa_Whiplash,Lets just hope this week aespa have another chance to win on the music shows.,lets just hope this week aespa have another chance to win on the music shows,neutral
aespa_Whiplash,Road to 53M this morning,road to m this morning,neutral
aespa_Whiplash,Let's go 60M this week.,lets go m this week,neutral
aespa_Whiplash,2:05 winter’s “uh” is the sexiest uh I ever heard in my whole life,winters uh is the sexiest uh i ever heard in my whole life,neutral
aespa_Whiplash,"++++++++++++++++++++++++++++++
★ aespa팬 100회 이상 시청!! 30초 이상 시청!! Aespa fans have watched it over 100 times!! Watched it for over 30 seconds!!------------------------------------------------------",aespa aespa fans have watched it over times watched it for over seconds,positive
aespa_Whiplash,"++++++++++++++++++++++++++++++
★ aespa팬 100회 이상 시청!! 30초 이상 시청!! Aespa fans have watched it over 100 times!! Watched it for over 30 seconds!!------------------------------------------------------",aespa aespa fans have watched it over times watched it for over seconds,neutral
aespa_Whiplash,Whi Whiplash⚡️⚡️⚡️,whi whiplash,neutral
aespa_Whiplash,"Let's talk about how every time we keep saying ""how are they gonna do better than that eta?"" And they always surprise us with one of the best music videos possible 
Only legends could pull this move",lets talk about how every time we keep saying how are they gonna do better than that eta and they always surprise us with one of the best music videos possible only legends could pull this move,positive
aespa_Whiplash,Okay Aespa clap back to all this haters,okay aespa clap back to all this haters,positive
aespa_Whiplash,Love it,love it,positive
aespa_Whiplash,mys come on str34m,mys come on strm,neutral
aespa_Whiplash,from #8 to #21,from to,negative
aespa_Whiplash,Everyone Knows Why We Are Here,everyone knows why we are here,neutral
aespa_Whiplash,Addicted as usual ❤❤❤,addicted as usual,positive
aespa_Whiplash,wow this song and mv is just perfect. everyone shined so incredibly bright.,wow this song and mv is just perfect everyone shined so incredibly bright,positive
aespa_Whiplash,"With each comeback, they boldly introduce a completely new concept, always staying fresh and pushing their boundaries.
2024 is truly Aespa's year.",with each comeback they boldly introduce a completely new concept always staying fresh and pushing their boundaries is truly aespas year,positive
aespa_Whiplash,Midzy here to support!!! Let's get 53M!!! Whiplash x gold!!,midzy here to support lets get m whiplash x gold,positive
aespa_Whiplash,This is Haneuls era fr💅✨️,this is haneuls era fr,neutral
aespa_Whiplash,the concept of this fits aespa so well. the beat is so cool!! giselles pink hair is so pretty! i love this song sm 🖤🩶🤍,the concept of this fits aespa so well the beat is so cool giselles pink hair is so pretty i love this song sm,positive
aespa_Whiplash,"this might be aespa’s best music video, yet; the visuals and outfits are everythinggg😍",this might be aespas best music video yet the visuals and outfits are everythinggg,positive
aespa_Whiplash,ONE LOOK GIVE A WHIPLASH,one look give a whiplash,neutral
aespa_Whiplash,can someone tell me who is who in the different hair parts? I know pink hair is Giselle and that short black hair is Winter but other than that idk who is who with their hair changing in this mv 😭😭,can someone tell me who is who in the different hair parts i know pink hair is giselle and that short black hair is winter but other than that idk who is who with their hair changing in this mv,neutral
aespa_Whiplash,The NSX tho...,the nsx tho,neutral
aespa_Whiplash,"The LIMITED EDITION SHIRT is SERVING! But, I think the quality of the photobook could be improved. I got mine with a scratch-like small air bubble on the cover and some visible light scratches as well which somewhat affect the overall appearance of the photobook. The first page looks like it’s about to fall off and has a lot of blot-like marks on the stapler area of the pages.",the limited edition shirt is serving but i think the quality of the photobook could be improved i got mine with a scratchlike small air bubble on the cover and some visible light scratches as well which somewhat affect the overall appearance of the photobook the first page looks like its about to fall off and has a lot of blotlike marks on the stapler area of the pages,negative
aespa_Whiplash,EVERYONE LET'S STRMING AT SPOTIFY HARDER AND YOUTUBE HARDER PLEASE...🙏 💪,everyone lets strming at spotify harder and youtube harder please,neutral
aespa_Whiplash,"DEEM STREAM CORRETAMENTE NO MV MYS, E DE STREAM NA MÚSICA NO SPOTIFY",deem stream corretamente no mv mys e de stream na msica no spotify,neutral
aespa_Whiplash,IM IN LOVE WITH THIS VIDEOOOO,im in love with this videoooo,positive
aespa_Whiplash,Every time someone likes my comment ill wathc it again,every time someone likes my comment ill wathc it again,neutral
aespa_Whiplash,Ningning's part was addictive,ningnings part was addictive,positive
aespa_Whiplash,This masterpiece deserves much attention,this masterpiece deserves much attention,positive
aespa_Whiplash,whip whip whiplash,whip whip whiplash,neutral
aespa_Whiplash,Giselle for the leader of the free world!,giselle for the leader of the free world,neutral
aespa_Whiplash,Whip whiplash,whip whiplash,neutral
aespa_Whiplash,Coldest,coldest,neutral
aespa_Whiplash,we need performance video SM!,we need performance video sm,neutral
aespa_Whiplash,"-#1 에스파 선배님
#3 Whiplash audio
#12 아우디즈
#18 W
#23 MusicBank
#27 ㄴ
#44 언니",whiplash audio w musicbank,neutral
aespa_Whiplash,classy,classy,neutral
aespa_Whiplash,one look givem whiplash,one look givem whiplash,neutral
aespa_Whiplash,Can't touch that,cant touch that,neutral
aespa_Whiplash,"#1 에스파 선배님
#3 Whiplash audio
#12 아우디즈
#18 W
#23 MusicBank
#27 네
#44 언니들",whiplash audio w musicbank,neutral
aespa_Whiplash,*gets sued by Metallica*,gets sued by metallica,neutral
aespa_Whiplash,I can't get tired of this song,i cant get tired of this song,positive
aespa_Whiplash,thank you women for existing i love you,thank you women for existing i love you,positive
aespa_Whiplash,"I love this era, but the song and the dance are giving me PSY vibes😂 and i can’t unsee it!!! i hope they’re doing doing the challenge with PSY!!!!  It will be dope for sure!!",i love this era but the song and the dance are giving me psy vibes and i cant unsee it i hope theyre doing doing the challenge with psy it will be dope for sure,positive
aespa_Whiplash,Lets go to 60M,lets go to m,neutral
aespa_Whiplash,Whi-whiplash,whiwhiplash,neutral
aespa_Whiplash,This comeback is giselle era❤,this comeback is giselle era,positive
aespa_Whiplash,I love the vibe it's giving off smuch they ate that 🫶😭,i love the vibe its giving off smuch they ate that,positive
aespa_Whiplash,Goodmoning everyone 🔥🔥🔥🔥🔥🔥🔥🔥🔥🔥🔥🔥🔥🔥🔥🔥🔥🔥,goodmoning everyone,
aespa_Whiplash,favorit the song,favorit the song,
aespa_Whiplash,"me with aespa this year: *releasing supernova* 
Me: song of the year!!!!!

*releasing armageddon*
Me: no, wait this should be the song of the year!

*releasing hot mess*
Me: *sigh* what’s next!??

*releasing whiplash*
Me: HEAR ME OUT THIS IS THE SONG OF THE YEAR",me with aespa this year releasing supernova me song of the year releasing armageddon me no wait this should be the song of the year releasing hot mess me sigh whats next releasing whiplash me hear me out this is the song of the year,
aespa_Whiplash,wow，they are so beautiful and cool！,wowthey are so beautiful and cool,
aespa_Whiplash,Winter is a human AI no doubt,winter is a human ai no doubt,
aespa_Whiplash,ONE LOOK GIVE EM WHIPLASH,one look give em whiplash,
aespa_Whiplash,Perfect song yeah yeah yeah,perfect song yeah yeah yeah,
aespa_Whiplash,"Next Level 305M
Drama 250M
Armageddon 105M
Whiplash 55M
gogogo🎉🎉",next level m drama m armageddon m whiplash m gogogo,
aespa_Whiplash,This is awesome.  Best AESPA.,this is awesome best aespa,
aespa_Whiplash,perfect song mv vocal and visual.all perfect,perfect song mv vocal and visualall perfect,
aespa_Whiplash,This is definitely giselle’s era she slayed with her pink hair,this is definitely giselles era she slayed with her pink hair,
aespa_Whiplash,"#æspa in History Longest Charts:
#1 MelOn Supernova         99 days
#1 Genie                                   119
#1 Bugs                                     49
#1 VIBE                                     118
#1 Circle                                   11 weeks
#1 YouTube Next Level     12 weeks.",in history longest charts melon supernova days genie bugs vibe circle weeks youtube next level weeks,
aespa_Whiplash,53M today mys come on,m today mys come on,
aespa_Whiplash,"What is your Aespa bias?
Me: Ningning",what is your aespa bias me ningning,
aespa_Whiplash,".mySTREAM aespa AUDIO:
Black Mamba 150M Next Level 225 Savage135
Dreams Come True 75 Girls 85 Illusion 150
Hold On Tight 55 Spicy 145 Drama 135
Supernova 95 Armageddon 55 Whiplash 25",mystream aespa audio black mamba m next level savage dreams come true girls illusion hold on tight spicy drama supernova armageddon whiplash,
aespa_Whiplash,1:23 giselle's revenge after what ningning did to her apartment.,giselles revenge after what ningning did to her apartment,
aespa_Whiplash,2:14 Girls' Generation 소녀시대 'Catch Me If You Can'🥲🥲,girls generation catch me if you can,
aespa_Whiplash,"aespa 'Whiplash'

01. Whiplash (Title)
02. KI
03. Flights, Not Feelings
04. Pink Hoodie
05. Flowers
06. Just Another Girl.",aespa whiplash whiplash title ki flights not feelings pink hoodie flowers just another girl,
aespa_Whiplash,top music video,top music video,
aespa_Whiplash,I am Blink and I love this song.,i am blink and i love this song,
aespa_Whiplash,Aespa owned this year !!!,aespa owned this year,
aespa_Whiplash,High fashion mv,high fashion mv,
aespa_Whiplash,Manifesting 3rd win 🙏🙏,manifesting rd win,
aespa_Whiplash,Mother Giselle please adopt me,mother giselle please adopt me,
aespa_Whiplash,"52.312

Sunday gone like wushhhh",sunday gone like wushhhh,
aespa_Whiplash,whip-whiplash,whipwhiplash,
aespa_Whiplash,YEGE SEMEYİ TEKLEDİ(!),yege semeyi tekledi,
aespa_Whiplash,CAPCUT YAZİSİNİ SİLMEMİSLER AQ,capcut yazisini silmemisler aq,
aespa_Whiplash,SM MAL,sm mal,
aespa_Whiplash,TİRNAGİM OLAMAZLAR(!),tirnagim olamazlar,
aespa_Whiplash,OK THAT RRRRRRROCKS,ok that rrrrrrrocks,
aespa_Whiplash,vamos por 60M! MY's let's do this!,vamos por m mys lets do this,
aespa_Whiplash,This sounds like a diss track to HYBE 😂,this sounds like a diss track to hybe,
aespa_Whiplash,IM DEOBI IM FROM WHIPLASH CHALLENGE GISELLE WITH SUNWOO <3,im deobi im from whiplash challenge giselle with sunwoo,
aespa_Whiplash,Aespa group of the year,aespa group of the year,
aespa_Whiplash,Let's go mys we need to continue!,lets go mys we need to continue,
aespa_Whiplash,"Pleaseeeee vot3 x aespa #whiplash Let's get more wins for aespa, they worked hard",pleaseeeee vot x aespa lets get more wins for aespa they worked hard,
aespa_Whiplash,Omg the beat is insane from the start to the end!!!💝,omg the beat is insane from the start to the end,
aespa_Whiplash,2:30 on repeat‼️ Hot Giselle on top 😻👄,on repeat hot giselle on top,
aespa_Whiplash,First reaction,first reaction,
aespa_Whiplash,"Visual 100/100
vocal 100/100
Dance 100/100
singing 100/100
And rap 100/100
I LOVE THEEMMM",visual vocal dance singing and rap i love theemmm,
aespa_Whiplash,This song is on fire 🔥🔥🔥 aespa ❤️❤️❤️,this song is on fire aespa,
aespa_Whiplash,winter feels like she dropped from final fantasy universe. aftet hanging out with noctis or waht,winter feels like she dropped from final fantasy universe aftet hanging out with noctis or waht,
aespa_Whiplash,I'M THE COLDEST,im the coldest,
aespa_Whiplash,Drama almost 300M on spotify!! Let's go mys,drama almost m on spotify lets go mys,
aespa_Whiplash,"MYS !!! NEXT LEVEL = 300M, SUPERNOVA = 200M, ARMAGEDDON = 100M, WHIPLASH = 100M, BLACK MAMBA = 300M, SPICY = 200M",mys next level m supernova m armageddon m whiplash m black mamba m spicy m,
aespa_Whiplash,"Faitin mys este, vamo a hold on de mongmong",faitin mys este vamo a hold on de mongmong,
aespa_Whiplash,This is a song that would definitely play at a catwalk,this is a song that would definitely play at a catwalk,
aespa_Whiplash,One look give'em whiplash,one look giveem whiplash,
aespa_Whiplash,Happy 52M mys. Road to 53M soon,happy m mys road to m soon,
aespa_Whiplash,whip whiplash one look give'em whiplash,whip whiplash one look giveem whiplash,
aespa_Whiplash,and if this song becomes my top 1 on spotify wrapped lmaooo I'm obsessed,and if this song becomes my top on spotify wrapped lmaooo im obsessed,
aespa_Whiplash,I can't wait for Godspa to sweep all the awards this year,i cant wait for godspa to sweep all the awards this year,
aespa_Whiplash,ALL OF THEM ARE SO ICONIC HERE😩💥 BUT GISELLE REALLY CATCH MY ATTENTION 🌷✨,all of them are so iconic here but giselle really catch my attention,
aespa_Whiplash,Str3am harder on Spotify and Apple Music .Whiplash is such a banger,stram harder on spotify and apple music whiplash is such a banger,
aespa_Whiplash,aespa's Whiplash ranked 2nd Place on Spotify Global Weekly Chart with 15.3M str3ams.,aespas whiplash ranked nd place on spotify global weekly chart with m strams,
aespa_Whiplash,Godspa always give us Hit after Hit,godspa always give us hit after hit,
aespa_Whiplash,"Happy 52M MYs
let's push to 55M faster",happy m mys lets push to m faster,
aespa_Whiplash,I love the iconic fall it will go down to history,i love the iconic fall it will go down to history,
aespa_Whiplash,I'm new to aespa. Can someone tell me who is who? I just know Karina.,im new to aespa can someone tell me who is who i just know karina,
aespa_Whiplash,"""TOCA UMA PRA AS GAYS"" 🤌⚡️",toca uma pra as gays,
aespa_Whiplash,1:24 if this chorus use JYP style accent will be very interesting 😂,if this chorus use jyp style accent will be very interesting,
aespa_Whiplash,Lmao I thought this was 21,lmao i thought this was,
aespa_Whiplash,When I first listen to this song I think that I will not like this song but now I'm addicted to this song aespa song always has this effect to me ㅠㅠㅠㅠ,when i first listen to this song i think that i will not like this song but now im addicted to this song aespa song always has this effect to me,
aespa_Whiplash,winterr!!,winterr,
aespa_Whiplash,"me when taking the test : Whip-whiplash , whip-whiplash , whip-whiplash , whip-whiplash , whip-whiplash , whip-whiplash , whip-whiplash ,one look give 'em Whiplash .",me when taking the test whipwhiplash whipwhiplash whipwhiplash whipwhiplash whipwhiplash whipwhiplash whipwhiplash one look give em whiplash,
aespa_Whiplash,60 million vi3ws please,million viws please,
aespa_Whiplash,Bro aespa mvs are always fire ❤,bro aespa mvs are always fire,
aespa_Whiplash,We really can get 70M in a month.,we really can get m in a month,
aespa_Whiplash,The mighty aespa,the mighty aespa,
aespa_Whiplash,I thought Black Mamba was wicked...But Whiplash is Wickederrr,i thought black mamba was wickedbut whiplash is wickederrr,
aespa_Whiplash,Tell Jennie to thank Beyoncé,tell jennie to thank beyonc,
aespa_Whiplash,I love Giselle new hairstyle❤❤so hot🥵,i love giselle new hairstyleso hot,
aespa_Whiplash,winter 🎉🎉🎉🎉!,winter,
aespa_Whiplash,ningning is so beautiful!!!!!🎉🎉,ningning is so beautiful,
aespa_Whiplash,my favorite music,my favorite music,
aespa_Whiplash,now THIS is a club classic,now this is a club classic,
aespa_Whiplash,YEEEESSSS THIS SONG IS SO FIRE AND THEY SERVEDDDDDD,yeeeessss this song is so fire and they servedddddd,
aespa_Whiplash,This reminds me of Charli XCX for some odd reason...,this reminds me of charli xcx for some odd reason,
aespa_Whiplash,This song is just too much aespa i am crying,this song is just too much aespa i am crying,
aespa_Whiplash,"giselle really ate, she bright in this comeback🫶🏻",giselle really ate she bright in this comeback,
aespa_Whiplash,Whiplash,whiplash,
aespa_Whiplash,Can't touch that ~,cant touch that,
aespa_Whiplash,"GIVE BELLE SOME DESERVED ATTENTION WHY KEEP HER At the back, Ditch that diamond formation!",give belle some deserved attention why keep her at the back ditch that diamond formation,
aespa_Whiplash,The vibe and ningning voice is litt,the vibe and ningning voice is litt,
aespa_Whiplash,This song is so catchy i love aespas style this looks like spicy+Armageddon+hot mess+supernova love this,this song is so catchy i love aespas style this looks like spicyarmageddonhot messsupernova love this,
aespa_Whiplash,"51.850

One look give em whiplaash",one look give em whiplaash,
aespa_Whiplash,this is the kpop i like ^^,this is the kpop i like,
aespa_Whiplash,One look give them whiplash,one look give them whiplash,
aespa_Whiplash,"https://youtu.be/hG6KGIU98-8?si=TzDf4q7c9W0lNIlr

This is a better song",this is a better song,
aespa_Whiplash,this song is so powerful ❤️,this song is so powerful,
aespa_Whiplash,whip whiplash,whip whiplash,
aespa_Whiplash,"forget brat summer , it's whiplash winter",forget brat summer its whiplash winter,
aespa_Whiplash,I listen to whiplash and next level at the same time and I'm getting addicted!! Go Aespa ❤❤❤,i listen to whiplash and next level at the same time and im getting addicted go aespa,
aespa_Whiplash,This mv is top tier,this mv is top tier,
aespa_Whiplash,Aespa release hit after hit and I'm not complaining it,aespa release hit after hit and im not complaining it,
aespa_Whiplash,1:24  this part 😍,this part,
aespa_Whiplash,this sounds so fvcking freshhh!!!!! the old school disco type beats to the fashion to the mv production everything is new and awesome .  a completely new concept !!!,this sounds so fvcking freshhh the old school disco type beats to the fashion to the mv production everything is new and awesome a completely new concept,
aespa_Whiplash,Whiplash🎉❤,whiplash,
aespa_Whiplash,listen this everyday :))) so addicted,listen this everyday so addicted,
aespa_Whiplash,One look give em whiplæsh,one look give em whiplsh,
aespa_Whiplash,Actually  this song is growing  on me!,actually this song is growing on me,
aespa_Whiplash,slay comeback (KARINA BIAGFYDC),slay comeback karina biagfydc,
aespa_Whiplash,1:36 WINTER IS SO PRETTYYYY!!!  (as always) This should be soty!,winter is so prettyyyy as always this should be soty,
aespa_Whiplash,I LOVE AESPA SO MUCH NINGNING IS MY BIAS THIS ERA UWAAAAAAAAAAAAA KARINA WINTER AND GISELLE (HER PINK HAIR ESPECIALLY) ARE SO COOL AND SO OSSOS ISNIFJNIOSJOSJOSKJSOKOSOS PRETTY NON AESPA STANS ARE DEFINITELY MISSING OUTTTTTTTTT I LOVE U AESPA,i love aespa so much ningning is my bias this era uwaaaaaaaaaaaaa karina winter and giselle her pink hair especially are so cool and so ossos isnifjniosjosjoskjsokosos pretty non aespa stans are definitely missing outtttttttt i love u aespa,
aespa_Whiplash,The fall ate,the fall ate,
aespa_Whiplash,its so brat coded,its so brat coded,
aespa_Whiplash,60 K in 1 hour,k in hour,
aespa_Whiplash,‼️‼️‼️‼️‼️‼️‼️‼️‼️‼️‼️‼️‼️‼️‼️ VOTE FOR AESPA ON MNET FOR FANS CHOICE ‼️‼️‼️‼️‼️‼️‼️‼️‼️‼️‼️‼️‼️‼️‼️,vote for aespa on mnet for fans choice,
aespa_Whiplash,They look like they could be on final fantasy,they look like they could be on final fantasy,
aespa_Whiplash,Behind the scenes https://youtu.be/X5yNrn2dL-g?si=dW2cthMSfQVHWbwY,behind the scenes,
aespa_Whiplash,"lmfao at 2:14 they sound like they about to jingle bell rock. it's like ""i'm the highlight 비춰 red light, to rock the night awayyyy. you know it's my site 거친 next sigh, to go glidin' in a one-horse sleighhh"" 😭😭😭",lmfao at they sound like they about to jingle bell rock its like im the highlight red light to rock the night awayyyy you know its my site next sigh to go glidin in a onehorse sleighhh,
aespa_Whiplash,come on str34m,come on strm,
aespa_Whiplash,Imma make a free audio with this-,imma make a free audio with this,
aespa_Whiplash,Please stop cut Winter’s hair!!,please stop cut winters hair,
aespa_Whiplash,NINGNINGGGGG MAIN SLAYEERRR PROFESSIONAL MODEL I LOVE YOUUU KEEP SLAYING,ningninggggg main slayeerrr professional model i love youuu keep slaying,
aespa_Whiplash,keep streaming and fighting mys,keep streaming and fighting mys,
aespa_Whiplash,"SM, your youtube acc is too old",sm your youtube acc is too old,
aespa_Whiplash,now we are on the 8th of worldwide mvs 😊,now we are on the th of worldwide mvs,
aespa_Whiplash,I love this concept. It’s like aespa by Balenciaga,i love this concept its like aespa by balenciaga,
aespa_Whiplash,"I hate SM channel fgs its too slow for strxming, it could be better if aespa had released MV on their own channel but ik it would not happen",i hate sm channel fgs its too slow for strxming it could be better if aespa had released mv on their own channel but ik it would not happen,
aespa_Whiplash,"aespa 'Whiplash'

01. Whiplash (Title)
02. KI
03. Flights, Not Feelings
04. Pink Hoodie
05. Flowers
06. Just Another Girl",aespa whiplash whiplash title ki flights not feelings pink hoodie flowers just another girl,
IVE_RebelHeart,"DIVEs, keep streaming for our 5th win! 🎉",dives keep streaming for our th win,neutral
IVE_RebelHeart,2:34 is that stray kids on the poster??,is that stray kids on the poster,neutral
IVE_RebelHeart,love this,love this,positive
IVE_RebelHeart,0:35 0:51 1:23 this is the so amazing 😭 of Wonyoung,this is the so amazing of wonyoung,positive
IVE_RebelHeart,"this reminds me so much of loona, i'm gonna cry 😭",this reminds me so much of loona im gonna cry,positive
IVE_RebelHeart,2:40 this song is literally our wonny life and haters cant realise she is also human,this song is literally our wonny life and haters cant realise she is also human,positive
IVE_RebelHeart,This is so Carly Rae Jepsen x Taylor Swift coded,this is so carly rae jepsen x taylor swift coded,positive
IVE_RebelHeart,5th win cmon❤❤❤,th win cmon,positive
IVE_RebelHeart,Please go check out Attitude Concept Film as well,please go check out attitude concept film as well,neutral
IVE_RebelHeart,Do we have a chance for a 5th win??,do we have a chance for a th win,neutral
IVE_RebelHeart,Gaeul didn't say anything in the song...,gaeul didnt say anything in the song,negative
IVE_RebelHeart,Stray Kids poster is visible in the MV.. this is so funny lol,stray kids poster is visible in the mv this is so funny lol,neutral
IVE_RebelHeart,I love to hear song recording,i love to hear song recording,neutral
IVE_RebelHeart,Who else come to see straykids?😂,who else come to see straykids,neutral
IVE_RebelHeart,Leeseo and Wonyoung is too cute 🥰🥰,leeseo and wonyoung is too cute,positive
IVE_RebelHeart,i love so you can love me hate me you will never be never be me wony part❤🎉😊,i love so you can love me hate me you will never be never be me wony part,positive
IVE_RebelHeart,I swear I have listened this song before but like years ago,i swear i have listened this song before but like years ago,neutral
IVE_RebelHeart,Ready for Attitude❤,ready for attitude,neutral
IVE_RebelHeart,I just wanna thank IVE for this amazing and perfect song!! New to K-pop and this song has just thrown me deeper into the music 🌟💕❤️💕❤️ will be stanning ❤,i just wanna thank ive for this amazing and perfect song new to kpop and this song has just thrown me deeper into the music will be stanning,positive
IVE_RebelHeart,"Hey guys, Good Luck Babe!~baobei宝贝~
Baby, I am right here~
In SEATTLE .
""Don't settle ""永不妥协。
26 JANUARY(JANUS)
2025 .
So, just Love you a day ❤😂
""Love me , hurt me"" 😂
因为伤得越重，爱得越深~这是宇宙中~地球上的定律~❤😂
**Annotation:
请你们铭记:
你越害怕的事情，你就提前, 主动, 一定去做,
""越害怕, 越要做 !
这样做会刻服你的心理
""障碍""~阴影~恐惧。
之后，你会成为
巨人... ...!!!

❤×❤=❤   ❤+❤=❤❤
3!=❤×❤❤×❤❤❤
   =❤❤❤❤❤❤",hey guys good luck babebaobei baby i am right here in seattle dont settle januaryjanus so just love you a day love me hurt me annotation,neutral
IVE_RebelHeart,"Why does Gaeul get so few parts? 
Please let it shine too 
We want to see it more prominently.",why does gaeul get so few parts please let it shine too we want to see it more prominently,positive
IVE_RebelHeart,Not them release my birthday 😭👍🏽 (I'm 13 now ^^),not them release my birthday im now,neutral
IVE_RebelHeart,"🤩🤩After I AM there energy comeback with Rebel In There Heart ❣️😈
Who's ready to join this journey ❤ Let's gather here❤❤😏😎",after i am there energy comeback with rebel in there heart whos ready to join this journey lets gather here,neutral
IVE_RebelHeart,1:07 i see stray kids on the background,i see stray kids on the background,neutral
IVE_RebelHeart,I'll watch this song everytime when someone likes this comment,ill watch this song everytime when someone likes this comment,positive
IVE_RebelHeart,"LOVE ME, HATE ME. YOU WILL NEVER GONNA, GONNA BE ME. What an iconic line",love me hate me you will never gonna gonna be me what an iconic line,positive
IVE_RebelHeart,Why is leeseo crying?,why is leeseo crying,neutral
IVE_RebelHeart,Atitude coming soon,atitude coming soon,
IVE_RebelHeart,REBEL HEART / 250126 / 11PM / awarmmoon,rebel heart pm awarmmoon,neutral
IVE_RebelHeart,wonyoung vocals omgg,wonyoung vocals omgg,positive
IVE_RebelHeart,I actually cried :') its so relatable,i actually cried its so relatable,positive
IVE_RebelHeart,🎉 congrats for winnning ingkigayo today 4th win ...❤,congrats for winnning ingkigayo today th win,positive
IVE_RebelHeart,attitude concpet film out noww,attitude concpet film out noww,neutral
IVE_RebelHeart,Can't wait for Attitude,cant wait for attitude,positive
IVE_RebelHeart,"such a beautiful and refreshing music video! the lyrics are so empowering as well. They literally outdo themselves every single comeback, how talented❤",such a beautiful and refreshing music video the lyrics are so empowering as well they literally outdo themselves every single comeback how talented,positive
IVE_RebelHeart,REBEL HEART / 250126 / 8PM / WONJIN,rebel heart pm wonjin,neutral
IVE_RebelHeart,Im seriously obsessed with this song.,im seriously obsessed with this song,positive
IVE_RebelHeart,REBEL HEART 10시,rebel heart,neutral
IVE_RebelHeart,"신곡 미쳤다 내 인생곡....❤ 진짜,..뮤비도 좋고 곡도 겁나 좋아 2:22 워뇨 저음 미쳤다고!!!!!❤️‍🔥❤️‍🔥❤️‍🔥 진짜 아이브 너무 좋아!!..듣다보니 눈물이 나오네....진짜 웅장하다... 걍 무한재생 시켜버려..❤ 근데 이 노래 뭔가 위로돼내...그래서 더 눈물이 나오나...? 아무튼 아이브 사랑해애~♡..

가사:
시작은 항상 다 이룬 것처럼
엔딩은 마치 승리한 것처럼
겁내지 않고 마음을 쏟을래
내 모양대로

이제 더 이상 신경 쓰지 않아
어디에서도 내 맘을 지키기
오해 받을 땐 자유에 맡겨둘래
다 알게 될 거니까

So you can

Love me, hate me
You will never be never be never be me
Try me, I'll break free
You will never be never be never be me

We are rebels in our heart,
Rebels in our heart
We are rebels in our heart
We are rebels in our heart,
꺾이지 않아
We are rebels in our heart

너는 어디가 조금 부족해
너는 거기가 뭔가 좀 넘쳐
I don't care 뭐든 말은 참 쉽지
그래 실행이 어려운 거야

Do it, move it, do it
우린 그냥 할게
내 갈 길은 멀고
그 위에는 드라마가 있어

또 외로움이 너무 길어지는 밤엔
그 맘을 쏘아 올려

Love me, hate me
You will never be never be never be me
Try me, I'll break free
You will never be never be never be me

We are rebels in our heart,
Rebels in our heart
We are rebels in our heart
We are rebels in our heart,
꺾이지 않아
We are rebels in our heart

Rebels in our heart!

우린 따로 이유를 묻지 않고
서로가 필요할 때가 있어
그런 맘이 어떤 건지 잘 알기에
영원을 바라는 사이보단
지금을 이해해주고 싶어
We will always be the rebels

Come, join as who you are
We are rebels, we are one
이 마음만으로
We are rebels, we are one

We are rebels in our heart,
Rebels in our heart
We are rebels in our heart
We are rebels in our heart,
꺾이지 않아
We are rebels in our heart

헐 잠만 뮤직비디오 4위?! 1위 가즈아!",so you can love me hate me you will never be never be never be me try me ill break free you will never be never be never be me we are rebels in our heart rebels in our heart we are rebels in our heart we are rebels in our heart we are rebels in our heart i dont care do it move it do it love me hate me you will never be never be never be me try me ill break free you will never be never be never be me we are rebels in our heart rebels in our heart we are rebels in our heart we are rebels in our heart we are rebels in our heart rebels in our heart we will always be the rebels come join as who you are we are rebels we are one we are rebels we are one we are rebels in our heart rebels in our heart we are rebels in our heart we are rebels in our heart we are rebels in our heart,neutral
IVE_RebelHeart,it's so beautiful that it gets stuck in your head and you can't stop listening to it,its so beautiful that it gets stuck in your head and you cant stop listening to it,positive
IVE_RebelHeart,REBEL HEART / 250126 / 10pm / awarmmoon,rebel heart pm awarmmoon,neutral
IVE_RebelHeart,This is just a pre-release! WHAT ABOUT THE TITLE TRACK?! HOW COOL IS IT?,this is just a prerelease what about the title track how cool is it,positive
IVE_RebelHeart,"Improve
Visual
Everything",improve visual everything,positive
IVE_RebelHeart,"this is very good! i like their vocal, rap, and dance",this is very good i like their vocal rap and dance,positive
IVE_RebelHeart,BEST SONG OF THE YEAR,best song of the year,positive
IVE_RebelHeart,REBEL HEART / 250126 / 7PM / WONJIN,rebel heart pm wonjin,neutral
IVE_RebelHeart,This is a bop. Like if you agree,this is a bop like if you agree,positive
IVE_RebelHeart,REBEL HEART / 250126 / 9pm / awarmmoon,rebel heart pm awarmmoon,neutral
IVE_RebelHeart,"if either way has a sister, this will be it",if either way has a sister this will be it,positive
IVE_RebelHeart,"tones and rhythms remind me of ""I AM."" I love it ❤",tones and rhythms remind me of i am i love it,positive
IVE_RebelHeart,Can we get 10 win for rebel heart?,can we get win for rebel heart,neutral
IVE_RebelHeart,who is still watching the mv,who is still watching the mv,
IVE_RebelHeart,4 th win! congrats my girls,th win congrats my girls,
IVE_RebelHeart,SAY IT LOUDER WONGYOUNG🗣️ 🔊,say it louder wongyoung,
IVE_RebelHeart,REBEL HEART / 250126 / 6PM / WONJIN,rebel heart pm wonjin,
IVE_RebelHeart,REBEL HEART / 250126 / 8pm / awarmmoon,rebel heart pm awarmmoon,
IVE_RebelHeart,REBEL HEART / 250126 / 5PM / WONJIN,rebel heart pm wonjin,
IVE_RebelHeart,"4th win for ""Rebel Heart""!!! (Inkigayo) 😊🎉❤ Congratulations!!! 🥳🏆👏",th win for rebel heart inkigayo congratulations,
IVE_RebelHeart,How many ive supporters are here,how many ive supporters are here,
IVE_RebelHeart,"Great IVE !!!
Go IVE !!!❤❤❤❤❤❤",great ive go ive,
IVE_RebelHeart,NO WORDS ITS SO PREFECT AMAZING❤❤❤❤❤❤,no words its so prefect amazing,
IVE_RebelHeart,REBEL HEART,rebel heart,
IVE_RebelHeart,I best wonyoung✨❤️,i best wonyoung,
IVE_RebelHeart,Wony fianly got the recognition she deserved,wony fianly got the recognition she deserved,
IVE_RebelHeart,Rebel Heart 4th consecutive music show win achieved🎉,rebel heart th consecutive music show win achieved,
IVE_RebelHeart,leeseo looks so cute in pink hair!,leeseo looks so cute in pink hair,
IVE_RebelHeart,"rebel heart is my fav song of 2025, ive will always release great music!!",rebel heart is my fav song of ive will always release great music,
IVE_RebelHeart,Congrats girls on the 4th win !!!,congrats girls on the th win,
IVE_RebelHeart,Congratulations IVE!!! Rebel Heart 4th win 🏆🎉,congratulations ive rebel heart th win,
IVE_RebelHeart,I have been loving IVE for their meaningful songs. They are so good and the lyrics made them even better! And the genre?! It's always amazing ❤❤,i have been loving ive for their meaningful songs they are so good and the lyrics made them even better and the genre its always amazing,
IVE_RebelHeart,"Good song, I love it",good song i love it,
IVE_RebelHeart,REBEL HEART / 250126 / 6PM / awarmmoon,rebel heart pm awarmmoon,
IVE_RebelHeart,This song is so catchy!,this song is so catchy,
IVE_RebelHeart,So excited for attitude <33,so excited for attitude,
IVE_RebelHeart,COMGRATS TO IVE TAKING THIS WEEKS TROPHIES!! you guys truly deserve these wins!!,comgrats to ive taking this weeks trophies you guys truly deserve these wins,
IVE_RebelHeart,"This is the best song for me, the mv quality, the melody ack ate",this is the best song for me the mv quality the melody ack ate,
IVE_RebelHeart,we're rebels in our heart,were rebels in our heart,
IVE_RebelHeart,RebelHeart4thWin🎉🎊,rebelheartthwin,
IVE_RebelHeart,4th win we're proud of you ive!,th win were proud of you ive,
IVE_RebelHeart,4 wins!! Im so proud of you guys and DIVE!!,wins im so proud of you guys and dive,
IVE_RebelHeart,Rebels in our heart!,rebels in our heart,
IVE_RebelHeart,REBEL HEART / 250126 / 3PM / WONJIN,rebel heart pm wonjin,
IVE_RebelHeart,"Next goal: 20M
Fighting dives !!!",next goal m fighting dives,
IVE_RebelHeart,"This song has 2 meanings. And I love this song. I know what they mean by 'Love me , Hate me , You will never be me'❤
❤❤❤",this song has meanings and i love this song i know what they mean by love me hate me you will never be me,
IVE_RebelHeart,Rebel Heart 4th win 🎉✨,rebel heart th win,
IVE_RebelHeart,REBEL HEART / 250126 / 5PM / awarmmoon,rebel heart pm awarmmoon,
IVE_RebelHeart,"Happy 4th Win!!!
REBEL HEART heals us every day^^",happy th win rebel heart heals us every day,
IVE_RebelHeart,4th win today omg!! let's str3am more for next week,th win today omg lets stram more for next week,
IVE_RebelHeart,is this pre-release? so the main tract that is goin to released in feb 3 will have more views rightt,is this prerelease so the main tract that is goin to released in feb will have more views rightt,
IVE_RebelHeart,""" love me hate me, you will never be me"" you ate wonny🎉",love me hate me you will never be me you ate wonny,
IVE_RebelHeart,4th Win‼️,th win,
IVE_RebelHeart,Yasss!!!! Congratulations for the 4th win today!!!,yasss congratulations for the th win today,
IVE_RebelHeart,Ive’s discography never disappoints me,ives discography never disappoints me,
IVE_RebelHeart,"Can't wait for ATTITUDE, I'm seated!",cant wait for attitude im seated,
IVE_RebelHeart,Rebel heart deserves a lot of awards fr,rebel heart deserves a lot of awards fr,
IVE_RebelHeart,REBEL HEART / 250126 / 4pm / awarmmoon,rebel heart pm awarmmoon,
IVE_RebelHeart,"I've said it before and i'll say it again. IVE will always outdone themselves, and i believe IVE EMPATHY will be their best album. I genuinely think that Rebel Heart is one of the best song i've ever heard from K-pop. What an icon for a soul that never gives up and will always be the ""rebels"" to reach what they have dreamed for all this time.

""So rather than expecting eternity, i want to understand you now."" 
Shockingly, the last time i was this touched was when i watched Either Way for the first time. You did it, IVE.",ive said it before and ill say it again ive will always outdone themselves and i believe ive empathy will be their best album i genuinely think that rebel heart is one of the best song ive ever heard from kpop what an icon for a soul that never gives up and will always be the rebels to reach what they have dreamed for all this time so rather than expecting eternity i want to understand you now shockingly the last time i was this touched was when i watched either way for the first time you did it ive,
IVE_RebelHeart,"This is the essence of Kpop.
This type of messages are the reason why Kpop became a fundamental platform on my teenager years 😢❤",this is the essence of kpop this type of messages are the reason why kpop became a fundamental platform on my teenager years,
IVE_RebelHeart,"아이브 ""REBEL HEART"" 가사]

[Intro: Jang Wonyoung]
Rebels in our heart

[Verse 1: An Yujin, Liz, Rei, Leeseo]
시작은 항상 다 이룬 것처럼
엔딩은 마치 승리한 것처럼
겁내지 않고 마음을 쏟을래
내 모양대로
이제 더 이상 신경 쓰지 않아 (더 이상)
어디에서도 내 맘을 지키기
오해 받을 땐 자유에 맡겨둘래
다 알게 될 거니까



[Chorus: Jang Wonyoung, An Yujin, Gaeul, Leeseo]
So you can love me, hate me
You will never be, never be, never be me
Try me, I'll break free
You will never be, never be, never be me
We are rebels in our heart, rebels in our heart
We are rebels in our heart
We are rebels in our heart, 꺾이지 않아
We are rebels in our heart

[Verse 2: Rei, Gaeul, Leeseo]
너는 어디가 조금 부족해
너는 거기가 뭔가 좀 넘쳐
I don't care, 뭐든 말은 참 쉽지
그래 실행이 어려운 거야
Do it, move it, do it
우린 그냥 할게
내 갈 길은 멀고
그 위에는 드라마가 있어

[Pre-Chorus: Jang Wonyoung]
또 외로움이 너무 길어지는 밤엔
그 맘을 쏘아 올려 (Oh)

[Chorus: An Yujin, Liz, Jang Wonyoung, Rei]
Love me, hate me
You will never be, never be, never be me
Try me, I'll break free
You will never be, never be, never be me
We are rebels in our heart, rebels in our heart
We are rebels in our heart
We are rebels in our heart, 꺾이지 않아
We are rebels in our heart (Rebels in our heart)
[Post-Chorus: An Yujin, Jang Wonyoung]
La-la-la-la, la-la-la, la-la-la
Rebels in our heart, rebels in our heart
La-la-la-la, la-la-la, la-la-la
Rebels in our heart, rebels in our heart

[Bridge: Jang Wonyoung, Liz]
우린 따로 이유를 묻지 않고
서로가 필요할 때가 있어
그런 맘이 어떤 건지 잘 알기에
영원을 바라는 사이보단
지금을 이해해주고 싶어
We will always be the rebels

[Chorus: An Yujin, Leeseo, Liz]
Come, join as who you are
We are rebels, we are one
이 마음만으로
We are rebels, we are one
We are rebels in our heart, rebels in our heart
We are rebels in our heart
We are rebels in our heart, 꺾이지 않아
We are rebels in our heart",rebel heart intro jang wonyoung rebels in our heart verse an yujin liz rei leeseo chorus jang wonyoung an yujin gaeul leeseo so you can love me hate me you will never be never be never be me try me ill break free you will never be never be never be me we are rebels in our heart rebels in our heart we are rebels in our heart we are rebels in our heart we are rebels in our heart verse rei gaeul leeseo i dont care do it move it do it prechorus jang wonyoung oh chorus an yujin liz jang wonyoung rei love me hate me you will never be never be never be me try me ill break free you will never be never be never be me we are rebels in our heart rebels in our heart we are rebels in our heart we are rebels in our heart we are rebels in our heart rebels in our heart postchorus an yujin jang wonyoung lalalala lalala lalala rebels in our heart rebels in our heart lalalala lalala lalala rebels in our heart rebels in our heart bridge jang wonyoung liz we will always be the rebels chorus an yujin leeseo liz come join as who you are we are rebels we are one we are rebels we are one we are rebels in our heart rebels in our heart we are rebels in our heart we are rebels in our heart we are rebels in our heart,
IVE_RebelHeart,"pls reach 20m for our goal, at least this week",pls reach m for our goal at least this week,
IVE_RebelHeart,"wonyoung owned this song
I love how this song has meaning in lyrics and emotion, not like some songs that are super short and lyrics make no sense and it's just the beat",wonyoung owned this song i love how this song has meaning in lyrics and emotion not like some songs that are super short and lyrics make no sense and its just the beat,
IVE_RebelHeart,come on guys only 17M views and 453K likes?,come on guys only m views and k likes,
IVE_RebelHeart,"stream more pls, we need more streams!!",stream more pls we need more streams,
IVE_RebelHeart,Will they still be promoting Rebel Heart next week???,will they still be promoting rebel heart next week,
IVE_RebelHeart,"Im not exaggerating when I say that Ive is the only consistent group that has amazing bridges, vocals, and tunes. I’m not even a dive or a hardcore listener, but every song I’ve listened to really doesn’t disappoint. Ive even been disappointed by songs produced by my favorite groups and idols, but never Ive. Personally I think it’s because their songs are never made for the sole purpose of being a TikTok audio",im not exaggerating when i say that ive is the only consistent group that has amazing bridges vocals and tunes im not even a dive or a hardcore listener but every song ive listened to really doesnt disappoint ive even been disappointed by songs produced by my favorite groups and idols but never ive personally i think its because their songs are never made for the sole purpose of being a tiktok audio,
IVE_RebelHeart,IVE FIGHTING!!!! Dive please keep sending the girls your love and support :3,ive fighting dive please keep sending the girls your love and support,
IVE_RebelHeart,best kpop song in 2025. by a mile,best kpop song in by a mile,
IVE_RebelHeart,congrats ive for 3 win music bank,congrats ive for win music bank,
IVE_RebelHeart,"Come on everyone DIVE, let's increase the number of views of 'REBEL HEART' to 20M!!! Come on!!!",come on everyone dive lets increase the number of views of rebel heart to m come on,
TWICE_Strategy,Vote music bank,vote music bank,neutral
TWICE_Strategy,Onceee You have to vote for Twice on all app music shows,onceee you have to vote for twice on all app music shows,neutral
TWICE_Strategy,Twice es increíble,twice es increble,positive
TWICE_Strategy,I just watched Twice's interview for promotions in the U.S.❤❤,i just watched twices interview for promotions in the us,neutral
TWICE_Strategy,Twice vocalist and talents  are awesome,twice vocalist and talents are awesome,positive
TWICE_Strategy,stream! Once!,stream once,neutral
TWICE_Strategy,20M ONCE,m once,neutral
TWICE_Strategy,"strategy in loop all day, such a good song",strategy in loop all day such a good song,positive
TWICE_Strategy,"Have a good day/night, ONCEs!!",have a good daynight onces,neutral
TWICE_Strategy,Coming here to appreciate this work of art once again,coming here to appreciate this work of art once again,positive
TWICE_Strategy,Glad they kept the girls away from Megan as much as possible,glad they kept the girls away from megan as much as possible,negative
TWICE_Strategy,"3 years ago TWICE´S Mina delivered an absolutely stunning, graceful and enchanting cover of ´snowman´ by Sia",years ago twices mina delivered an absolutely stunning graceful and enchanting cover of snowman by sia,neutral
TWICE_Strategy,TWICE is on Zach Sang Show!,twice is on zach sang show,neutral
TWICE_Strategy,Why is this whole song english? What happened to kpop lol. Love my girls twice though but im lowk concerned,why is this whole song english what happened to kpop lol love my girls twice though but im lowk concerned,negative
TWICE_Strategy,This is one of my favorite twice songs after what is love,this is one of my favorite twice songs after what is love,positive
TWICE_Strategy,LE COPIARON A MELANIE MARTINEZ EN HIGH SCHOOL SWEETHEARTSSS😡😡😡😡😡,le copiaron a melanie martinez en high school sweetheartsss,neutral
TWICE_Strategy,Come on!! once stream up to 25 million viewers!!,come on once stream up to million viewers,neutral
TWICE_Strategy,ONCE  Let's stream so that twice reaches a strategy of at least 100 million,once lets stream so that twice reaches a strategy of at least million,neutral
TWICE_Strategy,twice the greatest group of all time,twice the greatest group of all time,positive
TWICE_Strategy,Hey boy,hey boy,neutral
TWICE_Strategy,3:19  MINAA! She's SO PRETTY ❤🥹,minaa shes so pretty,positive
TWICE_Strategy,Good morning ONCE,good morning once,neutral
TWICE_Strategy,TWICE  LOOK SUPER PRETTY,twice look super pretty,positive
TWICE_Strategy,"Its so slay, it ate.",its so slay it ate,positive
TWICE_Strategy,Onceeee stream,onceeee stream,neutral
TWICE_Strategy,strategy stream,strategy stream,neutral
TWICE_Strategy,Love Mina's braids and style,love minas braids and style,positive
TWICE_Strategy,Go go Twice! Never stop!,go go twice never stop,positive
TWICE_Strategy,TWICE BEST GG,twice best gg,positive
TWICE_Strategy,STREAM MASSIVO,stream massivo,neutral
TWICE_Strategy,let’s try to win all chart again!!,lets try to win all chart again,neutral
TWICE_Strategy,I Love twice,i love twice,positive
TWICE_Strategy,I LOVE YOU TWICE 💞💞✨,i love you twice,positive
TWICE_Strategy,My taste in music is everything they release twice,my taste in music is everything they release twice,positive
TWICE_Strategy,Although I am a blink but this song is really grabbing to attention I like it's vibe so much,although i am a blink but this song is really grabbing to attention i like its vibe so much,positive
TWICE_Strategy,Strategy Twice,strategy twice,neutral
TWICE_Strategy,1:33 Jihyo's parts are so addictive 😍😍‼️,jihyos parts are so addictive,positive
TWICE_Strategy,"Take out another one, I already have it",take out another one i already have it,neutral
TWICE_Strategy,"6 OUTFIT (WHITE WITH STRATEGY, PINK WITH SHORT, PINK WITH PANTS, INDIVIDUAL CLOTHES (DAHYUN WITH HEART), BLACK TIE (JIHYO IN SKIRT)
1/6 ALREADY WEAR IN PERFORMANCE (PINK JACKET AND PANTS)",outfit white with strategy pink with short pink with pants individual clothes dahyun with heart black tie jihyo in skirt already wear in performance pink jacket and pants,neutral
TWICE_Strategy,0:36 LA PARTE DE SANA 😍😍😍,la parte de sana,positive
TWICE_Strategy,Megan Thee Stallion,megan thee stallion,neutral
TWICE_Strategy,the best son ever ☺♥,the best son ever,positive
TWICE_Strategy,i love twice ♥,i love twice,positive
TWICE_Strategy,Twice i love you,twice i love you,positive
TWICE_Strategy,"i think twice was really humble for too long. their versatility, the longevity of their career, their wholesome discography, the japanese and korean comebacks never overlaps, the collaboration they worked out, their insane vocals over the years, their face cards and the 9 visuals, the queens of japan, their kindness and love for their fans! I THINK IN THIS ERA OF KPOP, THEY'RE STILL THE NATION'S GG OF SOUTH KOREA! THE DAESANG THEY HAVE IN THEIR BELT, THE HITS AFTER HITS, IU, GDRAGON AND EVEN OTHER ICONS RECOGNIZE THEM! JYP REALLY HIT THE JACKPOT WHEN THEY DEBUTED THIS GROUP!!! TRULY IMMACULATE!",i think twice was really humble for too long their versatility the longevity of their career their wholesome discography the japanese and korean comebacks never overlaps the collaboration they worked out their insane vocals over the years their face cards and the visuals the queens of japan their kindness and love for their fans i think in this era of kpop theyre still the nations gg of south korea the daesang they have in their belt the hits after hits iu gdragon and even other icons recognize them jyp really hit the jackpot when they debuted this group truly immaculate,positive
TWICE_Strategy,TE AMO MINAAAAAA❤🎉,te amo minaaaaaa,positive
TWICE_Strategy,"Hey, Man , I'ma get ya
I'ma get you real good and I bet ya
Hey, Man , once I get ya
You'll be, oh, so glad that I met ya",hey man ima get ya ima get you real good and i bet ya hey man once i get ya youll be oh so glad that i met ya,neutral
TWICE_Strategy,Bought my self a digipack .. i just cant stop playing the strategy album. I mean showing my support at my own time and online too. Btw fighting ONCES!! TWICE FIGHTING!!!,bought my self a digipack i just cant stop playing the strategy album i mean showing my support at my own time and online too btw fighting onces twice fighting,positive
TWICE_Strategy,"Stream here Once,",stream here once,neutral
TWICE_Strategy,Stream Strategy Onces,stream strategy onces,neutral
TWICE_Strategy,Imma getcha real good and I betcha ❤,imma getcha real good and i betcha,
TWICE_Strategy,THE STREAM IS SO SLOWWWWWW,the stream is so slo,
TWICE_Strategy,Wow this song is awesome,wow this song is awesome,
TWICE_Strategy,I am new once 🔂,i am new once,
TWICE_Strategy,"The loves of my life, I live for them",the loves of my life i live for them,
TWICE_Strategy,"onces don’t stop yet, lets give twice more than 20M views!!",onces dont stop yet lets give twice more than m views,
TWICE_Strategy,THIS IS SUCH A GOOD WAY TO END 2024,this is such a good way to end,
TWICE_Strategy,I loveeeeee this song really,i loveeeeee this song really,
TWICE_Strategy,"Enough I loved her, she is so good I love her, as always twice and Megan devouring 🫦❤️‍🔥",enough i loved her she is so good i love her as always twice and megan devouring,
TWICE_Strategy,This song deserves success!  So keep streaming and listening more everyday,this song deserves success so keep streaming and listening more everyday,
TWICE_Strategy,"1 OVO
3 COLHERES DE SOPA DE AÇÚCAR
3 COLHERES DE SOPA DE CHOCOLATE EM PÓ
3 COLHERES DE SOPA DE ÓLEO
3 COLHERES DE SOPA DE LEITE
3 COLHERES DE SOPA DE FARINHA DE TRIGO
1/2 COLHER DE CAFÉ DE FERMENTO QUÍMICO EM PÓ

Cobertura:
1/2 XÍCARA DE CHÁ (XÍCARA 200 ML) DE LEITE
3 COLHERES DE SOPA DE AÇÚCAR
3 COLHERES DE SOPA DE CHOCOLATE EM PÓ
1/2 COLHER DE SOPA DE MARGARINA",ovo colheres de sopa de acar colheres de sopa de chocolate em p colheres de sopa de leo colheres de sopa de leite colheres de sopa de farinha de trigo colher de caf de fermento qumico em p cobertura xcara de ch xcara ml de leite colheres de sopa de acar colheres de sopa de chocolate em p colher de sopa de margarina,
TWICE_Strategy,"Hey, boy, I'ma get ya
I'ma get you real good and I bet ya
Hey, boy, once I get ya
You'll be, oh, so glad that I met ya
Ow (TWICE)

Step one, do my highlight
Make me shine so bright in the moonlight
Step two, silhouette tight
Baby, even my shadow looks good, right?
Step three, when I arrive
Make you look my way with your heart eyes
Step four, got you on the floor
Make you say, ""More, more, more""

When I say, ""Hi...""
I'm feeling all your attention on me
Hi...
No reason to be so shy with me
I ain't gonna bite, come on over (No)
I know you wanna move a little closer (Yeah)
I got a plan to get you with me

I got you on my radar, soon you're gonna be with me
My strategy, strategy will get ya, get ya, baby
Winning is my trademark, soon you'll never wanna leave
My strategy, strategy will get ya, get ya, baby

Hey, boy, I'ma get ya
I'ma get you real good and I bet ya
Hey, boy, once I get ya
You'll be, oh, so glad that I met ya

When your cheeks go red (That's cute)
I wanna dance, you said (""Oh, cool"")
'Til I'm in your head (It's cruel)
And you can't forget
You're feeling things now, and you're confused
Watching my body getting loose
You don't know what you're gonna do
You're mine

When I say, ""Hi...""
I'm feeling all your attention on me
Hi...
No reason to be so shy with me
I ain't gonna bite, come on over (No)
I know you wanna move a little closer (Yeah)
I got a plan to get you with me

I got you on my radar, soon you're gonna be with me
My strategy, strategy will get ya, get ya, baby
Winning is my trademark, soon you'll never wanna leave
My strategy, strategy will get ya, get ya, baby
(real hot girl, shh)

Do you like that? (Huh?)
When I smack it and you watch it bounce it right back?
He really lost it when he saw me do the right, left (hmm)
I'm a man eater, you just a light snack (baow)
I got him pressed like he's workin' on his triceps (hmm)
I'ma flirt, I'ma tease, they be hurt after me
Told him: Baby, what's a player to the G-A-M-E?
Sand need to worry 'bout him bringin' me to the beach
Jealous? Who? Girl, please

Left, right, left, right, do it to the beat (do it to the beat)
Talk with my body, that's my strategy (baow, baow)
Other girls try, but I'm really hard to beat (I'm really hard to beat)
He'll be mine off my strategy (yeah, yeah)

Left, right, left, right, do it to the beat (do it to the beat)
Talk with my body, that's my strategy (baow, baow)
Other girls try, but I'm really hard to beat (yeah, I'm really hard to beat)
He'll be mine off my strategy (yeah, yeah)

My strategy, strategy
Like gravity, gravity
One look at me, look at me
I bet ya, bet ya, bet ya, boy
You'll be down on your knees
Calling me up, begging me, don't leave
My strategy, strategy
Will get ya, get ya, get ya, boy (Ah-oh!)

Hey, boy, I'ma get ya
I'ma get you real good and I bet ya (Real good and I bet ya)
Hey, boy, once I get ya
You'll be, oh, so glad that I met ya (Oh, so glad that I, ooh)
Hey, boy, I'ma get ya (Hey, boy, yeah)
I'ma get you real good and I bet ya (Good and I bet ya)
Hey, boy, once I get ya (Hey, boy)
You'll be, oh, so glad that I met ya (Oh, so glad that I met ya)

Hey, boy, I'ma get ya
I'ma get you real good and I bet ya",hey boy ima get ya ima get you real good and i bet ya hey boy once i get ya youll be oh so glad that i met ya ow twice step one do my highlight make me shine so bright in the moonlight step two silhouette tight baby even my shadow looks good right step three when i arrive make you look my way with your heart eyes step four got you on the floor make you say more more more when i say hi im feeling all your attention on me hi no reason to be so shy with me i aint gonna bite come on over no i know you wanna move a little closer yeah i got a plan to get you with me i got you on my radar soon youre gonna be with me my strategy strategy will get ya get ya baby winning is my trademark soon youll never wanna leave my strategy strategy will get ya get ya baby hey boy ima get ya ima get you real good and i bet ya hey boy once i get ya youll be oh so glad that i met ya when your cheeks go red thats cute i wanna dance you said oh cool til im in your head its cruel and you cant forget youre feeling things now and youre confused watching my body getting loose you dont know what youre gonna do youre mine when i say hi im feeling all your attention on me hi no reason to be so shy with me i aint gonna bite come on over no i know you wanna move a little closer yeah i got a plan to get you with me i got you on my radar soon youre gonna be with me my strategy strategy will get ya get ya baby winning is my trademark soon youll never wanna leave my strategy strategy will get ya get ya baby real hot girl shh do you like that huh when i smack it and you watch it bounce it right back he really lost it when he saw me do the right left hmm im a man eater you just a light snack baow i got him pressed like hes workin on his triceps hmm ima flirt ima tease they be hurt after me told him baby whats a player to the game sand need to worry bout him bringin me to the beach jealous who girl please left right left right do it to the beat do it to the beat talk with my body thats my strategy baow baow other girls try but im really hard to beat im really hard to beat hell be mine off my strategy yeah yeah left right left right do it to the beat do it to the beat talk with my body thats my strategy baow baow other girls try but im really hard to beat yeah im really hard to beat hell be mine off my strategy yeah yeah my strategy strategy like gravity gravity one look at me look at me i bet ya bet ya bet ya boy youll be down on your knees calling me up begging me dont leave my strategy strategy will get ya get ya get ya boy ahoh hey boy ima get ya ima get you real good and i bet ya real good and i bet ya hey boy once i get ya youll be oh so glad that i met ya oh so glad that i ooh hey boy ima get ya hey boy yeah ima get you real good and i bet ya good and i bet ya hey boy once i get ya hey boy youll be oh so glad that i met ya oh so glad that i met ya hey boy ima get ya ima get you real good and i bet ya,
TWICE_Strategy,"Omg i love this song! Love it, One in a millón!!  We need more song like this One Twice❤",omg i love this song love it one in a milln we need more song like this one twice,
TWICE_Strategy,"Twice, what kind of song is this, I fell in love with it, it's perfect",twice what kind of song is this i fell in love with it its perfect,
TWICE_Strategy,I'm back because this is a masterpiece,im back because this is a masterpiece,
TWICE_Strategy,So talented Queens,so talented queens,
TWICE_Strategy,They're so stunning,theyre so stunning,
TWICE_Strategy,So beautiful,so beautiful,
TWICE_Strategy,No one’s listening,no ones listening,
TWICE_Strategy,Just disband lol 😂😂,just disband lol,
TWICE_Strategy,this is so goodd,this is so goodd,
TWICE_Strategy,do my highlight,do my highlight,
TWICE_Strategy,Silhouette tight,silhouette tight,
TWICE_Strategy,Got a plan to get you with me,got a plan to get you with me,
TWICE_Strategy,make this 30M before year ends..,make this m before year ends,
TWICE_Strategy,Genuinely obsessed with this song,genuinely obsessed with this song,
TWICE_Strategy,"""You'll be down on your knees 
Calling me up begging me don't leave ""
Im already on my knees 😭💗",youll be down on your knees calling me up begging me dont leave im already on my knees,
TWICE_Strategy,Ah this song is so good. I love everything about it!,ah this song is so good i love everything about it,
TWICE_Strategy,"The song is very good, I'd listen to it every time I went, I love them twice",the song is very good id listen to it every time i went i love them twice,
TWICE_Strategy,guys stream what are we doinnn,guys stream what are we doinnn,
TWICE_Strategy,The visuals are serving,the visuals are serving,
TWICE_Strategy,"STREAM ONCE, STREAM!!!!",stream once stream,
TWICE_Strategy,Stream💘,stream,
TWICE_Strategy,"TWICE deserves more than 20M, But once don't help.",twice deserves more than m but once dont help,
TWICE_Strategy,I can feel to 4eve vibe from their song,i can feel to eve vibe from their song,
TWICE_Strategy,Welcome 20M,welcome m,
TWICE_Strategy,Guys I'm in love with TWICE,guys im in love with twice,
TWICE_Strategy,Hey TWICE imma getcha,hey twice imma getcha,
TWICE_Strategy,Always perfect song from Twice baby,always perfect song from twice baby,
TWICE_Strategy,This was their best comeback! I love it so much,this was their best comeback i love it so much,
TWICE_Strategy,"""I ain't gonna bite come on over"" lied cuz they ate.",i aint gonna bite come on over lied cuz they ate,
TWICE_Strategy,30m this week,m this week,
TWICE_Strategy,Streams oncee,streams oncee,
TWICE_Strategy,Let's gooo once,lets gooo once,
TWICE_Strategy,this song is sooo cvnty,this song is sooo cvnty,
TWICE_Strategy,Streams strategy please and álbum spotify,streams strategy please and lbum spotify,
TWICE_Strategy,Perfect,perfect,
TWICE_Strategy,when i say hi,when i say hi,
TWICE_Strategy,i loooove the whole album!,i loooove the whole album,
TWICE_Strategy,"People keep saying they like this ""comeback"". To me Twice never had a comeback, cause they never left. They've been here for 10 years and are STILL going.",people keep saying they like this comeback to me twice never had a comeback cause they never left theyve been here for years and are still going,
TWICE_Strategy,"TWICE's ""Strategy (Feat. Megan Thee Stallion)"" debuted at #48 on this week's Billboard Global 200 chart.

It debuted at #35 on the Excl. US chart",twices strategy feat megan thee stallion debuted at on this weeks billboard global chart it debuted at on the excl us chart,
TWICE_Strategy,keep streaming onces!!,keep streaming onces,
TWICE_Strategy,"STRATEGY by Twice has surpassed 900,000 copies sold on Circle Chart",strategy by twice has surpassed copies sold on circle chart,
TWICE_Strategy,20M/233k! We can do more!!!! Keep going and streaming everyone 📈,mk we can do more keep going and streaming everyone,
TWICE_Strategy,Love you Twice,love you twice,
TWICE_Strategy,Here again to support my girls ❤️‍🔥❤️‍🔥❤️‍🔥,here again to support my girls,
TWICE_Strategy,My strategy strategy will getcha getcha baby!,my strategy strategy will getcha getcha baby,
TWICE_Strategy,Y'all... I didn't realize the cc was turned on and thought I was having a stroke (context: currently learning Korean but I am fluent in English even though it's not my native language) belatedly registering that it's an English track.,yall i didnt realize the cc was turned on and thought i was having a stroke context currently learning korean but i am fluent in english even though its not my native language belatedly registering that its an english track,
TWICE_Strategy,Strategy iconic song,strategy iconic song,
TWICE_Strategy,Yess i love this song,yess i love this song,
TWICE_Strategy,Twice strategy,twice strategy,
TWICE_Strategy,Every time someone like my comment i'll watch it again,every time someone like my comment ill watch it again,
TWICE_Strategy,"100M Views
1M Likes
1M Comments!!",m views m likes m comments,
TWICE_Strategy,Are you ready for the coming TWICE WORLD TOUR? Which cities do you think they’ll visit?,are you ready for the coming twice world tour which cities do you think theyll visit,
TWICE_Strategy,Let's once broadcast even more,lets once broadcast even more,
TWICE_Strategy,STREAM TWICE,stream twice,
TWICE_Strategy,"Onces, we need to win pre-voting for Music Bank on 27th Dec! We have a chance if we win pre-voting for the second trophy! Pre-voting starts next week (maybe)!! Go Onces!!",onces we need to win prevoting for music bank on th dec we have a chance if we win prevoting for the second trophy prevoting starts next week maybe go onces,
TWICE_Strategy,LETS GO 30M BEFORE THIRD WEEK!,lets go m before third week,
TWICE_Strategy,20M LETS REACH TO 30M!!! LETS GOO ONCEUUUU!!,m lets reach to m lets goo onceuuuu,
TWICE_Strategy,"Listening to this the 1st time since I kind of didn't like one spark. ( I LOVE TWICE WITH ALL MY HEART.) It's really good. I love it The fact Megan is in there was CRAZY I don't know what else to say but Actually yes i do. The visuals, vocals, concept is really nice I really like it. Thank you Twice and Red Velvet ( special mentioned cause why not? ) for ending our 2024 with the best songs ever. <3",listening to this the st time since i kind of didnt like one spark i love twice with all my heart its really good i love it the fact megan is in there was crazy i dont know what else to say but actually yes i do the visuals vocals concept is really nice i really like it thank you twice and red velvet special mentioned cause why not for ending our with the best songs ever,
TWICE_Strategy,Lovely TWICE :-),lovely twice,
TWICE_Strategy,3:10 I wish Meagan was in this partttt it would’ve been even better!!,i wish meagan was in this partttt it wouldve been even better,
TWICE_Strategy,Is Strategy-trategy is a Korean version? They got speak Korea?,is strategytrategy is a korean version they got speak korea,
TWICE_Strategy,Love this song ❤,love this song,
TWICE_Strategy,This song enter top #3 in my playlist,this song enter top in my playlist,
TWICE_Strategy,this masterpiece keeps repeating on my head 24/7 even tho I'm in the middle of having an important exam,this masterpiece keeps repeating on my head even tho im in the middle of having an important exam,
TWICE_Strategy,The daily views is better than One Spark now.,the daily views is better than one spark now,
TWICE_Strategy,TWICE is the Most Active K-pop Girl Group in 9 years and their song always so good,twice is the most active kpop girl group in years and their song always so good,
TWICE_Strategy,stream strategy onces!!!!,stream strategy onces,
TWICE_Strategy,This masterpiece really live in my brain for free,this masterpiece really live in my brain for free,
TWICE_Strategy,"reminder: pls do not use caps lock when you're commenting, it freezes the views 🗣️🗣️🗣️",reminder pls do not use caps lock when youre commenting it freezes the views,
TWICE_Strategy,any Mina stans here??? 🙋‍♀️🙋‍♀️🙋‍♀️,any mina stans here,
TWICE_Strategy,"let's keep streaming ONCES, let's appreciate all the girls efforts for this just to deliver this masterpiece to us",lets keep streaming onces lets appreciate all the girls efforts for this just to deliver this masterpiece to us,
TWICE_Strategy,can we reach 30 million before new year? let's give this to the girls as a gift Onces!!!,can we reach million before new year lets give this to the girls as a gift onces,
TWICE_Strategy,Before 14 days 22million and stream for mama award 😢😊😊❤🎉❤,before days million and stream for mama award,
TWICE_Strategy,Party O'clock chorus?,party oclock chorus,
TWICE_Strategy,Stream 1 month in 80million atleast❤❤🎉 plzzz😢😊❤❤🎉,stream month in million atleast plzzz,
TWICE_Strategy,"Let's go 30M before 2025!!!
We can do it ONCEEE!!!!",lets go m before we can do it onceee,
TWICE_Strategy,Pretty sad that the world wasn't happy with a cute clean group but had to add crass Megan thee Stallion.,pretty sad that the world wasnt happy with a cute clean group but had to add crass megan thee stallion,
TWICE_Strategy,Best video of the year,best video of the year,
TWICE_Strategy,Pretty girls!!,pretty girls,
TWICE_Strategy,I can't stop singing this song my mom also like it (cryy),i cant stop singing this song my mom also like it cryy,
TWICE_Strategy,I love how Nayeon ends One Spark and Strategy,i love how nayeon ends one spark and strategy,
TWICE_Strategy,Winning is my trademark soon you'll never wanna leavr,winning is my trademark soon youll never wanna leavr,
TWICE_Strategy,"Congratulations TWICE, you've done well in promoting Strategy. Our hard working queens!!",congratulations twice youve done well in promoting strategy our hard working queens,
TWICE_Strategy,Real hot girl shhhh,real hot girl shhhh,
TWICE_Strategy,Str3am Onceus,stram onceus,
TWICE_Strategy,Hey boy!,hey boy,
TWICE_Strategy,Were is the streaming ??,were is the streaming,
TWICE_Strategy,ONCE STR34M HARDER!!,once strm harder,
TWICE_Strategy,So Goood!!! that's freaking awesome!!!! 👍😎❤,so goood thats freaking awesome,
TWICE_Strategy,THIS IS A BANGERR,this is a bangerr,
TWICE_Strategy,20M welcome!!!♡,m welcome,
TWICE_Strategy,HEY BOY I'MA GET YA,hey boy ima get ya,
TWICE_Strategy,",welcome 20M🎉",welcome m,
TWICE_Strategy,"keep using the song everywhere! tiktok, x, fb, ig, yt!!!!",keep using the song everywhere tiktok x fb ig yt,
TWICE_Strategy,comment “eyyy” if ur still streaming,comment eyyy if ur still streaming,
TWICE_Strategy,Hey boy〜,hey boy,
TWICE_Strategy,Midzy here thank you once for supporting gold by itzy,midzy here thank you once for supporting gold by itzy,
TWICE_Strategy,I still want a long journey with TWICE who else?,i still want a long journey with twice who else,
TWICE_Strategy,"Hey, boy, I'ma getcha
I'ma getcha real good and I betcha
(It's Megan Thee Stallion)
Hey, boy, once I getcha
You'll be, oh, so glad that I metcha
(And TWICE)

Ah-oh!

 
Step 1
Do my highlight
Make me shine so bright
In the moonlight

Step 2
Silhouette tight
Baby, even my shadow
Looks good, right?

Step 3
When I arrive
Make you look my way
With your heart eyes

Step 4
Got you on the floor
Make you say
More, more, more

When I say hi
I'm feeling all your attention on me
Hi, no reason to be so shy with me

I ain't gonna bite, comе on over (No)
I know you wanna move a little closеr (Yeah)

I got a plan to get you with me (Ah)


I got you on my radar
Soon you're gonna be with me
My strategy, strategy
Will getcha, getcha, baby

Winning is my trademark
Soon you'll never wanna leave
My strategy, strategy
Will getcha, getcha, baby


Hey, boy, I'ma getcha
I'ma getcha real good and I betcha
Hey, boy, once I getcha
You'll be, oh, so glad that I metcha


When your cheeks go red (That's cute)
I wanna dance, you said (Oh, cool)
'Til I'm in your head (It's cruel)
And you can't forget

You're feeling things now
And you're confused
Watching my body getting loose
You don't know what you're gonna do
You're mine

When I say hi
I'm feeling all your attention on me
Hi, no reason to be so shy with me

I ain't gonna bite, come on over (No)
I know you wanna move a little closer (Yeah)

I got a plan to get you with me (Ah)


I got you on my radar
Soon you're gonna be with me
My strategy, strategy
Will getcha, getcha, baby

Winning is my trademark
Soon you'll never wanna leave
My strategy, strategy
Will getcha, getcha, baby



Real hot girl sheeee

Do you like that?
When I smack it and 
You watch it bounce it right back?
He really lost it
When he saw me do the right, left

I'ma man eater
You just a light snack
I got him pressed like
He's workin' on his triceps

I'ma flirt, I'ma tease
Baby hurt after me
Tell'em baby
What's a player to the GAME

Sayin' need the word by him
Bringing me to the beach
Jealous? Who?
Girl, please

Left, right, left, right
Do it to the beat
Talk with my body
That's my strategy

Other girls tryin'
But I'm really hard to beat
He'll be mine off my strategy

Left, right, left, right
Do it to the beat
Talk with my body
That's my strategy

Other girls tryin'
But I'm really hard to beat
He'll be mine off my strategy



My strategy, strategy
Like gravity, gravity
One look at me, look at me
I betcha, betcha, betcha, boy

You'll be down on your knees
Calling me up begging me don't leave
My strategy, strategy
Will getcha, getcha, getcha, boy

(Ah-oh!)

 
Hey, boy, I'ma getcha
I'ma getcha real good and I betcha
Hey, boy, once I getcha
You'll be, oh, so glad that I metcha

Hey, boy, I'ma getcha
I'ma getcha real good and I betcha
Hey, boy, once I getcha
You'll be, oh, so glad that I metcha


Hey, boy, I'ma getcha
I'ma getcha real good and I betcha",hey boy ima getcha ima getcha real good and i betcha its megan thee stallion hey boy once i getcha youll be oh so glad that i metcha and twice ahoh step do my highlight make me shine so bright in the moonlight step silhouette tight baby even my shadow looks good right step when i arrive make you look my way with your heart eyes step got you on the floor make you say more more more when i say hi im feeling all your attention on me hi no reason to be so shy with me i aint gonna bite com on over no i know you wanna move a little closr yeah i got a plan to get you with me ah i got you on my radar soon youre gonna be with me my strategy strategy will getcha getcha baby winning is my trademark soon youll never wanna leave my strategy strategy will getcha getcha baby hey boy ima getcha ima getcha real good and i betcha hey boy once i getcha youll be oh so glad that i metcha when your cheeks go red thats cute i wanna dance you said oh cool til im in your head its cruel and you cant forget youre feeling things now and youre confused watching my body getting loose you dont know what youre gonna do youre mine when i say hi im feeling all your attention on me hi no reason to be so shy with me i aint gonna bite come on over no i know you wanna move a little closer yeah i got a plan to get you with me ah i got you on my radar soon youre gonna be with me my strategy strategy will getcha getcha baby winning is my trademark soon youll never wanna leave my strategy strategy will getcha getcha baby real hot girl sheeee do you like that when i smack it and you watch it bounce it right back he really lost it when he saw me do the right left ima man eater you just a light snack i got him pressed like hes workin on his triceps ima flirt ima tease baby hurt after me tellem baby whats a player to the game sayin need the word by him bringing me to the beach jealous who girl please left right left right do it to the beat talk with my body thats my strategy other girls tryin but im really hard to beat hell be mine off my strategy left right left right do it to the beat talk with my body thats my strategy other girls tryin but im really hard to beat hell be mine off my strategy my strategy strategy like gravity gravity one look at me look at me i betcha betcha betcha boy youll be down on your knees calling me up begging me dont leave my strategy strategy will getcha getcha getcha boy ahoh hey boy ima getcha ima getcha real good and i betcha hey boy once i getcha youll be oh so glad that i metcha hey boy ima getcha ima getcha real good and i betcha hey boy once i getcha youll be oh so glad that i metcha hey boy ima getcha ima getcha real good and i betcha,
TWICE_Strategy,The LEGENDS,the legends,
TWICE_Strategy,Lovely girls,lovely girls,
ATEEZ_IceOnMyTeeth,Not interested in a love call,not interested in a love call,neutral
ATEEZ_IceOnMyTeeth,Oh my goodness FINEEE….I’ll stan them! 🖤,oh my goodness fineeeill stan them,positive
ATEEZ_IceOnMyTeeth,Yunho is breathtaking,yunho is breathtaking,positive
ATEEZ_IceOnMyTeeth,they're so cool,theyre so cool,positive
ATEEZ_IceOnMyTeeth,what a masterpiece,what a masterpiece,positive
ATEEZ_IceOnMyTeeth,I think it would make sense if they actually had ice in their teeth like a diamond grill,i think it would make sense if they actually had ice in their teeth like a diamond grill,neutral
ATEEZ_IceOnMyTeeth,"Last one for today, soon 14 days  keep fighting atinies :)",last one for today soon days keep fighting atinies,neutral
ATEEZ_IceOnMyTeeth,Happy 32M GOOD MORNING 🌞🌄🎉🎉🎉,happy m good morning,neutral
ATEEZ_IceOnMyTeeth,"Yeayyy 32M!
Good morning!",yeayyy m good morning,neutral
ATEEZ_IceOnMyTeeth,"Happy 32M ☆
JAM♡",happy m jam,neutral
ATEEZ_IceOnMyTeeth,"I hate this
Like why are they so f handsome , hot and fine?
They make me go crazy omg",i hate this like why are they so f handsome hot and fine they make me go crazy omg,positive
ATEEZ_IceOnMyTeeth,Happy Thanksgiving to all Atinys who celebrate :-),happy thanksgiving to all atinys who celebrate,positive
ATEEZ_IceOnMyTeeth,"I need to get diamonds from my dentist stat, so San can slap me like that ❤🥲🤭🤤",i need to get diamonds from my dentist stat so san can slap me like that,positive
ATEEZ_IceOnMyTeeth,"Did you know about (S)ong (M)ingi punchline here? - ""Ice on my neck, draw a line on the name and take won and dollars"":
-W- - M upside down
$ - S + | on his necklace
P.S. from video 'mv review pirates searching for values that shine like diamonds' 😉",did you know about song mingi punchline here ice on my neck draw a line on the name and take won and dollars w m upside down s on his necklace ps from video mv review pirates searching for values that shine like diamonds,neutral
ATEEZ_IceOnMyTeeth,Only 2k left for Wonderland to reach 136M gooooo,only k left for wonderland to reach m gooooo,neutral
ATEEZ_IceOnMyTeeth,Lets move on to 33 million soon! Fighting!,lets move on to million soon fighting,neutral
ATEEZ_IceOnMyTeeth,I hope they continue in this path,i hope they continue in this path,positive
ATEEZ_IceOnMyTeeth,This mv is so beautiful and well produced,this mv is so beautiful and well produced,positive
ATEEZ_IceOnMyTeeth,I can’t wait,i cant wait,positive
ATEEZ_IceOnMyTeeth,I can feel their performance is going to be crazy,i can feel their performance is going to be crazy,positive
ATEEZ_IceOnMyTeeth,Ateez are going to perform on Saturday at Melon music awards ! Let’s support them,ateez are going to perform on saturday at melon music awards lets support them,neutral
ATEEZ_IceOnMyTeeth,Best K-pop song of the year ❤️‍🔥,best kpop song of the year,positive
ATEEZ_IceOnMyTeeth,#54 top trending MV,top trending mv,neutral
ATEEZ_IceOnMyTeeth,If you'd like to know about a possible interpretation of IOMT check MV REVIEW Pirates searching for values that shine like diamonds,if youd like to know about a possible interpretation of iomt check mv review pirates searching for values that shine like diamonds,neutral
ATEEZ_IceOnMyTeeth,"Theres something so intruiging about this group. I don't listen to kpop anymore, but they're making me get into it again",theres something so intruiging about this group i dont listen to kpop anymore but theyre making me get into it again,positive
ATEEZ_IceOnMyTeeth,Choi San im in love with you,choi san im in love with you,positive
ATEEZ_IceOnMyTeeth,Wow!!! You guys are fantastic!!! Congrats!!! 🥰,wow you guys are fantastic congrats,positive
ATEEZ_IceOnMyTeeth,EXO-L here to support these amazing boys <3 Kinda reminded me of exo honestly ^^,exol here to support these amazing boys kinda reminded me of exo honestly,positive
ATEEZ_IceOnMyTeeth,Ateez's mansion,ateezs mansion,neutral
ATEEZ_IceOnMyTeeth,Finally 32M,finally m,positive
ATEEZ_IceOnMyTeeth,Yes! Happy 32M🎉,yes happy m,positive
ATEEZ_IceOnMyTeeth,"32M and + , We keep moving forward and taking this ship to the right destination, ATEEZ BREAKS THE LIMITS IN A BIG WAY EVERY TIME, cheer up Atiny",m and we keep moving forward and taking this ship to the right destination ateez breaks the limits in a big way every time cheer up atiny,positive
ATEEZ_IceOnMyTeeth,32 million is almost here!,million is almost here,positive
ATEEZ_IceOnMyTeeth,This song deserves more likes please. This is a fucking GREAT SONG,this song deserves more likes please this is a fucking great song,positive
ATEEZ_IceOnMyTeeth,Carat passing by ~,carat passing by,neutral
ATEEZ_IceOnMyTeeth,Eyes on my ATEEZ....,eyes on my ateez,neutral
ATEEZ_IceOnMyTeeth,"Good night IOMT! 
See you in the morning! <3",good night iomt see you in the morning,neutral
ATEEZ_IceOnMyTeeth,This is one of ateez's best mvs ever,this is one of ateezs best mvs ever,positive
ATEEZ_IceOnMyTeeth,*------Atiny Fighting!!!!!-*,atiny fighting,positive
ATEEZ_IceOnMyTeeth,ATEEZ in their Mafia era !,ateez in their mafia era,neutral
ATEEZ_IceOnMyTeeth,Mannnnn this is the soty,mannnnn this is the soty,positive
ATEEZ_IceOnMyTeeth,Who's doing that background vocals. Goes hard asl,whos doing that background vocals goes hard asl,positive
ATEEZ_IceOnMyTeeth,32 million coming soon!,million coming soon,neutral
ATEEZ_IceOnMyTeeth,Wow. Love this song and the violin sounds sooo cool❤,wow love this song and the violin sounds sooo cool,positive
ATEEZ_IceOnMyTeeth,kq know what are the best group they have,kq know what are the best group they have,positive
ATEEZ_IceOnMyTeeth,"Ice on my teeth❌
Ice om ATEEZ✅",ice on my teeth ice om ateez,neutral
ATEEZ_IceOnMyTeeth,keep streaming atiny ! <3,keep streaming atiny,neutral
ATEEZ_IceOnMyTeeth,"I mentioned it when the mv came out but I repeat it because even today I can't get over this part 
0:24 *-Yunho hits differently literally-* , I love how he does that movement simulating playing tennis and how he moves, I don't know, I simply LOVE IT!!!.",i mentioned it when the mv came out but i repeat it because even today i cant get over this part yunho hits differently literally i love how he does that movement simulating playing tennis and how he moves i dont know i simply love it,positive
ATEEZ_IceOnMyTeeth,"It's confirmed. Seonghwa has a duck snow shaper. 
Just saw his insta posts. 😊🌟🦆",its confirmed seonghwa has a duck snow shaper just saw his insta posts,neutral
ATEEZ_IceOnMyTeeth,san this era is INSANE,san this era is insane,positive
ATEEZ_IceOnMyTeeth,"ATEEZ❤
🖤🖤🖤🖤🖤🖤🖤🖤    LA GRANDE CLASSE 💯💢💥👋🫶👍👏👏👏👏👏👏",ateez la grande classe,
ATEEZ_IceOnMyTeeth,"Sorry I'm not their fan, but I want to know who they are?
0:59 and 2:23",sorry im not their fan but i want to know who they are and,
ATEEZ_IceOnMyTeeth,"938☆
Here from Jongho's Tell Me That You Love Me cover",here from jonghos tell me that you love me cover,
ATEEZ_IceOnMyTeeth,"XG are amazing! Kard have more of the fusion, ATEEZ have loads of bangers, bouncy, guerilla fireworks, Taemin is a solo artist from a 2nd gen group called Shinee",xg are amazing kard have more of the fusion ateez have loads of bangers bouncy guerilla fireworks taemin is a solo artist from a nd gen group called shinee,
ATEEZ_IceOnMyTeeth,"THIS DRIPPP THO 
KILLAZ TO MY HEART 💁💁💁",this drippp tho killaz to my heart,
ATEEZ_IceOnMyTeeth,I think i am gonna stan ateez should i ????,i think i am gonna stan ateez should i,
ATEEZ_IceOnMyTeeth,1:47 nd 1:56  names ??,nd names,
ATEEZ_IceOnMyTeeth,"DAMN I WAS NEVER INTO ATEEZ, BUT I GUESS I AM NOW???!!!!!???",damn i was never into ateez but i guess i am now,
ATEEZ_IceOnMyTeeth,"Let's go for those 32M and +, cheer up Atiny",lets go for those m and cheer up atiny,
ATEEZ_IceOnMyTeeth,Your comeback this time made me excited. and felt strange at the same time But of course I really liked it. It's a comeback that I probably liked the most and will like even more,your comeback this time made me excited and felt strange at the same time but of course i really liked it its a comeback that i probably liked the most and will like even more,
ATEEZ_IceOnMyTeeth,this song is so good,this song is so good,
ATEEZ_IceOnMyTeeth,32M fighting,m fighting,
ATEEZ_IceOnMyTeeth,"31.9M

ateez can still win wins",m ateez can still win wins,
ATEEZ_IceOnMyTeeth,ICE ON MY TEETH,ice on my teeth,
ATEEZ_IceOnMyTeeth,It's giving СЛОВО ПАЦАНА,its giving,
ATEEZ_IceOnMyTeeth,Almost 2 weeks since this song and MV came out and I am still obsessed !!!!,almost weeks since this song and mv came out and i am still obsessed,
ATEEZ_IceOnMyTeeth,Hongjoong and Yunho winked 😍 They make my heart flutter. ~,hongjoong and yunho winked they make my heart flutter,
ATEEZ_IceOnMyTeeth,a carat passing by! i have NO idea whats going on w the mv storyline bc idk the lore but this is a crazy good song and am definitely gonna be listening to it a LOT,a carat passing by i have no idea whats going on w the mv storyline bc idk the lore but this is a crazy good song and am definitely gonna be listening to it a lot,
ATEEZ_IceOnMyTeeth,I mean its a masterpiece alright ❤❤❤,i mean its a masterpiece alright,
ATEEZ_IceOnMyTeeth,They so smooth with it,they so smooth with it,
ATEEZ_IceOnMyTeeth,"Hello❤Atinys
Ice on my teeth🧊
JAM here",helloatinys ice on my teeth jam here,
ATEEZ_IceOnMyTeeth,"Baby atinies have you checked their debut songs  Pirate king and Treasure ??? When they had nothing but passion and determination !!! Go and check, you'll see their growth",baby atinies have you checked their debut songs pirate king and treasure when they had nothing but passion and determination go and check youll see their growth,
ATEEZ_IceOnMyTeeth,but the mv is very goooodddd!!!!,but the mv is very goooodddd,
ATEEZ_IceOnMyTeeth,emm yunho...is bias wrecking me.. help,emm yunhois bias wrecking me help,
ATEEZ_IceOnMyTeeth,Violin heaven,violin heaven,
ATEEZ_IceOnMyTeeth,Choice back again ♡,choice back again,
ATEEZ_IceOnMyTeeth,"825☆
Here from Wooyoung & Choha's IOMT challenge reel. It has one of the highest, if not the highest, number of views on YT. Wished that people stop being lazy and just find out for themselves who she is (hello! Hashtags exist for a reason. Google is free) and then leave nice comments appropriate for her age. Atinys pls dont be dumb. 😤",here from wooyoung chohas iomt challenge reel it has one of the highest if not the highest number of views on yt wished that people stop being lazy and just find out for themselves who she is hello hashtags exist for a reason google is free and then leave nice comments appropriate for her age atinys pls dont be dumb,
ATEEZ_IceOnMyTeeth,Love Ateez so much!!!,love ateez so much,
ATEEZ_IceOnMyTeeth,I AM LIVING FOR THIS AESTHETIC 😭 IT MAKES MY CHEST TINGLE,i am living for this aesthetic it makes my chest tingle,
ATEEZ_IceOnMyTeeth,Today~Ice on my path~❤,todayice on my path,
ATEEZ_IceOnMyTeeth,Cub is passing by. Good evening!,cub is passing by good evening,
ATEEZ_IceOnMyTeeth,My white tee :),my white tee,
ATEEZ_IceOnMyTeeth,The best song of ATEEZ in my mind,the best song of ateez in my mind,
ATEEZ_IceOnMyTeeth,THEY'RE ALWAYS KILLED IT,theyre always killed it,
ATEEZ_IceOnMyTeeth,I LOVE THE INSTRUMENT,i love the instrument,
ATEEZ_IceOnMyTeeth,im not fine yall,im not fine yall,
ATEEZ_IceOnMyTeeth,Happy Thursday! Starting my Thanksgiving with Ateez as the main course. Many thanks to Atiny and friends helping stream IOMT. ♥️🥂,happy thursday starting my thanksgiving with ateez as the main course many thanks to atiny and friends helping stream iomt,
ATEEZ_IceOnMyTeeth,Love chocolate too ^^,love chocolate too,
ATEEZ_IceOnMyTeeth,Hace mucho fríooooo,hace mucho frooooo,
ATEEZ_IceOnMyTeeth,I love very this song ❤,i love very this song,
ATEEZ_IceOnMyTeeth,[1:17] ICE ON MY TEETH CENTRE JUNG WOOYOUNG🌡,ice on my teeth centre jung wooyoung,
ATEEZ_IceOnMyTeeth,"[2:40] SH!!TT the whispered ""SMACK IT"" AND ""YOU'RE THE ONE I'M TRYING TO FINISH"" with SAN shoulders scene....DAWG!! ATEEZ! 🛐🛐",shtt the whispered smack it and youre the one im trying to finish with san shoulders scenedawg ateez,
ATEEZ_IceOnMyTeeth,[2:50] THE POWER THEY HOLD IS INSANE!,the power they hold is insane,
ATEEZ_IceOnMyTeeth,"Ice on my teeth,ice on my tee
Ice on my teeth, on my white tee",ice on my teethice on my tee ice on my teeth on my white tee,
ATEEZ_IceOnMyTeeth,[0:16] NOW THIS IS HOW YOU START A SONG!,now this is how you start a song,
ATEEZ_IceOnMyTeeth,"753k
Have a wonderful Thursday, Atiny. Jensetter here!💙
Mantra x Ice On My Teeth",k have a wonderful thursday atiny jensetter here mantra x ice on my teeth,
ATEEZ_IceOnMyTeeth,Join stationhead for streeming party Atinys🥰,join stationhead for streeming party atinys,
ATEEZ_IceOnMyTeeth,"I found out that ATEEZ was a finalist for BBMAs! ✨✨
I v0ted for them ☺❤ (JAM♡）",i found out that ateez was a finalist for bbmas i vted for them jam,
ATEEZ_IceOnMyTeeth,THIS MV IS ACTUALLY FANTASTIC & MAGNIFICENT!,this mv is actually fantastic magnificent,
ATEEZ_IceOnMyTeeth,we are SO back❤❤,we are so back,
ATEEZ_IceOnMyTeeth,"742☆
Here from today's visit to Leemujin service with San",here from todays visit to leemujin service with san,
ATEEZ_IceOnMyTeeth,Ateez always having the most stylistically satisfying mvs!,ateez always having the most stylistically satisfying mvs,
ATEEZ_IceOnMyTeeth,Loved it ♡♡♡,loved it,
ATEEZ_IceOnMyTeeth,Love from Greece ❤️,love from greece,
ATEEZ_IceOnMyTeeth,Ok atinys go crazy and tell me about the guy here 0:51,ok atinys go crazy and tell me about the guy here,
ATEEZ_IceOnMyTeeth,"JAM here to get Ice On My Teeth 
JO1 ICY x ATEEZ Ice On My Teeth",jam here to get ice on my teeth jo icy x ateez ice on my teeth,
ATEEZ_IceOnMyTeeth,Let's keep streaming Atiny 💪🔥. Thank you and love you ❤❤,lets keep streaming atiny thank you and love you,
ATEEZ_IceOnMyTeeth,"visit on snow covered day 
Ice On My Teeth × I like the way 
ATEEZ × Kim Woojin",visit on snow covered day ice on my teeth i like the way ateez kim woojin,
ATEEZ_IceOnMyTeeth,I have currently contributed to about 500 views out of the 31 million...and there's no stopping me. 😂😂,i have currently contributed to about views out of the millionand theres no stopping me,
ATEEZ_IceOnMyTeeth,"Not interested in a love call
Chew 'em up and keep' em shut
Ooooooooo",not interested in a love call chew em up and keep em shut ooooooooo,
ATEEZ_IceOnMyTeeth,aye #96 global top music,aye global top music,
ATEEZ_IceOnMyTeeth,"708☆
Here from Answer ♥︎ 94M --> 100M",here from answer m m,
ATEEZ_IceOnMyTeeth,"2:50  note the ""ICE "" in his teeth ?",note the ice in his teeth,
ATEEZ_IceOnMyTeeth,Whoever convinced ateez to sing abt money n dime did a great job,whoever convinced ateez to sing abt money n dime did a great job,
ATEEZ_IceOnMyTeeth,ayyy I'm still here atinys,ayyy im still here atinys,
ATEEZ_IceOnMyTeeth,Good morning Atinys and friends❤32M coming soon.Have fun while swimming 🥰Fighting!,good morning atinys and friendsm coming soonhave fun while swimming fighting,
ATEEZ_IceOnMyTeeth,lawd have mercy- 🔥,lawd have mercy,
ATEEZ_IceOnMyTeeth,let’s go atiny!!!❤❤,lets go atiny,
ATEEZ_IceOnMyTeeth,hit that booty and shake it is a violation,hit that booty and shake it is a violation,
ATEEZ_IceOnMyTeeth,Yunho really shined in this cb,yunho really shined in this cb,
ATEEZ_IceOnMyTeeth,Wish everyone a great day :),wish everyone a great day,
ATEEZ_IceOnMyTeeth,Morning ^^,morning,
ATEEZ_IceOnMyTeeth,A work of art very pleasant to both the eye and ear,a work of art very pleasant to both the eye and ear,
ATEEZ_IceOnMyTeeth,Kq is not good at advertising. Ateez's music gets known because of Ateez and Atinys. Imagine if Kq puts 💯 effort into advertising? That'll be huuggee 😮,kq is not good at advertising ateezs music gets known because of ateez and atinys imagine if kq puts effort into advertising thatll be huuggee,
ATEEZ_IceOnMyTeeth,3:00 Take a bear to work day.,take a bear to work day,
ATEEZ_IceOnMyTeeth,Morning!!! Happy Thursday and keep working :),morning happy thursday and keep working,
ATEEZ_IceOnMyTeeth,I love them. I will keep rooting for Ateez!,i love them i will keep rooting for ateez,
ATEEZ_IceOnMyTeeth,"I’m always by your side 
Ice on my teeth",im always by your side ice on my teeth,
ATEEZ_IceOnMyTeeth,They just get cuntier everybody comeback,they just get cuntier everybody comeback,
ATEEZ_IceOnMyTeeth,That OT8 bridge is crazy!! SO GOOD,that ot bridge is crazy so good,
ATEEZ_IceOnMyTeeth,-----Again and again here I insist my mind will have to pay rent because it lives 24/7 WITH THIS ANTHEM!!!---,again and again here i insist my mind will have to pay rent because it lives with this anthem,
ATEEZ_IceOnMyTeeth,Let's all have fun today ~!! 💖,lets all have fun today,
ATEEZ_IceOnMyTeeth,Yeosang is so beautiful it almost hurts,yeosang is so beautiful it almost hurts,
ATEEZ_IceOnMyTeeth,the chess reference is 🤌🤌,the chess reference is,
ATEEZ_IceOnMyTeeth,The one in black is mine,the one in black is mine,
ATEEZ_IceOnMyTeeth,Road to 32M let's goooo,road to m lets goooo,
ATEEZ_IceOnMyTeeth,RECONTRA LIKE!! TEMAZOOO,recontra like temazooo,
ATEEZ_IceOnMyTeeth,GLAM SLAM LIKE TENIS,glam slam like tenis,
ATEEZ_IceOnMyTeeth,"I'm a moa and I'm giving all my love to this song, congratulations 🌟💯",im a moa and im giving all my love to this song congratulations,
ATEEZ_IceOnMyTeeth,Keep streaming ATINY !!! GO GO to 100Milions,keep streaming atiny go go to milions,
ATEEZ_IceOnMyTeeth,"Ice On My Teeth, Ice On My Teeth ~",ice on my teeth ice on my teeth,
ATEEZ_IceOnMyTeeth,Are the views frozen again?? Keep going atiny!,are the views frozen again keep going atiny,
ATEEZ_IceOnMyTeeth,San can defo smack me like that 😏😏😏,san can defo smack me like that,
ATEEZ_IceOnMyTeeth,Asians rapping is so silly to me. It’s like British people rapping. If you take all of the violence and emotion of American rap and made it solely sex appeal you’d have every single male kpop rapper.,asians rapping is so silly to me its like british people rapping if you take all of the violence and emotion of american rap and made it solely sex appeal youd have every single male kpop rapper,
ATEEZ_IceOnMyTeeth,They deserve 100M 😭💔,they deserve m,
ATEEZ_IceOnMyTeeth,risking my exam prep to stream this.,risking my exam prep to stream this,
ATEEZ_IceOnMyTeeth,"Still here, love them",still here love them,
ATEEZ_IceOnMyTeeth,32.449 and Rising......,and rising,
ATEEZ_IceOnMyTeeth,Back for more,back for more,
ATEEZ_IceOnMyTeeth,Swimming by CARAT !,swimming by carat,
ATEEZ_IceOnMyTeeth,"434☆
Good morning!
Rhyming tennis with tennis is okay bc we fishy fishy like 😂",good morning rhyming tennis with tennis is okay bc we fishy fishy like,
ATEEZ_IceOnMyTeeth,They definitely put their money where their mouth is😁🏴‍☠️,they definitely put their money where their mouth is,
ATEEZ_IceOnMyTeeth,Back to show support to Ice on my teeth! <3,back to show support to ice on my teeth,
ATEEZ_IceOnMyTeeth,"CONGRATULATIONS 31M 🎊 
LET'S GO ATINY!!!
ICE ON MY TEETH ~",congratulations m lets go atiny ice on my teeth,
ATEEZ_IceOnMyTeeth,It's never enough when it comes to these 8 pirates,its never enough when it comes to these pirates,
ATEEZ_IceOnMyTeeth,first KATSEYE and now ATEEZ?? what did the chandeliers do to y'all?,first katseye and now ateez what did the chandeliers do to yall,
ATEEZ_IceOnMyTeeth,the day (i think) i become atiny,the day i think i become atiny,
ATEEZ_IceOnMyTeeth,Morning Atiny. Still vote for Ice On My Teeth 1st Win and success. Support our gorgeous Pirate Kings Ateez till the end. Gajja!!!,morning atiny still vote for ice on my teeth st win and success support our gorgeous pirate kings ateez till the end gajja,
ATEEZ_IceOnMyTeeth,"I'm so happy they sing in their lower register, I love deep voices that's why I prefer boy groups",im so happy they sing in their lower register i love deep voices thats why i prefer boy groups,
ATEEZ_IceOnMyTeeth,"Even down to the beat 

Please I'm in love with this song literally 🤩",even down to the beat please im in love with this song literally,
ATEEZ_IceOnMyTeeth,"Speechless 😶 



Dammmmmmmnnnnnnnnnn❤❤❤❤❤

This is the first ateez mv that forced me to comment and even look for it on YouTube like seriously Damn❤

Please keep this up I love the mv and song every thing 😻",speechless dammmmmmmnnnnnnnnnn this is the first ateez mv that forced me to comment and even look for it on youtube like seriously damn please keep this up i love the mv and song every thing,
ATEEZ_IceOnMyTeeth,Who's watching this in 2024?,whos watching this in,
ATEEZ_IceOnMyTeeth,Wonderland & Work close to the next million :),wonderland work close to the next million,
ATEEZ_IceOnMyTeeth,"Finally, a company placed advertisements on it. You should have done this while returning",finally a company placed advertisements on it you should have done this while returning,
ATEEZ_IceOnMyTeeth,I kinda wished they had another music video made for one of the b-sides in this album- Man on Fire for example -just imagine the choreography for that track <3,i kinda wished they had another music video made for one of the bsides in this album man on fire for example just imagine the choreography for that track,
ATEEZ_IceOnMyTeeth,Last time around today.See you again tomorrow.Let`s keep up the good work❤Good night😊,last time around todaysee you again tomorrowlets keep up the good workgood night,
ATEEZ_IceOnMyTeeth,Haters are back,haters are back,
ATEEZ_IceOnMyTeeth,"My god...face, hair, the song! Aghases show up!🎉❤",my godface hair the song aghases show up,
ATEEZ_IceOnMyTeeth,Yooo ATEEZ are at #1 on *BILLBOARD ARTIST 100* 😭😭😭✋🎉🎉🎉🎉 I AM CRYING BYEE,yooo ateez are at on billboard artist i am crying byee,
ATEEZ_IceOnMyTeeth,My heart stopped here ❤️‍🔥2:35,my heart stopped here,
ATEEZ_IceOnMyTeeth,Your joking this song is released on my birthday 😮❤,your joking this song is released on my birthday,
ATEEZ_IceOnMyTeeth,"You're the one I'm tryna finish>>>3 







As we are alive?
They totally did",youre the one im tryna finish as we are alive they totally did,
ATEEZ_IceOnMyTeeth,This mv is so beautiful,this mv is so beautiful,
ATEEZ_IceOnMyTeeth,The ending is amazing,the ending is amazing,
ATEEZ_IceOnMyTeeth,They are so cool,they are so cool,
ATEEZ_IceOnMyTeeth,"I’m totally obsessed by this MV. The song, the flow, the rythm, their stunning visuals and the so synchro dance. Everything is so cool and I don’t give a damn about the lyrics, cause i’m french and didn’t understood anything 😂",im totally obsessed by this mv the song the flow the rythm their stunning visuals and the so synchro dance everything is so cool and i dont give a damn about the lyrics cause im french and didnt understood anything,
ATEEZ_IceOnMyTeeth,Make it rain,make it rain,
ATEEZ_IceOnMyTeeth,"This whole MV has me on my knees, this song is being on repeat since it came out GOOD LORD",this whole mv has me on my knees this song is being on repeat since it came out good lord,
ATEEZ_IceOnMyTeeth,Lets move on to 32 million soon! Fighting!,lets move on to million soon fighting,
ATEEZ_IceOnMyTeeth,OMG.I really love this song 😭🙏🏻,omgi really love this song,
ATEEZ_IceOnMyTeeth,"---I hope you win, we have to unite, come on Atiny, if possible, every grain of sand counts----- .",i hope you win we have to unite come on atiny if possible every grain of sand counts,
ATEEZ_IceOnMyTeeth,"A complete 10/10 videography! Loved the song, the beats, dance, their style, video aesthetic - everything is on point",a complete videography loved the song the beats dance their style video aesthetic everything is on point,
ATEEZ_IceOnMyTeeth,Fighting,fighting,
ATEEZ_IceOnMyTeeth,We can win this,we can win this,
ATEEZ_IceOnMyTeeth,Vote on mubeat for music core !!,vote on mubeat for music core,
ATEEZ_IceOnMyTeeth,"When Mingi says chocolate, why do I think of the song ""Work"" while dressing like Willy Wonka? 😂❤",when mingi says chocolate why do i think of the song work while dressing like willy wonka,
ATEEZ_IceOnMyTeeth,It’s crazy because when finish this video and then go to another ateez video but the universe said I’m not finished listening to this song so I gotta do what the God say and listen to this song another 300 times,its crazy because when finish this video and then go to another ateez video but the universe said im not finished listening to this song so i gotta do what the god say and listen to this song another times,
ATEEZ_IceOnMyTeeth,keep yunho opening ateez songs always because he amazing,keep yunho opening ateez songs always because he amazing,
ATEEZ_IceOnMyTeeth,This is such an ear worm I love it,this is such an ear worm i love it,
ATEEZ_IceOnMyTeeth,"Good Night, See ya' in morning ♡",good night see ya in morning,
ATEEZ_IceOnMyTeeth,Fantasy entering Atiny airspace! 💫,fantasy entering atiny airspace,
ATEEZ_IceOnMyTeeth,I just don't have words to describe how do I feel about this song is just so PERFECT!,i just dont have words to describe how do i feel about this song is just so perfect,
ATEEZ_IceOnMyTeeth,"Here supporting the pirates with everything possible, cheer up Atiny",here supporting the pirates with everything possible cheer up atiny,
ATEEZ_IceOnMyTeeth,atiny please dont support the ai fancalls! <33,atiny please dont support the ai fancalls,
ATEEZ_IceOnMyTeeth,MINGI GUAPO ♡♡♡ ICE ON MY TEETH,mingi guapo ice on my teeth,
ATEEZ_IceOnMyTeeth,"cried watching this masterpiece, love u ateez",cried watching this masterpiece love u ateez,
ATEEZ_IceOnMyTeeth,31 261... Enough!,enough,
ATEEZ_IceOnMyTeeth,I bought diamonds at my dentist ~,i bought diamonds at my dentist,
ATEEZ_IceOnMyTeeth,It’s good man,its good man,
ATEEZ_IceOnMyTeeth,It’s good man🎉,its good man,
ATEEZ_IceOnMyTeeth,missed opportunity coulda put them on some grill,missed opportunity coulda put them on some grill,
ATEEZ_IceOnMyTeeth,"❤❤❤❤❤❤ lots of love from India

Love u ateez ❤❤❤",lots of love from india love u ateez,
ATEEZ_IceOnMyTeeth,Please atiny vote on mubeat,please atiny vote on mubeat,
ATEEZ_IceOnMyTeeth,"Plz tell me ""you're the one i'm tryna finish""  It means?? I'm sorry....i don't get it🙏",plz tell me youre the one im tryna finish it means im sorryi dont get it,
ATEEZ_IceOnMyTeeth,My ateez,my ateez,
ATEEZ_IceOnMyTeeth,We are doing great with the mv ;),we are doing great with the mv,
ATEEZ_IceOnMyTeeth,Let’s give them at least one win this comeback !,lets give them at least one win this comeback,
ATEEZ_IceOnMyTeeth,Atinys please help us vote on mubeat for music core !! We need you,atinys please help us vote on mubeat for music core we need you,
ATEEZ_IceOnMyTeeth,I love the mv so much,i love the mv so much,
ATEEZ_IceOnMyTeeth,Catchy song,catchy song,
ATEEZ_IceOnMyTeeth,"THE BEST FK MV EVER, LOVE THIS¡¡¡¡¡¡¡¡¡¡¡¡¡!!!!!!!!!!!!",the best fk mv ever love this,
ATEEZ_IceOnMyTeeth,theyre crazy good,theyre crazy good,
ATEEZ_IceOnMyTeeth,Koreans have finally entered their trill era. #paulwall,koreans have finally entered their trill era,
ATEEZ_IceOnMyTeeth,"215k
Fighting ♡",k fighting,
ATEEZ_IceOnMyTeeth,Wow just as expected from ateez 🫶 seonghwa part really choked me fr  😳,wow just as expected from ateez seonghwa part really choked me fr,
ATEEZ_IceOnMyTeeth,Terngiang ngiang ice on my teeth..,terngiang ngiang ice on my teeth,
ATEEZ_IceOnMyTeeth,Why is this video 10hours long🥵😩,why is this video hours long,
ATEEZ_IceOnMyTeeth,If you can still get the album please buy in person! We’re free falling off the BB chart,if you can still get the album please buy in person were free falling off the bb chart,
ATEEZ_IceOnMyTeeth,hi boss dito n nmn em,hi boss dito n nmn em,
ATEEZ_IceOnMyTeeth,Love it no no like love this no no iam obsessed with this ✨,love it no no like love this no no iam obsessed with this,
ATEEZ_IceOnMyTeeth,Why i cannot watch only this song in Russia???,why i cannot watch only this song in russia,
ATEEZ_IceOnMyTeeth,but ateez the best 🧡🎻,but ateez the best,
ATEEZ_IceOnMyTeeth,PLEASE ATINY VOTE FOR ATEEZ'S ATINY FOR TOP KPOP FAN ARMY POLLS  ON BBMAs please please vote there !!!!,please atiny vote for ateezs atiny for top kpop fan army polls on bbmas please please vote there,
ATEEZ_IceOnMyTeeth,bro they look like mafias,bro they look like mafias,
ATEEZ_IceOnMyTeeth,"Good night❤Atinys
Thank you for all your support😊
JAM here",good nightatinys thank you for all your support jam here,
ATEEZ_IceOnMyTeeth,I'm not Atiny but the vibe got me here. It's so good it's the vibe yeah 🎉❤👍,im not atiny but the vibe got me here its so good its the vibe yeah,
ATEEZ_IceOnMyTeeth,"As dentist assistant, the part ""i bought diamonds  at my dentist "" I agree  with cause getting  thouse is really really expensive 😂😂😂😂😂😂😂",as dentist assistant the part i bought diamonds at my dentist i agree with cause getting thouse is really really expensive,
ATEEZ_IceOnMyTeeth,I like the ballet,i like the ballet,
ATEEZ_IceOnMyTeeth,"I watched a reaction by 2 Korean girls (they have English subs) , I really liked their reaction but mentioned they didn't know Ateez had debuted 6 years ago because they had never heard of them before Bouncy. So I thought if we visited their channel and asked them to react to their Killing voice maybe more Korean people would get to know about them. It's just a thought. In case you want to see their reaction the channel is MUMUTO .",i watched a reaction by korean girls they have english subs i really liked their reaction but mentioned they didnt know ateez had debuted years ago because they had never heard of them before bouncy so i thought if we visited their channel and asked them to react to their killing voice maybe more korean people would get to know about them its just a thought in case you want to see their reaction the channel is mumuto,
ATEEZ_IceOnMyTeeth,Omg I love you all 😅😢🎉❤,omg i love you all,
ATEEZ_IceOnMyTeeth,"Wow, 'Ice on my teeth' is one of the best solo amazing 😍 K-pop (ATEEJ) I love it.🎉💓♥️❤️😍",wow ice on my teeth is one of the best solo amazing kpop ateej i love it,
ATEEZ_IceOnMyTeeth,YESSSS THE LEADER IS BACK 💚🐥🔥,yessss the leader is back,
ATEEZ_IceOnMyTeeth,Nice song love it,nice song love it,
ATEEZ_IceOnMyTeeth,"As a hip hop lover, rhyming tennis with tennis is LAZY!!! Its such a good song and the chorus rhyme scheme needs to match that! Great visuals as always though 🤌👍",as a hip hop lover rhyming tennis with tennis is lazy its such a good song and the chorus rhyme scheme needs to match that great visuals as always though,
ATEEZ_IceOnMyTeeth,Good morning and yay 31 million!,good morning and yay million,
ATEEZ_IceOnMyTeeth,ateez what's 4+4?,ateez whats,
ATEEZ_IceOnMyTeeth,"111k. Happy 31million!🎊
Have a beautiful Wednesday, Atiny. Jensetter here!💙
Mantra x Ice On My Teeth",k happy million have a beautiful wednesday atiny jensetter here mantra x ice on my teeth,
ATEEZ_IceOnMyTeeth,"People keep searching for lucinta luna in the comments. 🤭
Someone did a pirate work by making an edit of her and this mv, lured everyone here.
P.S. Indonesian atiny, my respects to you. 😸",people keep searching for lucinta luna in the comments someone did a pirate work by making an edit of her and this mv lured everyone here ps indonesian atiny my respects to you,
ATEEZ_IceOnMyTeeth,"Have a great day, Atiny! Choice here :)",have a great day atiny choice here,
ATEEZ_IceOnMyTeeth,SANNNN ITS BEEN 2 WEEKSSS WHAT IM STILL ATTACEHDJDKNDKSJ,sannnn its been weeksss what im still attacehdjdkndksj,
ATEEZ_IceOnMyTeeth,"What's the cutest thing you saw today?
Video of IOMT mansion made with animal crossing. 😊",whats the cutest thing you saw today video of iomt mansion made with animal crossing,
ATEEZ_IceOnMyTeeth,"FANTASY comes to check if the diamonds are still in place. Have a great day, ATINY friends.
🎶ICE ON MY TEETH x DWBH🎶
ATEEZ x SF9",fantasy comes to check if the diamonds are still in place have a great day atiny friends ice on my teeth x dwbh ateez x sf,
ATEEZ_IceOnMyTeeth,Ice on my teeth ❤,ice on my teeth,
ATEEZ_IceOnMyTeeth,Ohhhh so hot😮,ohhhh so hot,
ATEEZ_IceOnMyTeeth,I’M OBSESSED,im obsessed,
ATEEZ_IceOnMyTeeth,Kpop Peaky Blinders ahh vibe,kpop peaky blinders ahh vibe,
ATEEZ_IceOnMyTeeth,I need another like button. I would like to press it million times ❤❤❤,i need another like button i would like to press it million times,
ATEEZ_IceOnMyTeeth,"What a refreshing concept.

Bad boys ❌
Villainous mafia CEO ✅

Need to see more mature Men concepts in K-pop",what a refreshing concept bad boys villainous mafia ceo need to see more mature men concepts in kpop,
ATEEZ_IceOnMyTeeth,"31M! Congrats! Atinys🎉
So addictive ❤ (JAM♡）",m congrats atinys so addictive jam,
ATEEZ_IceOnMyTeeth,It is a crime that we don't have a studio choom version of this,it is a crime that we dont have a studio choom version of this,
ATEEZ_IceOnMyTeeth,They have the best vocals and rap line❤️🔥,they have the best vocals and rap line,
ATEEZ_IceOnMyTeeth,"Carat right heree>_<

Ateez 'Ice On My Teeth' x Seventeen 'Love Money Fame'",carat right heree ateez ice on my teeth x seventeen love money fame,
ATEEZ_IceOnMyTeeth,"GUYS GET ON MUBEAT NOW, WIDEN THE GAP MORE!!! GOGOGO!!",guys get on mubeat now widen the gap more gogogo,
ATEEZ_IceOnMyTeeth,Join ststionhead Atinys for streeming party🥰,join ststionhead atinys for streeming party,
ATEEZ_IceOnMyTeeth,"Don't forget to visit Answer, only 6M left for 100M :)",dont forget to visit answer only m left for m,
ATEEZ_IceOnMyTeeth,Eat more chocolate according to Mingi 😂,eat more chocolate according to mingi,
ATEEZ_IceOnMyTeeth,Their visuals for this comeback just crazily good❤ happy 31M🎉,their visuals for this comeback just crazily good happy m,
ATEEZ_IceOnMyTeeth,Eyes on Hong Joong's white teeth 🪥😂,eyes on hong joongs white teeth,
ATEEZ_IceOnMyTeeth,Swing by Answer ❤,swing by answer,
ATEEZ_IceOnMyTeeth,Yall i can proudly say that I am probably 100 of the 31 million views on this mv. In the spirit of thanksgiving...  i am very grateful for this piece of art lol,yall i can proudly say that i am probably of the million views on this mv in the spirit of thanksgiving i am very grateful for this piece of art lol,
ATEEZ_IceOnMyTeeth,"Congrats on 31M
Ice On My Teeth × What U say 
ATEEZ × Kim Woojin",congrats on m ice on my teeth what u say ateez kim woojin,
ATEEZ_IceOnMyTeeth,CONTINUE UNTIL THE END,continue until the end,
ATEEZ_IceOnMyTeeth,cant get it out of my head😅 ❤❤,cant get it out of my head,
ATEEZ_IceOnMyTeeth,its like chocolate??? they so purposely gave that TO MINGIIII😭❤,its like chocolate they so purposely gave that to mingiiii,
ATEEZ_IceOnMyTeeth,Mubeat voting music core ongoing 🏃🏻‍♀️,mubeat voting music core ongoing,
ATEEZ_IceOnMyTeeth,Morning!!! Let's do our best today too :),morning lets do our best today too,
ATEEZ_IceOnMyTeeth,little by little Ateez will get there,little by little ateez will get there,
ATEEZ_IceOnMyTeeth,"""Ice On My Teeth, Ice On My Teeth for my white tee"" we say in unison☝",ice on my teeth ice on my teeth for my white tee we say in unison,
ATEEZ_IceOnMyTeeth,Hello atiny! Midzy here to support!! Let's get 32M!!! Ice on my teeth x gold!!,hello atiny midzy here to support lets get m ice on my teeth x gold,
ATEEZ_IceOnMyTeeth,Ateez won the Music Bank Pre voting. I hope they'll receive their 1st ever win for this comeback this coming Friday.,ateez won the music bank pre voting i hope theyll receive their st ever win for this comeback this coming friday,
ATEEZ_IceOnMyTeeth,Good morning Atinys and friends❤Wish you all a wounderful wednesday❤,good morning atinys and friendswish you all a wounderful wednesday,
ATEEZ_IceOnMyTeeth,3:17 San why that look SCARES me?🙂🙂🙂🙂,san why that look scares me,
NCTDREAM_WhenImWithYou,Its been 13 days since it released time fly so fast😢,its been days since it released time fly so fast,neutral
NCTDREAM_WhenImWithYou,Day and night with you,day and night with you,positive
NCTDREAM_WhenImWithYou,When I’m with dream 🥰🩵🩵🩵🩵,when im with dream,positive
NCTDREAM_WhenImWithYou,"Everything about this song is beautiful, thank you nct dream for always giving us masterpieces",everything about this song is beautiful thank you nct dream for always giving us masterpieces,positive
NCTDREAM_WhenImWithYou,Thankyou for being 7 and sing this beautiful song!!!!!! Thankyou for always happy and healthy dreamies you guys really human medicine ❤❤❤❤❤❤❤❤❤❤❤🎉🎉🎉🎉🎉 wishing this album successfully and i will wait 7dreamies in TDS4 Concert in jakarta!! I wish i have a chance to meet 7dreamies again!!,thankyou for being and sing this beautiful song thankyou for always happy and healthy dreamies you guys really human medicine wishing this album successfully and i will wait dreamies in tds concert in jakarta i wish i have a chance to meet dreamies again,positive
NCTDREAM_WhenImWithYou,OYY AYUKKK STREAM PLIS,oyy ayukkk stream plis,neutral
NCTDREAM_WhenImWithYou,NCT DREAM is the best,nct dream is the best,positive
NCTDREAM_WhenImWithYou,Congrasttt❤🎉,congrasttt,positive
NCTDREAM_WhenImWithYou,Sugohesso,sugohesso,positive
NCTDREAM_WhenImWithYou,Kecanduan when im with you,kecanduan when im with you,positive
NCTDREAM_WhenImWithYou,likes are increasing as well<33,likes are increasing as well,positive
NCTDREAM_WhenImWithYou,Fighting for 11M ~~✓,fighting for m,neutral
NCTDREAM_WhenImWithYou,"Coming from Nopogy 😅 just had time to stay on the internet. Well i agree with Shownu, its catchy indeed.",coming from nopogy just had time to stay on the internet well i agree with shownu its catchy indeed,positive
NCTDREAM_WhenImWithYou,Come on guys,come on guys,neutral
NCTDREAM_WhenImWithYou,Don't forget to listen to the song on all music platforms,dont forget to listen to the song on all music platforms,neutral
NCTDREAM_WhenImWithYou,"always listen to this song wherever... let's watch and listen to this MV often, we can definitely give a lot of wins to 7dream as long as we stay consistent",always listen to this song wherever lets watch and listen to this mv often we can definitely give a lot of wins to dream as long as we stay consistent,neutral
NCTDREAM_WhenImWithYou,dont forget to vote dream on allchart pre voting guys,dont forget to vote dream on allchart pre voting guys,neutral
NCTDREAM_WhenImWithYou,"Let's be consistent str3ming again, 11M let's go guys fighting",lets be consistent strming again m lets go guys fighting,neutral
NCTDREAM_WhenImWithYou,"I just met them and I already loved them, I loved the songs, they're great, I'm from Brazil, they've gone far",i just met them and i already loved them i loved the songs theyre great im from brazil theyve gone far,positive
NCTDREAM_WhenImWithYou,Still here for Dreamies,still here for dreamies,positive
NCTDREAM_WhenImWithYou,fighting. everyone!!,fighting everyone,positive
NCTDREAM_WhenImWithYou,Sad :( but its okay,sad but its okay,positive
NCTDREAM_WhenImWithYou,Keep streaming guys for 7 dreams..,keep streaming guys for dreams,neutral
NCTDREAM_WhenImWithYou,"Sedih ,, Mian dreams ..",sedih mian dreams,
NCTDREAM_WhenImWithYou,MC Jeno is back.,mc jeno is back,neutral
NCTDREAM_WhenImWithYou,PLISS AYO TTP STREAM GYUS,pliss ayo ttp stream gyus,
NCTDREAM_WhenImWithYou,I can feel that jisung is shining so bright with his voice. And he singing😭😭 soo coool❤,i can feel that jisung is shining so bright with his voice and he singing soo coool,positive
NCTDREAM_WhenImWithYou,The choreo honestly looks so fun! Def teaching this one in studio 💚,the choreo honestly looks so fun def teaching this one in studio,positive
NCTDREAM_WhenImWithYou,waiting behind the scene,waiting behind the scene,neutral
NCTDREAM_WhenImWithYou,Day and night i think about dreamies <3,day and night i think about dreamies,positive
NCTDREAM_WhenImWithYou,"guys, for the  next comeback we need the 2021-2022 spirit for nct dream .. at least 20M for their mvs in the first 24hs!!!!",guys for the next comeback we need the spirit for nct dream at least m for their mvs in the first hs,neutral
NCTDREAM_WhenImWithYou,"혼자보단 둘이 좋아
둘이 보다 너가 좋아
You know what i mean
(재민!)",you know what i mean,positive
NCTDREAM_WhenImWithYou,when I'm with you I'm so blind 🥰🥰🥰,when im with you im so blind,positive
NCTDREAM_WhenImWithYou,best vocal with 7visual,best vocal with visual,positive
NCTDREAM_WhenImWithYou,Is there anyone? Keep your spirits up!!,is there anyone keep your spirits up,positive
NCTDREAM_WhenImWithYou,When I'm with you ♡˖꒰ᵕ༚ᵕ⑅꒱,when im with you,positive
NCTDREAM_WhenImWithYou,"I’m an army & stay, not their fan but it’s heartbreaking and so sad to see tiktoks and twt hating (and it’s their fans that are hating wtf😢). Like I’m sure they worked hard for the comeback, even though it’s not idk maybe what their fan expected but please respect these boys 😭 idols are also human guyss 🥺 if you don’t like the song just stfu and support them. You guys are their Goddamn fan gosh, you are supposed to be their number 1 supporter wtf 😭",im an army stay not their fan but its heartbreaking and so sad to see tiktoks and twt hating and its their fans that are hating wtf like im sure they worked hard for the comeback even though its not idk maybe what their fan expected but please respect these boys idols are also human guyss if you dont like the song just stfu and support them you guys are their goddamn fan gosh you are supposed to be their number supporter wtf,positive
NCTDREAM_WhenImWithYou,WIWY 3rd win on Music Core! 🎉,wiwy rd win on music core,neutral
NCTDREAM_WhenImWithYou,lets c0mment on amazing saturday dream song and tell everyone esp knets that all dreams songs are so amazing,lets cmment on amazing saturday dream song and tell everyone esp knets that all dreams songs are so amazing,positive
NCTDREAM_WhenImWithYou,22 Nov 2024 Happy birthday to Chenle.,nov happy birthday to chenle,neutral
NCTDREAM_WhenImWithYou,keep watching their mv please,keep watching their mv please,neutral
NCTDREAM_WhenImWithYou,"Stream pls, otw 11M",stream pls otw m,neutral
NCTDREAM_WhenImWithYou,Why it go up so slowlu,why it go up so slowlu,negative
NCTDREAM_WhenImWithYou,Did y'all still stream?? If you do i want say thank you and fighting for 11M 😊🩵💛💙❤️🩷🧡💚,did yall still stream if you do i want say thank you and fighting for m,neutral
NCTDREAM_WhenImWithYou,Fighting!!,fighting,positive
NCTDREAM_WhenImWithYou,almost 450like.. lets keep strming and use mubank performance this week as filler,almost like lets keep strming and use mubank performance this week as filler,neutral
NCTDREAM_WhenImWithYou,"Keep streaming guys! Let's go to win next mushow, fighting for 7dream!",keep streaming guys lets go to win next mushow fighting for dream,neutral
NCTDREAM_WhenImWithYou,Let's go to 11M,lets go to m,neutral
NCTDREAM_WhenImWithYou,This song is so amazing,this song is so amazing,positive
NCTDREAM_WhenImWithYou,Im not myself when im with you,im not myself when im with you,neutral
NCTDREAM_WhenImWithYou,best song of the year!,best song of the year,positive
NCTDREAM_WhenImWithYou,im here again after the 3rd winn😭,im here again after the rd winn,neutral
NCTDREAM_WhenImWithYou,"Congrast for nct dream and dreamzen
We can do it",congrast for nct dream and dreamzen we can do it,
NCTDREAM_WhenImWithYou,I'm back,im back,
NCTDREAM_WhenImWithYou,kereen ... third win,kereen third win,
NCTDREAM_WhenImWithYou,congrats on your third wins dreamiesss,congrats on your third wins dreamiesss,
NCTDREAM_WhenImWithYou,This song is such a masterpiece 🔥🔥 I can't stop listening to it helpp(bros done making me obsessed)😭,this song is such a masterpiece i cant stop listening to it helppbros done making me obsessed,
NCTDREAM_WhenImWithYou,Happy 3rd win with WIWY,happy rd win with wiwy,
NCTDREAM_WhenImWithYou,please watch music bank performance a lot to add our broadcast points,please watch music bank performance a lot to add our broadcast points,
NCTDREAM_WhenImWithYou,lets go all out for next week,lets go all out for next week,
NCTDREAM_WhenImWithYou,"Guys lets streaming again, just a little and 11 M!!.... Go go go",guys lets streaming again just a little and m go go go,
NCTDREAM_WhenImWithYou,WIWY 3rd win we cheered!!!!,wiwy rd win we cheered,
NCTDREAM_WhenImWithYou,4th WIN FOR DREAMIES!!! LET'S STR3AMMM GUYSSSS,th win for dreamies lets strammm guyssss,
NCTDREAM_WhenImWithYou,"congrats dreamies, hwaiting dreamzen!",congrats dreamies hwaiting dreamzen,
NCTDREAM_WhenImWithYou,Congrats 7 Dream🎉🎉,congrats dream,
NCTDREAM_WhenImWithYou,Jisung with his bag.,jisung with his bag,
NCTDREAM_WhenImWithYou,3rd win! Congrats Dreamies,rd win congrats dreamies,
NCTDREAM_WhenImWithYou,Fighting for 4🏆,fighting for,
NCTDREAM_WhenImWithYou,THIS IS REALLY CUTE HELP!!!,this is really cute help,
NCTDREAM_WhenImWithYou,nct dream WIWY 3rd WIN !! YEYY,nct dream wiwy rd win yeyy,
NCTDREAM_WhenImWithYou,Let's make them win more music shows let's go let's go. Jeno is mc we need to win.. Keep streaming,lets make them win more music shows lets go lets go jeno is mc we need to win keep streaming,
NCTDREAM_WhenImWithYou,"CONGRATS 7DREAM 🏆🩵🩵🩵

WHEN I'M WITH YOU 3RD WIN
WhenImWithYou3rdWin 
NCTDREAM43rdWin",congrats dream when im with you rd win whenimwithyourdwin nctdreamrdwin,
NCTDREAM_WhenImWithYou,The 7 of us dance. The song is the best! It's refreshing and I love it,the of us dance the song is the best its refreshing and i love it,
NCTDREAM_WhenImWithYou,Menikmati hujan sambil nonton when i'm with you~~,menikmati hujan sambil nonton when im with you,
NCTDREAM_WhenImWithYou,NA JAEMIN,na jaemin,
NCTDREAM_WhenImWithYou,"I've replaying this album two weeks,  such a great album in 2024！！！",ive replaying this album two weeks such a great album in,
NCTDREAM_WhenImWithYou,D-15 when i'm with 7dream,d when im with dream,
NCTDREAM_WhenImWithYou,"Congratulations! 1ST WIN @ SHOW CHAMPION 11.20.24

2ND WIN @ MUSIC BANK 11.22.24
3RD WIN @ MUSIC CORE 11.23.24
4TH WIN?",congratulations st win show champion nd win music bank rd win music core th win,
NCTDREAM_WhenImWithYou,So obsessed with this song,so obsessed with this song,
NCTDREAM_WhenImWithYou,Like this song ❤❤,like this song,
NCTDREAM_WhenImWithYou,Love nct❤❤❤,love nct,
NCTDREAM_WhenImWithYou,ANYONE STILL STREAM THIS MASTERPIECE?????,anyone still stream this masterpiece,
NCTDREAM_WhenImWithYou,congratulations Dreamies,congratulations dreamies,
NCTDREAM_WhenImWithYou,fan choice male,fan choice male,
NCTDREAM_WhenImWithYou,NCT Dream <3,nct dream,
NCTDREAM_WhenImWithYou,"the way the mv is only gonna have 1m new views this week, how did that happen? did everyone just collectively give up on streaming?",the way the mv is only gonna have m new views this week how did that happen did everyone just collectively give up on streaming,
NCTDREAM_WhenImWithYou,replayyyy teruss,replayyyy teruss,
NCTDREAM_WhenImWithYou,"Love all NCT it doesn't matter if it's 127, Dream, WayV or Wish. Stream When I'm With You - High Five - Steady - Walk <3",love all nct it doesnt matter if its dream wayv or wish stream when im with you high five steady walk,
NCTDREAM_WhenImWithYou,fighting,fighting,
NCTDREAM_WhenImWithYou,"2:44 CHENLE Bridge, Let's go",chenle bridge lets go,
NCTDREAM_WhenImWithYou,let’s go for third win!!!!,lets go for third win,
NCTDREAM_WhenImWithYou,2:57 haechan's falsetto-ish highnote here ascends me to heaven ya'll,haechans falsettoish highnote here ascends me to heaven yall,
NCTDREAM_WhenImWithYou,renjun the best!!,renjun the best,
NCTDREAM_WhenImWithYou,anyways congratulations dreamies. we're always proud of you!!,anyways congratulations dreamies were always proud of you,
NCTDREAM_WhenImWithYou,it's been 10.7 since yesterday... i think yt  freez3 the vlews :(( let's censore the word str3@m pls! idk anymore this isn't like this for the first week,its been since yesterday i think yt freez the vlews lets censore the word str pls idk anymore this isnt like this for the first week,
NCTDREAM_WhenImWithYou,don't count them as old kpop group but count them as best successful young boys group from their teenagers times to still and yes still they are very young....... 🍻 cheers 🍻,dont count them as old kpop group but count them as best successful young boys group from their teenagers times to still and yes still they are very young cheers,
NCTDREAM_WhenImWithYou,"Precious memories happening today...
Jaemin MC, Chenle BD, WIWY 2nd Win & MAMA fan choice!!!
Take care of your health too, my Dreamies!!!!",precious memories happening today jaemin mc chenle bd wiwy nd win mama fan choice take care of your health too my dreamies,
NCTDREAM_WhenImWithYou,"Chenle birthday, jaemin mc, dream mushow 2nd trophies, mama fan's choice 🥹🥹 best day ever",chenle birthday jaemin mc dream mushow nd trophies mama fans choice best day ever,
NCTDREAM_WhenImWithYou,"This album is great, we hope our 7dreams are happy.

NCT DREAM never loses ♡🩷🩷",this album is great we hope our dreams are happy nct dream never loses,
NCTDREAM_WhenImWithYou,"Happy birthday Chenle, we love you!",happy birthday chenle we love you,
NCTDREAM_WhenImWithYou,YESSSSSS !!!!! IM BLIND TOO BECAUSE OF YOU AND UR CRAZY VISUALS 😂,yessssss im blind too because of you and ur crazy visuals,
NCTDREAM_WhenImWithYou,"Come on, everyone, we can do it!!!",come on everyone we can do it,
NCTDREAM_WhenImWithYou,Congratulations 7DREAM for winning 2024 MAMA FANS' CHOICE MALE,congratulations dream for winning mama fans choice male,
NCTDREAM_WhenImWithYou,nct dreammmmm congratulatiooooonnnnn,nct dreammmmm congratulatiooooonnnnn,
NCTDREAM_WhenImWithYou,happy 23rd birthday chenle,happy rd birthday chenle,
NCTDREAM_WhenImWithYou,"There is a feeling of happiness that cannot be described when we successfully bring home the trophy for 7DREAM.

So, let's gather our energy again! Fight as hard as you can, so that the regrets are as minimal as possible.

Congratulations 7DREAM & DREAMzens!

Happy birthday our angel, CHENLE!",there is a feeling of happiness that cannot be described when we successfully bring home the trophy for dream so lets gather our energy again fight as hard as you can so that the regrets are as minimal as possible congratulations dream dreamzens happy birthday our angel chenle,
NCTDREAM_WhenImWithYou,"When I'm with you, day and night
Mujigaereul daleun neon, nal binnage hae
When I'm with you, I'm so blind
Nan neoman boyeo eoneusae, eojireowo, babe

Neoui du nuneul bomyeon saljjak meomchithae
Akka junbihaetdeon maldo itge dwae
Seollemi jeomjeom deo keojyeo kkumeul bon deuthae
Nae mame ilgop gaji jangmyeon damanae

Mallo da pyohyeon mot hal gamjeong sok
Keojineun kkeullim
On sesangi black and white, neoman ppaego
Ppeonhan neukkim (Yeah, yeah, yeah)

When I'm with you, day and night
Mujigaereul daleun neon, nal binnage hae
When I'm with you, I'm so blind
Du nune beonjyeoganeun saek, neora bureullae
When I'm with you

I'm not myself
When I'm with you
I'm not myself

Bulge muldeuneun feelings, nae mameul piwonae
Modeun gamgakdeureul kkaewo your scent
Sigyetbaneuldo meomchwo, goyohaejin place
Keuge ullyeo peojin simjang sorie

Eodinga cheoeum bon deuthan jangmyeon sok
Sinbiroun neukkim
Deo yoksimna make you mine
Tumyeonghi nal dameun ne nunbit (Yeah, yeah, yeah)

When I'm with you, day and night
Mujigaereul daleun neon, nal binnage hae
When I'm with you, I'm so blind
Du nune beonjyeoganeun saek, neora bureullae
When I'm with you

Honjabodan duri joa, duri bodan neoga joa
Know what I mean (I mean)
Honjabodan duri joa, duri bodan neoga joa
Know what I mean (I mean)
Joa boda joeun geon love
I know you know what I mean (Yeah, yeah)
Honjabodan duri joa, duri bodan neoga joa
Know what I mean (I mean)

I'm satisfied, matdaeun eyes
So shining bright, nal seollege hae
Nal kkumkkuge hae, yeah
Yegodo eopsi neon
Naegero ssodajyeo on geoya
Deo wanjeonhaejyeo 'cause I am with you

When I'm with you, day and night (And night)
Mujigaereul daleun neon, nal binnage hae
When I'm with you (When I'm with you)
I'm so blind (Ooh, I'm so blind)
Du nune beonjyeoganeun saek neora bureullae
When I'm with you

Honjabodan duri joa, duri bodan neoga joa
Know what I mean (I mean)
Honjabodan duri joa, duri bodan neoga joa
Know what I mean (I mean)
I'm not myself (I'm not myself with you)
When I'm with you
Honjabodan duri joa, duri bodan neoga joa
Know what I mean (I mean)
Honjabodan duri joa, duri bodan neoga joa
Know what I mean (I mean)
I'm not myself
When I'm with you",when im with you day and night mujigaereul daleun neon nal binnage hae when im with you im so blind nan neoman boyeo eoneusae eojireowo babe neoui du nuneul bomyeon saljjak meomchithae akka junbihaetdeon maldo itge dwae seollemi jeomjeom deo keojyeo kkumeul bon deuthae nae mame ilgop gaji jangmyeon damanae mallo da pyohyeon mot hal gamjeong sok keojineun kkeullim on sesangi black and white neoman ppaego ppeonhan neukkim yeah yeah yeah when im with you day and night mujigaereul daleun neon nal binnage hae when im with you im so blind du nune beonjyeoganeun saek neora bureullae when im with you im not myself when im with you im not myself bulge muldeuneun feelings nae mameul piwonae modeun gamgakdeureul kkaewo your scent sigyetbaneuldo meomchwo goyohaejin place keuge ullyeo peojin simjang sorie eodinga cheoeum bon deuthan jangmyeon sok sinbiroun neukkim deo yoksimna make you mine tumyeonghi nal dameun ne nunbit yeah yeah yeah when im with you day and night mujigaereul daleun neon nal binnage hae when im with you im so blind du nune beonjyeoganeun saek neora bureullae when im with you honjabodan duri joa duri bodan neoga joa know what i mean i mean honjabodan duri joa duri bodan neoga joa know what i mean i mean joa boda joeun geon love i know you know what i mean yeah yeah honjabodan duri joa duri bodan neoga joa know what i mean i mean im satisfied matdaeun eyes so shining bright nal seollege hae nal kkumkkuge hae yeah yegodo eopsi neon naegero ssodajyeo on geoya deo wanjeonhaejyeo cause i am with you when im with you day and night and night mujigaereul daleun neon nal binnage hae when im with you when im with you im so blind ooh im so blind du nune beonjyeoganeun saek neora bureullae when im with you honjabodan duri joa duri bodan neoga joa know what i mean i mean honjabodan duri joa duri bodan neoga joa know what i mean i mean im not myself im not myself with you when im with you honjabodan duri joa duri bodan neoga joa know what i mean i mean honjabodan duri joa duri bodan neoga joa know what i mean i mean im not myself when im with you,
NCTDREAM_WhenImWithYou,happy birthday chenle!🎉,happy birthday chenle,
NCTDREAM_WhenImWithYou,The NCT's songs are very beautiful and wonderful just like the members are so very handsome and very hardworking for their idol career and I like a 7DREAM's concept and song I'm so thankful to haechan and Haechan and Doyoung was the reason why I entered a Neo Culture Technology world as a czennie in 2018 💚✨,the ncts songs are very beautiful and wonderful just like the members are so very handsome and very hardworking for their idol career and i like a dreams concept and song im so thankful to haechan and haechan and doyoung was the reason why i entered a neo culture technology world as a czennie in,
NCTDREAM_WhenImWithYou,"WIWY 2nd Win
MAMA fan’s choice
Congrats Dreamies
And happy birthday uri Chenle",wiwy nd win mama fans choice congrats dreamies and happy birthday uri chenle,
NCTDREAM_WhenImWithYou,Congratulations for the 2nd win with WIWY,congratulations for the nd win with wiwy,
NCTDREAM_WhenImWithYou,Happy birthday chenle,happy birthday chenle,
NCTDREAM_WhenImWithYou,"aa dreamies second wins, congrats dreamiess",aa dreamies second wins congrats dreamiess,
NCTDREAM_WhenImWithYou,Fighting 💪 💪 💪,fighting,
NCTDREAM_WhenImWithYou,Congrats Dream and Happy Birthday Chenle,congrats dream and happy birthday chenle,
NCTDREAM_WhenImWithYou,"congrats dreamies, happy birthday chenle!!",congrats dreamies happy birthday chenle,
NCTDREAM_WhenImWithYou,"TDS4 IN LIMA, PERU 2025",tds in lima peru,
NCTDREAM_WhenImWithYou,Congratulations on your 2nd win,congratulations on your nd win,
NCTDREAM_WhenImWithYou,My Dreams,my dreams,
NCTDREAM_WhenImWithYou,Chenle Happy Birthday,chenle happy birthday,
NCTDREAM_WhenImWithYou,Yeah yeah yeah when i'm with you,yeah yeah yeah when im with you,
NCTDREAM_WhenImWithYou,Congrats for the 2nd win dreammm!!!,congrats for the nd win dreammm,
NCTDREAM_WhenImWithYou,"MusicBank【１位】NCT DREAM☆!!
我々のドリムが勝ちました(泣)
#WhenImWithYou2ndWin #HappyCHENLEday",musicbanknct dream,
NCTDREAM_WhenImWithYou,2nd win! Congrats Dreamies:)),nd win congrats dreamies,
NCTDREAM_WhenImWithYou,Today 2nd win is meaningful :'),today nd win is meaningful,
NCTDREAM_WhenImWithYou,Congrats Dream ....,congrats dream,
NCTDREAM_WhenImWithYou,Love you Dream,love you dream,
NCTDREAM_WhenImWithYou,"happy birthday chenle
Congratulations 1st on Music Bank",happy birthday chenle congratulations st on music bank,
NCTDREAM_WhenImWithYou,2nd win 🎉,nd win,
NCTDREAM_WhenImWithYou,"Deserve 100M views, deserve 1000 win music show, deserve SOTY",deserve m views deserve win music show deserve soty,
NCTDREAM_WhenImWithYou,don't forget to vote dreamies on mnet+ guys,dont forget to vote dreamies on mnet guys,
NCTDREAM_WhenImWithYou,11M on chenle's birthday please,m on chenles birthday please,
NCTDREAM_WhenImWithYou,"Happiest birthday my baby chenleee
i wish you all the best :*",happiest birthday my baby chenleee i wish you all the best,
NCTDREAM_WhenImWithYou,This is honestly the best NCT song since Neozone came out in 2020. INCREDIBLE.,this is honestly the best nct song since neozone came out in incredible,
NCTDREAM_WhenImWithYou,fighting guysss,fighting guysss,
NCTDREAM_WhenImWithYou,is the best 🩵🩵🩵🩵🩵🩵🩵,is the best,
NCTDREAM_WhenImWithYou,Hbd Chenle!! Love this song so much let’s go NCT Dreammm!! 💚💚,hbd chenle love this song so much lets go nct dreammm,
NCTDREAM_WhenImWithYou,I LOVE YOU NCT DREAM💚💚💚💚✨✨✨,i love you nct dream,
NCTDREAM_WhenImWithYou,i love myself when i'm with you,i love myself when im with you,
NCTDREAM_WhenImWithYou,Let's give 2nd win for our Dreamies on MuBank today!!!,lets give nd win for our dreamies on mubank today,
NCTDREAM_WhenImWithYou,let's give our dream another trophy :),lets give our dream another trophy,
NCTDREAM_WhenImWithYou,Guys let’s stream more.. We still have a chance of winning for next week mushow..,guys lets stream more we still have a chance of winning for next week mushow,
NCTDREAM_WhenImWithYou,Haven't these guys been a group for almost 10 years? At this point I'd expect something with more personality or at least a more mature concept,havent these guys been a group for almost years at this point id expect something with more personality or at least a more mature concept,
NCTDREAM_WhenImWithYou,Really addicted to this song,really addicted to this song,
NCTDREAM_WhenImWithYou,cuyyy stuck 10M:(((,cuyyy stuck m,
NCTDREAM_WhenImWithYou,"Czennies love dreamies 
When I'm with you is perfect!! Love from Brazil",czennies love dreamies when im with you is perfect love from brazil,
NCTDREAM_WhenImWithYou,"Happy birthday, 천러! Hope you have the best birthday ever!",happy birthday hope you have the best birthday ever,
NCTDREAM_WhenImWithYou,Lets get the win at music bank today! Super excited for the encore stage from our dreamies!,lets get the win at music bank today super excited for the encore stage from our dreamies,
NCTDREAM_WhenImWithYou,Let's go Dream!!!,lets go dream,
NCTDREAM_WhenImWithYou,Happy birthday Chenle!!!!,happy birthday chenle,
NCTDREAM_WhenImWithYou,streaming guyssss,streaming guyssss,
NCTDREAM_WhenImWithYou,lets pray together for luck to be on dream side guyss,lets pray together for luck to be on dream side guyss,
NCTDREAM_WhenImWithYou,Im fallin' in love with this song❤,im fallin in love with this song,
NCTDREAM_WhenImWithYou,happy birthday lele ^^,happy birthday lele,
NCTDREAM_WhenImWithYou,Start the morning by listening to this song...let's cheer everyone up and give 7dream lots of wins,start the morning by listening to this songlets cheer everyone up and give dream lots of wins,
NCTDREAM_WhenImWithYou,happy birthday chenle....,happy birthday chenle,
NCTDREAM_WhenImWithYou,"TDS4 IN LIMA, PERU",tds in lima peru,
NCTDREAM_WhenImWithYou,Happy birthday tuan muda chenle,happy birthday tuan muda chenle,
NCTDREAM_WhenImWithYou,"TDS4 IN LIMA PLEASE
NCT DREAM COME BACK TO PERU",tds in lima please nct dream come back to peru,
NCTDREAM_WhenImWithYou,Streaming terus gayssss,streaming terus gayssss,
NCTDREAM_WhenImWithYou,Happy birthday chenleee,happy birthday chenleee,
NCTDREAM_WhenImWithYou,"when the views just stuck, but i keep streaming............idk until when wkwk",when the views just stuck but i keep streamingidk until when wkwk,
NCTDREAM_WhenImWithYou,Happy birthday chenle..,happy birthday chenle,
NCTDREAM_WhenImWithYou,morning,morning,
NCTDREAM_WhenImWithYou,where are you guys 😭,where are you guys,
NCTDREAM_WhenImWithYou,happy chenle dayyy,happy chenle dayyy,
NCTDREAM_WhenImWithYou,"Congratulations NCT DREAM This Come Back Third Win In Show Champion , Music Bank And Music Core.",congratulations nct dream this come back third win in show champion music bank and music core,
NCTDREAM_WhenImWithYou,Today is Chenle's birthday. Happy birthday Chenle.(⁠•⁠‿⁠•⁠),today is chenles birthday happy birthday chenle,
NCTDREAM_WhenImWithYou,ill never get enough of jisung singing ‼,ill never get enough of jisung singing,
NCTDREAM_WhenImWithYou,guys i think we need mass s+reaming !! this deserves so much more than i can express,guys i think we need mass sreaming this deserves so much more than i can express,
NCTDREAM_WhenImWithYou,Let's not stop streaming just because we hit 10M guys!,lets not stop streaming just because we hit m guys,
NCTDREAM_WhenImWithYou,nct dream best boys!! <33,nct dream best boys,
NCTDREAM_WhenImWithYou,When im with you~,when im with you,
NCTDREAM_WhenImWithYou,Guys we need to make them win tomorrow at music bank! Chenle’s birthday and jaemin is a special mc!!,guys we need to make them win tomorrow at music bank chenles birthday and jaemin is a special mc,
NCTDREAM_WhenImWithYou,One of the best albums ❤,one of the best albums,
NCTDREAM_WhenImWithYou,streaming terus guys,streaming terus guys,
NCTDREAM_WhenImWithYou,I love Chenle's bridge so much,i love chenles bridge so much,
NCTDREAM_WhenImWithYou,2:45 the iconic chenle bridge,the iconic chenle bridge,
NCTDREAM_WhenImWithYou,1:21 the puzzle pieces omg,the puzzle pieces omg,
StrayKids_ChkChkBoom,The only bad thing about the song is that it doesn't last long ༎ຶ⁠‿⁠༎ຶ,the only bad thing about the song is that it doesnt last long,positive
StrayKids_ChkChkBoom,i keep coming back to this music video literally changed lives,i keep coming back to this music video literally changed lives,positive
StrayKids_ChkChkBoom,My sister showed me this mv yesterday I didn't watch it but I been listening to it since it came out. I was in for a world of happiness. Seeing Ryan and Hugh be in a Stray Kids mv is just wholesome because of the friendship  through sns.,my sister showed me this mv yesterday i didnt watch it but i been listening to it since it came out i was in for a world of happiness seeing ryan and hugh be in a stray kids mv is just wholesome because of the friendship through sns,positive
StrayKids_ChkChkBoom,"everyone try searching ""stray kids"" in google theres a new feature!!!!",everyone try searching stray kids in google theres a new feature,neutral
StrayKids_ChkChkBoom,Love you changbin!!!! 🐷🐖💗💗💗,love you changbin,positive
StrayKids_ChkChkBoom,HAPPY BIRTHDAY STAY!!!!!! I'M PROUD OF YOU,happy birthday stay im proud of you,neutral
StrayKids_ChkChkBoom,"It's so sad that I only discovered them now for me. I heard a few songs in the past, but I fell in love with them with Ate.
I feel a bit sad because I lost so much time and precious moments!!",its so sad that i only discovered them now for me i heard a few songs in the past but i fell in love with them with ate i feel a bit sad because i lost so much time and precious moments,positive
StrayKids_ChkChkBoom,You know that stray kids is the best,you know that stray kids is the best,positive
StrayKids_ChkChkBoom,Lets go for 70M (⁠♡⁠ω⁠♡⁠ ⁠)⁠ ⁠~⁠♪,lets go for m,neutral
StrayKids_ChkChkBoom,100 M STAYS,m stays,neutral
StrayKids_ChkChkBoom,"""How many times have you played this?""
Me: ""Stray kids""",how many times have you played this me stray kids,positive
StrayKids_ChkChkBoom,yup im just a fan from ccb news,yup im just a fan from ccb news,neutral
StrayKids_ChkChkBoom,they ate this comeback,they ate this comeback,positive
StrayKids_ChkChkBoom,"CALM, WE WILL GIVE YOU THAT 100M THAT YOU DESERVE",calm we will give you that m that you deserve,neutral
StrayKids_ChkChkBoom,their talent is insane!!!,their talent is insane,positive
StrayKids_ChkChkBoom,Happy bd STAYS❕❤️🖤,happy bd stays,neutral
StrayKids_ChkChkBoom,Stay fighting!,stay fighting,positive
StrayKids_ChkChkBoom,"No one:
Lee Know: aing aing",no one lee know aing aing,neutral
StrayKids_ChkChkBoom,70M COMING SOON,m coming soon,neutral
StrayKids_ChkChkBoom,omg this is my favorite enhypen mv EVER!,omg this is my favorite enhypen mv ever,negative
StrayKids_ChkChkBoom,Didn’t JYP give they ADs?,didnt jyp give they ads,negative
StrayKids_ChkChkBoom,woooooow stary kids bangchang chanbin lee know han hyunjin sungmin felix In ı love the song so much  and ı love you 8th and I am 11 years old  my birthday is 28 August    I love you guys you are so cool and a cute and handsome,woooooow stary kids bangchang chanbin lee know han hyunjin sungmin felix in love the song so much and love you th and i am years old my birthday is august i love you guys you are so cool and a cute and handsome,positive
StrayKids_ChkChkBoom,Yesterday I spent the whole day listening to this song on STAY day kskqjqkak,yesterday i spent the whole day listening to this song on stay day kskqjqkak,positive
StrayKids_ChkChkBoom,"these bros literally saved this summer.🙏🏻
 that’s why the song has a special aura, and when you hear it, you immediately want to dance.🤲🏻
 let's get to 100 million!)",these bros literally saved this summer thats why the song has a special aura and when you hear it you immediately want to dance lets get to million,positive
StrayKids_ChkChkBoom,Stray kids world domination!! :),stray kids world domination,positive
StrayKids_ChkChkBoom,Cecilia was the first to go,cecilia was the first to go,negative
StrayKids_ChkChkBoom,YALLLL GOT RYAN REINOLDS,yallll got ryan reinolds,neutral
StrayKids_ChkChkBoom,of chan cok atwslisin,of chan cok atwslisin,neutral
StrayKids_ChkChkBoom,Stray Kids music videos are addictive. 😍🤩,stray kids music videos are addictive,positive
StrayKids_ChkChkBoom,should I stay or should I go 😭🤏🏻,should i stay or should i go,neutral
StrayKids_ChkChkBoom,HAYIR ELEVEN YA DA WILL OLEMEZ AMA TEORILER MIKEIN OLECEGINI BAS BAS BAĞIRIYOR MIKE OLURSE AGLARIM AMA STEVE DE BÜYÜK IHTIMALLE OLECEKMIS AMA UMARIM OLMEZ YOKSA DEPRESYONE HIRERIM AMA EN COK OLMASINI ISTEDIGIM SEY EDDIENIN GERI GELMESI 🫂,hayir eleven ya da will olemez ama teoriler mikein olecegini bas bas bairiyor mike olurse aglarim ama steve de byk ihtimalle olecekmis ama umarim olmez yoksa depresyone hirerim ama en cok olmasini istedigim sey eddienin geri gelmesi,neutral
StrayKids_ChkChkBoom,"I love you Stray Kids, I just want to say this is an awesome comeback and you all blew our minds especially me. You never disappoint ❤😂",i love you stray kids i just want to say this is an awesome comeback and you all blew our minds especially me you never disappoint,positive
StrayKids_ChkChkBoom,I'm streaming while I do skincare HAHAHA,im streaming while i do skincare hahaha,neutral
StrayKids_ChkChkBoom,Not only did they eat this up but Ryan fooled us,not only did they eat this up but ryan fooled us,positive
StrayKids_ChkChkBoom,"Even after 13 days, I still continue to listen without getting bored. You made a legendary song Skz",even after days i still continue to listen without getting bored you made a legendary song skz,positive
StrayKids_ChkChkBoom,This song is the best song I've ever heard,this song is the best song ive ever heard,positive
StrayKids_ChkChkBoom,Amazing you guys! Loved it,amazing you guys loved it,positive
StrayKids_ChkChkBoom,we need points for more mushows please remember and don't give up,we need points for more mushows please remember and dont give up,neutral
StrayKids_ChkChkBoom,"OMG, the spanish!!?!? The Ryan cameo!?!? ATE",omg the spanish the ryan cameo ate,positive
StrayKids_ChkChkBoom,ofsenaof,ofsenaof,neutral
StrayKids_ChkChkBoom,Simply incredible ❤,simply incredible,positive
StrayKids_ChkChkBoom,Can’t get over this mv….. i love it,cant get over this mv i love it,positive
StrayKids_ChkChkBoom,"0:31 Stray kids secret boyfriends
I think they cute but I’m so sad 

https://youtu.be/rGx6BqCKbqg?si=GN1JuAqzkUaRHhhE",stray kids secret boyfriends i think they cute but im so sad,neutral
StrayKids_ChkChkBoom,tin tin TINTINTINTIN chk chk boom,tin tin tintintintin chk chk boom,neutral
StrayKids_ChkChkBoom,"Song is bang on not their boiled faces, doesn't look normal Korean.   Are they representing Korea with over makeup shit. Toxic culture it seems",song is bang on not their boiled faces doesnt look normal korean are they representing korea with over makeup shit toxic culture it seems,negative
StrayKids_ChkChkBoom,I love how the word catastrophic sounds we don't hear it often so it's even more impactful in a song,i love how the word catastrophic sounds we dont hear it often so its even more impactful in a song,positive
StrayKids_ChkChkBoom,İn 2.59 he said do you need an older groupmate?İ think they mean there is a new groupmate is can came in stray kids?guys pls ı can be .... just say it what it means or thats a joke?,in he said do you need an older groupmatei think they mean there is a new groupmate is can came in stray kidsguys pls can be just say it what it means or thats a joke,neutral
StrayKids_ChkChkBoom,K pop is taking over for the right reasons,k pop is taking over for the right reasons,positive
StrayKids_ChkChkBoom,"Stray kids thank you for everything you do for us
Channie thanks to make our beautiful name
Minho thanks for your good job
Binnie thanks for the power the effort
Hyunnie thanks for the emotional feelings
Hannie thanks for your songs your lyrics for your smile
Lixi thanks our sunshine for your sweet messages
Minnie thanks for your diamond voice and your support for us
innie thanks for telling us the beautiful words your smile in stag your cutest face
WE love you our 8 moon",stray kids thank you for everything you do for us channie thanks to make our beautiful name minho thanks for your good job binnie thanks for the power the effort hyunnie thanks for the emotional feelings hannie thanks for your songs your lyrics for your smile lixi thanks our sunshine for your sweet messages minnie thanks for your diamond voice and your support for us innie thanks for telling us the beautiful words your smile in stag your cutest face we love you our moon,positive
StrayKids_ChkChkBoom,Happy anniversary my dear STAY and every year we and our members are together be well and take care of you selves ilove you I'm proud of you STAYYYYY,happy anniversary my dear stay and every year we and our members are together be well and take care of you selves ilove you im proud of you stayyyyy,positive
StrayKids_ChkChkBoom,I’M ADDICTED TO THISSSNKDKDN,im addicted to thisssnkdkdn,
StrayKids_ChkChkBoom,"I love them, I love them, they are my life, May it be eternal ATE
Me muero hablaron español",i love them i love them they are my life may it be eternal ate me muero hablaron espaol,
StrayKids_ChkChkBoom,Stray kids world domination!,stray kids world domination,
StrayKids_ChkChkBoom,STAYS KEEP STR3AM1NG UNTIL 70M!! WE'RE THERE SOON,stays keep stramng until m were there soon,
StrayKids_ChkChkBoom,I still cant believe how well Skz have done... from Gods Dududu thats Deadpool themed to having Deadpool and Wolverine in their MV... Im so proud,i still cant believe how well skz have done from gods dududu thats deadpool themed to having deadpool and wolverine in their mv im so proud,
StrayKids_ChkChkBoom,Suit with green vest giving LOKIIII (sorry they’re all moving too fast for me to see who it is) 1:36 💚,suit with green vest giving lokiiii sorry theyre all moving too fast for me to see who it is,
StrayKids_ChkChkBoom,ceylis nbrr 💞💞,ceylis nbrr,
StrayKids_ChkChkBoom,Platinum blond Felix is giving major Hector from Castlevania vibes at 1:33 🤍🥹🩵,platinum blond felix is giving major hector from castlevania vibes at,
StrayKids_ChkChkBoom,Stray Kids made revolutionary special amazing albums!!!,stray kids made revolutionary special amazing albums,
StrayKids_ChkChkBoom,Ugh they songs just be so damn good,ugh they songs just be so damn good,
StrayKids_ChkChkBoom,"Danceracha outdid themselfs this time, i cant believe such talented People exist. Rap line, and vocals? What is goin on??!!! How?",danceracha outdid themselfs this time i cant believe such talented people exist rap line and vocals what is goin on how,
StrayKids_ChkChkBoom,"OMG THIS MV GOT ME SOO EMOTIONAL, LIKE THE END OF MV. DAMNNN",omg this mv got me soo emotional like the end of mv damnnn,
StrayKids_ChkChkBoom,THIS IS CHEF KISS,this is chef kiss,
StrayKids_ChkChkBoom,You are best,you are best,
StrayKids_ChkChkBoom,It's so good amazing well done stray kids i came to support my fellow stays  well now going back to brought the heat back being engene😅,its so good amazing well done stray kids i came to support my fellow stays well now going back to brought the heat back being engene,
StrayKids_ChkChkBoom,"Bcs this cheap trick is so obv. If they are here to stream then just silently stream instead of flaunting that they are not their fan but just working as a charity. Idk if you know it but its some fandoms begging other active group fandoms for views ""JuSt bcS tHEy hElPeD thEm sTr3aM"" and also bcs xyz group only get successful bcs ""OtHer fAndOmS weRe hElpInG tHem"" its like a tricking mafia behind it. If you are a new stan you would understand this whole scenario after lots of these types of comments. Hope you understand what im trying to say",bcs this cheap trick is so obv if they are here to stream then just silently stream instead of flaunting that they are not their fan but just working as a charity idk if you know it but its some fandoms begging other active group fandoms for views just bcs they helped them stram and also bcs xyz group only get successful bcs other fandoms were helping them its like a tricking mafia behind it if you are a new stan you would understand this whole scenario after lots of these types of comments hope you understand what im trying to say,
StrayKids_ChkChkBoom,Happy STAY day for the last time today y'all!!,happy stay day for the last time today yall,
StrayKids_ChkChkBoom,Back here after watching the Stray Kids MV cause my heart can't take it. They have grown so much. I am so proud of them! Happy STAY day for the last time today y'all! Logging off after this.,back here after watching the stray kids mv cause my heart cant take it they have grown so much i am so proud of them happy stay day for the last time today yall logging off after this,
StrayKids_ChkChkBoom,a freakin' bombshell,a freakin bombshell,
StrayKids_ChkChkBoom,How could anyone beat Stray kids,how could anyone beat stray kids,
StrayKids_ChkChkBoom,I love this song,i love this song,
StrayKids_ChkChkBoom,Stray kids handsome perceft mv and my bias Jeongin❤,stray kids handsome perceft mv and my bias jeongin,
StrayKids_ChkChkBoom,Soon YouTube will be blocked in Russia😭😭😭😭😭😭,soon youtube will be blocked in russia,
StrayKids_ChkChkBoom,Stray kids leaders of the fourth generation 😍,stray kids leaders of the fourth generation,
StrayKids_ChkChkBoom,Do a Collab with jyp please❤❤,do a collab with jyp please,
StrayKids_ChkChkBoom,"our boys grow up well, STAY❤",our boys grow up well stay,
StrayKids_ChkChkBoom,everytime i watch Stray Kids MV 😭,everytime i watch stray kids mv,
StrayKids_ChkChkBoom,I might be stupid but does CCB news stand for CHK CHK BOOK news 😀 coz I only know BBC news,i might be stupid but does ccb news stand for chk chk book news coz i only know bbc news,
StrayKids_ChkChkBoom,Hyunjin and leeknow last part is one for tge history,hyunjin and leeknow last part is one for tge history,
StrayKids_ChkChkBoom,"41k. Happy 62million <3
Goodnight, Stay ~
Jensetter here!♡
Spot x Chk Chk Boom",k happy million goodnight stay jensetter here spot x chk chk boom,
StrayKids_ChkChkBoom,Boom boom chk chk... BOOM surpassed 62M!🎯👌🤗,boom boom chk chk boom surpassed m,
StrayKids_ChkChkBoom,"I am utterly and completely obsessed with this video and song. 
God’s Menu you finally have a competitor for 1st place in my heart.",i am utterly and completely obsessed with this video and song gods menu you finally have a competitor for st place in my heart,
StrayKids_ChkChkBoom,Boom  boom.   Chk. Chk❤❤❤❤.   Boom,boom boom chk chk boom,
StrayKids_ChkChkBoom,Stray kids your amazing,stray kids your amazing,
StrayKids_ChkChkBoom,THIS REFERENCES😭😭 I LOVE YOU SKZZZ,this references i love you skzzz,
StrayKids_ChkChkBoom,"Fantasy here. 
Bibora x IT IS LOVE x Chk chk boom",fantasy here bibora x it is love x chk chk boom,
StrayKids_ChkChkBoom,why did this make me sob,why did this make me sob,
StrayKids_ChkChkBoom,I arrived before a week aee chk chk boom😊,i arrived before a week aee chk chk boom,
StrayKids_ChkChkBoom,"BANG CHRISTOPHER CHAN LOOKING GOOD
DAMN U LOOK GOOD
edit thx so much for 1 like I liked it myself 😭
omg 3 likes in 5 secs????",bang christopher chan looking good damn u look good edit thx so much for like i liked it myself omg likes in secs,
StrayKids_ChkChkBoom,COOLEST MV EVER,coolest mv ever,
StrayKids_ChkChkBoom,I love you bangchan i wish i could get an autograph from you i wish😢❤,i love you bangchan i wish i could get an autograph from you i wish,
StrayKids_ChkChkBoom,So beautiful🙂🥺,so beautiful,
StrayKids_ChkChkBoom,you can feel how much effort they spent on each comeback and this one they ATE for realll,you can feel how much effort they spent on each comeback and this one they ate for realll,
StrayKids_ChkChkBoom,My first time watching this👁👄👁💅💅💅💅💅,my first time watching this,
StrayKids_ChkChkBoom,Even youtube thinks this shit ATE!!!! 🔥🔥🔥🔥🔥🩷🩷🩷🩷🩷🩷,even youtube thinks this shit ate,
StrayKids_ChkChkBoom,This music video is insane. I can't get enough of it,this music video is insane i cant get enough of it,
StrayKids_ChkChkBoom,"Filling up my truck yeah you want that riiiiiiiide ❤❤❤❤ Boom
Hit you like a truck I'mma make you flyyyyy   💓💓💓",filling up my truck yeah you want that riiiiiiiide boom hit you like a truck imma make you flyyyyy,
StrayKids_ChkChkBoom,Lets make this 100M real quick,lets make this m real quick,
StrayKids_ChkChkBoom,STRAY KIDS ARE THE BEST IN THE WORLD 🔥🌍,stray kids are the best in the world,
StrayKids_ChkChkBoom,OHA LAN KİMSE YOK ORTAM NERDE,oha lan kimse yok ortam nerde,
StrayKids_ChkChkBoom,"I WAS AFRAID OF WHAT THE SUMMER WOULD BE LIKE, BUT THEY ARE HERE!",i was afraid of what the summer would be like but they are here,
StrayKids_ChkChkBoom,"RAP, VOCALS, VISUAL, CHOREOGRAPHY AND MORE... WHY IS IT SO PERFECT?",rap vocals visual choreography and more why is it so perfect,
StrayKids_ChkChkBoom,why does felix during changbin's rrrrrrra part gives me newton vibes like uhh what am i even saying #science student me but really the song is more attracting than gravity,why does felix during changbins rrrrrrra part gives me newton vibes like uhh what am i even saying student me but really the song is more attracting than gravity,
StrayKids_ChkChkBoom,NO BECAUSE THIS THING WILL BE IN MY BRAIN FOREVER,no because this thing will be in my brain forever,
StrayKids_ChkChkBoom,"ATE? NO, THEY SWALLOWED IT AND DID NOT LEAVE A CRUMB!",ate no they swallowed it and did not leave a crumb,
StrayKids_ChkChkBoom,The whole song is 10 but this part.....1:35,the whole song is but this part,
StrayKids_ChkChkBoom,This song 🥰,this song,
StrayKids_ChkChkBoom,"Stay, let’s work hard for music core and inkiyago! We can win!!",stay lets work hard for music core and inkiyago we can win,
StrayKids_ChkChkBoom,Chk chk boom,chk chk boom,
StrayKids_ChkChkBoom,Come on 62Mヽ(*≧ω≦)ﾉ,come on m,
StrayKids_ChkChkBoom,The most beautiful mv ever seen,the most beautiful mv ever seen,
StrayKids_ChkChkBoom,"Stray kids  kids everywhere All around the world you make stray kids stay 

Our life our choice our fandom our light our house our spark our hellavator our hug..our know...our dwekki...our jinnie...our quokka...our chicken..our puppy..our baby bread....our world whom we can't hurt ...if we r be there sheild if we will there sword they will our home......we will protect you don't worry just go on ur way....pur wing will never whatever happens just go on and on ....love you stay love you stray kids 😊😊😊",stray kids kids everywhere all around the world you make stray kids stay our life our choice our fandom our light our house our spark our hellavator our hugour knowour dwekkiour jinnieour quokkaour chickenour puppyour baby breadour world whom we cant hurt if we r be there sheild if we will there sword they will our homewe will protect you dont worry just go on ur waypur wing will never whatever happens just go on and on love you stay love you stray kids,
StrayKids_ChkChkBoom,That was my favorite music video ever oh my gosh you guys make the best music ❤😊,that was my favorite music video ever oh my gosh you guys make the best music,
StrayKids_ChkChkBoom,This song is soooo fckggg gowdddddd,this song is soooo fckggg gowdddddd,
StrayKids_ChkChkBoom,Stray Kids is forever my favorite group. Stray Kids everywhere all around the world ❤,stray kids is forever my favorite group stray kids everywhere all around the world,
StrayKids_ChkChkBoom,"Stray Kids’ “Chk Chk Boom” is now the highest charting 4th generation boy group song on Circle Weekly Global Chart!

#2 Chk Chk Boom 🆕🥠
#3 MANIAC
#4 S-Class
#5 Good Boy Gone Bad, LALALALA
#6 Sugar Rush Ride",stray kids chk chk boom is now the highest charting th generation boy group song on circle weekly global chart chk chk boom maniac sclass good boy gone bad lalalala sugar rush ride,
StrayKids_ChkChkBoom,Lee know,lee know,
StrayKids_ChkChkBoom,This was cool 😂😊,this was cool,
StrayKids_ChkChkBoom,I never understand the feeling of loving someone you never met until i found Stray Kids. They helped me during the toughest moment in my life and im forever grateful,i never understand the feeling of loving someone you never met until i found stray kids they helped me during the toughest moment in my life and im forever grateful,
StrayKids_ChkChkBoom,Happy birthday STAYY 🔥‼️,happy birthday stayy,
StrayKids_ChkChkBoom,how long have you been watching this?                                           me: chk chk boom,how long have you been watching this me chk chk boom,
StrayKids_ChkChkBoom,We well always here for you ❤️❤️❤️❤️❤️❤️❤️❤️❤️❤️😊,we well always here for you,
StrayKids_ChkChkBoom,Who will support Stray kids forever?,who will support stray kids forever,
StrayKids_ChkChkBoom,"Guys, come on let's get that 65M soon!",guys come on lets get that m soon,
StrayKids_ChkChkBoom,Best release of 2024 mannnn,best release of mannnn,
StrayKids_ChkChkBoom,THANKS HUGH AND RYAN ❤,thanks hugh and ryan,
StrayKids_ChkChkBoom,all the members shine this comeback❤❤,all the members shine this comeback,
StrayKids_ChkChkBoom,"Forever proud to be a STAY. I'm so grateful that I found you at the right time, my Stray Kids :"")",forever proud to be a stay im so grateful that i found you at the right time my stray kids,
StrayKids_ChkChkBoom,i so want to see felix in a drama,i so want to see felix in a drama,
StrayKids_ChkChkBoom,Stray Kids Everywhere all around the world,stray kids everywhere all around the world,
StrayKids_ChkChkBoom,"""CHK CHK, BOOM!💥🔫""",chk chk boom,
StrayKids_ChkChkBoom,At the very first day...I was the only one who can sing along with my kings....but now my whole family can sing along.....ayeeee Chk Chk Boom!!! 🤭❤️‍🔥,at the very first dayi was the only one who can sing along with my kingsbut now my whole family can sing alongayeeee chk chk boom,
StrayKids_ChkChkBoom,Stray Kids is HOME❤,stray kids is home,
StrayKids_ChkChkBoom,A bit late but Happy Birthday STAY!!!,a bit late but happy birthday stay,
StrayKids_ChkChkBoom,"As always, a great comeback! 
Stray Kids leaders of the K-pop industry!",as always a great comeback stray kids leaders of the kpop industry,
StrayKids_ChkChkBoom,"The second man is already an actor, and I watched more than six series of him",the second man is already an actor and i watched more than six series of him,
StrayKids_ChkChkBoom,watching this to lighten the mood after watching Stray Kids mv,watching this to lighten the mood after watching stray kids mv,
StrayKids_ChkChkBoom,"The crossover
The song 
The video
The dance 
Thats what that we want😎😎😎",the crossover the song the video the dance thats what that we want,
StrayKids_ChkChkBoom,Who’s here before the sound goes viral?,whos here before the sound goes viral,
StrayKids_ChkChkBoom,"858k
""Lobos, we cannot stop hunting""~
Jensetter here!♡
Spot x Chk Chk Boom",k lobos we cannot stop hunting jensetter here spot x chk chk boom,
