comeback,raw_text,cleaned_text,label,source
aespa_Whiplash,Aespa has been on fire. Like release after release is sooooo strong.,aespa fire like releas releas sooooo strong,positive,reddit
aespa_Whiplash,"Yeah, I expected them to increase sales too. But the economy isn’t doing that great + there’s a lot of competition this month (aespa, itzy, illit etc).

Sticky was a popular song on the charts, but charts are determined by casual listeners, not the core fanbase who buys albums. Mamamoo always hovered around similar album sales despite having hits. StayC had a steep decline despite Teddy Bear and Bubble being popular.

Only a slight increase instead of a big increase is not that worrying, it just means they need more time to build a fanbase. And it’s possible there might be a shipping issue (like there was for LSF).",yeah expect increas sale economi isnt great there lot competit month aespa itzi illit etc sticki popular song chart chart determin casual listen core fanbas buy album mamamoo alway hover around similar album sale despit hit stayc steep declin despit teddi bear bubbl popular slight increas instead big increas worri mean need time build fanbas possibl might ship issu like lsf,neutral,reddit
aespa_Whiplash,this is impossible to do but i love how almost every comment has an aespa or ive bside\~,imposs love almost everi comment aespa ive bside,positive,reddit
aespa_Whiplash,But there are strict standards towards idols. I understand where you are coming from. The more down to earth personalities of aespa are very charming. But it is still a business with this industry. And sometimes industry is a very cold place to be one's self. :(,strict standard toward idol understand come earth person aespa charm still busi industri sometim industri cold place one self,neutral,reddit
aespa_Whiplash,"Fr I think this comeback is just getting hate because magnetic was SO huge so it gives people an excuse to call them flops if this one doesn't somehow perform better, which is ridiculous. They are already monster rookies and the discourse around this comeback already proves that they're doing something right imo, because haters love to target girls/women who are successful.  

There's no need to constantly write think pieces about how you don't like one song (same goes for those complaining about how they don't like the recent comebacks of aespa or Jennie etc). Just don't listen to it, it's actually very easy to avoid music you don't like.",fr think comeback get hate magnet huge give peopl excus call flop one doesnt somehow perform better ridicul alreadi monster rooki discours around comeback alreadi prove theyr someth right imo hater love target girlswomen success there need constantli write think piec dont like one song goe complain dont like recent comeback aespa jenni etc dont listen actual easi avoid music dont like,neutral,reddit
aespa_Whiplash,"has aespa failed any song this year omg??

hit back to back omds, after Rose get her pak i want this song to get pak to.",aespa fail song year omg hit back back omd rose get pak want song get pak,positive,reddit
aespa_Whiplash,"I ,Anna put the high heels and dance till the morning to it aespa Strick again",anna put high heel danc till morn aespa strick,positive,reddit
aespa_Whiplash,"Its the third time that Ningning is left out of group activities. The first time was kinda understandable, she was recording in China if I'm not mistaken but the second and third time like...really? We don't even know if it was a solo schedule or if she was sick, but they don't even try to accomodate around her.
About Giselle's styling, its kinda complicated. About the hair, aespa always seems to be able to choose hairstyles, specially on music shows, and Giselle already talked about how she prefers loose straight hair and sometimes she will do wavy hair. But clothing wise... I remember some hideous outfits for her during Drama promotions and some simpler ones compared to the other members during Supernova. So far with Whiplash I think she is getting good outfits? I saw some people complaining about her cargo outfit, that it was too baggy compared to the other members, but I think it really suited her and it was pretty so I didn't care.

TLDR: The complains about Ningning schedules are valid, the complains about Giselle styling sometimes are valid, sometimes are not and its just her own preferences.",third time ningn left group activ first time kinda understand record china im mistaken second third time liker dont even know solo schedul sick dont even tri accomod around gisel style kinda complic hair aespa alway seem abl choos hairstyl special music show gisel alreadi talk prefer loos straight hair sometim wavi hair cloth wise rememb hideou outfit drama promot simpler one compar member supernova far whiplash think get good outfit saw peopl complain cargo outfit baggi compar member think realli suit pretti didnt care tldr complain ningn schedul valid complain gisel style sometim valid sometim prefer,neutral,reddit
aespa_Whiplash,"Wait they were like saying some derogatory stuff about other popular groups like nct ,skz,aespa like is it true 


Some were a
Saying they made fun of skz members height or smth",wait like say derogatori stuff popular group like nct skzaespa like true say made fun skz member height smth,neutral,reddit
aespa_Whiplash,"I mean we know that SME groups like switching concepts and sounds so I understand why they were practicing different things, but I feel like the key point in Aespa's change is Fast and Furious soundtrack.


Aespa said that LSM watched the movie, heard the soundtrack and thought ""that's it."" It probably inspired him to create lore and SME universe episodes (which has been on hold for a while unfortunately) and they said multiple times that they all had to practice Next level and had different demos, I think Winter even said here they all tried out singing the song by themselves.",mean know sme group like switch concept sound understand practic differ thing feel like key point aespa chang fast furiou soundtrack aespa said lsm watch movi heard soundtrack thought that probabl inspir creat lore sme univers episod hold unfortun said multipl time practic next level differ demo think winter even said tri sing song,neutral,reddit
aespa_Whiplash,"' BTOB Changsub's 1991 album, specifically his title track '33'!!
- Seventeen's Eyes on You, 1 to 13

- Heon Soo' Halo

- Purple Kiss' On my Bike, Light the Way

- Sole's Tonight 

- CNBLUE's Personal Color

- aespa's Whiplash, Flowers

- Kiss of Life' REM, Igloo

- ITZY's Imaginary Friend

-",btob changsub album specif titl track seventeen eye heon soo halo purpl kiss bike light way sole tonight cnblue person color aespa whiplash flower kiss life rem igloo itzi imaginari friend,neutral,reddit
aespa_Whiplash,Honestly? Pretty much all of Aespa's 2024 output. There are good elements but non of the songs feel finished to me.,honestli pretti much aespa output good element non song feel finish,negative,reddit
aespa_Whiplash,"my streaming stats for october -

top 10 songs:
1. steady - nct wish
2. on & on - nct wish 
3. 3 minutes - nct wish
4. supercute - nct wish
5. i'll like you - illit
6. mantra - jennie
7. whiplash  - aespa
8. igloo - kiss of life
9. iykyk - illit
10. moonstruck - enhypen

top 5 artists:
1. nct wish
2. enhypen
3. nct dream
4. kiss of life
5. aespa",stream stat octob top song steadi nct wish nct wish minut nct wish supercut nct wish ill like illit mantra jenni whiplash aespa igloo kiss life iykyk illit moonstruck enhypen top artist nct wish enhypen nct dream kiss life aespa,neutral,reddit
aespa_Whiplash,So glad that Aespa is back to posting more in Pinterest lol,glad aespa back post pinterest lol,positive,reddit
aespa_Whiplash,Ningning,ningn,neutral,reddit
aespa_Whiplash,"Twice and Itzy brought me into Kpop originally in 2021 so they were the first groups I stanned. As I learned the Kpop landscape I found Aespa and Red Velvet and liked their music and voices better. Then Twice and Itzy both put out several comebacks in a row that were meh for me (Chaeyoung's wardrobe snafus were the cherry on top) so I unstanned both. Then after watching them with ""WTF s going on"" for a long time NMIXX finally pulled me in with Sonar/Dash. Red Velvet, Aespa, and NMIXX are my top three now.",twice itzi brought kpop origin first group stan learn kpop landscap found aespa red velvet like music voic better twice itzi put sever comeback row meh chaeyoung wardrob snafu cherri top unstan watch withwtf go long time nmixx final pull sonardash red velvet aespa nmixx top three,positive,reddit
aespa_Whiplash,The reality of the situation? I must have missed the memo where you suddenly became an all-knowing psychic with insider knowledge on every little detail. Do you live with aespa? Are you their best friend or confidant? You can talk about fanbases all you want. It’s just hard to take this seriously when you’re making wild assumptions about idols you’ve never met or known. Maybe it’s time to step outside and get some fresh air.,realiti situat must miss memo suddenli becam allknow psychic insid knowledg everi littl detail live aespa best friend confid talk fanbas want hard take serious your make wild assumpt idol youv never met known mayb time step outsid get fresh air,neutral,reddit
aespa_Whiplash,Wow. I didn't think the aespa would be so low,wow didnt think aespa would low,negative,reddit
aespa_Whiplash,"I don't. Out of my Top 10 favourite groups, only 3 (Red Velvet, aespa, NMIXX) are from a Big 4 company. Smaller companies consistently deliver better quality across the board. You're observation is strictly based on the exposure big companies can give their groups. It's not so much that fans prefer those groups, it's just they know of them through marketing and promotion.

In the 10 or so years I've been into K-Pop, I've seen all the time those stans getting in with Big 4 groups and ending up ulting Mid/Small company ones.",dont top favourit group red velvet aespa nmixx big compani smaller compani consist deliv better qualiti across board your observ strictli base exposur big compani give group much fan prefer group know market promot year ive kpop ive seen time stan get big group end ult midsmal compani one,neutral,reddit
aespa_Whiplash,"Aespa is one of my ults lol, got into them during Drama era, so I have a lot of favs. Flowers is supreme, I have never heard a b side this good from aespa",aespa one ult lol got drama era lot fav flower suprem never heard b side good aespa,positive,reddit
aespa_Whiplash,"Probably my least favorite Aespa title track of the past two years, but infinitely re-listenable.",probabl least favorit aespa titl track past two year infinit relisten,negative,reddit
aespa_Whiplash,"Hi, your post has been removed.

Reason: **Follow title guidelines when submitting:**

Full list of title guidelines:

###New Release Teasers
Content Type | Title Format | Example
---|---|----
Album Teasers [1] | YYMMDD **Artist** - The # Mini/Full Album: Title (Teaser Type - Member(s)) | 230425 aespa - The 3rd Mini Album: MY WORLD (A STRANGE PHENOMENON Teaser Images - Karina & Winter)
Album Teasers [2] | YYMMDD **Artist** - The # Mini/Full Album: Title (Teaser Type - Member(s)) | 230425 aespa - The 4th Mini Album: DRAMA (Scheduler)  
Title Track Teasers [1] | YYMMDD **Artist** - Title (Teaser Type) | 230817 aespa - Better Things (MV Teaser)
Title Track Teasers [2] | YYMMDD **Artist** - Title (Teaser Type) | 230506 aespa - Spicy (Concept Photos)
Misc Teasers [1] | YYMMDD **Artist** - Title (Teaser Type - Member(s)) | 231023 aespa - 2024 Season's Greetings (Teaser Images)
Misc Teasers [2] | YYMMDD **Artist** - Title (Teaser Type - Member(s)) | 231023 aespa - 2023 aespa FAN MEETING: MY DRAMA (Teaser Video - Karina & Winter)

*Singles follow the same format as Title Tracks*

###Social Media
Content Type | Title Format | Example
---|---|----
SNS (Group) [1] | YYMMDD **aespa** [Platform] Update - Caption* | 230101 aespa Instagram Update with Karina 
SNS (Group) [2] | YYMMDD **aespa** [Platform] Update with Member(s) - Caption* | 240102 aespa TikTok Update with Karina & Giselle 
SNS (Individual) [1] | YYMMDD **Member** [Platform] Update - Caption* | 240112 Ningning Instagram Update
SNS (Individual) [2] | YYMMDD **Member** [Platform] Update with Member(s) - Caption*| 231202 Winter Weverse Update with Karina
SNS (Non-Group) [1] | YYMMDD **Handle** [Platform] Update with Member(s) - Caption* | 221225 Red Velvet Twitter Update with aespa
SNS (Non-Group) [2] | YYMMDD **Handle** [Platform] Update with Member(s)  - Caption* | 240226 ITZY Ryujin Instagram Story Update with Karina
Dance Challenge (Group) | YYMMDD **aespa** [Platform] Update with Member(s) - Caption with **Group Member(s)** | 231229 aespa TikTok Update with Giselle - #ImtheDrama with #YEJI 🐈 (with ITZY Yeji)
Dance Challenge (Non-Group) | YYMMDD **Handle** [Platform] Update with Member(s) - Caption with **Group Member(s)** | 230525 LE SSERAFIM TikTok Update with Winter - ❄️Boom boom boom🐯with #aespa #WINTER (with Kim Chaewon)
*_captions are only required on Instagram & Twitter posts if there is an english caption, or it's a major award or event. Translators are allowed as long as they make sense._

###Videos
Content Type | Title Format | Example
|--|--|--
MV | YYMMDD **Artist** - Title | 231110 aespa - Drama
Dance Practices | YYMMDD **Artist** - Title (Type) | 231116 aespa - Drama (Dance Practice)
Performances | YYMMDD **Artist** - Song Title @ **Show** | 230514 aespa - Thirsty @ SBS Inkigayo
LIVE | YYMMDD **Member(s)** [Platform] Live | 231008 Ningning Weverse Live
Variety (aespa Originals) | YYMMDD **Artist** - Title | 240313 Winter - This trip is done! 🐶🏝️ WINTER in Okinawa - Wintering Vlog
Variety | YYMMDD **Artist** @ **Show** | 210526 aespa @ Weekly Idol Ep. 513
Variety Teasers | YYMMDD **Artist** @ **Show** (Teaser) | 210523 aespa @ Weekly Idol Ep. 513 (Preview)

###Branded Content & Magazine Appearances
Content Type | Title Format | Example
|--|--|--
Commercial Films | YYMMDD **Artist** *for* Title | 231120 Karina for Lotte Chilsung’s beer Kloud Krush
Brand Ads | YYMMDD **Artist** *for* Title | 231221 Winter for Mamonde
Magazine Appearances | YYMMDD **Artist** *for* Title (Additional info) | 230925 Karina for Vogue Korea (October 2023 Issue)

###Misc

Content Type | Title Format | Example
|--|--|--
Stage Performance Pictures | YYMMDD **Artist** - Song Title ([Performance Date] **Show** Stage Pics) | 231117 aespa - Drama (231115 Show Champion Stage Pics)
News/Info | YYMMDD Article Title | 240405 SM confirms aespa to make comeback in May

- **All post dates should follow Korean Standard Time regardless of location.**

- **aespa** is officially stylized in all lowercase. Any other form of style used on official content will be removed.",hi post remov reason follow titl guidelin submit full list titl guidelin new releas teaser content type titl format exampl album teaser yymmdd artist miniful album titl teaser type member aespa rd mini album world strang phenomenon teaser imag karina winter album teaser yymmdd artist miniful album titl teaser type member aespa th mini album drama schedul titl track teaser yymmdd artist titl teaser type aespa better thing mv teaser titl track teaser yymmdd artist titl teaser type aespa spici concept photo misc teaser yymmdd artist titl teaser type member aespa season greet teaser imag misc teaser yymmdd artist titl teaser type member aespa aespa fan meet drama teaser video karina winter singl follow format titl track social media content type titl format exampl sn group yymmdd aespa platform updat caption aespa instagram updat karina sn group yymmdd aespa platform updat member caption aespa tiktok updat karina gisel sn individu yymmdd member platform updat caption ningn instagram updat sn individu yymmdd member platform updat member caption winter wevers updat karina sn nongroup yymmdd handl platform updat member caption red velvet twitter updat aespa sn nongroup yymmdd handl platform updat member caption itzi ryujin instagram stori updat karina danc challeng group yymmdd aespa platform updat member caption group member aespa tiktok updat gisel imthedrama yeji itzi yeji danc challeng nongroup yymmdd handl platform updat member caption group member le sserafim tiktok updat winter boom boom boomwith aespa winter kim chaewon _caption requir instagram twitter post english caption major award event translat allow long make sense_ video content type titl format exampl mv yymmdd artist titl aespa drama danc practic yymmdd artist titl type aespa drama danc practic perform yymmdd artist song titl show aespa thirsti sb inkigayo live yymmdd member platform live ningn wevers live varieti aespa origin yymmdd artist titl winter trip done winter okinawa winter vlog varieti yymmdd artist show aespa weekli idol ep varieti teaser yymmdd artist show teaser aespa weekli idol ep preview brand content magazin appear content type titl format exampl commerci film yymmdd artist titl karina lott chilsung beer kloud krush brand ad yymmdd artist titl winter mamond magazin appear yymmdd artist titl addit info karina vogu korea octob issu misc content type titl format exampl stage perform pictur yymmdd artist song titl perform date show stage pic aespa drama show champion stage pic newsinfo yymmdd articl titl sm confirm aespa make comeback may post date follow korean standard time regardless locat aespa offici styliz lowercas form style use offici content remov,neutral,reddit
aespa_Whiplash,def ningning,def ningn,neutral,reddit
aespa_Whiplash,"'You know, back in 2022, you you you and you, participated in aespa's hate train, so this is fair now' - them pointing fingers at fandoms of groups who weren't even debuted at that time",know back particip aespa hate train fair point finger fandom group werent even debut time,neutral,reddit
aespa_Whiplash,"Aespa doesn't get straight up hate comments (unlike their fandom, it's pretty much accepted to blame all of world's problems on mys), all I've seen is slightly shady comments bringing up their plagiarism allegations due to the lyric that went viral some days ago. I'm content with Reddit finally feeling more or less neutral towards the girls.

BP gets vile comments. Like actually vile comments on Reddit. Someone felt jobless enough to even create a snark sub for them, so I don't think the APT and mantra praise will last a long time. 

I can't even describe the shit that NJ gets. Literal paragraphs are written psychoanalyzing the girls and claiming they're sociopaths. Redditors behave like flat-earthers on steroids, when it comes to the girls. It's sad.",aespa doesnt get straight hate comment unlik fandom pretti much accept blame world problem my ive seen slightli shadi comment bring plagiar alleg due lyric went viral day ago im content reddit final feel less neutral toward girl bp get vile comment like actual vile comment reddit someon felt jobless enough even creat snark sub dont think apt mantra prais last long time cant even describ shit nj get liter paragraph written psychoanalyz girl claim theyr sociopath redditor behav like flatearth steroid come girl sad,neutral,reddit
aespa_Whiplash,"I can't deny, I like APT the most among the songs that have been released this month. But aespa competing up there with BP is already a great achievement in and of itself. Just like what Ning2x said, don't focus too much on the charts and enjoy the music. Indeed many multistans were well fed this month!",cant deni like apt among song releas month aespa compet bp alreadi great achiev like ningx said dont focu much chart enjoy music inde mani multistan well fed month,neutral,reddit
aespa_Whiplash,[aespa TikTok](https://www.tiktok.com/@aespa_official/video/7432989926796381448),aespa tiktok,neutral,reddit
aespa_Whiplash,As someone who got back into kpop this year that listens and follows ALL current girl groups with no strong bias ...choosing from the songs on this poll I'd have to say I listen to Le Sserafim and aespa the most.,someon got back kpop year listen follow current girl group strong bia choos song poll id say listen le sserafim aespa,positive,reddit
aespa_Whiplash,"October alone has some of the heavy hitters all releasing (Itzy, Illit, Aespa, BP solos, etc) at the same time. The upcoming months also aren't slowing down either with more groups still scheduled to release like Misamo, XG, Babymonster, Rose full album, rumoured Jisoo comeback and so on.

  
As a fan of music and not specifically groups (that isn't to say the names listed aren't some of my favorites), I am loving it! But it is getting hard to keep up so haha.",octob alon heavi hitter releas itzi illit aespa bp solo etc time upcom month also arent slow either group still schedul releas like misamo xg babymonst rose full album rumour jisoo comeback fan music specif group isnt say name list arent favorit love get hard keep haha,neutral,reddit
aespa_Whiplash,"This is Giselle's era!!!!


This is a bop, a runway bop. MV goes crazy wow. It's catchy as hell wow. Stuck in my head for the whole month and the rest of the year. Aespa does it again!",gisel era bop runway bop mv goe crazi wow catchi hell wow stuck head whole month rest year aespa,positive,reddit
aespa_Whiplash,Damn Im shocked how low Aespa is,damn im shock low aespa,negative,reddit
aespa_Whiplash,"Every big company will be accused of something at some point in time repeatedly. Aespa was accused on copying BP, of never singling live, RV was critiqued for not being like BP and Twice and Yeri was hated routinely for years, Itzy has gotten hate since other gen 4 groups debuted for literally anything and everything. HYBE used to the the sparkling gem of the industry and people swore they would become big 4 instead of just big 3. This is part of what comes with that. The bigger you are the more people target you.",everi big compani accus someth point time repeatedli aespa accus copi bp never singl live rv critiqu like bp twice yeri hate routin year itzi gotten hate sinc gen group debut liter anyth everyth hybe use sparkl gem industri peopl swore would becom big instead big part come bigger peopl target,neutral,reddit
aespa_Whiplash,"ahahahah I love how they manage to insert their faves everywhere lol someone said that hybe was responsible for the hate train aespa suffered after debut 😭

I have friends that work with digital marketing and they monitored every single comment made online. People are just now discovering that marketing it’s not beautiful lol",ahahahah love manag insert fave everywher lol someon said hybe respons hate train aespa suffer debut friend work digit market monitor everi singl comment made onlin peopl discov market beauti lol,neutral,reddit
aespa_Whiplash,aespa lsrfm and nwjns!,aespa lsrfm nwjn,neutral,reddit
aespa_Whiplash,I think it's definitely aespa but NMIXX should be an option here. They are crushing it this year.,think definit aespa nmixx option crush year,neutral,reddit
aespa_Whiplash,"Twice x aespa challenge, I repeat Twice x aespa challenge! 

So sick to see this combo.",twice x aespa challeng repeat twice x aespa challeng sick see combo,positive,reddit
aespa_Whiplash,"It's a bit like the one party consent when it comes to recordings in SK. She was 'visibly' a part of the conversation. 

The question is about the publishing in not court, but media. 

It would also touch down, once again, on 'ownership'.

Basically, courts would a) need to establish if the one party consent that is for RECORDINGS, also grips for written communication.

b) if there is public interest. In that specific message. 

To a) would take a long time and I don't think anybody wants to touch KKT right now, who would get involved in that, too. 

b) Given that the aespa thing didn't come up again, and that it by no chance can be seen as interconglomerate bullying, which she builds her case around right now...sorry...fights for NJ, nor is it about her CEO issue or anything... I wouldn't see how this specific message is of public interest. 

To note for those who 'but HYBE'... a) her messages are still considered a leak. Given that she sees a recording of a PR person correcting false reporting as whistleblowing, ... As always, rules for yee, not MHee, or something. And Hybe didn't hold a presser with 'so there are these messages.'

Furthermore, b) as established, she and the VP either used their WORK computers to communicate via KKT or used their work computers to sent KKT archives to a third party.

Either way, the stuff was on work computers, therefore, most likely, in that very moment the property of HYBE. (Once again, dear readers: if you haven't read the data privacy policy for employees of your company, maybe this would be a good time. Get some popcorn and ready to be shooketh). So, not comparable even if Hybe had published them 🤷‍♀️ 


(To be fair, I also understood the message as being about ambiguity in court. But that's the thing... I can believe all I want that BTS's Idol copied my morning stretch dancing routine, doesn't mean it's real. Court doesn't care about what you believe. 🤷‍♀️ )",bit like one parti consent come record sk visibl part convers question publish court media would also touch ownership basic court would need establish one parti consent record also grip written commun b public interest specif messag would take long time dont think anybodi want touch kkt right would get involv b given aespa thing didnt come chanc seen interconglomer bulli build case around right nowsorryfight nj ceo issu anyth wouldnt see specif messag public interest note hybe messag still consid leak given see record pr person correct fals report whistleblow alway rule yee mhee someth hybe didnt hold presser messag furthermor b establish vp either use work comput commun via kkt use work comput sent kkt archiv third parti either way stuff work comput therefor like moment properti hybe dear reader havent read data privaci polici employe compani mayb would good time get popcorn readi shooketh compar even hybe publish fair also understood messag ambigu court that thing believ want btss idol copi morn stretch danc routin doesnt mean real court doesnt care believ,neutral,reddit
aespa_Whiplash,Bias Ningning🦋 looks super cute in this camo fit. I can't take it 😍,bia ningn look super cute camo fit cant take,positive,reddit
aespa_Whiplash,"1. Welcome to My World (Aespa)
2. Igloo (KIOL)
3. Cookie (New Jeans)
4. Find (STAYC)
5. 1 Thing (STAYC)
6. Trick or Trick (Aespa)
7. Sour Grapes (Le Sserafim)
8. So What (STAYC)
9. Lucid Dream (Aespa)
10. ICONIC (Aespa)",welcom world aespa igloo kiol cooki new jean find stayc thing stayc trick trick aespa sour grape le sserafim stayc lucid dream aespa icon aespa,neutral,reddit
aespa_Whiplash,"I wish they would have shown the camo fits cause those are my favorite 🫤 but still, it was a great jacket behind. The looks...Aespa ate💙⭐️🌙🦋",wish would shown camo fit caus favorit still great jacket behind looksaespa ate,neutral,reddit
aespa_Whiplash,"This is one of the most stylish high fashion/perfume ad kpop videos I've ever seen.

*Presenting* Whiplash, *the new fragrance by* aespa",one stylish high fashionperfum ad kpop video ive ever seen present whiplash new fragranc aespa,positive,reddit
aespa_Whiplash,"Itzy copied Aespa.... cause they were four members during an era. 

Ah yes, Lia went on hiatus just so they can ape off Aespa patented 4 member concept. Seems legit.",itzi copi aespa caus four member era ah ye lia went hiatu ape aespa patent member concept seem legit,neutral,reddit
aespa_Whiplash,"They are pretty well-liked on Reddit, but a significant part of their fanbase is in Asia, especially China, so they aren't mentioned as often as their peers here. 

Another factor is that their debut was sort of in-between two of the biggest girl group ""clusters"". Their debut was closer in time to Blackpink's than to Aespa's or IVE/Le Sserafim/NewJeans. 

But they are not really associated with Blackpink/Twice/Red Velvet. They are technically 4th gen, but I feel like they aren't really grouped up with much younger record-breaking 4th gen girl groups either. So they are left out from a lot of conversations.",pretti welllik reddit signific part fanbas asia especi china arent mention often peer anoth factor debut sort inbetween two biggest girl group cluster debut closer time blackpink aespa ivel sserafimnewjean realli associ blackpinktwic velvet technic th gen feel like arent realli group much younger recordbreak th gen girl group either left lot convers,neutral,reddit
aespa_Whiplash,"Exactly Aespa, xg, charlie xcx, grimes, Doja, kim petras have some mv where the visual reminds me if ine another.  Hyperpop, cyberpunk, techno and all these aesthetic or ideas or concept overlaps each other.",exactli aespa xg charli xcx grime doja kim petra mv visual remind ine anoth hyperpop cyberpunk techno aesthet idea concept overlap,neutral,reddit
aespa_Whiplash,"supernova aespa, after a million replays i kinda never want to hear that song again",supernova aespa million replay kinda never want hear song,negative,reddit
aespa_Whiplash,"I tought the choreo was boring, simple and lame when I saw the mv. And I wa like ""it makes sense, cause this song feels more like a runway, posing kind of song"" but no.
Thanks to this presentation my mind changed. I love the choreo, it suits the song so well.
Specially Winter's first verse and NingNing's first and last part.
And I still need to see the choreography vid they released earlier today 👀",tought choreo bore simpl lame saw mv wa like make sens caus song feel like runway pose kind song thank present mind chang love choreo suit song well special winter first vers ningn first last part still need see choreographi vid releas earlier today,positive,reddit
aespa_Whiplash,I dunno if that point stands. Billlie released 'Of All We Have Lost' on October 16 and aespa released 'Whiplash' on October 21. They were both on Show! Music Core last night.,dunno point stand billli releas lost octob aespa releas whiplash octob show music core last night,neutral,reddit
aespa_Whiplash,Winter and NingNing absolutely killing it! Do they release photo cards based on these photos? I need them!,winter ningn absolut kill releas photo card base photo need,positive,reddit
aespa_Whiplash,SM should’ve gave Aespa a better title after the success of Supernova. It seems like they’re trying to copy that formula but Whiplash falls so flat. It’s one of their worst releases next to Girls,sm shouldv gave aespa better titl success supernova seem like theyr tri copi formula whiplash fall flat one worst releas next girl,negative,reddit
aespa_Whiplash,"- Dreamlike (Izone)
- Lovin Me (5050)
- Shine With Me (Ive)
- Star (Loona)
- Burn the Bridge (Lsrfm)
- Payback (Ive)
- ICU (Aespa)
- Love Me Like (Viviz)
- Back to the City (Kep1er)
- Rewind (Fromis_9)",dreamlik izon lovin shine ive star loona burn bridg lsrfm payback ive icu aespa love like viviz back citi keper rewind fromis_,neutral,reddit
ATEEZ_IceOnMyTeeth,"For YouTube, this is what I had:

Top Artists:
1. ATEEZ (I was in the top 1% of listeners)
2. Stray Kids
3. Txt
4. Seventeen
5. ONF

Top Tracks:
1. Alpha (Boy Story)
2. Liar (BUS)
3. Killin’ It (P1Harmony)
4. Geekin’ (Younite)
5. Fxx Off (One Pact)

I’m very shocked that my top artists and top tracks don’t coincide AT ALL 😅

I had 6,303 minutes total",youtub top artist ateez top listen stray kid txt seventeen onf top track alpha boy stori liar bu killin pharmoni geekin younit fxx one pact im shock top artist top track dont coincid minut total,neutral,reddit
ATEEZ_IceOnMyTeeth,"Recs for people who 'miss' ATEEZ's older sound (going by vibes instead of similarity in songs)

WORLD sound:

* Psycho -JUN
* Pandora by MAVE
* Villain -K/DA
* Supercalifragilistic -XIkers
* Silent Night -Dreamcatcher (or maybe this fits into treasure idk it's kinda similar to horizon)
* Hold on tight -Aespa
* The dark side -muse (If you like this song, go explore synthwave and cyberpunk genre)
* Sharp Objects -Sorn (some people might find this mid but i love this one)
* Gods - newjeans

Treasure sound:

* Outro: Cross the Line (The vibes are mysterious and creepy, distinctly en-, but you might still like it)
* Eternally -TXT
* Side Effects -SKZ
* Sweet Juice -Purple Kiss
* Everybody's got a secret -Billlie
* Never In Vain -LUCY
* Lion -GIDLE
* Futakoita -FAKY (idk maybe this sounds like ateez maybe it doesn't? I It kind of reminds me of still here)

Fever sound:

* the rumor -billlie
* I really have no idea where this fits but it's kinda emotional and the lyrics talk about struggles of childhood so i'll put it here (it's vocaloid btw) When I was absent from school -Kikuo
* Mixtape #1 -SKZ
* Rhythm Ta -ikon",rec peopl miss ateez older sound go vibe instead similar song world sound psycho jun pandora mave villain kda supercalifragilist xiker silent night dreamcatch mayb fit treasur idk kinda similar horizon hold tight aespa dark side muse like song go explor synthwav cyberpunk genr sharp object sorn peopl might find mid love one god newjean treasur sound outro cross line vibe mysteri creepi distinctli en might still like etern txt side effect skz sweet juic purpl kiss everybodi got secret billli never vain luci lion gidl futakoita faki idk mayb sound like ateez mayb doesnt kind remind still fever sound rumor billli realli idea fit kinda emot lyric talk struggl childhood ill put vocaloid btw absent school kikuo mixtap skz rhythm ta ikon,neutral,reddit
ATEEZ_IceOnMyTeeth,"I agree with IOMT lyrics -- a lot of them (especially the chorus) are not great, although some are nice. Compared to the rest of the album, I feel like it's the weakest song. The instrumental is great though. The way they perform it is also great. 

I actually disagree about the rest of the album -- I don't think it's cold. IOMT feels cold but the rest of the songs don't give me that vibe. My biggest problem with this album is that IOMT doesn't represent the rest of the album well and probably should've been on GH pt 1. I'm not sure if I would have one of the other songs as a title track, but the rest of the album seems like it needs a title track very much not in the style of IOMT (but rather more like Inception or Deja Vu. They performed Desire recently and a song like that also would've been an amazing vibe for a title track for this album.) 

Isn't this the only mv where San is shirtless or am I missing something? I know he's been showing his body in a lot of their live performances/festivals/photoshoots since around this time last year, but he seems fine with it. I think it's always him because he's the one comfortable with doing it. (Seonghwa has also had revealing outfits for their tour/festivals but to a lesser extent -- and to the level he's comfortable with, I'm assuming.) 

As for a general unpopular opinion...I'm not sure if this is an unpopular opinion or just a critique but I wish San would find a balance between performing and live singing on their choreographed songs. I know he's a main dancer but he's also the lead vocalist. He should not be one of the members who sings live the least in things. This was pretty noticeable during the concerts (especially during It's You because Wooyoung was very very live.) 

Other unpopular opinion that I can think of is that they should've promoted a song besides Empty Box with Work. I kind of get why they did, but also...the fact that we still don't have performances of any of those other songs is sad. Not even at GMF where they had a whole concert length set list opportunity.",agre iomt lyric lot especi choru great although nice compar rest album feel like weakest song instrument great though way perform also great actual disagre rest album dont think cold iomt feel cold rest song dont give vibe biggest problem album iomt doesnt repres rest album well probabl shouldv gh pt im sure would one song titl track rest album seem like need titl track much style iomt rather like incept deja vu perform desir recent song like also wouldv amaz vibe titl track album isnt mv san shirtless miss someth know he show bodi lot live performancesfestivalsphotoshoot sinc around time last year seem fine think alway he one comfort seonghwa also reveal outfit tourfestiv lesser extent level he comfort im assum gener unpopular opinionim sure unpopular opinion critiqu wish san would find balanc perform live sing choreograph song know he main dancer he also lead vocalist one member sing live least thing pretti notic concert especi wooyoung live unpopular opinion think shouldv promot song besid empti box work kind get alsoth fact still dont perform song sad even gmf whole concert length set list opportun,negative,reddit
ATEEZ_IceOnMyTeeth,FFS my Amex is still recovering from Ateez in London in January,ff amex still recov ateez london januari,positive,reddit
ATEEZ_IceOnMyTeeth,"Personally, I don't think they're performing any more songs from GH1 and 2 live in concert until they've performed it at a concert in Korea. That's what happened with Halazia - the set list didn't change for the EU leg even though it was after Witness, and they only adjusted it after they performed Halazia at their Anchor (Encore) concerts.

I don't think GMF would've been the right stage for Blind, either. Ateez stages are usually such a huge production and the layout for GMF seemed pretty simple in comparison! San mentioned on live earlier that the camera work at KGMA yesterday wasn't able to properly capture his dance break, it sounds like these logistics are really important to them :')",person dont think theyr perform song gh live concert theyv perform concert korea that happen halazia set list didnt chang eu leg even though wit adjust perform halazia anchor encor concert dont think gmf wouldv right stage blind either ateez stage usual huge product layout gmf seem pretti simpl comparison san mention live earlier camera work kgma yesterday wasnt abl properli captur danc break sound like logist realli import,neutral,reddit
ATEEZ_IceOnMyTeeth,"I think it is valid. But I do take comfort in the fact that Ateez have said that they really enjoy this album and have been excited for it to come out. 

And it's not really super straightforward. For example, recently with TXT, Hueningkai said that their current title track (Over The Moon) is the first one he's liked since Loser=Lover. There have been 4 comebacks since then and Loser=Lover came out in August 2021. (I guess it's 6 if you count their two English collabs from last year but they weren't full comebacks.) That doesn't mean everything since then has been bad even though they've experimented, or even that all the members have felt the same (because they haven't.) There has definitely been some pandering (especially with the two collabs, and half of their english/english version songs but not all of them) but some of that in and of itself has been an experiment for them and some are popular styles that some of the members themselves like. And there is the unfortunate reality that they need to succeed and sometimes that means giving in to popular trends. 

I think with Ateez, they're trying to balance trying new things that they want to try with making title tracks that can be generally successful and gain them a wider audience. And also trying to balance both of those things with whatever concept that specific era is.",think valid take comfort fact ateez said realli enjoy album excit come realli super straightforward exampl recent txt hueningkai said current titl track moon first one he like sinc loserlov comeback sinc loserlov came august guess count two english collab last year werent full comeback doesnt mean everyth sinc bad even though theyv experi even member felt havent definit pander especi two collab half englishenglish version song experi popular style member like unfortun realiti need succeed sometim mean give popular trend think ateez theyr tri balanc tri new thing want tri make titl track gener success gain wider audienc also tri balanc thing whatev concept specif era,neutral,reddit
ATEEZ_IceOnMyTeeth,"This makes so much sense ! 
San’s over performing is definitely one of the things that sucked me in. But it’s very unsustainable on the long run. It takes a lot of control as a performer to find the right balance that allows you to survive a tour and promotional at this high level. It will take a toll on your body eventually ( as someone with tricky knees because of said issue 😅)
I actually really enjoy their laidback choreos, because they’re all so talented that it exudes charisma. 
As a baby atiny, I’m enjoying the last TTs for how fun they are. But as another commenter said, anything sounding like Halazia or Guerilla will have my soul.",make much sens san perform definit one thing suck unsustain long run take lot control perform find right balanc allow surviv tour promot high level take toll bodi eventu someon tricki knee said issu actual realli enjoy laidback choreo theyr talent exud charisma babi atini im enjoy last tt fun anoth comment said anyth sound like halazia guerilla soul,positive,reddit
ATEEZ_IceOnMyTeeth,[Source](https://x.com/ateezofficial/status/1858017071650766880?s=46&t=vw626Ah4PxRifsbTwDPi7A),sourc,neutral,reddit
ATEEZ_IceOnMyTeeth,"Yes, I thought about the weather too, I’d hate for it to be cancelled if it rains. It’s why I was hoping for another venue, after spending all that money and arranging to go, I’d hate for it to be rained out.

That does help, and is pretty much what I expected. I’ve only been to a few concerts, and only one that was kpop (Dreamcatcher last year, so way different from SKZ or Ateez, who I unfortunately had to miss) and with the pricing for Ateez, I expected SKZ will be as badI might straight up be priced out anyway so maybe the venue won’t make much difference for me in the end 😭",ye thought weather id hate cancel rain hope anoth venu spend money arrang go id hate rain help pretti much expect ive concert one kpop dreamcatch last year way differ skz ateez unfortun miss price ateez expect skz badi might straight price anyway mayb venu wont make much differ end,neutral,reddit
ATEEZ_IceOnMyTeeth,"You might single-handedly convince me to get a TikTok account cause I’m dying to see these especially Hwa being open about his panic attack as I feel for the poor man 😭 but that particular algorithm is so bad for me! 

But I completely agree, and that’s one of my favorite Hongjoong quotes, and I watched Woo and Yunho crack up between Matz too many times in the drunk vid :) ty!!!!

Also I’m so glad I was fortunate enough to see them on tour, he was incredible on that stage and I don’t think I’ll ever see anything like it again. I went 3 times and I would have gone every week all year if it had been possible",might singlehandedli convinc get tiktok account caus im die see especi hwa open panic attack feel poor man particular algorithm bad complet agre that one favorit hongjoong quot watch woo yunho crack matz mani time drunk vid ty also im glad fortun enough see tour incred stage dont think ill ever see anyth like went time would gone everi week year possibl,positive,reddit
ATEEZ_IceOnMyTeeth,"Ultimate bias is Hongjoong, but my main bias line is Yunho and Mingi. (They have priority after HJ when it comes to pcs and signed albums.) 

I wouldn't call the other 5 my bias wreckers, so I'll call them my second bias line. So Seonghwa, Wooyoung,  Yeosang, San, Jongho. I usually just say I'm OT8 rather then explain this though lol.

My favorite song is Dune from The World Ep.2: Outlaw (I love this whole album actually) but I have several favorites throughout the discography. 

Some recent favorites are: MATZ, Blind, Empty Box, Man on Fire, Enough, and Royal.",ultim bia hongjoong main bia line yunho mingi prioriti hj come pc sign album wouldnt call bia wrecker ill call second bia line seonghwa wooyoung yeosang san jongho usual say im ot rather explain though lol favorit song dune world ep outlaw love whole album actual sever favorit throughout discographi recent favorit matz blind empti box man fire enough royal,neutral,reddit
ATEEZ_IceOnMyTeeth,wooyoung,wooyoung,neutral,reddit
ATEEZ_IceOnMyTeeth,"I’d say that the cult forever changed my perspective of men, but not in all negative ways. 

I see ATEEZ and some other groups like siblings that are being raised in a different kind of cult (or maybe a high-demand and high-control patriarchal system), and we are watching them work their way through it publicly. Granted, once I escaped my own cult I feel like I see general systems of patriarchal control everywhere. But in this case I am sympathetic to ATEEZ because they are doing their best to behave correctly in the system while still bucking the trends and reaching outside of it. And it helps that they are in KQ. 

Where other men are concerned, a good 2 years of my deconstruction were devoted to separating the tangled lines of patriarchal control in my head and in my life. It was not easy. I went through all the stages of grief multiple times. 

How are you doing now? Do you have a support system? Did you have to separate completely from your family of origin? Are you safe? Feel free to DM me instead.",id say cult forev chang perspect men neg way see ateez group like sibl rais differ kind cult mayb highdemand highcontrol patriarch system watch work way publicli grant escap cult feel like see gener system patriarch control everywher case sympathet ateez best behav correctli system still buck trend reach outsid help kq men concern good year deconstruct devot separ tangl line patriarch control head life easi went stage grief multipl time support system separ complet famili origin safe feel free dm instead,neutral,reddit
ATEEZ_IceOnMyTeeth,Ice on my teeth lyrics,ice teeth lyric,neutral,reddit
ATEEZ_IceOnMyTeeth,"For the longest time, Better by ATEEZ was my favorite song by them, and originally it was a Japanese track!  They did end up doing a Korean version later on as well but I still prefer the original",longest time better ateez favorit song origin japanes track end korean version later well still prefer origin,neutral,reddit
ATEEZ_IceOnMyTeeth,"Kpop has become this weird animal where people invest so much into something that it affects their personality when something ""changes"" and they don't know how to handle it. 

Musicians and dancers are artists. Artists create and evolve, flow with their expression and experience different things with their personal influence and spirit. 

If someone chooses to invest a lot of time and hundreds or thousands of dollars into a group, I can see why they'll feel a little disconnected when they don't like the title track. But I just wonder how those people can be so devoted and yet so hostile about getting what they personally want every time. At least give them a few more comebacks before deciding to move away from them, or at the very least listen to the rest of the album lol 

Maybe they're impatient because for them it's more about the performative acts of being a fan, belonging to a group of people that they've turned into their entire identity, than the actual music and performances. Just happens to that they latched onto this group instead of that group. So when they feel they can't ""do all the things"" like edits, fanart, streaming, make outfits, make fan merch, obsess over photocards, etc because they didn't like the main track with the mv, they don't know how to enjoy the comeback without doing any of those things and just enjoying the rest of the album. It was never about the album for them, not really. It's about the event and the meaning if gives to their lives, I guess. 

Sure, people enjoy it for different reasons, and I'm guessing the ones tripping out over IOMT are like this. I haven't seen a single bad word about IOMT though until this thread, really surprised me to hear it because IOMT actually goes so hard just in a heavy way instead of a fast way. Sure some might not like it, but ATEEZ literally have been telling us they're trying something new on this album, so I don't know why anyone is shocked if it doesn't hit on first listen with them. They also said they tried something new on the last 4 albums, cuz that's kinda ATEEZ's whole thing~ 

These people just got lucky that they liked the last *several* comebacks, but, I guess, don't have an open enough mind to accept the art that ATEEZ is offering and try to explore it with the group, letting it digest, rather than glutting themselves on it and spitting it out without even tasting it.",kpop becom weird anim peopl invest much someth affect person someth chang dont know handl musician dancer artist artist creat evolv flow express experi differ thing person influenc spirit someon choos invest lot time hundr thousand dollar group see theyll feel littl disconnect dont like titl track wonder peopl devot yet hostil get person want everi time least give comeback decid move away least listen rest album lol mayb theyr impati perform act fan belong group peopl theyv turn entir ident actual music perform happen latch onto group instead group feel cant thing like edit fanart stream make outfit make fan merch obsess photocard etc didnt like main track mv dont know enjoy comeback without thing enjoy rest album never album realli event mean give live guess sure peopl enjoy differ reason im guess one trip iomt like havent seen singl bad word iomt though thread realli surpris hear iomt actual goe hard heavi way instead fast way sure might like ateez liter tell us theyr tri someth new album dont know anyon shock doesnt hit first listen also said tri someth new last album cuz that kinda ateez whole thing peopl got lucki like last sever comeback guess dont open enough mind accept art ateez offer tri explor group let digest rather glut spit without even tast,positive,reddit
ATEEZ_IceOnMyTeeth,"Hi Op, your post has been removed because this type of content is more suited for our [weekly tavern](https://www.reddit.com/r/ATEEZ/about/sticky) which is for all kinds of casual chitchat. 

The ""discussion""-flair is for questions that elicit a longer discourse and don't have one specific answer. Please let us know if you have further questions regarding this! Alternatively, you can also check out the explanation [in our content guidelines](https://www.reddit.com/r/ATEEZ/wiki/howtopost#wiki_discussion_posts).",hi op post remov type content suit weekli tavern kind casual chitchat discussionflair question elicit longer discours dont one specif answer pleas let us know question regard altern also check explan content guidelin,neutral,reddit
ATEEZ_IceOnMyTeeth,"Except the last four albums don’t sound like their first albums at all. I own all of them and I think the main issue is that the original fandom who has been there all along feel this way because that was what drew them to Ateez.

Whereas people who found Ateez when they exploded in the last two years know their new sound better and don’t have the nostalgia from before.

It would be wrong if people were spamming asking them to redo their albums and go back but they aren’t even putting this in the comments or the socials it’s just in the fandom space so it’s respectful discourse",except last four album dont sound like first album think main issu origin fandom along feel way drew ateez wherea peopl found ateez explod last two year know new sound better dont nostalgia would wrong peopl spam ask redo album go back arent even put comment social fandom space respect discours,neutral,reddit
ATEEZ_IceOnMyTeeth,"Seconding all of these. The final episodes of Salary Lupin are what led to me being a full time fan, and how I started as a Wooyoung bias.

Drunkteez episodes and the medical ones are great for getting to know who they each are, and I love that their 'characters' slip a little in each of these episodes.",second final episod salari lupin led full time fan start wooyoung bia drunkteez episod medic one great get know love charact slip littl episod,positive,reddit
ATEEZ_IceOnMyTeeth,"i shockingly guessed almost every single sound/vibe based on the segments from the highlight reel, so i'm glad to say that due to how well i know them, i wasn't let down (ok maybe a little bc i'll always be hoping they top outlaw lol). ratings will be tentative because i'm still processing. i hadn't heard a highlight medley in a longggg time, but i'm gonna start listening to theirs because it was decently accurate to my tentative final feelings. i also always listen to the album before watching the mv, so i went into the title track totally blind besides the highlight reel.



1 man on fire - 9/10 - this was my song based on the track list, and although i wavered, i'm back to it being my top pick. the vibes are just so right. a little drama is all i need, and it was delivered.

2 enough -  9/10 - i'm super glad san chose to sing this, that is all. it's like a baby version of turbulence.

3 ice on my teeth - 8.5/10 - taste by tyga but with strings. mingi's part was for the culture. insane mv also, they all look so fine.

4 deep dive - 8/10 - this was my favorite from the highlight medley. i was expecting that part to be the intro, and then a deeper dune-esque chorus, so i was surprised and a little disappointed when they ran it back for the actual chorus. it was good either way, though. 

5 selfish waltz - 7.25/10 synthpop is usually not my favorite depending on execution, so i'm not surprised this was so far down. it's an amazing song, especially the end, just definitely not anywhere near my favorite on the album. but wow, i'm feeling left out that everyone except for me is super in love with this already! 

6 scene 1: value - 10/10 - i was expecting this to be a lot higher cuz i usually rank their interludes/intros/outros super high for the ✨️vibes✨️, but since everything else was so spectacular, i had to drop my ranking by a lot.

and for album rating, i would say ⭐️⭐️⭐️⭐️.",shockingli guess almost everi singl soundvib base segment highlight reel im glad say due well know wasnt let ok mayb littl bc ill alway hope top outlaw lol rate tent im still process hadnt heard highlight medley longggg time im gonna start listen decent accur tent final feel also alway listen album watch mv went titl track total blind besid highlight reel man fire song base track list although waver im back top pick vibe right littl drama need deliv enough im super glad san chose sing like babi version turbul ice teeth tast tyga string mingi part cultur insan mv also look fine deep dive favorit highlight medley expect part intro deeper duneesqu choru surpris littl disappoint ran back actual choru good either way though selfish waltz synthpop usual favorit depend execut im surpris far amaz song especi end definit anywher near favorit album wow im feel left everyon except super love alreadi scene valu expect lot higher cuz usual rank interludesintrosoutro super high vibe sinc everyth els spectacular drop rank lot album rate would say,positive,reddit
ATEEZ_IceOnMyTeeth,"Yes, I love their softer songs that show off their vocal prowess so much as well! Especially the fact that they're so lengthy :)) I fell into ATEEZ primarily because of their vocals, so listening to these songs makes me feel so elated.",ye love softer song show vocal prowess much well especi fact theyr lengthi fell ateez primarili vocal listen song make feel elat,positive,reddit
ATEEZ_IceOnMyTeeth,"A few random ones of mine: 

* Ateez's [Rhythm Ta cover](https://youtu.be/Z4n06VT4H9w?si=LHquqeKr9eZbAxRz) for Kingdom 
* Ateez's [Wonderland](https://youtu.be/12PbO-u-n7U?si=sCm4ejAusfOTutA8) the second weekend of Coachella (I wish they had released the festival footage of this but they only released a Guerrilla performance so we only have fancams) 
* Ateez's [Fireworks (I'm the One) radio performance](https://youtu.be/vn8P6IyWYFk?si=lbbUFgoDN7YMKlFJ) (because it's cute and fun) 
* SHINee [Excuse Me Miss performance](https://youtu.be/jSORaqTQykk?si=rVBZQu7Xw1mwz_eK) (this is one of the best performances I've ever seen. Like not just SHINee, but out of all performances. It's not even a song I listen to much but I love this performance so much.) 
* SHINee [Evil](https://youtu.be/AQ0L6lY2riM?si=E7psQNHPG2nDuHtJ) (I just think it's such a cool performance.) 
* SHINee [Hitchhiking](https://youtu.be/-RShhsC0hq4?si=DSXRCCMpajPlpy23) Tokyo Dome (has some of my favorite vocals at the end) 
* SHINee [Tell Me What To Do radio performance](https://youtu.be/ZuWJIZLPylE?si=l3RVNfBf59UBE4QH) (this is fun) 
* [Taemin at KGMA](https://youtu.be/CHySW6RBk40?t=417) especially Guilty (around 7 minutes) because the VOCALS 
* [Jonghyun performing Juliette/Crazy (Guilty Pleasure)](https://youtu.be/7chnSxtPfIo?si=Q9oMKjHZLVK2Y5ni) on sketchbook (also VOCALS and I love this version of Juliette) 
* TXT [Thursday's Child Has Far to Go](https://youtu.be/EzXkQocC8gQ?si=A1PKGMqHc3oxTk50) at Lollapalooza (the JOY) 
* the epic that is BTS's 2019 MMA performance, which is 37 minutes long, but my favorite part starts at around [19 minutes ](https://youtu.be/b9cG4DzpL_c?t=1165)and is the solo performances and then Dionysus. 

  
Bonus not full group (but not soloist) fancams: 

* basically [any fancam of Seonghwa's solo scene](https://x.com/sojumaekju_/status/1819921709069111429) from the Towards the Light tour -- every single performance was different which is crazy 
* the [Magic Girl cover fancam](https://youtu.be/xC0XjIOKu7s?si=2A2uv7NDGeklICuH) (San, Seonghwa, and Yunho -- the difference in energy between them is what makes the performance tbh) 
* this [Seonghwa Halazia fancam](https://youtu.be/OZl-zqceqDg?si=3dr09CdxFJkS4wK1) is one of my favorites of all time
* this [Jungkook MMA Dionysus fancam](https://youtu.be/fX2faW6mIXw?si=I_rVT2-Ig6_IIvne) which is probably one of the first individual member fancams I ever watched (after getting into kpop) and really enjoyed",random one mine ateez rhythm ta cover kingdom ateez wonderland second weekend coachella wish releas festiv footag releas guerrilla perform fancam ateez firework im one radio perform cute fun shine excus miss perform one best perform ive ever seen like shine perform even song listen much love perform much shine evil think cool perform shine hitchhik tokyo dome favorit vocal end shine tell radio perform fun taemin kgma especi guilti around minut vocal jonghyun perform juliettecrazi guilti pleasur sketchbook also vocal love version juliett txt thursday child far go lollapalooza joy epic btss mma perform minut long favorit part start around minut solo perform dionysu bonu full group soloist fancam basic fancam seonghwa solo scene toward light tour everi singl perform differ crazi magic girl cover fancam san seonghwa yunho differ energi make perform tbh seonghwa halazia fancam one favorit time jungkook mma dionysu fancam probabl one first individu member fancam ever watch get kpop realli enjoy,neutral,reddit
ATEEZ_IceOnMyTeeth,"I gotta admit I wasn’t vibing to “Ice On My Teeth” at first probably cause I was expecting them to go “hard” and the song seems much more laidback to what they usually put out.

I gave it a second chance and listened to it a day after with earphones on this time and ohmygod it’s so DRIPPY??? The whole album feels pretty ICY, somewhat hip-hop influenced and I freakin’ love how it’s so not Ateez yet so Ateez to switch it up and experiment with their sounds.

Heck, even “Scene 1: Value” sounds hella cool - very Godfather-esque and noir-like. I don’t listen to The Rose much but I feel “Enough” gives off The Rose vibe + a lil bit of Post Malone if that makes sense (?). Don’t even get me started on “Man On Fire”…imma need 3-5 business days to recover from the sexiness *ahem*

I’m glad Ateez took a risk with this one and just have fun with it and do whatever they want. It adds so much colour to their discography.",gotta admit wasnt vibe ice teeth first probabl caus expect go hard song seem much laidback usual put gave second chanc listen day earphon time ohmygod drippi whole album feel pretti ici somewhat hiphop influenc freakin love ateez yet ateez switch experi sound heck even scene valu sound hella cool godfatheresqu noirlik dont listen rose much feel enough give rose vibe lil bit post malon make sens dont even get start man fireimma need busi day recov sexi ahem im glad ateez took risk one fun whatev want add much colour discographi,positive,reddit
ATEEZ_IceOnMyTeeth,"Thank you!!! This is my first time getting SKZ tickets so I wasn’t sure, Ateez and Seventeen both had fan club presale",thank first time get skz ticket wasnt sure ateez seventeen fan club presal,neutral,reddit
ATEEZ_IceOnMyTeeth,"I was blessed with a signed HongJoong diary version. We can trade! 😂 Kidding (Don't beat me up, Ateez 😆)",bless sign hongjoong diari version trade kid dont beat ateez,neutral,reddit
ATEEZ_IceOnMyTeeth,"I think it's going to be: Ateez, (g)I-DLE, Bibi, Kard and probably Stray Kids, maybe not in that order.

I really can't predict the songs, we'll see :D",think go ateez gidl bibi kard probabl stray kid mayb order realli cant predict song well see,neutral,reddit
ATEEZ_IceOnMyTeeth,[Source](https://x.com/ateezofficial/status/1859873657457344844?s=46&t=vw626Ah4PxRifsbTwDPi7A),sourc,neutral,reddit
ATEEZ_IceOnMyTeeth,Those robot arms feels like if the apocalypse hit Ateez and those are the octopus arms now,robot arm feel like apocalyps hit ateez octopu arm,neutral,reddit
ATEEZ_IceOnMyTeeth,[Source](https://x.com/ATEEZofficial/status/1861062296380027269),sourc,neutral,reddit
ATEEZ_IceOnMyTeeth,Thanks for sharing! I missed Ateez due to work so trying to go all out for Stray Kids. Hopefully I can get VIP in at least one of the NA cities,thank share miss ateez due work tri go stray kid hope get vip least one na citi,neutral,reddit
ATEEZ_IceOnMyTeeth,What u/wegooverthehorizon said IS correct but I was indicating their atiny fan meeting concept photos when they were in the hokey rink 😅😭😭😭,uwegooverthehorizon said correct indic atini fan meet concept photo hokey rink,neutral,reddit
ATEEZ_IceOnMyTeeth,"WTS ATEEZ EUROPE TOUR LYON ATINY VIP 

2xLYON ATINY VIP FOR JUST 300 EURO EACH, can be bought seperatly 

Proof✅ PayPal g&s ✅ or eBay ✅ 
Link: ebay.us/MEiGhc",wt ateez europ tour lyon atini vip xlyon atini vip euro bought seperatli proof paypal gs ebay link ebayusmeighc,neutral,reddit
ATEEZ_IceOnMyTeeth,As a moatiny this made me really happy. They have such funny chemistry!,moatini made realli happi funni chemistri,positive,reddit
ATEEZ_IceOnMyTeeth,[Source](https://x.com/ateezud/status/1858625692097016040?s=46&t=vw626Ah4PxRifsbTwDPi7A),sourc,neutral,reddit
ATEEZ_IceOnMyTeeth,"people who don’t like wooyoung are going to find a problem in whatever he does/says no matter what, san akgaes especially have had issues with him over literally the smallest most nonsensical things ever because, again, they already hate him. while i think that joking about appearances is weird and i personally don’t like it and wish they’d stop as well, i won’t worry too much over it when these are grown people who could simply talk to each other and be like “hey please stop joking about my looks”. it’s even more ridiculous that people are getting upset on behalf of san, who is known as the member who doesn’t shy away from calling out fans and addressing bad fan behavior head on, but people don’t think he can do that with his friends and bandmates? also, i personally find that men tend to be kind of mean when joking with each other, so even if i don’t like some jokes they’ve made before, it’s just whatever lol. idk tbh i wish people in general would stop infantilizing them. 

re: san’s parents bc i’ve noticed you mentioned them in a comment, idk i think they know wooyoung well enough by this point to not have their entire view of him rocked bc he made a couple of jokes, even if they don’t like it. 

also sorry if i sound harsh! english isn’t my first language and i struggle with getting across my tone right sometimes.",peopl dont like wooyoung go find problem whatev doessay matter san akga especi issu liter smallest nonsens thing ever alreadi hate think joke appear weird person dont like wish theyd stop well wont worri much grown peopl could simpli talk like hey pleas stop joke look even ridicul peopl get upset behalf san known member doesnt shi away call fan address bad fan behavior head peopl dont think friend bandmat also person find men tend kind mean joke even dont like joke theyv made whatev lol idk tbh wish peopl gener would stop infantil san parent bc ive notic mention comment idk think know wooyoung well enough point entir view rock bc made coupl joke even dont like also sorri sound harsh english isnt first languag struggl get across tone right sometim,neutral,reddit
ATEEZ_IceOnMyTeeth,"THANK YOU!! one of the few agreeable opinions I see. Ateez are artists, they are creative and as an artist u have to experiment and put out new sounds. It’s really disheartening to see people not liking their experimental/creative side. the whole album is amazing too and I love the different sounds because AGAIN they are artists",thank one agreeabl opinion see ateez artist creativ artist u experi put new sound realli dishearten see peopl like experimentalcr side whole album amaz love differ sound artist,positive,reddit
ATEEZ_IceOnMyTeeth,They're all just really coming for Atiny sanity with this comeback ><,theyr realli come atini saniti comeback,positive,reddit
ATEEZ_IceOnMyTeeth,"I agree so much with this 😭 I’m actually glad they are doing such different sounds but still having the signature ateez sound! Also this album we got to hear more of everyone’s different tones! I feel also as a yeosang bias, I felt I heard him more too which is always a plus. 

Enough is also my least favourite track haha it was so interesting to see how everyone here loved it so much.",agre much im actual glad differ sound still signatur ateez sound also album got hear everyon differ tone feel also yeosang bia felt heard alway plu enough also least favourit track haha interest see everyon love much,positive,reddit
ATEEZ_IceOnMyTeeth,I know this is ateez because the first performance I ever saw of them was Coachella online. Their intro vcr had the glasses and atinys on twitter were explaining the meaning/importance of it!!,know ateez first perform ever saw coachella onlin intro vcr glass atini twitter explain meaningimport,neutral,reddit
ATEEZ_IceOnMyTeeth,That was so fun to see Wooyoung in his element. I hope he discovers the audiobooks with Stephen Fry.,fun see wooyoung element hope discov audiobook stephen fri,neutral,reddit
ATEEZ_IceOnMyTeeth,"Ateez Work

Demon 666   (Yeah i know thats not the actual group and song name)",ateez work demon yeah know that actual group song name,neutral,reddit
ATEEZ_IceOnMyTeeth,"We've had some major producer shifts that I think have gone into this as well. Leez departure from Edenary for one, along with on this album working with more outside producers. Based on what I'd heard of the non-edenary folks they'd brought on I sort of expected what we got from the album. Now that it seems like Ollounder is also leaving Edenary, it seems like the old anthemic ateez is not going to be around for a while.",weve major produc shift think gone well leez departur edenari one along album work outsid produc base id heard nonedenari folk theyd brought sort expect got album seem like ollound also leav edenari seem like old anthem ateez go around,neutral,reddit
ATEEZ_IceOnMyTeeth,"Episodes 19, 20, and 21. They are absolutely must watch episodes. (Ateez gets drunk.)",episod absolut must watch episod ateez get drunk,neutral,reddit
ATEEZ_IceOnMyTeeth,">!i saw that tweet, so many people in the quotes were pissing me off with their “eden should be the one to leave instead”. i’m genuinely starting to wonder if these people actually like ateez’s music because why would you want to get rid of such a huge part of their sound? idec for him on a personal level or anything but (despite some of my criticisms of him and edenary as a whole) i respect him as a producer. these people are making the fandom look immature as hell, it’s embarrassing at this point.!<",saw tweet mani peopl quot piss eden one leav instead im genuin start wonder peopl actual like ateez music would want get rid huge part sound idec person level anyth despit critic edenari whole respect produc peopl make fandom look immatur hell embarrass point,neutral,reddit
ATEEZ_IceOnMyTeeth,[Source](https://x.com/ateezofficial/status/1859598995938738613?s=46&t=vw626Ah4PxRifsbTwDPi7A),sourc,neutral,reddit
ATEEZ_IceOnMyTeeth,"The unspoken storyline is that between Work (gold) and IomT (diamonds), ATEEZ are preparing to launch a jewelry line. In universe. That's it, that's the next connecting thread. Jewelry. 

Maybe also more crime but mostly jewelry.",unspoken storylin work gold iomt diamond ateez prepar launch jewelri line univers that that next connect thread jewelri mayb also crime mostli jewelri,neutral,reddit
ATEEZ_IceOnMyTeeth,[Source](https://x.com/ateezofficial/status/1858481336484556869?s=46&t=vw626Ah4PxRifsbTwDPi7A),sourc,neutral,reddit
ATEEZ_IceOnMyTeeth,Atiny should all stream POW for clear skin,atini stream pow clear skin,neutral,reddit
ATEEZ_IceOnMyTeeth,"I've definitely felt this before. Especially with the few atiny friends I have, I feel like I'm far behind even though I've been ATINY since like 2021. I don't have the time to consume every single piece of media but I know that the love and appreciation I feel for them is real and genuine. 

  
Being ATINY and loving ATEEZ is a supplement to your life but just know the guys, (and any other group you stan) would want you to love and focus on yourself first. I think Hongjoong and the rest of the guy would be more appreciative that their hard work and music resonated with you so much that you became ATINY.",ive definit felt especi atini friend feel like im far behind even though ive atini sinc like dont time consum everi singl piec media know love appreci feel real genuin atini love ateez supplement life know guy group stan would want love focu first think hongjoong rest guy would appreci hard work music reson much becam atini,neutral,reddit
ATEEZ_IceOnMyTeeth,"So I wasn’t the only one who saw similarities with Eden’s “Dancing in the Moonlight” and ATEEZ’s “Selfish Waltz”? They both have a synthy 80s vibe that I’m here for. 

And say it louder for everyone to hear: ATEEZ *ARE* ATEEZING! 🖤",wasnt one saw similar eden danc moonlight ateez selfish waltz synthi vibe im say louder everyon hear ateez ateez,positive,reddit
IVE_RebelHeart,"I second this! 1, 2, 3 IVE really got me to love all of the girls' personalities and you get to see how they work together as a team, it's got a good amount of different variety content and some behind the scenes stuff too. I particularly like the first ""season"" since it shows them preparing for debut!",second ive realli got love girl person get see work togeth team got good amount differ varieti content behind scene stuff particularli like first season sinc show prepar debut,positive,reddit
IVE_RebelHeart,i kinda agree. i started appreciating heya a lot more after seeing how fun the live performances of it are,kinda agre start appreci heya lot see fun live perform,positive,reddit
IVE_RebelHeart,"Yujin has a lot of racecar themes in her solo shots so maybe something related to her bold presence in a fast paced industry? 


I think Rei, Gaeul, and Liz might be ""rebels"" in expressing their individuality. Rei's unique styling stands out in the bustling city scenes, so it could be related to showing her colorful personality as a foreign idol. Liz is surrounded by soft, comforting blankets and animals, so I think it could show her journey from being extremely shy at debut to the kindhearted, confident artist we see today. Gaeul I'm not as sure about but maybe the unique items featured in her scenes show her versatility?


These are all just ideas so feel free to debate :)",yujin lot racecar theme solo shot mayb someth relat bold presenc fast pace industri think rei gaeul liz might rebel express individu rei uniqu style stand bustl citi scene could relat show color person foreign idol liz surround soft comfort blanket anim think could show journey extrem shi debut kindheart confid artist see today gaeul im sure mayb uniqu item featur scene show versatil idea feel free debat,neutral,reddit
IVE_RebelHeart,"Even I know that annyeongz are still close with their unnies. I'm not one of those people that accuse Wonyoung of stupid things. She is clearly just introverted and a homebody.

I celebrate all of the crumbs. But all of those interactions are off-camera or non-TV. Starship is clearly still instructing them.",even know annyeongz still close unni im one peopl accus wonyoung stupid thing clearli introvert homebodi celebr crumb interact offcamera nontv starship clearli still instruct,neutral,reddit
IVE_RebelHeart,"Some perspectives:

Prior to IVE's debut, Starship was losing money.  Even Yoo Jaesuk talks about how super stressed the CEO of Starship looked whenever he ran into him in the Gym pre-IVE. Starship's revenue literally doubled the first year after IVE debuted, and turned the company profitable.

It's not necessarily that Starship did anything particular special for IVE.  Starship had one ability going for them, and it's their ability to get quality songs for their groups that are far above what company of that size is able to get. They swing *way* above their weight class in that term.  They did well constructing IVE members, and it paid off for them *far better than anyone's expectation.  Tbh, as a Dive, Starship *really* lucked out on how successful IVE is, and I hesitate to give more than a marginal credit to Starship for IVE's success. They brought them good songs. Everything else was from IVE members' talent and efforts, and splash of good luck.

Cravity? For a non-Big 4 boy group that literally debuted during the absolute nadir of the Boy Group Dark Age (which, in my opinion, we're still kinda in) and was completely screwed by the Produce series controversy, they are doing *fantastic*.  All credits to them for overcoming those 2 catastrophic natural disasters and have the success they have.

WJSN? Very unfortunately, Starship constructed this group around a center that was only going to be temporary at best, and Starship paid for this poor planning by the group not going anywhere once the said center left.  At least Starship seems to be trying to do right by WJSN members by doing what they can to support their 2nd phase careers (w/ acting, producing, songwriting, etc).",perspect prior ive debut starship lose money even yoo jaesuk talk super stress ceo starship look whenev ran gym preiv starship revenu liter doubl first year ive debut turn compani profit necessarili starship anyth particular special ive starship one abil go abil get qualiti song group far compani size abl get swing way weight class term well construct ive member paid far better anyon expect tbh dive starship realli luck success ive hesit give margin credit starship ive success brought good song everyth els ive member talent effort splash good luck craviti nonbig boy group liter debut absolut nadir boy group dark age opinion still kinda complet screw produc seri controversi fantast credit overcom catastroph natur disast success wjsn unfortun starship construct group around center go temporari best starship paid poor plan group go anywher said center left least starship seem tri right wjsn member support nd phase career w act produc songwrit etc,neutral,reddit
IVE_RebelHeart,[Source Link](https://www.tiktok.com/@ive.official/video/7461913440337136914),sourc link,neutral,reddit
IVE_RebelHeart,"I just keep replaying this WOnyoung [holssi on loop](https://www.youtube.com/shorts/ZnzzBiRpsog) i just loved her chill deep vocal here n never got tired of em, and this kind of song really suit her but im afraid as long Ryan S Jhun keep producing songs for them we will never get this Wonyoung",keep replay wonyoung holssi loop love chill deep vocal n never got tire em kind song realli suit im afraid long ryan jhun keep produc song never get wonyoung,positive,reddit
IVE_RebelHeart,I've been saying fuck starship since 2019 and this doesn't change that,ive say fuck starship sinc doesnt chang,neutral,reddit
IVE_RebelHeart,It’s so good to seem them win one after such a long time! 👏🏾👏🏾👏🏾,good seem win one long time,positive,reddit
IVE_RebelHeart,"Last time I did this, I mentioned my dream collab without having a hope in hell it could happen, and it did!! (IVE x David Guetta)


So now I'm gonna go for another one (LSF x Britney Spears) 


And those units even if it's just a festival stage collabs >> Rap:(Asa x Rei) Dance:(Koko x Iroha) Vocal:(Liz x IU) Variety:(Yujin x Haewon)",last time mention dream collab without hope hell could happen ive x david guetta im gonna go anoth one lsf x britney spear unit even festiv stage collab rapasa x rei dancekoko x iroha vocalliz x iu varietyyujin x haewon,neutral,reddit
IVE_RebelHeart,"Blackpink - Jennie/Lisa, but they're all pretty popular imo so the difference isn't major

SKZ - Probably Felix and I think the disparity is pretty big 

BTS - Jungkook/V/Jimin and the disparity is big

IVE - Wonyoung/Yujin and the disparity is big

Kiss of Life - Natty/Julie and I'm honestly not sure, I think the most popular members are somewhat more popular but it's not a huge gap, like maybe it's medium lol",blackpink jennielisa theyr pretti popular imo differ isnt major skz probabl felix think dispar pretti big bt jungkookvjimin dispar big ive wonyoungyujin dispar big kiss life nattyjuli im honestli sure think popular member somewhat popular huge gap like mayb medium lol,neutral,reddit
IVE_RebelHeart,"It could be that 4th gen hybe slowly dying down as 5th gen groups are debuting so more attention given to them nowdays. 

IVE used to be digital monster alongside NJ, but nowadays the charts are just stagnated too. So, overall kcharts losin audiences. On Spotify, its just 3 4th gen gg charts, and only Le sserafim and aespa does numbers nowadays.",could th gen hybe slowli die th gen group debut attent given nowday ive use digit monster alongsid nj nowaday chart stagnat overal kchart losin audienc spotifi th gen gg chart le sserafim aespa number nowaday,neutral,reddit
IVE_RebelHeart,thx :),thx,neutral,reddit
IVE_RebelHeart,[IVE VOTING TEAM on X](https://x.com/ivevote?s=21&t=PN1BAwDuxTWYCcZ-_NkfQw),ive vote team x,neutral,reddit
IVE_RebelHeart,A bit repetitive but still pretty good. Not my fav IVE track but they continue to release bangers.,bit repetit still pretti good fav ive track continu releas banger,positive,reddit
IVE_RebelHeart,totally lol,total lol,neutral,reddit
IVE_RebelHeart,"Ok got it! I just saw that the song is top 15 on all charts and still rising so I was kind of confused. 

One more question, I feel like I remember people saying that ULs on Melon are down for all groups. Is this true or am I confusing it with something else?",ok got saw song top chart still rise kind confus one question feel like rememb peopl say ul melon group true confus someth els,neutral,reddit
IVE_RebelHeart,what,,neutral,reddit
IVE_RebelHeart,Even twitter and the main kpop sub seems more positive than this sub. I don't know what people want anymore.,even twitter main kpop sub seem posit sub dont know peopl want anymor,neutral,reddit
IVE_RebelHeart,"Wonyoung in a wedding dress with the house on fire in the back is a fucking shot.

Song is, as always, my taste. I mean I'm not obsessed but I like it enough to put it on my playlist.",wonyoung wed dress hous fire back fuck shot song alway tast mean im obsess like enough put playlist,positive,reddit
IVE_RebelHeart,"I'm not exactly sure what was the point of your response when it doesn't really have to do anything to do with what I said, minus the first sentence and as I already stated, intention DOES NOT matter in the WORKPLACE when you screw up THIS BAD.",im exactli sure point respons doesnt realli anyth said minu first sentenc alreadi state intent matter workplac screw bad,neutral,reddit
IVE_RebelHeart,"[post link](https://vt.tiktok.com/ZS6Q2tuVY/) | caption:

>Do it, move it, do it 🏫⋆.ㅡ⭑",post link caption move,neutral,reddit
IVE_RebelHeart,"Such a good life motto: Well, I guess I’ll play along. Let’s see where it takes me. ❤️",good life motto well guess ill play along let see take,neutral,reddit
IVE_RebelHeart,"But... if we don't ""love"" them, then what are we fans?",dont love fan,neutral,reddit
IVE_RebelHeart,"[post link](https://www.instagram.com/p/DFNYb5PvjaS/) | caption:

>🌺🩷",post link caption,neutral,reddit
IVE_RebelHeart,[Source Link](https://x.com/IVEstarship/status/1880522208092778868),sourc link,neutral,reddit
IVE_RebelHeart,"I know, I'm a Gaeul bias so this was extra painful 😭",know im gaeul bia extra pain,negative,reddit
IVE_RebelHeart,"It might help to know which groups you've looked at. 

Thinking about 4th gen girl groups that I'm more familiar with: 

gidle, IVE, NMIXX, le sserafim, stayc, aespa

all full of members who look different, unique personalities, up and coming variety show stars like Haewon, Yujin, Yoon etc (not exhaustive list, just naming a few) who all have their own established personas. No two groups of these are anything like one another, to me anyway. So I can't really empathize at all with what you're saying.",might help know group youv look think th gen girl group im familiar gidl ive nmixx le sserafim stayc aespa full member look differ uniqu person come varieti show star like haewon yujin yoon etc exhaust list name establish persona two group anyth like one anoth anyway cant realli empath your say,neutral,reddit
IVE_RebelHeart,Looking forward to watching Wony on Chef & My Fridge when it reaches Netflix! But from what I see from my country it's probably coming in February 😒,look forward watch woni chef fridg reach netflix see countri probabl come februari,positive,reddit
IVE_RebelHeart,"1. ILLIT - Tick-Tack
2. KISS OF LIFE - Nothing
3. ITZY - Blossom
4. NMIXX - BOOM
5. KISS OF LIFE - Igloo
6. Kep1er - Flowers, Flutter, Your heart
7. KISS OF LIFE - Te Quiero
8. ENHYPEN - TEETH
9. Kep1er - Curious
10. Zerobaseone - Insomnia
11. Dreamcatcher - 2 Rings
12. (G)I-DLE - Bloom
13. Kep1er - Dear Diary
14. (G)I-DLE - Fate
15. KISS OF LIFE - Too Many Alex
16. IVE - Blue Heart
17. NMIXX - BEAT BEAT
18. Everglow - BACK 2 LUV
19. Stray Kids - MOUNTAINS
20. OH MY GIRL - Start Up
21. Yuta - Prisoner
22. ITZY - Yet, but
23. Xikers - Supercalifragilistic
24. TXT - Kitto Zutto
25. BOYNEXTDOOR - OUR

Honorable mentions:

 * NCT 127 - Pricey
 * P1Harmony - Countdown to Love
 * TWICE - You Get Me
 * ENHYPEN - Criminal Love
 * Purple Kiss - Heart Attack
 * Stray Kids - Twilight",illit ticktack kiss life noth itzi blossom nmixx boom kiss life igloo keper flower flutter heart kiss life te quiero enhypen teeth keper curiou zerobaseon insomnia dreamcatch ring gidl bloom keper dear diari gidl fate kiss life mani alex ive blue heart nmixx beat beat everglow back luv stray kid mountain oh girl start yuta prison itzi yet xiker supercalifragilist txt kitto zutto boynextdoor honor mention nct pricey pharmoni countdown love twice get enhypen crimin love purpl kiss heart attack stray kid twilight,neutral,reddit
IVE_RebelHeart,"1. Yuta - Bad Euphoria 
2. Yuta - Goodbye
3. Yuta - Last Song
4. Yuta - Prisoner
5. ARTMS - Butterfly Effect
6. Dreamcatcher - Stomp!
7. QWER - run! run! run!
8. Billlie - dream diary \~ etching mémoires of midnight rêverie
9. LE SSERAFIM - 1-800-hot 'n fun
10. Dreamcatcher - 2 rings
11. Xdinary Heroes - Moneyball
12. LE SSERAFIM  - Chasing Lightning 
13. NMIXX - Run for Roses
14. Loosemble - Confessions (cotton candy)
15. Yuta - Butterfly (Depth ver.)
16. QWER - Soda
17. Xdinary Heroes - Money on my Mind
18. Everglow - Colourz
19. QWER - Ferris wheel
20. (G)I-DLE - Fate
21. NMIXX - BOOM
22. ZEROBASEONE - Solar POWER
23. Madein - DADARIDA
24. Yves - Diorama
25. IVE - Blue Heart

HMs: IVE - Ice Queen, Kep1er - Double up!, Dreamcatcher - Intro: 7' Dreamcatcher, Loossemble - FANATISCISM, Loossemble - Secret Diary, Yves - Diorama, QWER - Let's Love!, tripleS - S, Yuta - Save You",yuta bad euphoria yuta goodby yuta last song yuta prison artm butterfli effect dreamcatch stomp qwer run run run billli dream diari etch mmoir midnight rveri le sserafim hot n fun dreamcatch ring xdinari hero moneybal le sserafim chase lightn nmixx run rose loosembl confess cotton candi yuta butterfli depth ver qwer soda xdinari hero money mind everglow colourz qwer ferri wheel gidl fate nmixx boom zerobaseon solar power madein dadarida yve diorama ive blue heart hm ive ice queen keper doubl dreamcatch intro dreamcatch loossembl fanatisc loossembl secret diari yve diorama qwer let love tripl yuta save,neutral,reddit
IVE_RebelHeart,Looking forward to Attitude just off the track name alone 🩷,look forward attitud track name alon,positive,reddit
IVE_RebelHeart,Congratz!!!!!!!!…🥳🎉🎊🏆🏆🏅🏅🏅♡☆♥︎★,congratz,positive,reddit
IVE_RebelHeart,"[post link](https://x.com/ive_twt/status/1879865407760458239?s=46) | caption:

>meow🙂‍↕",post link caption meow,neutral,reddit
IVE_RebelHeart,MISS LEE HYUNSEO,miss lee hyunseo,positive,reddit
IVE_RebelHeart,She went back to rapping and I love it. 🫰,went back rap love,positive,reddit
IVE_RebelHeart,"Of course! I hate that the industry will prevent even solid vocalists from signing live very often (I would say Aespa and IVE for example suffer from this, they can deliver a solid live and sometimes they just aren't allowed). It's not always on the idols.",cours hate industri prevent even solid vocalist sign live often would say aespa ive exampl suffer deliv solid live sometim arent allow alway idol,neutral,reddit
IVE_RebelHeart,sorry but this is so mid,sorri mid,negative,reddit
IVE_RebelHeart,"Everyone looks beautiful as always.  Liz with the various animals is too freaking cute.  Leeseo (I think?) on the bridge with Liz sounded amazing.  I think everyone sounded vocally really nice on this one.  Off the cuff, it's not my fav by IVE but fun and may become addictive to me after a few listens. I'll find out!",everyon look beauti alway liz variou anim freak cute leeseo think bridg liz sound amaz think everyon sound vocal realli nice one cuff fav ive fun may becom addict listen ill find,positive,reddit
IVE_RebelHeart,loved ive concepts are always so slay 😭,love ive concept alway slay,positive,reddit
IVE_RebelHeart,"I'll be honest, some of you talk like IVE are Weki Meki level of popularity in the West. As someone who went to their sold out arena show in the US, they definitely still have fans here. 

Sure, they might not be as huge as Le Sserafim or NewJeans or even Aespa, but the difference between all of them is not as big as people think. 

At the end of the day IVE are still selling more albums than any of their peers, and their touring numbers are pretty good too, so it's not like they are underperforming. 

In 2018 people used to think that Twice would never be able to be successful in the West because of their concept and lack of English speakers, but look at them now. IVE had their 3-year anniversary just a month ago, who knows where they'll be in two years.",ill honest talk like ive weki meki level popular west someon went sold arena show us definit still fan sure might huge le sserafim newjean even aespa differ big peopl think end day ive still sell album peer tour number pretti good like underperform peopl use think twice would never abl success west concept lack english speaker look ive year anniversari month ago know theyll two year,positive,reddit
IVE_RebelHeart,"The harsh truth is: that’s no way to run a business. Sacrifice the relationships for the growth of the group😭😭😭 good choreography can take a song a long way. We know the girls are capable.

I’m holding out hope for that second single.  🤞🤞🤞The rumours were that this was some of their hardest choreography but…it doesn’t reflect that. It’s just arm movement with them walking in circles.",harsh truth that way run busi sacrific relationship growth group good choreographi take song long way know girl capabl im hold hope second singl rumour hardest choreographi butit doesnt reflect arm movement walk circl,neutral,reddit
IVE_RebelHeart,"1. Aespa - Live My Life

2. Kiss of Life - Back To Me

3. Babymonster - Love In My Heart

4. IVE - Blue Heart

5. NMIXX - Love Is Lonely

6. Aespa - Just Another Girl

7. Babymonster - Dream

8. IVE - WOW

9. Enhypen - Highway 1009

10. Yuqi, Minnie - Everytime

11. Itzy - Five

12. Babymonster - Like That

13. IU - I Stan U

14. RIIZE - Love 119

15. Purple Kiss - Heart Attack",aespa live life kiss life back babymonst love heart ive blue heart nmixx love lone aespa anoth girl babymonst dream ive wow enhypen highway yuqi minni everytim itzi five babymonst like iu stan u riiz love purpl kiss heart attack,neutral,reddit
IVE_RebelHeart,"I’m from NYC I’m planning to go to see them again in Paris, this would be my first time in Europe!",im nyc im plan go see pari would first time europ,positive,reddit
IVE_RebelHeart,"I am so ready to sacrifice my firstborn to get a leeseo yt guesting, like can we please get her on any talk show format where the sole attention is on her, I really feel we dont know much about her personality and its killing me, its been 3 years, let her be at places now @ starship",readi sacrific firstborn get leeseo yt guest like pleas get talk show format sole attent realli feel dont know much person kill year let place starship,positive,reddit
IVE_RebelHeart,Gaeul looked absolutely stunning in this MV,gaeul look absolut stun mv,positive,reddit
IVE_RebelHeart,"if this is not their best styling yet, its at least top 3.",best style yet least top,positive,reddit
IVE_RebelHeart,but i think that the leader and face of group dont usually correlate? for ex wonyoung is the face of IVE and the leader is yujin,think leader face group dont usual correl ex wonyoung face ive leader yujin,neutral,reddit
IVE_RebelHeart,I love how their LIVE VOCALS🤩were turned up so loud on this stage really can’t live without IVE🤣🤭,love live vocalswer turn loud stage realli cant live without ive,positive,reddit
IVE_RebelHeart,Now that song is a THROWBACK,song throwback,neutral,reddit
NCTDREAM_WhenImWithYou,Hot candy cover by nct dream,hot candi cover nct dream,neutral,reddit
NCTDREAM_WhenImWithYou,">I’ll also say: When I’m With You has grown on me. It’s probably still not a favorite on the album for me but while diligently streaming this week I’ve come to quite like it.

My dance crew decided to cover this song/choreo so I've been streaming it more times than I probably would've otherwise. It's really done its thing, I quite enjoy it now. My original complaint was that it lacked a musically interesting part, but I think the post-chorus rap and the bridge have grown into that for me.

But yes, not to be a biased Haechan bias, but I legitimately would've gone with Flying Kiss or Best Of Me.",ill also say im grown probabl still favorit album dilig stream week ive come quit like danc crew decid cover songchoreo ive stream time probabl wouldv otherwis realli done thing quit enjoy origin complaint lack music interest part think postchoru rap bridg grown ye bias haechan bia legitim wouldv gone fli kiss best,positive,reddit
NCTDREAM_WhenImWithYou,BOX by NCT Dream,box nct dream,neutral,reddit
NCTDREAM_WhenImWithYou,"The transition from You>Heavenly>Night poem is just TOP TIER!! I don’t think I’ve ever been in a trans like that when I first heard those trio. 

Then comes “Off the wall” to take you to the dancing floor! 

I absolutely LOVE this album. And this album is partly responsible for keeping me alive too!

Oh DREAMSCAPE, they’ll never make me hate you 💚😪",transit youheavenlynight poem top tier dont think ive ever tran like first heard trio come wall take danc floor absolut love album album partli respons keep aliv oh dreamscap theyll never make hate,positive,reddit
NCTDREAM_WhenImWithYou,"I don't understand all the slander for Jeno Jaemin and Jisung ://// While I personally do not think ALL of Dream has solo potential, I still think that they are still very talented. Before I got into Dream, I knew of Mark the most because of his exposure with multiple teams. And I was aware of Jeno because of all the different NCT U / SMTOWN collabs he's been in. 

It is hard for me to imagine a Dream member having a solo aside from Mark and Haechan at the moment, but that doesn't mean it won't change. I genuinely think everyone else needs more time to develop and find their own style. I think Jisung is very talented and if he had more years of experience, he could do a solo if he wanted to. His voice impressed me the most in the 4th album.

I love Chenle's voice as well and he's always been great, and I could see him doing some promos in China and maybe even Korea (depends on how SM promotes them).

I have a hard disagree on triple J's having a smaller vocal range. I think Jisung and even Jeno can sing well, they just haven't been given enough opportunity because they usually take the rap lines in Dream songs.",dont understand slander jeno jaemin jisung person think dream solo potenti still think still talent got dream knew mark exposur multipl team awar jeno differ nct u smtown collab he hard imagin dream member solo asid mark haechan moment doesnt mean wont chang genuin think everyon els need time develop find style think jisung talent year experi could solo want voic impress th album love chenl voic well he alway great could see promo china mayb even korea depend sm promot hard disagre tripl js smaller vocal rang think jisung even jeno sing well havent given enough opportun usual take rap line dream song,neutral,reddit
NCTDREAM_WhenImWithYou,"Okay I didn't realize how BAD it is because I was so busy enjoying this album but after seeing Haechan's bubble...and him apologizing about their shortcomings. And how he will talk a lot with the company and the members on how to do better. And their manager even felt bad about this album.

I understand that the album promotions // rollout has been real tight given the schedule but we were aware of their tour schedule since the beginning of the year. It is upsetting that they couldn't be in Korea for their comeback live and do a press conference but that is not their fault. I'm sure SM knew that was risky too but probably did the best they could with the scheduling. Given Mark & Haechan's schedules too with 127, I feel they really tried their best given the time constraints.

I don't like the entitlement that kfans have and I understand that it's largely because of them that 7Dream could come back together but the members themselves do not deserve this hate. They have worked so hard prepping for this album for the past year. They participated in production and everything.

7Dream deserves so much more I'm so tired of seeing this group be dragged and be hurt when it has already been so hard for them to stay together as a team. Now the members themselves feel like what they have done isn't enough and that they're lacking when they just dropped an amazing 4th full album that is so well put together.

They're not even back home to begin promotions yet. Can they let them wrap up their Europe tour???? It's literally not their fault. Complaining isn't going to change the fact of what's already done. I'm tired of fan's entitlement without thinking about the consequences of their words. Now 7Dream is going to feel like they didn't do enough and out here apologizing for something that is literally NOT THEIR FAULT. 

I was ready to let go of my selfish greed for 7Dream to do well on chart given the album rollout promos + but omg now I'm just going to stream like crazy because I am so tired of these boys not being able to catch a break jesus fucking christ",okay didnt realiz bad busi enjoy album see haechan bubbleand apolog shortcom talk lot compani member better manag even felt bad album understand album promot rollout real tight given schedul awar tour schedul sinc begin year upset couldnt korea comeback live press confer fault im sure sm knew riski probabl best could schedul given mark haechan schedul feel realli tri best given time constraint dont like entitl kfan understand larg dream could come back togeth member deserv hate work hard prep album past year particip product everyth dream deserv much im tire see group drag hurt alreadi hard stay togeth team member feel like done isnt enough theyr lack drop amaz th full album well put togeth theyr even back home begin promot yet let wrap europ tour liter fault complain isnt go chang fact what alreadi done im tire fan entitl without think consequ word dream go feel like didnt enough apolog someth liter fault readi let go selfish greed dream well chart given album rollout promo omg im go stream like crazi tire boy abl catch break jesu fuck christ,positive,reddit
NCTDREAM_WhenImWithYou,"When I think about how I got 3 pit tickets to see the wonder girls AND 2pm for less than $100 in 2010 it makes me so sad. I think I’m done with kpop concerts for a while because of the prices. I got front row seats and sang to at the concert of band I grew up listening to for $250, which is about what I paid to… not see anything at all in the pit at NCT Dream.",think got pit ticket see wonder girl pm less make sad think im done kpop concert price got front row seat sang concert band grew listen paid see anyth pit nct dream,negative,reddit
NCTDREAM_WhenImWithYou,"Due to it being released the other day, Dreamscape by nct dream

Mine is night poem",due releas day dreamscap nct dream mine night poem,neutral,reddit
NCTDREAM_WhenImWithYou,"Friend is an Atiny as well as a Stay and we were texting about all these releases and she was stressing too because NCT Dream came back as well and she’s a Mark fan and she still has yet to get Giant and a DICON for Chan and Changbin. Man, I had dropped money on Itzy and Aespa back in October, bought Chan’s DICON recently, and we got all of these. Well, at least we’re all fed with some great music these last months until the new year! 😆",friend atini well stay text releas stress nct dream came back well she mark fan still yet get giant dicon chan changbin man drop money itzi aespa back octob bought chan dicon recent got well least fed great music last month new year,neutral,reddit
NCTDREAM_WhenImWithYou,NCT dream would've debuted in 2020 dang,nct dream wouldv debut dang,neutral,reddit
NCTDREAM_WhenImWithYou,"Engenes might downvote me for this. But I think after we won the first voting and leading in the second. engenes definitely started getting way toococky thinking we had it secured. 

Engenes always have had a habit of blaming other fandoms when they lose something honestly (mostly voting). It happened recently with nct dream too blaming their music show loss on fraudulent sales. Happened with Dreamcatcher when in show champion prevoting when insomnia asked other fandoms to help them vote. And now it’s happening with Jimin.",engen might downvot think first vote lead second engen definit start get way toococki think secur engen alway habit blame fandom lose someth honestli mostli vote happen recent nct dream blame music show loss fraudul sale happen dreamcatch show champion prevot insomnia ask fandom help vote happen jimin,neutral,reddit
NCTDREAM_WhenImWithYou,"I get you, worse is I keep calling dream()scape as dreamscape instead of dreamescape. So it takes a while to register",get wors keep call dreamscap dreamscap instead dreamescap take regist,neutral,reddit
NCTDREAM_WhenImWithYou,"How can NCT Dream Mark, 127 Mark, SuperM Mark and soloist Mark will join tho?",nct dream mark mark superm mark soloist mark join tho,neutral,reddit
NCTDREAM_WhenImWithYou,something i forgot to add in my post is that i don’t have a problem with fans calling out misinformation or defending their idols in a situation that they’ve unfairly been dragged into (one that comes to mind is when groups like exo and nct dream were accused of bullying another group with zero evidence to suggest it ever happened). what i do take issue with is fans creating their own problems and framing the people who respond to them as the instigators.,someth forgot add post dont problem fan call misinform defend idol situat theyv unfairli drag one come mind group like exo nct dream accus bulli anoth group zero evid suggest ever happen take issu fan creat problem frame peopl respond instig,neutral,reddit
NCTDREAM_WhenImWithYou,"so lucky to get day 2, it seems like that was really the golden ticket day 😂 then again we're all lucky to have any of the days at all right? a black/red/white outfit is such a cute idea! it's great that you get to meet up with friends for the concert, are they sitting near you or will you guys meet later to eat? i wish i had a friend to share the experience with too lol. i hope you have so much fun!! that's so cool that there's a foreign nctzen living in korea chat",lucki get day seem like realli golden ticket day lucki day right blackredwhit outfit cute idea great get meet friend concert sit near guy meet later eat wish friend share experi lol hope much fun that cool there foreign nctzen live korea chat,neutral,reddit
NCTDREAM_WhenImWithYou,"nct: the fact that they are nct and not two regular boy groups (the original crop of what is now 127 (+ten) in one and babyshinki/dream in another). i feel like this has hurt nct dream the most, bc they just feel like they're all over the place identity wise and have lacked focus for a few years now. also that ten did not debut in 127. he and taeyong should have been in a group together the whole damn time!! 

svt: post hybe svt is just not the same. and i actually like most of the music for what it is (hot bangs and god of music fits right into the freshteen catalogue), but it still feels worse than the pre hybe discography. love money fame in particular was...blech. that was the first time i felt like svt's sound was truly neutered to fit the tiktok sludge mold.

soshi: many of their korean b-sides are kind of ass. there ARE some hits in there though!

shinee: shinee r perfect no notes. jk i thought their solos this year were all mid. hopefully taemin in particular can course correct now that he's gotten used to his new company.",nct fact nct two regular boy group origin crop ten one babyshinkidream anoth feel like hurt nct dream bc feel like theyr place ident wise lack focu year also ten debut taeyong group togeth whole damn time svt post hybe svt actual like music hot bang god music fit right freshteen catalogu still feel wors pre hybe discographi love money fame particular wasblech first time felt like svt sound truli neuter fit tiktok sludg mold soshi mani korean bside kind ass hit though shine shine r perfect note jk thought solo year mid hope taemin particular cours correct he gotten use new compani,neutral,reddit
NCTDREAM_WhenImWithYou,nct dream,nct dream,neutral,reddit
NCTDREAM_WhenImWithYou,"ISTJ for sure, everything down to the choreo, Haechan shining in the song, Renjun’s moonwalk, the breakdown, it’s perfect!!",istj sure everyth choreo haechan shine song renjun moonwalk breakdown perfect,neutral,reddit
NCTDREAM_WhenImWithYou,"Yeah Jeno’s sentiment was more similar to Mark and Mark just full send and was like on leader mode and I was like YES THATS OUR 7DREAM LEADER do not fucking apologize for the hard work y’all put in. Like if people are going to talk shit they have every right to say honestly like yeah it hasn’t been easy with their schedules yet they still put in their 100% into their music. I need more idols to speak up and put these “fans” into their place. Bc no they do not get to harass the idols and eat their cake at the same time fuck that shit. So yes I agree it might be the Canadian side of Mark or his leader side whatever it is, I was so proud of him for speaking up and he did it respectfully too. 

I feel very bad for Haechan though, it seems like he took it to the heart. His message hurt me the most. Like we all know how much work he puts into both of his teams. And the fact that he participated so much in this album.

Jeno’s made me sad because he is someone who you can tell does not get mad often or easily. He’s so calm and gentle but to see him so turned off, I knew it was bad bad. And I’m glad he ended his messages positively, and when he said 7Dream and the company has been working hard and trying their best so instead of blaming anyone they just wanna work hard. I was like yes own up to it Jeno, it’s not your fault!",yeah jeno sentiment similar mark mark full send like leader mode like ye that dream leader fuck apolog hard work yall put like peopl go talk shit everi right say honestli like yeah hasnt easi schedul yet still put music need idol speak put fan place bc get harass idol eat cake time fuck shit ye agre might canadian side mark leader side whatev proud speak respect feel bad haechan though seem like took heart messag hurt like know much work put team fact particip much album jeno made sad someon tell get mad often easili he calm gentl see turn knew bad bad im glad end messag posit said dream compani work hard tri best instead blame anyon wanna work hard like ye jeno fault,positive,reddit
NCTDREAM_WhenImWithYou,imagine groups debuted like txt or nct dream 😭😭😭,imagin group debut like txt nct dream,neutral,reddit
NCTDREAM_WhenImWithYou,"The comment on Jisung is interesting to me. I feel like he’s hugely slept on when it comes to “solo potential” conversations because: yes he’s shy, but he’s something else entirely when performing and his voice has developed a lot in the last few years. Give him another year or two and a chance to step out on his own a couple of times, and I do feel like he’d be an incredible soloist. Even in terms of appearing of variety shows, there’s people who will find the shyness charming and it might actually be to his benefit in that sense. I don’t think it would take much for people to become quite endeared. 

I kind of feel similar in regards to Jeno though? I feel like his vocals are also kind of underrated especially after hearing him on this tour and in their most recent album. Give him a fighting chance and he’d also be a pretty solid soloist too tbh.

People don’t like to admit but a lot of nctzens are stuck on the idea that dream members not named Mark or Haechan simply can’t be soloists because they weren’t part of the grown up unit that they perceive to be infinitely more talented, and are stuck on the idea that they’re too young and have had stunted growth as idols.

I am biased, but even putting my objective head on, they’re all much more capable than even nctzens will give them credit for.",comment jisung interest feel like he huge slept come solo potenti convers ye he shi he someth els entir perform voic develop lot last year give anoth year two chanc step coupl time feel like hed incred soloist even term appear varieti show there peopl find shyness charm might actual benefit sens dont think would take much peopl becom quit endear kind feel similar regard jeno though feel like vocal also kind underr especi hear tour recent album give fight chanc hed also pretti solid soloist tbh peopl dont like admit lot nctzen stuck idea dream member name mark haechan simpli cant soloist werent part grown unit perceiv infinit talent stuck idea theyr young stunt growth idol bias even put object head theyr much capabl even nctzen give credit,positive,reddit
NCTDREAM_WhenImWithYou,Smoothie nct dream cause they’re definitely talking about giving head,smoothi nct dream caus theyr definit talk give head,neutral,reddit
NCTDREAM_WhenImWithYou,Most of BTS are fans of Big Bang. I know that Haechan is a big Taemin fan/Shawol.,bt fan big bang know haechan big taemin fanshawol,neutral,reddit
NCTDREAM_WhenImWithYou,"nah theyre so dependent on each other, but if I had to pick it’d be mark haechan jeno",nah theyr depend pick itd mark haechan jeno,neutral,reddit
NCTDREAM_WhenImWithYou,"nct dream : overwork by sm, esp haechan and mark, music quality went down since candy imo 

82major : public interest, management, yechan got recognized as keeho brother 

cix: bad management, jinyoung left ( contract ended last august) 

the boyz: management, uncertain future ( left ist after contract) 

pow: management 

Stayc : expired music , concept , from super rookie to midterm 4th gen gg 

nmixx : too much mixxpop , experimental
 
Lsf: singing skills , hate train since coachella 

Nwjns : hybe 

blackpink: jennie hate train , lisa crazy horse performance , blinks",nct dream overwork sm esp haechan mark music qualiti went sinc candi imo major public interest manag yechan got recogn keeho brother cix bad manag jinyoung left contract end last august boyz manag uncertain futur left ist contract pow manag stayc expir music concept super rooki midterm th gen gg nmixx much mixxpop experiment lsf sing skill hate train sinc coachella nwjn hybe blackpink jenni hate train lisa crazi hors perform blink,negative,reddit
NCTDREAM_WhenImWithYou,"The problem with nct is that spaced out tours would be so hard to do because of mark and haechan being in two groups you know.. like yeah I get your point but I don't think it'd work..?

Also correct me if I'm wrong but wasn't dream vs dream usually shot at mv sets? Why do I vaguely remember seeing mark and jeno's dream vs dream on the diggity set?",problem nct space tour would hard mark haechan two group know like yeah get point dont think itd work also correct im wrong wasnt dream vs dream usual shot mv set vagu rememb see mark jeno dream vs dream diggiti set,neutral,reddit
NCTDREAM_WhenImWithYou,"Whoever have the members bubble and twitter, please sending more love to them especially to Haechan and Jeno and whoever go to their london concert, please make it the best crowd😭😭

I’m honestly really speechless by everything that I couldn’t writing much but really Dream shouldn’t be the one who apologize about the whole situation. SM really need to manage their tour and comeback better tbh because this is just unsustainable.",whoever member bubbl twitter pleas send love especi haechan jeno whoever go london concert pleas make best crowd im honestli realli speechless everyth couldnt write much realli dream shouldnt one apolog whole situat sm realli need manag tour comeback better tbh unsustain,neutral,reddit
NCTDREAM_WhenImWithYou,"nct's haechan being a fanboy of shinee and taemin! haechan's reason for trying out the auditions at sment is because he watched replay on tv 😭 and we get to see him all shy and internally fanboying while trying so hard to compose himself [here](https://youtu.be/Mj1JSTwbxHA?si=iOR2f77T6FI0MXJt) 😭😭 

nct wish's ryo is also a diehard fan of doyoung! he's the one true successful fan being able to interact with him AND be in the same group as him 😭😭",nct haechan fanboy shine taemin haechan reason tri audit sment watch replay tv get see shi intern fanboy tri hard compos nct wish ryo also diehard fan doyoung he one true success fan abl interact group,neutral,reddit
NCTDREAM_WhenImWithYou,"I'd say there are overall very few idols who really have the solo potential tbh. With NCT Dream honestly idk if any of them besides Mark and maybe Haechan have the potential to get big as soloists nor do I see them actually wanting to go solo. 

Maybe Chenle would do well if he was doing some ballads in Chinese? Or maybe not ballads but still focusing on the Chinese market, like Lay did. For some reason I can see it happening. For others - idk really, I can see them having different types of solo gigs like acting or photography things in Jaemin's case but not music.

Regarding J-line I fully agree with the other commenter. Having THE Mark Lee in your group automatically gravitates all the attention to him in terms of rap. He's just that good, that's why all the parts (at least the challenging ones) mostly go to him. It's hard to evolve as a rapper when you aren't really given the opportunity to, well, rap. Although I must say that even though J-line isn't at Mark's level of rap skill they're still improving (they got a lot better this comeback, I was pleasantly surprised) and they still get good and memorable parts so I definitely don't understand calling them not talented. Jaemin has very memorable and beautiful voice (my fav one among dreamies actually), has some really good parts AND is a great dancer with good stage presence. Same for Jisung and Jeno",id say overal idol realli solo potenti tbh nct dream honestli idk besid mark mayb haechan potenti get big soloist see actual want go solo mayb chenl would well ballad chines mayb ballad still focus chines market like lay reason see happen other idk realli see differ type solo gig like act photographi thing jaemin case music regard jline fulli agre comment mark lee group automat gravit attent term rap he good that part least challeng one mostli go hard evolv rapper arent realli given opportun well rap although must say even though jline isnt mark level rap skill theyr still improv got lot better comeback pleasantli surpris still get good memor part definit dont understand call talent jaemin memor beauti voic fav one among dreami actual realli good part great dancer good stage presenc jisung jeno,positive,reddit
NCTDREAM_WhenImWithYou,Dreamies (NCT Dream),dreami nct dream,neutral,reddit
NCTDREAM_WhenImWithYou,"NCT Dream would have debuted in 2020 instead of 2016

ZB1 would be debuting in March of next year 

(Assuming this is about their 18th birthday and not the Korean age of majority which is different! Yujin won't be a legal adult in Korea until January 2026)",nct dream would debut instead zb would debut march next year assum th birthday korean age major differ yujin wont legal adult korea januari,neutral,reddit
NCTDREAM_WhenImWithYou,"I just feel like crying I discovered Dream through Dream()scape and I can’t believe I’m here, this album is such a good representation of what NCT Dream sounds like. This album is cohesive af, Dream sounding from top to bottom, literally no skips 

That intro is quite something it’s emotional yet techno and bright at the same time

WIMW - the more chill chorus actually works because the prechorus and rap parts make up for it and it just wraps it up so perfectly

Flying Kiss - I can confidently say they unanimously agreed this one to be the couple song 

I hate fruits - this song is so fun!!! 

No Escape - This song is the most Neo sounding one and I love the gritty sound of it, that outro is wild, this song is gonna be so good for their concerts

Best of Me - That 80s synth sound, the prechorus reminds me of something from The Weeknd, the song gives me old SHINee vibes and I’m living for it 

YOU - YALL WTF THE WAY THIS SONG SWITCHED UP R U KIDDING ME!!!!!!!! The last minute of this song is crazy Jesus what a trip it’s so pretty 

Heavenly - Why does everyone sound so heavenly on this track? Their voices just sound like honey. This is such a quintessential Dream sounding song. That group chorus is tugging at my heart I can not rn. I love the vocal layering on this track

Night Poem - Ok at this point I just can’t choose a favorite b-side wtf Dream lol omg the rap + vocal line harmonies pleaase and the chorus is so dreamy. Jisung narrating at the end? PLZ

Off The Wall - I can finish this review unbiased, I love the ooh ahh so fresh and funky vibe!!! The way they say Off The Wall with the up & down it’s so DREAM coded 

And ofc Rains In Heaven fits perfectly! If this isn’t the most Dream album they have put out idk what is. 

My initial favs are ihatefruits, You, and Heavenly! I’m gonna go listen to this on repeat and cry",feel like cri discov dream dreamscap cant believ im album good represent nct dream sound like album cohes af dream sound top bottom liter skip intro quit someth emot yet techno bright time wimw chill choru actual work prechoru rap part make wrap perfectli fli kiss confid say unanim agre one coupl song hate fruit song fun escap song neo sound one love gritti sound outro wild song gonna good concert best synth sound prechoru remind someth weeknd song give old shine vibe im live yall wtf way song switch r u kid last minut song crazi jesu trip pretti heavenli everyon sound heavenli track voic sound like honey quintessenti dream sound song group choru tug heart rn love vocal layer track night poem ok point cant choos favorit bside wtf dream lol omg rap vocal line harmoni pleaas choru dreami jisung narrat end plz wall finish review unbias love ooh ahh fresh funki vibe way say wall dream code ofc rain heaven fit perfectli isnt dream album put idk initi fav ihatefruit heavenli im gonna go listen repeat cri,positive,reddit
NCTDREAM_WhenImWithYou,"This year I’ve seen:
Everglow, Ten, OnlyOneOf, NMIXX, Stray Kids, Billlie, WayV, A.C.E, XG.

My favourite concerts were WayV and Stray Kids. Both their performances are on another level, soooooo much fun and I would go see them both again in a heartbeat.

For concerts I missed: iKON because it got cancelled and I was devastated. I’ve seen them once before and they blew me away. Also missed NCT Dream for monetary reasons, have also seen them before and the setlist didn’t appeal to me so much this time.

I enjoyed all of them! My negatives mostly apply to the venues; XG I didn’t like the venue and my bad seats lessened the experience a little bit. I would try for better seats if they come back again. Also for Billlie and OnlyOneOf it was standing in smaller venues which I don’t like. I’m short and hate queuing so it’s never a good view.",year ive seen everglow ten onlyoneof nmixx stray kid billli wayv ace xg favourit concert wayv stray kid perform anoth level soooooo much fun would go see heartbeat concert miss ikon got cancel devast ive seen blew away also miss nct dream monetari reason also seen setlist didnt appeal much time enjoy neg mostli appli venu xg didnt like venu bad seat lessen experi littl bit would tri better seat come back also billli onlyoneof stand smaller venu dont like im short hate queu never good view,negative,reddit
NCTDREAM_WhenImWithYou,"I just wrote a similar comment!! I can’t deal with it, how dare they put those songs back to back and not expect me to ascend to heaven?!? Dreamscape, the album that you are ❤️❤️ love the dreamies so much! Hope you are doing good fellow nctzen, we always got your back!",wrote similar comment cant deal dare put song back back expect ascend heaven dreamscap album love dreami much hope good fellow nctzen alway got back,positive,reddit
NCTDREAM_WhenImWithYou,unitzens. especially dreamzens vs 127zens beefing over which group mark & haechan love more. babes they're all in the same group why are you fighting 😭😭😭😭😭😭,unitzen especi dreamzen vs zen beef group mark haechan love babe theyr group fight,neutral,reddit
NCTDREAM_WhenImWithYou,mark haechan,mark haechan,neutral,reddit
NCTDREAM_WhenImWithYou,"For NCT its mainly been so-so. NCT Dream just released their 4th album, which is great btw. Some knetz hated on the fact that they weren't in Korea when it released and made them apologize, which reminds me how much hatred I have for them (the knetz, not NCT Dream 😭). Doyoung (NCT 127) also released a brand new single, The Story, for his encode concert, and it was great! I love the vocals, and the music video is excellent. That brings his release count this year up to 14 solo songs (and 12 group songs)! Yuta (NCT 127) also just had his solo Japanese debut not long ago which was excellent (personal favorite is LAST SONG), and Jaehyun had a comeback with his solo single Unconditional. For NCT Wish, they are promoting Steady still, and about to release their 1st full Japanese album, which is great, but incredibly overworked. Riku is sitting out promotions while they are on tour as well. Now, my favorite unit, WayV! WayV is about to have their 3rd comeback of the year with Frequency, which is just great. Only bad part is the whole controversy with Yeonjun (TXT) stans claiming that YangYang copied Yeonjun from Ggum, which I have very intense feelings about (its slime anyways 😭). So, overall pretty good I guess!",nct mainli soso nct dream releas th album great btw knetz hate fact werent korea releas made apolog remind much hatr knetz nct dream doyoung nct also releas brand new singl stori encod concert great love vocal music video excel bring releas count year solo song group song yuta nct also solo japanes debut long ago excel person favorit last song jaehyun comeback solo singl uncondit nct wish promot steadi still releas st full japanes album great incred overwork riku sit promot tour well favorit unit wayv wayv rd comeback year frequenc great bad part whole controversi yeonjun txt stan claim yangyang copi yeonjun ggum intens feel slime anyway overal pretti good guess,neutral,reddit
NCTDREAM_WhenImWithYou,"I went to ~20 concerts in 22-23, but this year I chilled out a bit and focused on my ult bias groups. So I just saw NCT Dream (3 nights of TDS3, and I’m going to the encore next weekend) and SVT (Follow in Incheon). For non-kpop, I also saw Taylor Swift in Tokyo.

* How was it: both groups were amazing! Part of the reason I choose my ult groups is for their live performances and I’d seen both before, so I knew they’d be great - the energy was high, the mics were on, I loved the setlists, and meeting fans at the shows was so fun.
* Who did you miss: I live in Seoul, so technically… every group that toured. But the only concert I ticketed for but didn’t get was IU 😭 I was also really sick so missed SVT’s Right Here tour. 
* Who are you looking forward to: I already have tickets for SMTown and Coldpay’s show where Twice will be opening! I’ve never seen Twice before (and I loved Coldplay’s show in Tokyo) so I’m very excited. Also, predictably: TDS4, maybe a Right Here encore show, and hopefully another IU tour.",went concert year chill bit focus ult bia group saw nct dream night td im go encor next weekend svt follow incheon nonkpop also saw taylor swift tokyo group amaz part reason choos ult group live perform id seen knew theyd great energi high mic love setlist meet fan show fun miss live seoul technic everi group tour concert ticket didnt get iu also realli sick miss svt right tour look forward alreadi ticket smtown coldpay show twice open ive never seen twice love coldplay show tokyo im excit also predict td mayb right encor show hope anoth iu tour,positive,reddit
NCTDREAM_WhenImWithYou,"Okay you know what though, this is so true?!

Ten’s Nightwalker has been an instant spooky season hit, and replayed out of Halloween too!

Taeyong’s Moon Tour is so soft and sweet, and I genuinely loved that song. 

Doyoung’s Beginning and The Story are both insanely beautiful vocally, and just so powerful.

I’ve listened to all of these releases, and downloaded other songs from those albums!!

I fell into Nct Dream last year I think and checked their releases this year too. Breathing is the softest and most lilting I swear, and despite my dislike for Dreamscape’s title - I hate fruits is AMAZING?! Off the wall is so funky, heavenly is literally heavenly, and the anxiety of No Escape just subsumes me with those chords!!

And I’m liking the sound of WayV’s Hi Five so far!

Nct isn’t a group or subgroups I’m a fan of, just not my vibe. But I’ve enjoyed so much from them this year too! Even releases I haven’t enjoyed personally like Perfume, the WayV releases this year (I loved them in 2023!) and Nct Wish just have felt really solid even though I’m not listening.

Love the post OP! Honestly pretty fun to reflect on, and absolutely just such a great year for nct as a whole musically.",okay know though true ten nightwalk instant spooki season hit replay halloween taeyong moon tour soft sweet genuin love song doyoung begin stori insan beauti vocal power ive listen releas download song album fell nct dream last year think check releas year breath softest lilt swear despit dislik dreamscap titl hate fruit amaz wall funki heavenli liter heavenli anxieti escap subsum chord im like sound wayv hi five far nct isnt group subgroup im fan vibe ive enjoy much year even releas havent enjoy person like perfum wayv releas year love nct wish felt realli solid even though im listen love post op honestli pretti fun reflect absolut great year nct whole music,neutral,reddit
NCTDREAM_WhenImWithYou,beatbox by nct dream,beatbox nct dream,neutral,reddit
NCTDREAM_WhenImWithYou,"Wow lucky you were able to secure that VIP! Guess we won’t be staying at the same hotel then. I was only able to book an economy package from the cancellations (still thankful cause general ticketing thru melon was awful 😅)

It’s going to be my 2nd time going to Seoul and will most probably be visiting the NCT Dream LINE Pop Up at Seongsu and maybe Kwangya/Seoul Forest to find Mark’s bench. What were you thinking of doing om your free days? 😊",wow lucki abl secur vip guess wont stay hotel abl book economi packag cancel still thank caus gener ticket thru melon aw go nd time go seoul probabl visit nct dream line pop seongsu mayb kwangyaseoul forest find mark bench think om free day,neutral,reddit
NCTDREAM_WhenImWithYou,A weird choice - but I always go back to Candy. Since its my first NCT Dream song that instantly made me stan then so hard and became my top played song in 2023 cause I played it 800+ times.,weird choic alway go back candi sinc first nct dream song instantli made stan hard becam top play song caus play time,neutral,reddit
NCTDREAM_WhenImWithYou,">Which days are you attending? 

Days 2 and 3 !

Did you get melon or global package? 

Melonnnn I'm a resident of Korea

Are you solo or with friends and where are you coming from, if you're comfortable sharing?

Technically solo but meeting friends ♡ and from another part of Korea not Seoul 

What are you going to wear to the concert?

Im dressing in a black and red and white theme to match Dream()scape

Who's your bias?

JISUNGGGGG


Will you have any freebies or have you heard of any being offered?

I'll probably make some with extra album cards 


Is it your first time in Korea? 

Noooo but I've been here 5 years anyway haha


Do you have any exciting plans outside of the concert?

Not particularly!!

Should we form a group chat? (twitter, kakao, here on reddit, etc. open to ideas)

Im always down to have a gc, foreign NCTzen living in Korea already have our own!",day attend day get melon global packag melonnnn im resid korea solo friend come your comfort share technic solo meet friend anoth part korea seoul go wear concert im dress black red white theme match dreamscap who bia jisunggggg freebi heard offer ill probabl make extra album card first time korea noooo ive year anyway haha excit plan outsid concert particularli form group chat twitter kakao reddit etc open idea im alway gc foreign nctzen live korea alreadi,neutral,reddit
NCTDREAM_WhenImWithYou,"no chinduck, u thought u were on kpoopheads so I decided to treat you to an iconic kpoopheads phrase

/uj im listening to nct dream's new album rn, I would NOT last the first day of no nct November 😭😭",chinduck u thought u kpoophead decid treat icon kpoophead phrase uj im listen nct dream new album rn would last first day nct novemb,neutral,reddit
NCTDREAM_WhenImWithYou,"Everybody was buzzing about Smoothie because of the promotion. The concept was solid, the snippet videos and everything. We didn't have any of that this CB, they just dropped the pics and called it a day and fans should rightfully be mad and call SM out for that. They could have pushed this as the aftermath of the escape from the mini album scenario since this album has a happier vibe than previous one but we don't really have one because of how SM dropped this one.

The album is full of dreamvibe that most core NCT Dream fans like. Granted it's not everybody's cup of tea but Dream has never been the favorite of most because of their softer vibe.

And I'd like to clear it out that eventhough there were entitled kfans jumping at 7dream, there are a lot of kfans speaking up against this. I'm getting tired of the knet vs intl fans discourse. Not all kfans are evil, it's just that entitled minority fans or antis end up being louder that actual fans in any scenario.",everybodi buzz smoothi promot concept solid snippet video everyth didnt cb drop pic call day fan right mad call sm could push aftermath escap mini album scenario sinc album happier vibe previou one dont realli one sm drop one album full dreamvib core nct dream fan like grant everybodi cup tea dream never favorit softer vibe id like clear eventhough entitl kfan jump dream lot kfan speak im get tire knet vs intl fan discours kfan evil entitl minor fan anti end louder actual fan scenario,positive,reddit
NCTDREAM_WhenImWithYou,">its funny tho cause those hating ass bitches that made such a fuss about 0T6 have migrated to stanning Wiish lmao. Riize has lost a lot of its sheen in Korea idk why SM was so focused on keeping them only relevant there when they know Kfans are fickle

What's the proof of this? Every single ot6 left for wish? Wish dont seem to be selling more than riize or charting better, so what's are you basing this off of. I've also heard people saying ""all"" of Nct dreams kfans left for wish and so far nct dream is selling as much as usual.

I dislike the way the Seunghan situation was handled but acting like Riize lost their ""fickle"" k-fanbase based off some tweets is ridiculous. We need to wait for a comeback to actually gauge the demographics of the fandom.",funni tho caus hate ass bitch made fuss migrat stan wiish lmao riiz lost lot sheen korea idk sm focus keep relev know kfan fickl what proof everi singl ot left wish wish dont seem sell riiz chart better what base ive also heard peopl say nct dream kfan left wish far nct dream sell much usual dislik way seunghan situat handl act like riiz lost fickl kfanbas base tweet ridicul need wait comeback actual gaug demograph fandom,neutral,reddit
NCTDREAM_WhenImWithYou,"Skz: danceracha solo stans especially hyunjin and Felix's toxic solo stans hating on other members and hyunjin solo stans are on another level when it comes to saying horrible things about other members and saying things like hyunjin don't get promotions when he literally the member who is featured the most in the magazines this year and some members of skz haven't even gotten a chance to have their solo magazine and he is the brand ambassador of Versace and Cartier and some members like han haven't even attend any solo fashion show and most of them expect hyunjin and Felix haven't became solo brand ambassador for any brand and he is popular member alongside Felix and he gets so much screentime and always gets a dance break center and also always gets the main parts like chorus part and outro in their songs but after all this still alot of hyunjin fans always cry over him not getting proper promotions but in reality he is the member alongside Felix who gets the most promotions and toxic and weird ship wars especially weird minsung shippers hating on seungmin just because his and lee know's ship is more popular in korea and Japan than minsung 

Nct : i think the hate goes between the fandoms of different subunits especially nct 127 stans vs nct dream stans because nct 127 stans have problem with Mark and haechan being a part of nct dream but nct dream stans say that mark and haechan are performing with nct 127 most of the times and nct dream performs as ot5 in most of the events they attend expect world tours . Solo stans as well especially the solo stans of popular members vs underaated members like stans of the members who gets the most lines and screentime like taeyong , jaehyun and mark vs stans of members who gets the least lines like alot of Johnny and yuta stans getting upset of not them getting proper lines but i think everyone was satisfied with their song walk because Johnny and yuta got lines in that song

Ive : it's basically wonyoung and yujin stans vs rest of the members stans because of the obvious favouritism towards wonyoung and yujin because other members stans get upset that their bias is not getting equal treatment as the other two members of the group",skz danceracha solo stan especi hyunjin felix toxic solo stan hate member hyunjin solo stan anoth level come say horribl thing member say thing like hyunjin dont get promot liter member featur magazin year member skz havent even gotten chanc solo magazin brand ambassador versac cartier member like han havent even attend solo fashion show expect hyunjin felix havent becam solo brand ambassador brand popular member alongsid felix get much screentim alway get danc break center also alway get main part like choru part outro song still alot hyunjin fan alway cri get proper promot realiti member alongsid felix get promot toxic weird ship war especi weird minsung shipper hate seungmin lee know ship popular korea japan minsung nct think hate goe fandom differ subunit especi nct stan vs nct dream stan nct stan problem mark haechan part nct dream nct dream stan say mark haechan perform nct time nct dream perform ot event attend expect world tour solo stan well especi solo stan popular member vs undera member like stan member get line screentim like taeyong jaehyun mark vs stan member get least line like alot johnni yuta stan get upset get proper line think everyon satisfi song walk johnni yuta got line song ive basic wonyoung yujin stan vs rest member stan obviou favourit toward wonyoung yujin member stan get upset bia get equal treatment two member group,neutral,reddit
StrayKids_ChkChkBoom,"I really love future perfect blessed cursed loser lover and aurora! I didn't like future perfect at first bc the concept seemed a bit mismatched for a HYBE boy group (that isn't BTS), especially for enhypen but i grew to enjoy it. I've always been a blessed cursed enjoyer and i think loser lover got more critiques bc some people saw it as too similar to lovesong as for case143 it was okay i just tend to not like skz's later title tracks as much as their stuff before",realli love futur perfect bless curs loser lover aurora didnt like futur perfect first bc concept seem bit mismatch hybe boy group isnt bt especi enhypen grew enjoy ive alway bless curs enjoy think loser lover got critiqu bc peopl saw similar lovesong case okay tend like skz later titl track much stuff,neutral,reddit
StrayKids_ChkChkBoom,"Hey! I just posted Felix's pages if you wanted to see them!
[Felix's pages](https://www.reddit.com/r/straykids/s/iZ6ZfDLPF1)",hey post felix page want see felix page,neutral,reddit
StrayKids_ChkChkBoom,"i kinda get why the kids didn't talk much about it. it was a very hard time for them. although, as far as i remember, hyunjin talked about levanter during one of their live shoots for lmb in nyc. it was in their latest vid. he talked about how lmb's performance is kinda similar to levanter but that's it.",kinda get kid didnt talk much hard time although far rememb hyunjin talk levant one live shoot lmb nyc latest vid talk lmb perform kinda similar levant that,neutral,reddit
StrayKids_ChkChkBoom,"Alright, so I got entirely screwed; the Presale link never got sent to me for Sydney, so I had to get a link separately. By the time I was in, it’s not possible to get 2 Soundcheck tickets.

Is there any hope to get Soundcheck tickets in tomorrow’s release? Or on a resale site later? I know nothing about Stray Kids but I really want to make this happen for my wife T_T",alright got entir screw presal link never got sent sydney get link separ time possibl get soundcheck ticket hope get soundcheck ticket tomorrow releas resal site later know noth stray kid realli want make happen wife t_t,neutral,reddit
StrayKids_ChkChkBoom,"Hyunjin and then into Lee Know for the chorus killed me.

Also emo hyunjin in his second look 🖤",hyunjin lee know choru kill also emo hyunjin second look,positive,reddit
StrayKids_ChkChkBoom,"[[source]](https://x.com/Stray_Kids/status/1818226192803361009?t=xhKtkjiX-4ni8qfnuA1n4w&s=19)

Caption:

>[SKZ-BEHIND📸] 
>
>Will you become more attractive if you eat an open sandwich 🥪? 😉",sourc caption skzbehind becom attract eat open sandwich,neutral,reddit
StrayKids_ChkChkBoom,"Ahhh these are insane. My faves are the last photo of in, the first photo of Han, the lee know guitar pic and the pic of hyunjin’s with the guitar (reminds me of that famous Versace after party pic)",ahhh insan fave last photo first photo han lee know guitar pic pic hyunjin guitar remind famou versac parti pic,positive,reddit
StrayKids_ChkChkBoom,"Hi! Your submission on r/straykids has been manually removed for the following reason(s):

---

###Collection related content

- Identification of photocards, signatures, albums, etc.
- Showcasing photocards, album collections or official posters
- Showcasing collection art of any kind (collages, scrapbooks, etc.)
- Asking for photocard or ticket prices
- Any other content regarding the collection of merch

These types of posts fall under our rule 2.3 for Fluff Content and are best suited for r/skzcollection or our [Weekly Stay Discussion Thread](https://www.reddit.com/r/straykids/about/sticky) pinned to the top of r/straykids

---

You can read all of our submission guidelines [here.](https://www.reddit.com/r/straykids/wiki/rules)

*If you have any questions about our submission guidelines, or why your post was removed, feel free to [send the moderators a mod mail](/message/compose?to=%2Fr%2Fstraykids).*",hi submiss rstraykid manual remov follow reason collect relat content identif photocard signatur album etc showcas photocard album collect offici poster showcas collect art kind collag scrapbook etc ask photocard ticket price content regard collect merch type post fall rule fluff content best suit rskzcollect weekli stay discuss thread pin top rstraykid read submiss guidelin question submiss guidelin post remov feel free send moder mod mailmessagecomposetofrfstraykid,neutral,reddit
StrayKids_ChkChkBoom,"Yup, it’s always harder to chart on AM but I dont know why it’s not that talk about by kpop stans? Im also wondering why other bg hardly chart there since they have really good numbers on Spotify. For example, Chk chk boom is 36 on Spotify and 41 on AM like it’s both on Top 50.",yup alway harder chart dont know talk kpop stan im also wonder bg hardli chart sinc realli good number spotifi exampl chk chk boom spotifi like top,neutral,reddit
StrayKids_ChkChkBoom,"Rock Star, 5-Star and Oddinary are my favourite overall albums. Although my top favourite SKZ songs are in the 3 albums you mentioned. Shows they simply cannot satisfy us all with every album 🤷🏻‍♀️",rock star star oddinari favourit overal album although top favourit skz song album mention show simpli cannot satisfi us everi album,neutral,reddit
StrayKids_ChkChkBoom,"No idea? I haven’t seen the movie yet as I am packing for a cross-country move. Reddit and Stray Kids are my relax for a few mins distractions. It’s just me and the cat and when did I accumulate so MUCH stuff?! 

Anyways, I’ll have to watch it at some point and get back to you. It’s on my list! Why is my list so long? Sigh. Goals! Corvus, you need to go watch the new DP movie! Yes! Ok, I can do this! Apologies, it appears my ADHD meds are wearing off.",idea havent seen movi yet pack crosscountri move reddit stray kid relax min distract cat accumul much stuff anyway ill watch point get back list list long sigh goal corvu need go watch new dp movi ye ok apolog appear adhd med wear,neutral,reddit
StrayKids_ChkChkBoom,Han in the second pic makes the same face as me seeing Hyunjin in the first pic 😄,han second pic make face see hyunjin first pic,neutral,reddit
StrayKids_ChkChkBoom,"1. STARSET

2. ATEEZ

3. Stray Kids

Then I don't really have a spot for 4 or 5, but I guess I'll go with Linkin Park and 2NE1",starset ateez stray kid dont realli spot guess ill go linkin park ne,neutral,reddit
StrayKids_ChkChkBoom,"my rankings of the songs \^\^

1. mountains and jjam and the remix - honestly I just love songs that I can headbang to, the remix actually slapped harder than ccb on first listen

2. runners and ccb - both of them really grew on me, I actually didn't like ccb as much as some of the other songs at first but it's really starting to vibe with me, I love the reggaeton beat

3. I like it - its growing on me too, honeslty a bop

4. twilight and stray kids - not that they're bad, I just prefer fast/noisy skz songs in general",rank song mountain jjam remix honestli love song headbang remix actual slap harder ccb first listen runner ccb realli grew actual didnt like ccb much song first realli start vibe love reggaeton beat like grow honeslti bop twilight stray kid theyr bad prefer fastnoisi skz song gener,positive,reddit
StrayKids_ChkChkBoom,"I personally prefer their b-sides, but I think their title tracks make sense. It's building the topline of their discography. Skz members seem to agree that God's Menu is when they found their identity. I respect that they move forward with how they want to define themselves. They are self-producing and these choices seem to be an expression of themselves. 

I look forward to see what they come out with post-contract renewal and see if they become more experimental or more commercially safe. How they navigate group's identity with a little more freedom with 8 individual identities forming.",person prefer bside think titl track make sens build toplin discographi skz member seem agre god menu found ident respect move forward want defin selfproduc choic seem express look forward see come postcontract renew see becom experiment commerci safe navig group ident littl freedom individu ident form,neutral,reddit
StrayKids_ChkChkBoom,I don’t think aveeno sponsors them? And they are allowed to show unaffiliated brands.  When hyunjin and Felix both did what’s in my bag interviews before they showed brands that they werent affiliated with.  That’s just how “what’s in my bag” videos work.,dont think aveeno sponsor allow show unaffili brand hyunjin felix what bag interview show brand werent affili that what bag video work,neutral,reddit
StrayKids_ChkChkBoom,"i actually have quite a funny story , at the beginning I found kpop extremely cringe(ik i apologize 😭) mainly cuz all the kpop fans around me were of the type to obsess over the members and judge everyone who did not like them . but throughout time I started to discover new things about kpop ,i think my first kpop song was you are beautiful by day6 (mydays>) but then i got introduced to skz and you won't believe how , it was through Hannah bahng , i actually found out that channie was hannahs brother ironically lmao. i listened to her songs perfect blues and oleander before and I found her old q n a video where chan was mentioned and as you know where that leads . I'm a stay now and I'm so happy that I am . i listen to their music and personally I really love hans songwriting.they have helped me a lot through my mentally unstable scenarios , they just make me laugh and inspire me so much. i wish i have the chance to meet them ( i am broke yes) just to say thank you cuz they really saved my life(not joking as a student i was suffering a lot but they helped me out). i hope I can continue being a stay as long as possible. 
btw guys please tell me your biases in the comments 
mine is hannie but bangchan is a biaswrecker 
okie bye guyss sorry for the long paragraph:(",actual quit funni stori begin found kpop extrem cringeik apolog mainli cuz kpop fan around type obsess member judg everyon like throughout time start discov new thing kpop think first kpop song beauti day myday got introduc skz wont believ hannah bahng actual found channi hannah brother iron lmao listen song perfect blue oleand found old q n video chan mention know lead im stay im happi listen music person realli love han songwritingthey help lot mental unstabl scenario make laugh inspir much wish chanc meet broke ye say thank cuz realli save lifenot joke student suffer lot help hope continu stay long possibl btw guy pleas tell bias comment mine hanni bangchan biaswreck oki bye guyss sorri long paragraph,positive,reddit
StrayKids_ChkChkBoom,"All of Stray Kids and Itzy, but specifically 2Hwang. A duo debut would be amazing too but I doubt that's gonna happen xD Either way I think they'd have a stunning solo debut and Lee Know, Yuna and maybe Ryujin could do an acting debut too",stray kid itzi specif hwang duo debut would amaz doubt that gonna happen xd either way think theyd stun solo debut lee know yuna mayb ryujin could act debut,neutral,reddit
StrayKids_ChkChkBoom,"Honestly I’m not even properly streaming lol because I’ve just enjoyed the album too much that I keep rotating between chk chk boom, the heatwave version (by far the best of the remixes lol), the festival version, mountains and I like it. The songs are just too good to resist lol",honestli im even properli stream lol ive enjoy album much keep rotat chk chk boom heatwav version far best remix lol festiv version mountain like song good resist lol,positive,reddit
StrayKids_ChkChkBoom,"Yeah I thought so too and skz log last year was my fav, div 1 rented a place for them to rest after ending the fanmeeting and only showed a bit of the dinner they had so it wasn't like a skz code too, so I'm guessing they filmed something like that in Milano that's why they went extra early to Italy",yeah thought skz log last year fav div rent place rest end fanmeet show bit dinner wasnt like skz code im guess film someth like milano that went extra earli itali,neutral,reddit
StrayKids_ChkChkBoom,"Hi! Your submission on r/straykids has been manually removed [(4.3 New Content)](https://www.reddit.com/r/straykids/wiki/rules/#wiki_4.3_new_content) for the following reason(s):

---

###4.3 New Content

Comments about content that is less than 24 hours old are not allowed in the Weekly Discussion Thread. We will redirect these comments to their actual thread to prevent the Weekly Discussion Thread from overcrowding.

**Your submission is either a re-post or belongs into the already existing thread for the topic. Please search the sub for the correct thread**

---

You can read all of our submission guidelines [here.](https://www.reddit.com/r/straykids/wiki/rules)

*If you have any questions about our submission guidelines, or why your post was removed, feel free to [send the moderators a mod mail](/message/compose?to=%2Fr%2Fstraykids).*",hi submiss rstraykid manual remov new content follow reason new content comment content less hour old allow weekli discuss thread redirect comment actual thread prevent weekli discuss thread overcrowd submiss either repost belong alreadi exist thread topic pleas search sub correct thread read submiss guidelin question submiss guidelin post remov feel free send moder mod mailmessagecomposetofrfstraykid,neutral,reddit
StrayKids_ChkChkBoom,"I was just reddit searching them (trying to find Marvel/Deadpool fans' perspective on the Dp. soundtrack) and stumbled upon an old think piece from like 4 years ago about how Stray Kids are ""never going to be popular"". It was amusing to look back on with 2024 knowledge. Then this is the 1st post I see coming back to my main page. Made me giggle.",reddit search tri find marveldeadpool fan perspect dp soundtrack stumbl upon old think piec like year ago stray kid never go popular amus look back knowledg st post see come back main page made giggl,positive,reddit
StrayKids_ChkChkBoom,"This was absolutely INSANE!! OMG! I love every bit of it so much! The grown up but still SKZ feel, the trash talking (well deserved confidence and bragging) it was perfect!!",absolut insan omg love everi bit much grown still skz feel trash talk well deserv confid brag perfect,positive,reddit
StrayKids_ChkChkBoom,"Source from Twitter:

[Bang Chan, Lee Know, Changbin, Hyunjin](https://x.com/SpotifyKpop/status/1814239583229579767)

[Han, Felix, Seungmin, I.N](https://x.com/SpotifyKpop/status/1814239734778270157)",sourc twitter bang chan lee know changbin hyunjin han felix seungmin,neutral,reddit
StrayKids_ChkChkBoom,BOOM BOOM CHK CHK BOOM,boom boom chk chk boom,neutral,reddit
StrayKids_ChkChkBoom,"Subkshop (US based) has SKZOOs in stock. It's a legitimate retailer, and this batch is from the Magic School merch.

Original: [https://www.subkshop.com/products/stray-kids-4th-fanmeeting-skzs-magic-school-official-md-13-skzoo-plush-original-ver](https://www.subkshop.com/products/stray-kids-4th-fanmeeting-skzs-magic-school-official-md-13-skzoo-plush-original-ver)

Mini: [https://www.subkshop.com/products/stray-kids-4th-fanmeeting-skzs-magic-school-official-md-14-skzoo-plush-mini-ver](https://www.subkshop.com/products/stray-kids-4th-fanmeeting-skzs-magic-school-official-md-14-skzoo-plush-mini-ver)

10 cm: [https://www.subkshop.com/products/stray-kids-4th-fanmeeting-skzs-magic-school-official-md-15-skzoo-plush-10cm-ver](https://www.subkshop.com/products/stray-kids-4th-fanmeeting-skzs-magic-school-official-md-15-skzoo-plush-10cm-ver)

They have other stuff too, but I know people want SKZOOs.",subkshop us base skzoo stock legitim retail batch magic school merch origin mini cm stuff know peopl want skzoo,neutral,reddit
StrayKids_ChkChkBoom,"Same, I just finished Stray Kids",finish stray kid,neutral,reddit
StrayKids_ChkChkBoom,"Stays doing so good. All of your hard work is being paid off, Stray Kids and Stays. 🥹🤘🤘 Rockstars",stay good hard work paid stray kid stay rockstar,positive,reddit
StrayKids_ChkChkBoom,"The ad-libs in Chk Chk boom have my heart, specifically the my amigo 🥹 also Seugmin and bang chans ad-libs in lmb 😭",adlib chk chk boom heart specif amigo also seugmin bang chan adlib lmb,positive,reddit
StrayKids_ChkChkBoom,"My full impression for the whole album is to follow, but I just had to gush about how Chk Chk Boom is the biggest Changbin moment EVER. I've always thought he was incredible, so I'm so glad to see it. Do we know if CCB was ""his"" song (I know it's always 3racha, but usually a song is the brainchild of 1 of them in particular)?

As usual his flow is fire, but it feels so alive in CCB. The lazy raspiness to his rap in the first verse would drive a sane person feral. And I can't speak about the second verse purring which makes me borderline UNHINGED.

Great time to be a Binnie Bias.",full impress whole album follow gush chk chk boom biggest changbin moment ever ive alway thought incred im glad see know ccb song know alway racha usual song brainchild particular usual flow fire feel aliv ccb lazi raspi rap first vers would drive sane person feral cant speak second vers pur make borderlin unhing great time binni bia,positive,reddit
StrayKids_ChkChkBoom,"THIS IS SO GOOD??? I love it!!!

I'm jazzed as hell they did a hip hop track with the signature funky skz sound.  It's so moody, so interesting, and so SKZ.  And I love that it's  in korean!!  And they even went very asian for the cover (I LOVE the design of the cover). They're forcing westerners to come halfway to them, I think it's a brilliant and bold move.  They are who they are, and will stay true to themselves, I always had this fear as they got bigger they'd sell out in some way, but  I have more faith than ever in them.

Changbin delivers yet again, Seungmin sounds glorious, they all have their moment to shine and the instrumental is flawless-- I really dig how all the diff sounds were mixed in and out and even tho there were so many diff sounds it's so cohesive (god versachoi is so good at that) esp love the piano, it has the sound and feel of a real piano/keyboard being played rather than just using a piano sound and if that's so that's cool! Maybe Chan played it lol. The build in the chorus is sooo good, love the more interesting chord progression choice there. Besides that there is this very subtle and slow build from beginning to end that really adds sooo much to it, another thing that versachoi is just so good at. AH I LOVE THIS 

This is THE biggest movie of the year and they're the title track for it!!! It feels unreal. But at the same time SO SO deserved. Ryan really took care of his new adopted kids.",good love im jazz hell hip hop track signatur funki skz sound moodi interest skz love korean even went asian cover love design cover theyr forc western come halfway think brilliant bold move stay true alway fear got bigger theyd sell way faith ever changbin deliv yet seungmin sound gloriou moment shine instrument flawless realli dig diff sound mix even tho mani diff sound cohes god versachoi good esp love piano sound feel real pianokeyboard play rather use piano sound that that cool mayb chan play lol build choru sooo good love interest chord progress choic besid subtl slow build begin end realli add sooo much anoth thing versachoi good ah love biggest movi year theyr titl track feel unreal time deserv ryan realli took care new adopt kid,positive,reddit
StrayKids_ChkChkBoom,"It's an awesome song and came out at the perfect time with Stray Kids renewing their contracts! I love the lyrics you mentioned too and have had all the ATE tracks on repeat lately, such an amazing album!",awesom song came perfect time stray kid renew contract love lyric mention ate track repeat late amaz album,positive,reddit
StrayKids_ChkChkBoom,"No, I was talking about Wonho, in [the spring of 2021](https://x.com/official__wonho/status/1387695740323958786?s=46&t=4_v2xdRb5H_EMR1P0yR5Kw). He does look great with lighter hair but the really short hairstyle was painful to me haha. Like Hyunjin he grew it out though fortunately!",talk wonho spring look great lighter hair realli short hairstyl pain haha like hyunjin grew though fortun,neutral,reddit
StrayKids_ChkChkBoom,"The day Onces leave Stray Kids alone, is the day we will have peace. Instead of screaming favouritism, payola, fraud and misogyny to every Stray Kids activity, they should just focus on Twice.",day onc leav stray kid alon day peac instead scream favourit payola fraud misogyni everi stray kid activ focu twice,neutral,reddit
StrayKids_ChkChkBoom,Btw today’s the last day to vote Stray Kids Chk chk boom for MCountdown pre-vote on the Mnet plus app! We’re tied for 1st place so let’s push thru to be 1st place with a bigger gap!,btw today last day vote stray kid chk chk boom mcountdown prevot mnet plu app tie st place let push thru st place bigger gap,neutral,reddit
StrayKids_ChkChkBoom,"When I want some feel good content, I like watching videos from SKZ’s time around 2018 KCON NY. Like this https://youtu.be/gJwuimoq0VM

Music Bank Berlin is fun too https://youtu.be/KRJfUBsZ_C4",want feel good content like watch video skz time around kcon ny like music bank berlin fun,neutral,reddit
StrayKids_ChkChkBoom,"Chk Chk Boom is SOOO good, and the festival version is even better.",chk chk boom sooo good festiv version even better,positive,reddit
StrayKids_ChkChkBoom,"Yeah ""Stray Kids"" its THE song for us Stays and for them!
Its makes so emotional 😭😭😭♥️♥️🥺🥺",yeah stray kid song us stay make emot,positive,reddit
StrayKids_ChkChkBoom,"Seems like The Boyz foresaw that Stray Kids were going to dial back the noise level this comeback and decided to jump in and fill that gap. Though this sounds more SM-coded to me, more like an NCT 127 or SuperM track.

I don't dislike it, but it'll probably need a couple more listenings before I decide if it's going to grow on me. Will probably check out the rest of the album at some point.",seem like boyz foresaw stray kid go dial back nois level comeback decid jump fill gap though sound smcode like nct superm track dont dislik itll probabl need coupl listen decid go grow probabl check rest album point,neutral,reddit
StrayKids_ChkChkBoom,"From what I understand (feel free to correct if I'm wrong!), most of it is for the acquisition and they are also going to completely acquire Cube VT Japan within the third quarter, integrating and restructuring their cosmetics departments. Cube's recent movements are mostly for all these changes. [Here is an article talking about it](https://www.smarttoday.co.kr/news/articleView.html?idxno=55709).

This month Cube will have to publish their quarterly reports, we might get more details there.

But Cube should be getting ready for (G)I-DLE's renewals already. BTOB renewed with Cube on their 6th year, 8 months before contract expiration, and from what I see, groups who have good renewals tend to do it months ahead of the actual expiration like Stray Kids just recently.",understand feel free correct im wrong acquisit also go complet acquir cube vt japan within third quarter integr restructur cosmet depart cube recent movement mostli chang articl talk month cube publish quarterli report might get detail cube get readi gidl renew alreadi btob renew cube th year month contract expir see group good renew tend month ahead actual expir like stray kid recent,neutral,reddit
StrayKids_ChkChkBoom,"My ranking so far :


1. JJAM 
2. Runners 
3. Chk Chk Boom
4. Mountains
5. Stray Kids 
6. I Like It
7. Chk Chk Boom Festival Remix
8. Twilight 


I'll rate the album 8.1/10",rank far jjam runner chk chk boom mountain stray kid like chk chk boom festiv remix twilight ill rate album,neutral,reddit
StrayKids_ChkChkBoom,"I'd say my favorites were Stray Kids, NewJeans and Le Sserafim. I'm particularly impressed by newjeans stage, they were a good number of backup dancers and the energy was off the charts. Their dance break was also pretty nice and I like when they try to go for something different.",id say favorit stray kid newjean le sserafim im particularli impress newjean stage good number backup dancer energi chart danc break also pretti nice like tri go someth differ,neutral,reddit
StrayKids_ChkChkBoom,Wait I didn't insults skz? I just asked a question? Your fandom have been insulting Jimin for 3 days in a row so I thought this what something like that. Y'all are so defensive and for what ? I don't have any problem with skz .. congratulations to them.,wait didnt insult skz ask question fandom insult jimin day row thought someth like yall defens dont problem skz congratul,neutral,reddit
StrayKids_ChkChkBoom,"there has been so much content coming out recently, i cant point to specific interview buts jeongin and lee know talked about how they all come and eat dinner together in their dorm and hyunjin made a comment about they all stick to themselves. also seungmin recently talking about driving other members to vocal lessons ( the members we know have vocal lessons being minho, jeongin, seungmin, and felix ) . also ... they are in the middle of a comeback they probably didnt do a dorm re-arrangement in between flying in an out for festivals and prepping for a comeback and performing at music shows",much content come recent cant point specif interview but jeongin lee know talk come eat dinner togeth dorm hyunjin made comment stick also seungmin recent talk drive member vocal lesson member know vocal lesson minho jeongin seungmin felix also middl comeback probabl didnt dorm rearrang fli festiv prep comeback perform music show,neutral,reddit
StrayKids_ChkChkBoom,"i’d add stays and engenes as well, felix and chan are friends with jake as well as hyunjin and ni-ki",id add stay engen well felix chan friend jake well hyunjin niki,neutral,reddit
StrayKids_ChkChkBoom,I think it's supposed to be on all their plans? But it hasn't started yet. (Tomorrow I think? But SKZ is on the 2nd!),think suppos plan hasnt start yet tomorrow think skz nd,neutral,reddit
StrayKids_ChkChkBoom,"TXT: Ghosting, I really feel like it's one of the best songs in existence hahah. It's so pretty, the boys' falsettos have always been my favorite part of their music. 
SKZ: God's Menu. Its a perfect song hand-crafted by God himself 
BTS: Butter! I know there's probably a lot of Armys who'd hate anyone who says Dynamite or Butter is their favorite BTS song but they're both so undeniably catchy. There's a reason why they're two of BTS's most popular songs.",txt ghost realli feel like one best song exist hahah pretti boy falsetto alway favorit part music skz god menu perfect song handcraft god bt butter know there probabl lot armi whod hate anyon say dynamit butter favorit bt song theyr undeni catchi there reason theyr two btss popular song,neutral,reddit
StrayKids_ChkChkBoom,"I won't comment on the rankings because it's obviously a matter of taste.

However for Stray Kids you included a TON of songs that are NOT title tracks - they just have a ton of MVs for B-sides. Some albums have 4-5 MVs.",wont comment rank obvious matter tast howev stray kid includ ton song titl track ton mv bside album mv,neutral,reddit
StrayKids_ChkChkBoom,"I personally don’t take it seriously since it’s pretty obviously all in good fun. For example hyunjin is just as likely to delulu-feed as he is to brutally reject fans and i found chan being a toxic boyfriend on bubble genuinely hilarious, so I think most fans have fun and play along lol",person dont take serious sinc pretti obvious good fun exampl hyunjin like delulufe brutal reject fan found chan toxic boyfriend bubbl genuin hilari think fan fun play along lol,neutral,reddit
StrayKids_ChkChkBoom,"[[source]](https://www.instagram.com/p/C9pIc2iyDdl/?igsh=MTk4Z2F0OW04bDJ1Mg==)

Caption:

>ChkChkBoom 🧨",sourc caption chkchkboom,neutral,reddit
TWICE_Strategy,"with for sure!! both of my worlds colliding like this is insane😭 my friend mentioned that this is the cleanest megan has ever been while simultaneously being the raunchiest twice has ever been 😂

that being said i’m so obsessed with this song it’s so good wtf!!",sure world collid like insan friend mention cleanest megan ever simultan raunchiest twice ever said im obsess song good wtf,positive,reddit
TWICE_Strategy,I got 2 Nayeons and a Jeongyeon haha,got nayeon jeongyeon haha,positive,reddit
TWICE_Strategy,All of them💕. But Tzuyu recently been glowing with confidence. she's so mesmerizing,tzuyu recent glow confid she mesmer,positive,reddit
TWICE_Strategy,"I mean when was the last time we got a TWICE B-side MV? For them it might have been. The main problem was how both these Specials were presented. On the other hand, there have been Live Clips released without pre-announcement often enough",mean last time got twice bside mv might main problem special present hand live clip releas without preannounc often enough,neutral,reddit
TWICE_Strategy,"Oh yeah, I didn’t want it to come off as they are not close. They are. There are some members’ parents that even live in the same complex. 

What I mean is, if we look at Nayeon & Momo vs, idk, Jeongyeon and Dahyun, there’s a difference in the sense of public displays of “friendship” or interactions, on and off camera. 

And that was I was looking at. Even if they perform on camera (even of fansigns and more casual events), they cannot perform forever and 100% of the time. Nayeon and Momo seem like deeply connected in a way that’s ON YOUR FACE. Like, they were recently seen out for dinner together. That’s not stages. You know what I mean?

On your point of Dahyun, that’s really strange to think considering she’s the face of the group. I mean, she was given a bright and extra personality. But some ONCEs have been noticing she’s been “quieter” than usual. Some are saying she’s finally being “herself”.",oh yeah didnt want come close member parent even live complex mean look nayeon momo vs idk jeongyeon dahyun there differ sens public display friendship interact camera look even perform camera even fansign casual event cannot perform forev time nayeon momo seem like deepli connect way that face like recent seen dinner togeth that stage know mean point dahyun that realli strang think consid she face group mean given bright extra person onc notic she quieter usual say she final,neutral,reddit
TWICE_Strategy,Nayeon solo performance let’s gooooooo,nayeon solo perform let gooooooo,positive,reddit
TWICE_Strategy,"Without. Nothing wrong with it, it just feels random having her suddenly rap about her ass. Doesn't fit with Twice's vibe",without noth wrong feel random suddenli rap ass doesnt fit twice vibe,negative,reddit
TWICE_Strategy,"JYPE is a K-pop company. As such, the company will pursue similar goals bound by similar rules. That still doesn’t discredit them as being the best choice for Twice, especially considering what has been going on with other companies. 

SNSD, Taeyeon as a soloist, TVXQ at their prime were even the biggest in the industry. How were they treated? Slave contracts and career suicide when you try to get a better deal somewhere else. It’s not even in the slightest comparable to the ~70% Twice are getting or the many idols who have since left the company, and are still on good terms with JYP. 
 
Anyone who has actually read KG’s statement will understand that the criticism is directed at the whole K-pop industry. How often have we been debating issues like misogyny, the overworking culture in Korea and the impossible unrealistic standards alone in this sub?

The company is no family, no company is, and JYP himself might be weird but it’s the best company currently available for idols. 

We can even go back to Sixteen to get a clear picture about JYP/E within the idol industry. Weight has always been a huge factor for female idols. It was so normal to rip on Jihyo for her weight, she got constantly criticized and it would have been deemed as fair game to not debut her because she wasn’t able to manage her weight and by extension, herself as an idol. However, JYP brushed it off and prioritized other aspects such as skills and character. Jihyo had a fixed position in Twice right from the start. 

What about the greedy industry aspect of debuting children who would definitely make you money? He could also have debuted Somi, who clearly was a star even back then, but considered her age. Debuting also means you will have to deal with all the other aspects that cause mental health issues. Sulli comes to mind. Somi would have been a great addition to Twice but her debut was delayed until she was older to deal with the many aspects of idol life. We also recently heard from JYP that education is mandatory for trainees because he can’t guarantee that everything will pan out for those kids so at least they’ll have a plan B. 

Lastly, mental health. We have mentioned many times that before JYPE it was unheard of to get a mental health break. Your career was basically over if you can’t deal with the idol pressures that comes with overworking to stay competitive in this market and the unrealistic expectations placed on you. Yet both Mina and Jeongyeon came back happier and more confident. 

Right now Twice and JYPE are actively pushing the industry forward by setting an example that you can invest in a girl group that is pushing to its 30s, give them good contracts, expand their market overseas, keep them active like the most in-demand active girl groups. So while I understand wishing that the industry would improve, I don’t get how punishing/boycotting two of the main players who actually advocate for better conditions in the industry. That actually sets the industry backwards.",jype kpop compani compani pursu similar goal bound similar rule still doesnt discredit best choic twice especi consid go compani snsd taeyeon soloist tvxq prime even biggest industri treat slave contract career suicid tri get better deal somewher els even slightest compar twice get mani idol sinc left compani still good term jyp anyon actual read kg statement understand critic direct whole kpop industri often debat issu like misogyni overwork cultur korea imposs unrealist standard alon sub compani famili compani jyp might weird best compani current avail idol even go back sixteen get clear pictur jype within idol industri weight alway huge factor femal idol normal rip jihyo weight got constantli critic would deem fair game debut wasnt abl manag weight extens idol howev jyp brush priorit aspect skill charact jihyo fix posit twice right start greedi industri aspect debut children would definit make money could also debut somi clearli star even back consid age debut also mean deal aspect caus mental health issu sulli come mind somi would great addit twice debut delay older deal mani aspect idol life also recent heard jyp educ mandatori traine cant guarante everyth pan kid least theyll plan b lastli mental health mention mani time jype unheard get mental health break career basic cant deal idol pressur come overwork stay competit market unrealist expect place yet mina jeongyeon came back happier confid right twice jype activ push industri forward set exampl invest girl group push give good contract expand market oversea keep activ like indemand activ girl group understand wish industri would improv dont get punishingboycot two main player actual advoc better condit industri actual set industri backward,neutral,reddit
TWICE_Strategy,Tbh i need moorreeee twice appearance in other celebrities show,tbh need moorreee twice appear celebr show,positive,reddit
TWICE_Strategy,"1. Abcd - Nayeon

2. Strategy - Twice

3. Cosmic - Red velvet

4. Swan song - Le Sserafim

5. Gpt - Stayc",abcd nayeon strategi twice cosmic red velvet swan song le sserafim gpt stayc,neutral,reddit
TWICE_Strategy,"That’s just how lyrics are, grammar is the very last consideration behind meaning, lyricism, tone, the shape of the word, syllables, all that stuff. Japanese lyrics are especially difficult when you’re learning because to fit the music the sentence can be split across what sounds like entirely different lines which often stands out to me in Twice translations especially and can sound off to the ear when you’re used to other Jpop songs where the lyrics were written to the song, rather than a translation as a cover that has to fit a certain meaning and a certain rhythm. Also sometimes particles get dropped when the context is clear enough to not need them as well (e.g: このお酒名前何 in the Alcohol-Free rap)

Nothing has ever stood out to me as wrong or worded awkwardly though. I’m not fluent but got N2 and read a lot so I’d like to think I know what sounds normal even if I couldn’t write it myself lol but maybe a native would have a different opinion!",that lyric grammar last consider behind mean lyric tone shape word syllabl stuff japanes lyric especi difficult your learn fit music sentenc split across sound like entir differ line often stand twice translat especi sound ear your use jpop song lyric written song rather translat cover fit certain mean certain rhythm also sometim particl get drop context clear enough need well eg alcoholfre rap noth ever stood wrong word awkwardli though im fluent got n read lot id like think know sound normal even couldnt write lol mayb nativ would differ opinion,neutral,reddit
TWICE_Strategy,"Yes, some people have started to receive them and post their pulls behind spoiler tags here.

If this is your first time ordering from TWICESHOP, this is normal speed in terms of processing the orders. Compared to signed copies of previous albums and, the inventory for this one is just a lot more, thus a lot of orders to fulfill. Signed versions of Step 2 and Step 3 are still available, it’s only natural that they still have a bunch more orders to pack up and ship out.

TWICESHOP does not operate like Amazon’s network of fulfillment centers to where you can like get what you ordered before you even actually placed the order. This is normal speed for TWICESHOP, and add to the fact that we're in the December holiday rush, every warehouse with orders to ship, and the couriers tasked with picking up stuff are all working to and beyond capacity.

Waiting isn’t fun and can be excruciating, I get it, but you will get your order soon enough.",ye peopl start receiv post pull behind spoiler tag first time order twiceshop normal speed term process order compar sign copi previou album inventori one lot thu lot order fulfil sign version step step still avail natur still bunch order pack ship twiceshop oper like amazon network fulfil center like get order even actual place order normal speed twiceshop add fact decemb holiday rush everi warehous order ship courier task pick stuff work beyond capac wait isnt fun excruci get get order soon enough,neutral,reddit
TWICE_Strategy,the only BP members I've seen commonly interact with Twice were Lisa & Rosé. other than that like more often than not the Twice members always said in interviews their schedule are too packed to have time to interact with friends outside of their company - or making any new friends in that matter.,bp member ive seen commonli interact twice lisa ro like often twice member alway said interview schedul pack time interact friend outsid compani make new friend matter,neutral,reddit
TWICE_Strategy,It changes every few months lol. Right now it’s Jihyo,chang everi month lol right jihyo,neutral,reddit
TWICE_Strategy,"I know [Nayeon donated twice (ha) to Donggang hospital](https://x.com/twice_seung/status/1818260340943278133) for patients who can’t otherwise afford surgeries. 

1st time 20M won. Then another 30M won after they let her know that those funds were used up. She initially wanted to stay anonymous but because a patient wanted to know who made his surgery possible, it was then revealed to be Twice’s Nayeon.",know nayeon donat twice ha donggang hospit patient cant otherwis afford surgeri st time anoth let know fund use initi want stay anonym patient want know made surgeri possibl reveal twice nayeon,neutral,reddit
TWICE_Strategy,There's already a thread for this https://www.reddit.com/r/twice/comments/1h8atv9/strategy_mv_outfits/,there alreadi thread,neutral,reddit
TWICE_Strategy,[Source Link](https://x.com/JYPETWICE/status/1868536582921502978),sourc link,neutral,reddit
TWICE_Strategy,Idk why people are making twice the main characters of this issue. Like something is happening with vcha & the main focus is boycotting twice who have no direct link to this issue…,idk peopl make twice main charact issu like someth happen vcha main focu boycot twice direct link issu,neutral,reddit
TWICE_Strategy,"This solidified my desire for a full song from them. Can I get a full album now? Or at the very least a full cover of this song.

Their voices really balanced each other out well. I think there’s a lot of charisma to Nayeon’s voice, where it’s a very clear pop star voice and she just makes you wanna listen. 

I think Jeongyeon’s voice is the middle ground between Jihyo and Nayeon. It has the power of Jihyo‘s voice with the sweetness of Nayeon’s voice and power to boot. 

And then Jihyo is of course the Twice vocal queen.",solidifi desir full song get full album least full cover song voic realli balanc well think there lot charisma nayeon voic clear pop star voic make wanna listen think jeongyeon voic middl ground jihyo nayeon power jihyo voic sweet nayeon voic power boot jihyo cours twice vocal queen,positive,reddit
TWICE_Strategy,"In twice, Momo is no doubt the main dancer.

In terms of technique, Mina is better than both Jihyo and Sana. The latter stands out more because of they have more stage presence.",twice momo doubt main dancer term techniqu mina better jihyo sana latter stand stage presenc,neutral,reddit
TWICE_Strategy,Twice's official content uses it a lot; mostly in video subtitles but also in some Twitter posts (recent examples [here](https://x.com/JYPETWICE/status/1847653940705579178) and [here](https://x.com/JYPETWICE/status/1862376005786296510)),twice offici content use lot mostli video subtitl also twitter post recent exampl,neutral,reddit
TWICE_Strategy,Yessss. And Nayeon fixed it so smoothly. It was so satisfying to watch tbh.,yessss nayeon fix smoothli satisfi watch tbh,positive,reddit
TWICE_Strategy,"Even in the US, there are a plethora of master degree programs that exist that can be completed via distance learning and even in the course of under 2 years. Even some of the US' most reputable schools facilitate such online distance masters programs, including Columbia, Johns Hopkins, Harvard, Brown, UPenn, Rice, and Cornell.

Furthermore, there are a variety of colleges that offer accelerated distance bachelor degree programs.

Considering that Tzuyu graduated high school from Hanlim Muli Art School back in February 2019, it is quite conceivable that in the almost 6 years since she finished high school that she could have completed both undergraduate and masters level study in said span of time.",even us plethora master degre program exist complet via distanc learn even cours year even us reput school facilit onlin distanc master program includ columbia john hopkin harvard brown upenn rice cornel furthermor varieti colleg offer acceler distanc bachelor degre program consid tzuyu graduat high school hanlim muli art school back februari quit conceiv almost year sinc finish high school could complet undergradu master level studi said span time,neutral,reddit
TWICE_Strategy,"That shopping cart is the coolest prop I've ever seen!

I need to review my Twice faves because this has a good chance of dethroning them. The level of texture in those synths is insane. Megan rap is mad out there for Twice. So good. I get so lost in the song structure that the 3 minutes 17 seconds feel like nothing. The composer's strategy is evidently effective. 

One thing I'd change is swapping the cowbell beat under the chaeyoung part at the end. Or even get 2 or more cowbells tuned differently and play the beat with them. I'd also cut the clean voice Nayeon at the end.",shop cart coolest prop ive ever seen need review twice fave good chanc dethron level textur synth insan megan rap mad twice good get lost song structur minut second feel like noth compos strategi evid effect one thing id chang swap cowbel beat chaeyoung part end even get cowbel tune differ play beat id also cut clean voic nayeon end,positive,reddit
TWICE_Strategy,"I hate whoever thought of this. Now, that's all I'll hear when listening to Strategy. 😂

[Source](https://twitter.com/JYPETWICE/status/1865275366664999183?t=CSD6_kgwPqqF9n57KMw3LA&s=19)",hate whoever thought that ill hear listen strategi sourc,neutral,reddit
TWICE_Strategy,[Source Link](https://x.com/JYPETWICE/status/1866042747385503964/),sourc link,neutral,reddit
TWICE_Strategy,"1. RM: Right Place, Wrong Person

2. IU: The Winning 

3. TWICE: With YOU-th

4. PLAVE: ASTERUM : 134-1

5. NCT 127: Walk",rm right place wrong person iu win twice youth plave asterum nct walk,neutral,reddit
TWICE_Strategy,Jihyo,jihyo,neutral,reddit
TWICE_Strategy,Probably just some overdefensive ONCEs who are annoyed by anyone questioning Tzuyu's degree credibility.,probabl overdefens onc annoy anyon question tzuyu degre credibl,neutral,reddit
TWICE_Strategy,"Oh my god, I've finally waited for the day that Twice releases a bass heavy album.

and 3 full English tracks?! Oh man, they're totally getting ready for that World Tour 2.0!!!",oh god ive final wait day twice releas bass heavi album full english track oh man theyr total get readi world tour,positive,reddit
TWICE_Strategy,"no profanity for sure but it was still very on the nose and obvious 😂 with that being said i’d love to see a raunchier version of twice and i feel like this is definitely a step in that direction? being a bit more lose with their lyrics, “get you in the floor make you say more more more!” 😮‍💨 a sluttier twice?? #needthat‼️",profan sure still nose obviou said id love see raunchier version twice feel like definit step direct bit lose lyric get floor make say sluttier twice needthat,positive,reddit
TWICE_Strategy,Clumsy Nayeon is my favorite Nayeon,clumsi nayeon favorit nayeon,positive,reddit
TWICE_Strategy,"chaeyoung i resonate with her deeply 
Also she’s really weird. And pretty. 
I like her.",chaeyoung reson deepli also she realli weird pretti like,positive,reddit
TWICE_Strategy,I wish it would be the title track!! This would’ve gotten like viral tiktok treatment the verse is giving new jeans but the bridge chorus is sooo twice I love the song,wish would titl track wouldv gotten like viral tiktok treatment vers give new jean bridg choru sooo twice love song,positive,reddit
TWICE_Strategy,"Tzuyu, she’s adorable, she’s beautiful, she’s well spoken. I love her voice and love seeing her come out of her shell especially after her solo. Plus she has the most mesmerizing gaze

![gif](giphy|JSm18BuTgpKJoyRbDR)",tzuyu she ador she beauti she well spoken love voic love see come shell especi solo plu mesmer gaze gifgiphyjsmbutgpkjoyrbdr,positive,reddit
TWICE_Strategy,#NAME?,name,neutral,reddit
TWICE_Strategy,"I have to agree with at least part of what was said about her not offering anything to music and not having any talent, like all US rappers. But Twice enjoyed the Collab and that what really matters. Support Twice no matter what.",agre least part said offer anyth music talent like us rapper twice enjoy collab realli matter support twice matter,positive,reddit
TWICE_Strategy,"I’m confused too. What is the purpose of this? And why are you releasing another MV that will compete in views for the one already out? 

I don’t understand the thing with Div. 3 & twice. The fact that they almost never consider giving them bside videos when they easily could. Basics & up no more were such wasted opportunities",im confus purpos releas anoth mv compet view one alreadi dont understand thing div twice fact almost never consid give bside video easili could basic wast opportun,neutral,reddit
TWICE_Strategy,"Same OP, Cosmic is a song that warms my heart and gives me goosebumps every time, even after the 1000th re-listen

Similar songs to me are SNSD - Into The New World, f(x) - Beautiful Goodbye, Gfriend - Me Gustas Tu, TWICE - Feel Special, 2NE1 - Lonely, BLACKPINK - Stay  among others",op cosmic song warm heart give goosebump everi time even th relisten similar song snsd new world fx beauti goodby gfriend gusta tu twice feel special ne lone blackpink stay among other,neutral,reddit
TWICE_Strategy,"Hello if there are any USA ONCES who want to support twices cb for the hot 100 chart, please buy the strategy (ft. Megan) digital song on iTunes and Amazon! Also if you can pandora premium offers a free 1 month subscription (cancel it in 3 weeks) that allows you to loop the title track (strategy). Most importantly, please use playlists from @oncestreamtwice on Spotify with 6 Spotify accounts (6 accounts are allowed to count per ip address for charting purposes like Spotify global and the bbhot 100. Each account is allowed 20 filtered streams per song per day. Any streams after the filtered ones will still count for Spotify counter, or unfiltered streams). 

Thank you to all ONCES who are supporting twice this comeback; TWICE and us fellow ONCES appreciate all your efforts!!",hello usa onc want support twice cb hot chart pleas buy strategi ft megan digit song itun amazon also pandora premium offer free month subscript cancel week allow loop titl track strategi importantli pleas use playlist oncestreamtwic spotifi spotifi account account allow count per ip address chart purpos like spotifi global bbhot account allow filter stream per song per day stream filter one still count spotifi counter unfilt stream thank onc support twice comeback twice us fellow onc appreci effort,neutral,reddit
TWICE_Strategy,TWICE,twice,neutral,reddit
TWICE_Strategy,"Thank you so much for this explanation. I'm actually doing a program similar to Tzuyu soon (an hybrid masters psychology program) but I'm in the US, so it's interesting to see the different changes between countries. 

I'm glad she's passionate about psychology, it's a very interesting topic, but you're correct in that this program is just a title, nothing more. No right minded board would give her accreditation without any practicum or advanced topic experience.",thank much explan im actual program similar tzuyu soon hybrid master psycholog program im us interest see differ chang countri im glad she passion psycholog interest topic your correct program titl noth right mind board would give accredit without practicum advanc topic experi,neutral,reddit
TWICE_Strategy,"The great thing about Kpop is that it’s normalized idols being soloists without having to choose between their group and solo work. Nayeon, Rosé, etc. can all be successful soloists while also being valuable members of a group. So I don’t think anyone is “better off” as a soloist because they don’t need to leave their group if they don’t want to.",great thing kpop normal idol soloist without choos group solo work nayeon ro etc success soloist also valuabl member group dont think anyon better soloist dont need leav group dont want,neutral,reddit
TWICE_Strategy,"The first thing i did when my internet came back on was open up youtube, it is almost 3am and I am t i r e d.

I love ittt, the ""hey boy"" is so catchy but I love love love the chorus. It was so sweet and catchy. The prechorus with Tzuyu's voice I loved she sounded so good. The verses were fun and overall I want to go back to listen again right now. It's a really catchy song.

I loved Megan's part she sounded so good! I'm so glad she got to film with twice (unfortunately without misamo) Putting her at the bridge to mark the climax of the song was a good idea she really does an excellent job at making you feel hot and wanna rap along.

Anyways, I really like this song so thank you internet for coming back on instead of being off for another 2 days.",first thing internet came back open youtub almost r e love ittt hey boy catchi love love love choru sweet catchi prechoru tzuyu voic love sound good vers fun overal want go back listen right realli catchi song love megan part sound good im glad got film twice unfortun without misamo put bridg mark climax song good idea realli excel job make feel hot wanna rap along anyway realli like song thank internet come back instead anoth day,positive,reddit
TWICE_Strategy,Nayeon do i even have to explain?,nayeon even explain,positive,reddit
TWICE_Strategy,"It's up now, I tagged you in it too! :D   
[https://www.reddit.com/r/twice/comments/1hdnw5u/posting\_this\_because\_another\_fellow\_once\_showed/](https://www.reddit.com/r/twice/comments/1hdnw5u/posting_this_because_another_fellow_once_showed/)",tag,neutral,reddit
TWICE_Strategy,"I mean, Itzy's and Nmixx's sales back in January really did a number on JYPE's stock prices lol. I can't imagine how bad it would be if it was Twice that had such a downturn.",mean itzi nmixx sale back januari realli number jype stock price lol cant imagin bad would twice downturn,neutral,reddit
TWICE_Strategy,"I managed to get VIP front row tickets to their show at MetLife, the tickets were around $500 a piece, and that's only because I miraculously got a good place in queue for buying tickets. The hotel cost around $200 for one night, plus add on some extra money since we got food delivered afterwards.

I will say, as grateful as I am to have front row, because we were far off one end of the stage, Twice didn't actually perform in front of us very often. During the encore they did wander all around, but the group dances took place mainly in the center, so if you intend on getting a ticket on the ground floor I recommend aiming for the center, even if it's not front row (unless you're short!!!)

Personally if I am able to attend this tour I'll be looking at tickets in the first level instead of ground floor, despite being front row last time I did watch most of the performances on the screens anyway, so that makes the most sense for me.

Let me know if you have any more questions!! I can try my best to answer them, but I've only ever been to the one concert at MetLife. ☺️",manag get vip front row ticket show metlif ticket around piec that miracul got good place queue buy ticket hotel cost around one night plu add extra money sinc got food deliv afterward say grate front row far one end stage twice didnt actual perform front us often encor wander around group danc took place mainli center intend get ticket ground floor recommend aim center even front row unless your short person abl attend tour ill look ticket first level instead ground floor despit front row last time watch perform screen anyway make sens let know question tri best answer ive ever one concert metlif,neutral,reddit
TWICE_Strategy,"JIHYO !! I find her really good looking, she’s talented plus I love her figure. Now I personally don’t want to be that size, but watching her does motivate me to regularly exercise and keep in shape",jihyo find realli good look she talent plu love figur person dont want size watch motiv regularli exercis keep shape,positive,reddit
TWICE_Strategy,"You can find some playlists on Spotify which people have made specifically for streaming the song and the b-sides. Just look up “Strategy Streaming” and select Playlists, many will pop up. The ones you’re supposed to stream are filtered playlists with two or three different TWICE songs in between the main title track “Strategy feat. Megan Thee Stallion” by TWICE. You can also find many such playlists on Twitter by their fan community. There is also a 100 Songs playlist for Strategy on YouTube.",find playlist spotifi peopl made specif stream song bside look strategi stream select playlist mani pop one your suppos stream filter playlist two three differ twice song main titl track strategi feat megan thee stallion twice also find mani playlist twitter fan commun also song playlist strategi youtub,neutral,reddit
