comeback,raw_text,cleaned_text,label,source
aespa_Whiplash,STREAAAAAM,streaaaaam,?,youtube
aespa_Whiplash,60M this week. Lets do it.,week let,?,youtube
aespa_Whiplash,happy 53M. Congrats. Lets go to 54M. Fighting.,happi congrat let go fight,?,youtube
aespa_Whiplash,Lets just hope this week aespa have another chance to win on the music shows.,let hope week aespa anoth chanc win music show,?,youtube
aespa_Whiplash,É incrível como as partes da Ningning me arrepiam! 😮❤,incrvel como part da ningn arrepiam,?,youtube
aespa_Whiplash,Road to 53M this morning,road morn,?,youtube
aespa_Whiplash,Let's go 60M this week.,let go week,?,youtube
aespa_Whiplash,2:05 winter’s “uh” is the sexiest uh I ever heard in my whole life,winter uh sexiest uh ever heard whole life,?,youtube
aespa_Whiplash,lets go 53m,let go,?,youtube
aespa_Whiplash,que adicción con este tema,que adiccin con est tema,?,youtube
aespa_Whiplash,"++++++++++++++++++++++++++++++
★ aespa팬 100회 이상 시청!! 30초 이상 시청!! Aespa fans have watched it over 100 times!! Watched it for over 30 seconds!!------------------------------------------------------",aespa aespa fan watch time watch second,?,youtube
aespa_Whiplash,"++++++++++++++++++++++++++++++
★ aespa팬 100회 이상 시청!! 30초 이상 시청!! Aespa fans have watched it over 100 times!! Watched it for over 30 seconds!!------------------------------------------------------",aespa aespa fan watch time watch second,?,youtube
aespa_Whiplash,"++++++++++++++++++++++++++++++
★ aespa팬 100회 이상 시청!! 30초 이상 시청!! Aespa fans have watched it over 100 times!! Watched it for over 30 seconds!!------------------------------------------------------",aespa aespa fan watch time watch second,?,youtube
aespa_Whiplash,52.983,,?,youtube
aespa_Whiplash,1 hari naik 1 juta,hari naik juta,?,youtube
aespa_Whiplash,Ningning tumben kamu ga bikin challenge sama jay park,ningn tumben kamu ga bikin challeng sama jay park,?,youtube
aespa_Whiplash,❤❤❤,,?,youtube
aespa_Whiplash,Whi Whiplash⚡️⚡️⚡️,whi whiplash,?,youtube
aespa_Whiplash,"Let's talk about how every time we keep saying ""how are they gonna do better than that eta?"" And they always surprise us with one of the best music videos possible 
Only legends could pull this move",let talk everi time keep say gonna better eta alway surpris us one best music video possibl legend could pull move,?,youtube
aespa_Whiplash,banger,banger,?,youtube
aespa_Whiplash,960k,k,?,youtube
aespa_Whiplash,1:40 - 1:54  My favorite part,favorit part,?,youtube
aespa_Whiplash,Happy 52.9M (7.12 am kst),happi kst,?,youtube
aespa_Whiplash,It looks like BLΛƆKPIИK,look like blkpik,?,youtube
aespa_Whiplash,11/4,,?,youtube
aespa_Whiplash,Okay Aespa clap back to all this haters,okay aespa clap back hater,?,youtube
aespa_Whiplash,Uh,uh,?,youtube
aespa_Whiplash,Big flash,big flash,?,youtube
aespa_Whiplash,Winter ❤,winter,?,youtube
aespa_Whiplash,Mis nobias si o ke 😅,mi nobia si ke,?,youtube
aespa_Whiplash,Love it,love,?,youtube
aespa_Whiplash,"Aespa conquistando todo tipo de concepto, todo esto es arte",aespa conquistando todo tipo de concepto todo esto es art,?,youtube
aespa_Whiplash,mys come on str34m,my come strm,?,youtube
aespa_Whiplash,from #8 to #21,,?,youtube
aespa_Whiplash,4 gen leaders,gen leader,?,youtube
aespa_Whiplash,Everyone Knows Why We Are Here,everyon know,?,youtube
aespa_Whiplash,Omg 😳,omg,?,youtube
aespa_Whiplash,lagunya bagus,lagunya bagu,?,youtube
aespa_Whiplash,Malam gini streamingnya MYs gacor bener dah,malam gini streamingnya my gacor bener dah,?,youtube
aespa_Whiplash,ICONIC,icon,?,youtube
aespa_Whiplash,❤️‍🔥❤️‍🔥❤️‍🔥❤️‍🔥❤️‍🔥❤️‍🔥❤️‍🔥❤️‍🔥,,?,youtube
aespa_Whiplash,Addicted as usual ❤❤❤,addict usual,?,youtube
aespa_Whiplash,wow this song and mv is just perfect. everyone shined so incredibly bright.,wow song mv perfect everyon shine incred bright,?,youtube
aespa_Whiplash,"With each comeback, they boldly introduce a completely new concept, always staying fresh and pushing their boundaries.
2024 is truly Aespa's year.",comeback boldli introduc complet new concept alway stay fresh push boundari truli aespa year,?,youtube
aespa_Whiplash,Midzy here to support!!! Let's get 53M!!! Whiplash x gold!!,midzi support let get whiplash x gold,?,youtube
aespa_Whiplash,This is Haneuls era fr💅✨️,haneul era fr,?,youtube
aespa_Whiplash,AESPA WORLD DOMINION,aespa world dominion,?,youtube
aespa_Whiplash,muito bom😍👏,muito bom,?,youtube
aespa_Whiplash,the concept of this fits aespa so well. the beat is so cool!! giselles pink hair is so pretty! i love this song sm 🖤🩶🤍,concept fit aespa well beat cool gisel pink hair pretti love song sm,?,youtube
aespa_Whiplash,52646 sebelum besok pagi dah 53 juta yuk,sebelum besok pagi dah juta yuk,?,youtube
aespa_Whiplash,mama a girl behind you,mama girl behind,?,youtube
aespa_Whiplash,"this might be aespa’s best music video, yet; the visuals and outfits are everythinggg😍",might aespa best music video yet visual outfit everythinggg,?,youtube
aespa_Whiplash,52 Million !,million,?,youtube
aespa_Whiplash,"2020: BLACK MAMBA 
2021:NEXT LEVEL
2021:SAVAGE 
2022:GIRLS 
2023:SPICY 
2023:DRAMA
2024:SUPERNOVA
2024:ARMAGGEDON
2024:WHIPLASH 
Hits",black mamba next level savag girl spici drama supernova armaggedon whiplash hit,?,youtube
aespa_Whiplash,52.6,,?,youtube
aespa_Whiplash,ONE LOOK GIVE A WHIPLASH,one look give whiplash,?,youtube
aespa_Whiplash,São as fodonas da 4 geração,fodona da gerao,?,youtube
aespa_Whiplash,can someone tell me who is who in the different hair parts? I know pink hair is Giselle and that short black hair is Winter but other than that idk who is who with their hair changing in this mv 😭😭,someon tell differ hair part know pink hair gisel short black hair winter idk hair chang mv,?,youtube
aespa_Whiplash,1:58,,?,youtube
aespa_Whiplash,The NSX tho...,nsx tho,?,youtube
aespa_Whiplash,"The LIMITED EDITION SHIRT is SERVING! But, I think the quality of the photobook could be improved. I got mine with a scratch-like small air bubble on the cover and some visible light scratches as well which somewhat affect the overall appearance of the photobook. The first page looks like it’s about to fall off and has a lot of blot-like marks on the stapler area of the pages.",limit edit shirt serv think qualiti photobook could improv got mine scratchlik small air bubbl cover visibl light scratch well somewhat affect overal appear photobook first page look like fall lot blotlik mark stapler area page,?,youtube
aespa_Whiplash,"EVERYONE LET'S VOTES AESPA HARDER FOR MAMA 2024,KGMA,MMA, AND MORE MANY OTHERS .........🙏💪",everyon let vote aespa harder mama kgmamma mani other,?,youtube
aespa_Whiplash,HOPE AESPA GET MANY AWARDS DAESANGS IN MAMA 2024💪,hope aespa get mani award daesang mama,?,youtube
aespa_Whiplash,EVERYONE LET'S STRMING AT SPOTIFY HARDER AND YOUTUBE HARDER PLEASE...🙏 💪,everyon let strming spotifi harder youtub harder pleas,?,youtube
aespa_Whiplash,O GRUPO MAIS BABILÔNICO DO KPOP,grupo mai babilnico kpop,?,youtube
aespa_Whiplash,"DEEM STREAM CORRETAMENTE NO MV MYS, E DE STREAM NA MÚSICA NO SPOTIFY",deem stream corretament mv my e de stream na msica spotifi,?,youtube
aespa_Whiplash,FINALMENTE SAIU DAQUELES IRRITANTES 50M,finalment saiu daquel irritant,?,youtube
aespa_Whiplash,52563,,?,youtube
aespa_Whiplash,IM IN LOVE WITH THIS VIDEOOOO,im love videoooo,?,youtube
aespa_Whiplash,Every time someone likes my comment ill wathc it again,everi time someon like comment ill wathc,?,youtube
aespa_Whiplash,🔥🔥🔥🔥,,?,youtube
aespa_Whiplash,Ningning's part was addictive,ningn part addict,?,youtube
aespa_Whiplash,LOVE YOOU GISEEEEELEEEE 😩😩😩😩❤❤❤❤,love yoou giseeeeeleee,?,youtube
aespa_Whiplash,GISEELLEEEEEE AAAAAAAAAAAAA,giseelleeeee aaaaaaaaaaaaa,?,youtube
aespa_Whiplash,go aespa go,go aespa go,?,youtube
aespa_Whiplash,Sounds like xg song,sound like xg song,?,youtube
aespa_Whiplash,This masterpiece deserves much attention,masterpiec deserv much attent,?,youtube
aespa_Whiplash,whip whip whiplash,whip whip whiplash,?,youtube
aespa_Whiplash,Giselle for the leader of the free world!,gisel leader free world,?,youtube
aespa_Whiplash,Whip whiplash,whip whiplash,?,youtube
aespa_Whiplash,Coldest,coldest,?,youtube
aespa_Whiplash,❤❤❤❤❤,,?,youtube
aespa_Whiplash,All 0/10s,,?,youtube
aespa_Whiplash,Benım bıttı gold gecıyorum sımdıı,benm btt gold gecyorum smd,?,youtube
aespa_Whiplash,my olsaydım herkesın aksıne nıng2 ve karına shıplerdım gıbı,olsaydm herkesn aksn nng karna shplerdm gb,?,youtube
aespa_Whiplash,red velvet’ten sonra best konseptler yeminle,red velvetten sonra best konseptl yeminl,?,youtube
aespa_Whiplash,oyy bu konsept nedir yakıyo,oyi bu konsept nedir yakyo,?,youtube
aespa_Whiplash,"510k
jensetters here",k jensett,?,youtube
aespa_Whiplash,aespa sevmem yanı daha dogrusu cok dınlemem  ama sarkı guzel olmus :)),aespa sevmem yan daha dogrusu cok dnlemem ama sark guzel olmu,?,youtube
aespa_Whiplash,we need performance video SM!,need perform video sm,?,youtube
aespa_Whiplash,52.5M,,?,youtube
aespa_Whiplash,52496,,?,youtube
aespa_Whiplash,flashy,flashi,?,youtube
aespa_Whiplash,classy,classi,?,youtube
aespa_Whiplash,fancy,fanci,?,youtube
aespa_Whiplash,🫶🏼🫶🏼🫶🏼,,?,youtube
aespa_Whiplash,OMGGGGGGG,omggggggg,?,youtube
aespa_Whiplash,Masterpiece,masterpiec,?,youtube
aespa_Whiplash,FANCYYYY,fancyyyy,?,youtube
aespa_Whiplash,asığım bu sarkıyaaa,asm bu sarkyaaa,?,youtube
aespa_Whiplash,AESPAMMMM,aespammmm,?,youtube
aespa_Whiplash,day-1,day,?,youtube
aespa_Whiplash,h,h,?,youtube
aespa_Whiplash,one look givem whiplash,one look givem whiplash,?,youtube
aespa_Whiplash,best girl groupppp,best girl groupppp,?,youtube
aespa_Whiplash,52.486.289 görüntüleme,grntleme,?,youtube
aespa_Whiplash,Can't touch that,cant touch,?,youtube
aespa_Whiplash,*gets sued by Metallica*,get su metallica,?,youtube
aespa_Whiplash,Can you focus MYs?,focu my,?,youtube
aespa_Whiplash,fancy!,fanci,?,youtube
aespa_Whiplash,I can't get tired of this song,cant get tire song,?,youtube
aespa_Whiplash,thank you women for existing i love you,thank women exist love,?,youtube
aespa_Whiplash,Hwaiting MYs,hwait my,?,youtube
aespa_Whiplash,"I love this era, but the song and the dance are giving me PSY vibes😂 and i can’t unsee it!!! i hope they’re doing doing the challenge with PSY!!!!  It will be dope for sure!!",love era song danc give psi vibe cant unse hope theyr challeng psi dope sure,?,youtube
aespa_Whiplash,📣,,?,youtube
aespa_Whiplash,Lets go to 60M,let go,?,youtube
aespa_Whiplash,Go go 53m,go go,?,youtube
aespa_Whiplash,Whi-whiplash,whiwhiplash,?,youtube
aespa_Whiplash,This comeback is giselle era❤,comeback gisel era,?,youtube
aespa_Whiplash,I love the vibe it's giving off smuch they ate that 🫶😭,love vibe give smuch ate,?,youtube
aespa_Whiplash,Goodmoning everyone 🔥🔥🔥🔥🔥🔥🔥🔥🔥🔥🔥🔥🔥🔥🔥🔥🔥🔥,goodmon everyon,?,youtube
aespa_Whiplash,favorit the song,favorit song,?,youtube
aespa_Whiplash,"me with aespa this year: *releasing supernova* 
Me: song of the year!!!!!

*releasing armageddon*
Me: no, wait this should be the song of the year!

*releasing hot mess*
Me: *sigh* what’s next!??

*releasing whiplash*
Me: HEAR ME OUT THIS IS THE SONG OF THE YEAR",aespa year releas supernova song year releas armageddon wait song year releas hot mess sigh what next releas whiplash hear song year,?,youtube
aespa_Whiplash,wow，they are so beautiful and cool！,wowthey beauti cool,?,youtube
aespa_Whiplash,SM tolong rilis lagu wake up ningning dong,sm tolong rili lagu wake ningn dong,?,youtube
aespa_Whiplash,Winter is a human AI no doubt,winter human ai doubt,?,youtube
aespa_Whiplash,AESPA😘😘😘😘😘😘,aespa,?,youtube
aespa_Whiplash,1:59 WINTER???!!!!😳😳😳,winter,?,youtube
aespa_Whiplash,🥰😍,,?,youtube
aespa_Whiplash,WHIPLASH,whiplash,?,youtube
aespa_Whiplash,WHIP WHIPLASH,whip whiplash,?,youtube
aespa_Whiplash,ONE LOOK GIVE EM WHIPLASH,one look give em whiplash,?,youtube
aespa_Whiplash,HAPPY 52M WHIPLASH,happi whiplash,?,youtube
aespa_Whiplash,1.3M LIKES WHIPLASH,like whiplash,?,youtube
aespa_Whiplash,52M 387K WHIPLASH,k whiplash,?,youtube
aespa_Whiplash,Perfect song yeah yeah yeah,perfect song yeah yeah yeah,?,youtube
aespa_Whiplash,"Next Level 305M
Drama 250M
Armageddon 105M
Whiplash 55M
gogogo🎉🎉",next level drama armageddon whiplash gogogo,?,youtube
aespa_Whiplash,This is awesome.  Best AESPA.,awesom best aespa,?,youtube
aespa_Whiplash,ALWAYS KERENNNN,alway kerennnn,?,youtube
aespa_Whiplash,perfect song mv vocal and visual.all perfect,perfect song mv vocal visualal perfect,?,youtube
aespa_Whiplash,keep streaming mys,keep stream my,?,youtube
aespa_Whiplash,This is definitely giselle’s era she slayed with her pink hair,definit gisel era slay pink hair,?,youtube
aespa_Whiplash,"Mys, str34ming",my strming,?,youtube
aespa_Whiplash,376k,k,?,youtube
aespa_Whiplash,Canduuu bgt 🔥🔥🔥,canduuu bgt,?,youtube
aespa_Whiplash,"#æspa in History Longest Charts:
#1 MelOn Supernova         99 days
#1 Genie                                   119
#1 Bugs                                     49
#1 VIBE                                     118
#1 Circle                                   11 weeks
#1 YouTube Next Level     12 weeks.",spa histori longest chart melon supernova day geni bug vibe circl week youtub next level week,?,youtube
aespa_Whiplash,53M today mys come on,today my come,?,youtube
aespa_Whiplash,"What is your Aespa bias?
Me: Ningning",aespa bia ningn,?,youtube
aespa_Whiplash,".mySTREAM aespa AUDIO:
Black Mamba 150M Next Level 225 Savage135
Dreams Come True 75 Girls 85 Illusion 150
Hold On Tight 55 Spicy 145 Drama 135
Supernova 95 Armageddon 55 Whiplash 25",mystream aespa audio black mamba next level savag dream come true girl illus hold tight spici drama supernova armageddon whiplash,?,youtube
aespa_Whiplash,Aespaaaa music on topp,aespaaaa music topp,?,youtube
aespa_Whiplash,1:23 giselle's revenge after what ningning did to her apartment.,gisel reveng ningn apart,?,youtube
aespa_Whiplash,W song 🙏,w song,?,youtube
aespa_Whiplash,2:14 Girls' Generation 소녀시대 'Catch Me If You Can'🥲🥲,girl gener catch,?,youtube
aespa_Whiplash,SLAYNINGGGG,slayningggg,?,youtube
aespa_Whiplash,❤❤j'aimé❤❤,jaim,?,youtube
aespa_Whiplash,Le top des musiques,le top de musiqu,?,youtube
aespa_Whiplash,52.357M,,?,youtube
aespa_Whiplash,"aespa 'Whiplash'

01. Whiplash (Title)
02. KI
03. Flights, Not Feelings
04. Pink Hoodie
05. Flowers
06. Just Another Girl.",aespa whiplash whiplash titl ki flight feel pink hoodi flower anoth girl,?,youtube
aespa_Whiplash,love it,love,?,youtube
aespa_Whiplash,2025 anyone,anyon,?,youtube
aespa_Whiplash,top music video,top music video,?,youtube
aespa_Whiplash,1:59,,?,youtube
aespa_Whiplash,I am Blink and I love this song.,blink love song,?,youtube
aespa_Whiplash,❤,,?,youtube
aespa_Whiplash,Don't forget keep stream1ng on sp0tify too for global fans ‼️❤️‍🔥🔥,dont forget keep streamng sptifi global fan,?,youtube
aespa_Whiplash,Like,like,?,youtube
aespa_Whiplash,Flopp,flopp,?,youtube
aespa_Whiplash,Aespa owned this year !!!,aespa own year,?,youtube
aespa_Whiplash,#kurdishnctzen,kurdishnctzen,?,youtube
aespa_Whiplash,#kurdishexol,kurdishexol,?,youtube
aespa_Whiplash,#kurdishmy,kurdishmi,?,youtube
aespa_Whiplash,Fancy !!,fanci,?,youtube
aespa_Whiplash,#8 global top music video ❤,global top music video,?,youtube
aespa_Whiplash,aespa so amazing,aespa amaz,?,youtube
aespa_Whiplash,Keep str3aming mys,keep strame my,?,youtube
aespa_Whiplash,High fashion mv,high fashion mv,?,youtube
aespa_Whiplash,Manifesting 3rd win 🙏🙏,manifest rd win,?,youtube
aespa_Whiplash,Mother Giselle please adopt me,mother gisel pleas adopt,?,youtube
aespa_Whiplash,1,,?,youtube
aespa_Whiplash,"52.312

Sunday gone like wushhhh",sunday gone like wushhhh,?,youtube
aespa_Whiplash,whip-whiplash,whipwhiplash,?,youtube
aespa_Whiplash,GISELLE AND NINGNING RAP SKILLS OMG,gisel ningn rap skill omg,?,youtube
aespa_Whiplash,ateeeeeee,ateeeeee,?,youtube
aespa_Whiplash,Çok kötü,ok kt,?,youtube
aespa_Whiplash,Ogggg,ogggg,?,youtube
aespa_Whiplash,🤢🤢,,?,youtube
aespa_Whiplash,🤢🤢🤢🤢🤢🤢🤢,,?,youtube
aespa_Whiplash,İgyenc,igyenc,?,youtube
aespa_Whiplash,Str34ming mys,strming my,?,youtube
aespa_Whiplash,Col çok kötü,col ok kt,?,youtube
aespa_Whiplash,İyyyy,iyyyi,?,youtube
aespa_Whiplash,CAPCUT YAZISINI SİLMEMİS SM İYYYY,capcut yazisini silmemi sm iyyyi,?,youtube
aespa_Whiplash,YEGE SEMEYİ TEKLEDİ(!),yege semeyi tekledi,?,youtube
aespa_Whiplash,CAPCUT YAZİSİNİ SİLMEMİSLER AQ,capcut yazisini silmemisl aq,?,youtube
aespa_Whiplash,Aespa!!!!,aespa,?,youtube
aespa_Whiplash,SALAK,salak,?,youtube
aespa_Whiplash,SM MAL,sm mal,?,youtube
aespa_Whiplash,YESİL EKRANCİLAR,yesil ekrancilar,?,youtube
aespa_Whiplash,COK KİRİNC ŞARKI BOK GİBİ,cok kirinc arki bok gibi,?,youtube
aespa_Whiplash,WİNTER DİSLANİO😢,winter dislanio,?,youtube
aespa_Whiplash,KLİP ÇOK KÖTÜ İYRENC OLMUS SARKİ,klip ok kt iyrenc olmu sarki,?,youtube
aespa_Whiplash,TİRNAGİM OLAMAZLAR(!),tirnagim olamazlar,?,youtube
aespa_Whiplash,İYYYY ÇOK KÖTÜ ŞARKI,iyyyi ok kt arki,?,youtube
aespa_Whiplash,BP BEST GG(!),bp best gg,?,youtube
aespa_Whiplash,OSSURAN WİNTER BESTTT👊,ossuran winter besttt,?,youtube
aespa_Whiplash,#trend1 #trend1 #trend1 #trend1 #trend1 #trend1,trend trend trend trend trend trend,?,youtube
aespa_Whiplash,Awesome,awesom,?,youtube
aespa_Whiplash,OK THAT RRRRRRROCKS,ok rrrrrrrock,?,youtube
aespa_Whiplash,Gisella cakep bener rambut pink😍,gisella cakep bener rambut pink,?,youtube
aespa_Whiplash,winter!!!!!!!!!!!! me va dar algoooooooooo <3,winter va dar algoooooooooo,?,youtube
aespa_Whiplash,DYVAS,dyva,?,youtube
aespa_Whiplash,Best girls,best girl,?,youtube
aespa_Whiplash,vamos por 60M! MY's let's do this!,vamo por my let,?,youtube
aespa_Whiplash,This sounds like a diss track to HYBE 😂,sound like diss track hybe,?,youtube
aespa_Whiplash,IM DEOBI IM FROM WHIPLASH CHALLENGE GISELLE WITH SUNWOO <3,im deobi im whiplash challeng gisel sunwoo,?,youtube
aespa_Whiplash,Aespa group of the year,aespa group year,?,youtube
aespa_Whiplash,Let's go mys we need to continue!,let go my need continu,?,youtube
aespa_Whiplash,"Pleaseeeee vot3 x aespa #whiplash Let's get more wins for aespa, they worked hard",pleaseeee vot x aespa whiplash let get win aespa work hard,?,youtube
aespa_Whiplash,Pink hairs slayyyyyysss ❤,pink hair slayyyyyysss,?,youtube
aespa_Whiplash,Happy 52.2m,happi,?,youtube
aespa_Whiplash,Omg the beat is insane from the start to the end!!!💝,omg beat insan start end,?,youtube
aespa_Whiplash,KEEP STREAMING MY'S,keep stream my,?,youtube
aespa_Whiplash,60 MILLION VIEWS SOON,million view soon,?,youtube
aespa_Whiplash,I can't get tired of this song,cant get tire song,?,youtube
aespa_Whiplash,SLAAAAYY⚡️⚡️,slaaaayi,?,youtube
aespa_Whiplash,Saquen perfo,saquen perfo,?,youtube
aespa_Whiplash,2:30 on repeat‼️ Hot Giselle on top 😻👄,repeat hot gisel top,?,youtube
aespa_Whiplash,A esta no le vamos a hacer strim al dancepractice?,esta le vamo hacer strim al dancepractic,?,youtube
aespa_Whiplash,Fasil pudo ser cualquiera de asepa,fasil pudo ser cualquiera de asepa,?,youtube
aespa_Whiplash,Ya la quemadte?,ya la quemadt,?,youtube
aespa_Whiplash,First reaction,first reaction,?,youtube
aespa_Whiplash,El zara se pierde tremendo diyei,el zara se pierd tremendo diyei,?,youtube
aespa_Whiplash,ONE LOOK GIVE EM WHIPLASH,one look give em whiplash,?,youtube
aespa_Whiplash,"Visual 100/100
vocal 100/100
Dance 100/100
singing 100/100
And rap 100/100
I LOVE THEEMMM",visual vocal danc sing rap love theemmm,?,youtube
aespa_Whiplash,Wow,wow,?,youtube
aespa_Whiplash,Wowwww.....,wo,?,youtube
aespa_Whiplash,This song is on fire 🔥🔥🔥 aespa ❤️❤️❤️,song fire aespa,?,youtube
aespa_Whiplash,winter feels like she dropped from final fantasy universe. aftet hanging out with noctis or waht,winter feel like drop final fantasi univers aftet hang nocti waht,?,youtube
aespa_Whiplash,52M done on 3/11/2024 🎉🎉,done,?,youtube
aespa_Whiplash,So amazing,amaz,?,youtube
aespa_Whiplash,yooo,yooo,?,youtube
aespa_Whiplash,Happy 60k cmts,happi k cmt,?,youtube
aespa_Whiplash,WHIPLASH,whiplash,?,youtube
aespa_Whiplash,WHIP WHIPLASH,whip whiplash,?,youtube
aespa_Whiplash,I'M THE COLDEST,im coldest,?,youtube
aespa_Whiplash,ONE LOOK GIVE EM WHIPLASH,one look give em whiplash,?,youtube
aespa_Whiplash,HAPPY 52M WHIPLASH,happi whiplash,?,youtube
aespa_Whiplash,1.3M LIKES WHIPLASH,like whiplash,?,youtube
aespa_Whiplash,Slay❤❤,slay,?,youtube
aespa_Whiplash,52M 95K WHIPLASH,k whiplash,?,youtube
aespa_Whiplash,Drama almost 300M on spotify!! Let's go mys,drama almost spotifi let go my,?,youtube
aespa_Whiplash,Happy 52.09M (1.10 pm kst),happi pm kst,?,youtube
aespa_Whiplash,Ningning's singing like an angel.❤,ningn sing like angel,?,youtube
aespa_Whiplash,"MYS !!! NEXT LEVEL = 300M, SUPERNOVA = 200M, ARMAGEDDON = 100M, WHIPLASH = 100M, BLACK MAMBA = 300M, SPICY = 200M",my next level supernova armageddon whiplash black mamba spici,?,youtube
aespa_Whiplash,Karina❤❤❤,karina,?,youtube
aespa_Whiplash,ya vnfo,ya vnfo,?,youtube
aespa_Whiplash,"Faitin mys este, vamo a hold on de mongmong",faitin my est vamo hold de mongmong,?,youtube
aespa_Whiplash,Lavo la como se llama licuadora y termino 😊,lavo la como se llama licuadora termino,?,youtube
aespa_Whiplash,Unforgettable,unforgett,?,youtube
aespa_Whiplash,This is a song that would definitely play at a catwalk,song would definit play catwalk,?,youtube
aespa_Whiplash,One look give'em whiplash,one look giveem whiplash,?,youtube
aespa_Whiplash,Happy 52M mys. Road to 53M soon,happi my road soon,?,youtube
aespa_Whiplash,whip whiplash one look give'em whiplash,whip whiplash one look giveem whiplash,?,youtube
aespa_Whiplash,Happy 52.04M (12.10 pm kst),happi pm kst,?,youtube
aespa_Whiplash,53m go go,go go,?,youtube
aespa_Whiplash,"52,1m views lets go",view let go,?,youtube
aespa_Whiplash,52,,?,youtube
aespa_Whiplash,STRMNG DI SPOTIFY!!!,strmng di spotifi,?,youtube
aespa_Whiplash,and if this song becomes my top 1 on spotify wrapped lmaooo I'm obsessed,song becom top spotifi wrap lmaooo im obsess,?,youtube
aespa_Whiplash,I can't wait for Godspa to sweep all the awards this year,cant wait godspa sweep award year,?,youtube
aespa_Whiplash,ALL OF THEM ARE SO ICONIC HERE😩💥 BUT GISELLE REALLY CATCH MY ATTENTION 🌷✨,icon gisel realli catch attent,?,youtube
aespa_Whiplash,GD oppa!!!!!!!,gd oppa,?,youtube
aespa_Whiplash,Str3am harder on Spotify and Apple Music .Whiplash is such a banger,stram harder spotifi appl music whiplash banger,?,youtube
aespa_Whiplash,aespa's Whiplash ranked 2nd Place on Spotify Global Weekly Chart with 15.3M str3ams.,aespa whiplash rank nd place spotifi global weekli chart stram,?,youtube
aespa_Whiplash,Godspa always give us Hit after Hit,godspa alway give us hit hit,?,youtube
aespa_Whiplash,Godspa always give us Banger after Banger,godspa alway give us banger banger,?,youtube
aespa_Whiplash,Karina I love You,karina love,?,youtube
aespa_Whiplash,"Happy 52M MYs
let's push to 55M faster",happi my let push faster,?,youtube
aespa_Whiplash,❤❤❤,,?,youtube
aespa_Whiplash,I love the iconic fall it will go down to history,love icon fall go histori,?,youtube
aespa_Whiplash,I'm new to aespa. Can someone tell me who is who? I just know Karina.,im new aespa someon tell know karina,?,youtube
aespa_Whiplash,"EU AMEI!!!! TÁ MUITO PERFEITO, QUE ORGULHO DE VOCÊS",eu amei muito perfeito que orgulho de voc,?,youtube
aespa_Whiplash,59955 comments,comment,?,youtube
aespa_Whiplash,mys keep streaming,my keep stream,?,youtube
aespa_Whiplash,Happy 52 million🎉,happi million,?,youtube
aespa_Whiplash,60k comments gogo,k comment gogo,?,youtube
aespa_Whiplash,"HAPPY 52 M !!!!!!🎉🎉🎉🎉
LET'S GO 60 M !!!!!!!
GO GO WIPLASH !!!!!!!!!!!!!",happi let go go go wiplash,?,youtube
aespa_Whiplash,is that song? it is hard to say 😏,song hard say,?,youtube
aespa_Whiplash,"""TOCA UMA PRA AS GAYS"" 🤌⚡️",toca uma pra gay,?,youtube
aespa_Whiplash,Im still here,im still,?,youtube
aespa_Whiplash,52 M 🩷,,?,youtube
aespa_Whiplash,Yesssss,yesssss,?,youtube
aespa_Whiplash,52M,,?,youtube
aespa_Whiplash,53M Lego!,lego,?,youtube
aespa_Whiplash,Happy 52M!!! (11.10 am kst),happi kst,?,youtube
aespa_Whiplash,happy 52m,happi,?,youtube
aespa_Whiplash,52M gogo,gogo,?,youtube
aespa_Whiplash,1:24 if this chorus use JYP style accent will be very interesting 😂,choru use jyp style accent interest,?,youtube
aespa_Whiplash,Lmao I thought this was 21,lmao thought,?,youtube
aespa_Whiplash,When I first listen to this song I think that I will not like this song but now I'm addicted to this song aespa song always has this effect to me ㅠㅠㅠㅠ,first listen song think like song im addict song aespa song alway effect,?,youtube
aespa_Whiplash,winterr!!,winterr,?,youtube
aespa_Whiplash,"me when taking the test : Whip-whiplash , whip-whiplash , whip-whiplash , whip-whiplash , whip-whiplash , whip-whiplash , whip-whiplash ,one look give 'em Whiplash .",take test whipwhiplash whipwhiplash whipwhiplash whipwhiplash whipwhiplash whipwhiplash whipwhiplash one look give em whiplash,?,youtube
aespa_Whiplash,Karina marry me🩵🩵,karina marri,?,youtube
aespa_Whiplash,Day 1 no been bad,day bad,?,youtube
aespa_Whiplash,60 million vi3ws please,million viw pleas,?,youtube
aespa_Whiplash,I'm still here,im still,?,youtube
aespa_Whiplash,💜💜💜💜,,?,youtube
aespa_Whiplash,My girls never disappoint,girl never disappoint,?,youtube
aespa_Whiplash,Happy 51.9M (10.10 am kst),happi kst,?,youtube
aespa_Whiplash,Bro aespa mvs are always fire ❤,bro aespa mv alway fire,?,youtube
aespa_Whiplash,We really can get 70M in a month.,realli get month,?,youtube
aespa_Whiplash,cool 🔥🔥🔥🔥,cool,?,youtube
aespa_Whiplash,52M soon.,soon,?,youtube
aespa_Whiplash,The mighty aespa,mighti aespa,?,youtube
aespa_Whiplash,I'm here for aespa,im aespa,?,youtube
aespa_Whiplash,I thought Black Mamba was wicked...But Whiplash is Wickederrr,thought black mamba wickedbut whiplash wickederrr,?,youtube
aespa_Whiplash,Tell Jennie to thank Beyoncé,tell jenni thank beyonc,?,youtube
aespa_Whiplash,100M view 🐱‍🏍🐱‍🏍,view,?,youtube
aespa_Whiplash,I love Giselle new hairstyle❤❤so hot🥵,love gisel new hairstyleso hot,?,youtube
aespa_Whiplash,winter 🎉🎉🎉🎉!,winter,?,youtube
aespa_Whiplash,Karina so hot🥵,karina hot,?,youtube
aespa_Whiplash,ningning is so beautiful!!!!!🎉🎉,ningn beauti,?,youtube
aespa_Whiplash,love it,love,?,youtube
aespa_Whiplash,my favorite music,favorit music,?,youtube
aespa_Whiplash,52 juta sebentar lagi,juta sebentar lagi,?,youtube
aespa_Whiplash,Habis bikin challenge whiplash sama papi jyp habis ini request sama yeji ya rin,habi bikin challeng whiplash sama papi jyp habi ini request sama yeji ya rin,?,youtube
aespa_Whiplash,WHIPLASH,whiplash,?,youtube
aespa_Whiplash,WHIP WHIPLASH,whip whiplash,?,youtube
aespa_Whiplash,ONE LOOK GIVE EM WHIPLASH,one look give em whiplash,?,youtube
aespa_Whiplash,HAPPY 51M WHIPLASH,happi whiplash,?,youtube
aespa_Whiplash,1.3M LIKES WHIPLASH,like whiplash,?,youtube
aespa_Whiplash,51M 921K WHIPLASH,k whiplash,?,youtube
aespa_Whiplash,now THIS is a club classic,club classic,?,youtube
aespa_Whiplash,prefiro a winter com cabelo curto,prefiro winter com cabelo curto,?,youtube
aespa_Whiplash,YEEEESSSS THIS SONG IS SO FIRE AND THEY SERVEDDDDDD,yeeeessss song fire servedddddd,?,youtube
aespa_Whiplash,This reminds me of Charli XCX for some odd reason...,remind charli xcx odd reason,?,youtube
aespa_Whiplash,51 Million !,million,?,youtube
aespa_Whiplash,aespa will never disappoint us,aespa never disappoint us,?,youtube
aespa_Whiplash,51.9,,?,youtube
aespa_Whiplash,"I'm loving aespa's concept, is just unique, love them ❤",im love aespa concept uniqu love,?,youtube
aespa_Whiplash,"51,909",,?,youtube
aespa_Whiplash,WINTER SHORT HAIR?!,winter short hair,?,youtube
aespa_Whiplash,This song is just too much aespa i am crying,song much aespa cri,?,youtube
aespa_Whiplash,Meow giselle,meow gisel,?,youtube
aespa_Whiplash,52 juta yuk.gercepin yuk,juta yukgercepin yuk,?,youtube
aespa_Whiplash,Giselle momy,gisel momi,?,youtube
aespa_Whiplash,"giselle really ate, she bright in this comeback🫶🏻",gisel realli ate bright comeback,?,youtube
aespa_Whiplash,51.884 mys,my,?,youtube
aespa_Whiplash,Ningning,ningn,?,youtube
aespa_Whiplash,Winter,winter,?,youtube
aespa_Whiplash,Giselle,gisel,?,youtube
aespa_Whiplash,Karina,karina,?,youtube
aespa_Whiplash,divas DIVAS DIVARAM DIVAAAAAAAAAAS,diva diva divaram divaaaaaaaaaa,?,youtube
aespa_Whiplash,Whiplash,whiplash,?,youtube
aespa_Whiplash,Can't touch that ~,cant touch,?,youtube
aespa_Whiplash,Awalnya ini aespa? Lama2 kegilaan ma track ini.,awalnya ini aespa lama kegilaan track ini,?,youtube
aespa_Whiplash,"GIVE BELLE SOME DESERVED ATTENTION WHY KEEP HER At the back, Ditch that diamond formation!",give bell deserv attent keep back ditch diamond format,?,youtube
aespa_Whiplash,yk ive been bad,yk ive bad,?,youtube
aespa_Whiplash,The vibe and ningning voice is litt,vibe ningn voic litt,?,youtube
aespa_Whiplash,Aespa songs always bangersss,aespa song alway bangersss,?,youtube
aespa_Whiplash,hej winter,hej winter,?,youtube
aespa_Whiplash,This song is so catchy i love aespas style this looks like spicy+Armageddon+hot mess+supernova love this,song catchi love aespa style look like spicyarmageddonhot messsupernova love,?,youtube
aespa_Whiplash,51.860M,,?,youtube
aespa_Whiplash,Te amo,te amo,?,youtube
aespa_Whiplash,"51.850

One look give em whiplaash",one look give em whiplaash,?,youtube
aespa_Whiplash,this is the kpop i like ^^,kpop like,?,youtube
aespa_Whiplash,One look give them whiplash,one look give whiplash,?,youtube
aespa_Whiplash,"https://youtu.be/hG6KGIU98-8?si=TzDf4q7c9W0lNIlr

This is a better song",better song,?,youtube
aespa_Whiplash,this song is so powerful ❤️,song power,?,youtube
aespa_Whiplash,whip whiplash,whip whiplash,?,youtube
aespa_Whiplash,829k,k,?,youtube
aespa_Whiplash,11/3,,?,youtube
aespa_Whiplash,"i no liked, i love",like love,?,youtube
aespa_Whiplash,"forget brat summer , it's whiplash winter",forget brat summer whiplash winter,?,youtube
aespa_Whiplash,I listen to whiplash and next level at the same time and I'm getting addicted!! Go Aespa ❤❤❤,listen whiplash next level time im get addict go aespa,?,youtube
aespa_Whiplash,💜,,?,youtube
aespa_Whiplash,0:23 best part ❤,best part,?,youtube
aespa_Whiplash,Love it,love,?,youtube
aespa_Whiplash,2:02>>>,,?,youtube
aespa_Whiplash,Sebulan 100jt yuu😭🙏,sebulan jt yuu,?,youtube
aespa_Whiplash,Slayyyyyy,slayyyyyi,?,youtube
aespa_Whiplash,Minhas rainhas ❤❤❤❤,minha rainha,?,youtube
aespa_Whiplash,This mv is top tier,mv top tier,?,youtube
aespa_Whiplash,GYATT,gyatt,?,youtube
aespa_Whiplash,Aespa release hit after hit and I'm not complaining it,aespa releas hit hit im complain,?,youtube
aespa_Whiplash,Ae,ae,?,youtube
aespa_Whiplash,1:24  this part 😍,part,?,youtube
aespa_Whiplash,this sounds so fvcking freshhh!!!!! the old school disco type beats to the fashion to the mv production everything is new and awesome .  a completely new concept !!!,sound fvcking freshhh old school disco type beat fashion mv product everyth new awesom complet new concept,?,youtube
aespa_Whiplash,Whiplash🎉❤,whiplash,?,youtube
aespa_Whiplash,listen this everyday :))) so addicted,listen everyday addict,?,youtube
aespa_Whiplash,.,,?,youtube
aespa_Whiplash,Midzy!! Lets go aespa love youu,midzi let go aespa love youu,?,youtube
aespa_Whiplash,Whip whiplash,whip whiplash,?,youtube
aespa_Whiplash,DIVAAAAAAAAAAAAAAAAS,divaaaaaaaaaaaaaaaa,?,youtube
aespa_Whiplash,1:10 ILLIT??,illit,?,youtube
aespa_Whiplash,One look give em whiplæsh,one look give em whiplsh,?,youtube
aespa_Whiplash,Actually  this song is growing  on me!,actual song grow,?,youtube
aespa_Whiplash,slay comeback (KARINA BIAGFYDC),slay comeback karina biagfydc,?,youtube
aespa_Whiplash,00:39,,?,youtube
aespa_Whiplash,1:36 WINTER IS SO PRETTYYYY!!!  (as always) This should be soty!,winter prettyyyy alway soti,?,youtube
aespa_Whiplash,ESSA ERA É DA GISELLE,essa era da gisel,?,youtube
aespa_Whiplash,Soty,soti,?,youtube
aespa_Whiplash,❤❤❤❤❤,,?,youtube
aespa_Whiplash,I LOVE AESPA SO MUCH NINGNING IS MY BIAS THIS ERA UWAAAAAAAAAAAAA KARINA WINTER AND GISELLE (HER PINK HAIR ESPECIALLY) ARE SO COOL AND SO OSSOS ISNIFJNIOSJOSJOSKJSOKOSOS PRETTY NON AESPA STANS ARE DEFINITELY MISSING OUTTTTTTTTT I LOVE U AESPA,love aespa much ningn bia era uwaaaaaaaaaaaaa karina winter gisel pink hair especi cool osso isnifjniosjosjoskjsokoso pretti non aespa stan definit miss outtttttttt love u aespa,?,youtube
aespa_Whiplash,The fall ate,fall ate,?,youtube
aespa_Whiplash,WHIPLASH,whiplash,?,youtube
aespa_Whiplash,WHIP WHIPLASH,whip whiplash,?,youtube
aespa_Whiplash,ONE LOOK GIVE EM WHIPLASH,one look give em whiplash,?,youtube
aespa_Whiplash,HAPPY 51M WHIPLASH,happi whiplash,?,youtube
aespa_Whiplash,aespa never disappoints,aespa never disappoint,?,youtube
aespa_Whiplash,1.3M LIKES WHIPLASH,like whiplash,?,youtube
aespa_Whiplash,51M 611K WHIPLASH,k whiplash,?,youtube
aespa_Whiplash,Divas🔥,diva,?,youtube
aespa_Whiplash,Most Excellent 😎,excel,?,youtube
aespa_Whiplash,Happy 51.6M (12.55 am kst),happi kst,?,youtube
aespa_Whiplash,its so brat coded,brat code,?,youtube
aespa_Whiplash,MUKEMMELSİNİZZ,mukemmelsinizz,?,youtube
aespa_Whiplash,HARIKASINIZ,harikasiniz,?,youtube
aespa_Whiplash,Wow😳,wow,?,youtube
aespa_Whiplash,Ningning so pretty,ningn pretti,?,youtube
aespa_Whiplash,Best song,best song,?,youtube
aespa_Whiplash,❤❤❤❤,,?,youtube
aespa_Whiplash,60 K in 1 hour,k hour,?,youtube
aespa_Whiplash,I,,?,youtube
aespa_Whiplash,‼️‼️‼️‼️‼️‼️‼️‼️‼️‼️‼️‼️‼️‼️‼️ VOTE FOR AESPA ON MNET FOR FANS CHOICE ‼️‼️‼️‼️‼️‼️‼️‼️‼️‼️‼️‼️‼️‼️‼️,vote aespa mnet fan choic,?,youtube
aespa_Whiplash,‼️‼️‼️‼️‼️‼️‼️‼️‼️‼️‼️‼️‼️‼️‼️ VOTE FOR AESPA ON MNET FOR FANS CHOICE ‼️‼️‼️‼️‼️‼️‼️‼️‼️‼️‼️‼️‼️‼️‼️,vote aespa mnet fan choic,?,youtube
aespa_Whiplash,‼️‼️‼️‼️‼️‼️‼️‼️‼️‼️‼️‼️‼️‼️‼️ VOTE FOR AESPA ON MNET FOR FANS CHOICE ‼️‼️‼️‼️‼️‼️‼️‼️‼️‼️‼️‼️‼️‼️‼️,vote aespa mnet fan choic,?,youtube
aespa_Whiplash,‼️‼️‼️‼️‼️‼️‼️‼️‼️‼️‼️‼️‼️‼️‼️ VOTE FOR AESPA ON MNET FOR FANS CHOICE ‼️‼️‼️‼️‼️‼️‼️‼️‼️‼️‼️‼️‼️‼️‼️,vote aespa mnet fan choic,?,youtube
aespa_Whiplash,They look like they could be on final fantasy,look like could final fantasi,?,youtube
aespa_Whiplash,‼️‼️‼️‼️‼️‼️‼️‼️‼️‼️‼️‼️‼️‼️‼️ VOTE FOR AESPA ON MNET FOR FANS CHOICE ‼️‼️‼️‼️‼️‼️‼️‼️‼️‼️‼️‼️‼️‼️‼️,vote aespa mnet fan choic,?,youtube
aespa_Whiplash,dmn giselle is sexyy,dmn gisel sexyy,?,youtube
aespa_Whiplash,Karina,karina,?,youtube
aespa_Whiplash,Behind the scenes https://youtu.be/X5yNrn2dL-g?si=dW2cthMSfQVHWbwY,behind scene,?,youtube
aespa_Whiplash,"lmfao at 2:14 they sound like they about to jingle bell rock. it's like ""i'm the highlight 비춰 red light, to rock the night awayyyy. you know it's my site 거친 next sigh, to go glidin' in a one-horse sleighhh"" 😭😭😭",lmfao sound like jingl bell rock like im highlight red light rock night awayyyi know site next sigh go glidin onehors sleighhh,?,youtube
aespa_Whiplash,☺️👍,,?,youtube
aespa_Whiplash,come on str34m,come strm,?,youtube
aespa_Whiplash,Imma make a free audio with this-,imma make free audio,?,youtube
aespa_Whiplash,Please stop cut Winter’s hair!!,pleas stop cut winter hair,?,youtube
aespa_Whiplash,NINGNINGGGGG MAIN SLAYEERRR PROFESSIONAL MODEL I LOVE YOUUU KEEP SLAYING,ningninggggg main slayeerrr profession model love youuu keep slay,?,youtube
aespa_Whiplash,keep streaming and fighting mys,keep stream fight my,?,youtube
aespa_Whiplash,Otw 3rd win,otw rd win,?,youtube
aespa_Whiplash,Giselle taking revenge on Ningning for Supernova mv lol,gisel take reveng ningn supernova mv lol,?,youtube
aespa_Whiplash,Esse é o ano do aespa!,ess ano aespa,?,youtube
aespa_Whiplash,"SM, your youtube acc is too old",sm youtub acc old,?,youtube
aespa_Whiplash,504k,k,?,youtube
aespa_Whiplash,"Go 1,4M likes",go like,?,youtube
aespa_Whiplash,🩶🩶🩶🩶🩶,,?,youtube
aespa_Whiplash,51.5M,,?,youtube
aespa_Whiplash,now we are on the 8th of worldwide mvs 😊,th worldwid mv,?,youtube
aespa_Whiplash,gives me goosebumps over and over every single listen,give goosebump everi singl listen,?,youtube
aespa_Whiplash,I love this concept. It’s like aespa by Balenciaga,love concept like aespa balenciaga,?,youtube
aespa_Whiplash,ISSO AQUI TÁ DE OUTRO MUNDO!,isso aqui de outro mundo,?,youtube
aespa_Whiplash,"I hate SM channel fgs its too slow for strxming, it could be better if aespa had released MV on their own channel but ik it would not happen",hate sm channel fg slow strxming could better aespa releas mv channel ik would happen,?,youtube
aespa_Whiplash,52m go go,go go,?,youtube
aespa_Whiplash,"aespa 'Whiplash'

01. Whiplash (Title)
02. KI
03. Flights, Not Feelings
04. Pink Hoodie
05. Flowers
06. Just Another Girl",aespa whiplash whiplash titl ki flight feel pink hoodi flower anoth girl,?,youtube
IVE_RebelHeart,"DIVEs, keep streaming for our 5th win! 🎉",dive keep stream th win,?,youtube
IVE_RebelHeart,2:34 is that stray kids on the poster??,stray kid poster,?,youtube
IVE_RebelHeart,THEY MADE ME CRY DAMN IT😭❤️love you girls,made cri damn itlov girl,?,youtube
IVE_RebelHeart,love this,love,?,youtube
IVE_RebelHeart,0:35 0:51 1:23 this is the so amazing 😭 of Wonyoung,amaz wonyoung,?,youtube
IVE_RebelHeart,"this reminds me so much of loona, i'm gonna cry 😭",remind much loona im gonna cri,?,youtube
IVE_RebelHeart,I love Rebel Heart,love rebel heart,?,youtube
IVE_RebelHeart,2:40 this song is literally our wonny life and haters cant realise she is also human,song liter wonni life hater cant realis also human,?,youtube
IVE_RebelHeart,This is so Carly Rae Jepsen x Taylor Swift coded,carli rae jepsen x taylor swift code,?,youtube
IVE_RebelHeart,5th win cmon❤❤❤,th win cmon,?,youtube
IVE_RebelHeart,omg❤❤❤❤❤❤🎉🎉🎉🎉,omg,?,youtube
IVE_RebelHeart,Please go check out Attitude Concept Film as well,pleas go check attitud concept film well,?,youtube
IVE_RebelHeart,Do we have a chance for a 5th win??,chanc th win,?,youtube
IVE_RebelHeart,Gaeul didn't say anything in the song...,gaeul didnt say anyth song,?,youtube
IVE_RebelHeart,❤❤❤,,?,youtube
IVE_RebelHeart,VMS DAR STREAM DIVES!!!!,vm dar stream dive,?,youtube
IVE_RebelHeart,"2:38 ""we are rebels,we are one""",rebelsw one,?,youtube
IVE_RebelHeart,O IVE não tem músicas ruins,ive tem msica ruin,?,youtube
IVE_RebelHeart,Ela nunca decepcionam,ela nunca decepcionam,?,youtube
IVE_RebelHeart,VAMOS DAR MTO STREAM!!!,vamo dar mto stream,?,youtube
IVE_RebelHeart,Best gg,best gg,?,youtube
IVE_RebelHeart,0:48 QUE MOMENTO,que momento,?,youtube
IVE_RebelHeart,Amei!amei mto,ameiamei mto,?,youtube
IVE_RebelHeart,Amei,amei,?,youtube
IVE_RebelHeart,Muito boa de escutar,muito boa de escutar,?,youtube
IVE_RebelHeart,1:07 STRAY KIDS??? God.. I understand :D,stray kid god understand,?,youtube
IVE_RebelHeart,1:06 straykids??,straykid,?,youtube
IVE_RebelHeart,Stray Kids poster is visible in the MV.. this is so funny lol,stray kid poster visibl mv funni lol,?,youtube
IVE_RebelHeart,ATTITUDE ESTÁ CHEGANDO,attitud est chegando,?,youtube
IVE_RebelHeart,"ATTITUDE está vindo ai, preparados Dives??",attitud est vindo ai preparado dive,?,youtube
IVE_RebelHeart,Daquia a pouco vai lançar música nova ebaaaa,daquia pouco vai lanar msica nova ebaaaa,?,youtube
IVE_RebelHeart,678K,k,?,youtube
IVE_RebelHeart,I love to hear song recording,love hear song record,?,youtube
IVE_RebelHeart,Who else come to see straykids?😂,els come see straykid,?,youtube
IVE_RebelHeart,Leeseo and Wonyoung is too cute 🥰🥰,leeseo wonyoung cute,?,youtube
IVE_RebelHeart,las amooo❤️❤️,la amooo,?,youtube
IVE_RebelHeart,i love so you can love me hate me you will never be never be me wony part❤🎉😊,love love hate never never woni part,?,youtube
IVE_RebelHeart,I swear I have listened this song before but like years ago,swear listen song like year ago,?,youtube
IVE_RebelHeart,canduu canduuu,canduu canduuu,?,youtube
IVE_RebelHeart,"Afterwork, listening to IVE before sleeping ❤",afterwork listen ive sleep,?,youtube
IVE_RebelHeart,Ready for Attitude❤,readi attitud,?,youtube
IVE_RebelHeart,Porque me hacen llorar esta hermosa la canción ❤,porqu hacen llorar esta hermosa la cancin,?,youtube
IVE_RebelHeart,Elas já ganharam 4 wins com essa música estou muito feliz,ela j ganharam win com essa msica estou muito feliz,?,youtube
IVE_RebelHeart,PERFECT GIRL GROUP❤,perfect girl group,?,youtube
IVE_RebelHeart,I AMs sisterr,am sisterr,?,youtube
IVE_RebelHeart,Let's goo 20M!!!,let goo,?,youtube
IVE_RebelHeart,I just wanna thank IVE for this amazing and perfect song!! New to K-pop and this song has just thrown me deeper into the music 🌟💕❤️💕❤️ will be stanning ❤,wanna thank ive amaz perfect song new kpop song thrown deeper music stan,?,youtube
IVE_RebelHeart,"Why does Gaeul get so few parts? 
Please let it shine too 
We want to see it more prominently.",gaeul get part pleas let shine want see promin,?,youtube
IVE_RebelHeart,Di menit 2:33 juga muncul ada Billboard Stray Kids lg dibelakang.. hehe,di menit juga muncul ada billboard stray kid lg dibelakang hehe,?,youtube
IVE_RebelHeart,te amo,te amo,?,youtube
IVE_RebelHeart,1:06 haha ada yg nyempil billboard Stray Kids di MV nya Ive.,haha ada yg nyempil billboard stray kid di mv nya ive,?,youtube
IVE_RebelHeart,"Ámame, ódiame, nunca serás, nunca serás, nunca serás yo
AMOOO❤",mame diam nunca ser nunca ser nunca ser yo amooo,?,youtube
IVE_RebelHeart,20M𝕃𝕖𝕥'𝕤 𝕘𝕠🎉,,?,youtube
IVE_RebelHeart,Not them release my birthday 😭👍🏽 (I'm 13 now ^^),releas birthday im,?,youtube
IVE_RebelHeart,"🤩🤩After I AM there energy comeback with Rebel In There Heart ❣️😈
Who's ready to join this journey ❤ Let's gather here❤❤😏😎",energi comeback rebel heart who readi join journey let gather,?,youtube
IVE_RebelHeart,Wonyoung❤,wonyoung,?,youtube
IVE_RebelHeart,18m let's go dive🎉🎉,let go dive,?,youtube
IVE_RebelHeart,:))),,?,youtube
IVE_RebelHeart,1:07 i see stray kids on the background,see stray kid background,?,youtube
IVE_RebelHeart,"Esta canción es increíble, ive❤",esta cancin es increbl ive,?,youtube
IVE_RebelHeart,I'll watch this song everytime when someone likes this comment,ill watch song everytim someon like comment,?,youtube
IVE_RebelHeart,"Liz, you amazing",liz amaz,?,youtube
IVE_RebelHeart,"LOVE ME, HATE ME. YOU WILL NEVER GONNA, GONNA BE ME. What an iconic line",love hate never gonna gonna icon line,?,youtube
IVE_RebelHeart,Why is leeseo crying?,leeseo cri,?,youtube
IVE_RebelHeart,570k,k,?,youtube
IVE_RebelHeart,Love me hate me,love hate,?,youtube
IVE_RebelHeart,Rebels in our HEART,rebel heart,?,youtube
IVE_RebelHeart,REBEL HEART / 250126 / 11PM(KST) / 차하오,rebel heart pmkst,?,youtube
IVE_RebelHeart,Atitude coming soon,atitud come soon,?,youtube
IVE_RebelHeart,REBEL HEART / 250126 / 11PM / awarmmoon,rebel heart pm awarmmoon,?,youtube
IVE_RebelHeart,🤍🤍,,?,youtube
IVE_RebelHeart,wonyoung vocals omgg,wonyoung vocal omgg,?,youtube
IVE_RebelHeart,I actually cried :') its so relatable,actual cri relat,?,youtube
IVE_RebelHeart,🎉 congrats for winnning ingkigayo today 4th win ...❤,congrat winn ingkigayo today th win,?,youtube
IVE_RebelHeart,attitude concpet film out noww,attitud concpet film noww,?,youtube
IVE_RebelHeart,Can't wait for Attitude,cant wait attitud,?,youtube
IVE_RebelHeart,"such a beautiful and refreshing music video! the lyrics are so empowering as well. They literally outdo themselves every single comeback, how talented❤",beauti refresh music video lyric empow well liter outdo everi singl comeback talent,?,youtube
IVE_RebelHeart,REBEL HEART / 250126 / 8PM / WONJIN,rebel heart pm wonjin,?,youtube
IVE_RebelHeart,REBEL HEART / 250126 / 8PM / WONJIN,rebel heart pm wonjin,?,youtube
IVE_RebelHeart,Let's get to 20M DIVE. Iveting,let get dive ivet,?,youtube
IVE_RebelHeart,Rei ❤,rei,?,youtube
IVE_RebelHeart,REBEL HEART / 250126 / 8PM / WONJIN,rebel heart pm wonjin,?,youtube
IVE_RebelHeart,Im seriously obsessed with this song.,im serious obsess song,?,youtube
IVE_RebelHeart,REBEL HEART / 250126 / 8PM / WONJIN,rebel heart pm wonjin,?,youtube
IVE_RebelHeart,REBEL HEART / 250126 / 8PM / WONJIN,rebel heart pm wonjin,?,youtube
IVE_RebelHeart,REBEL HEART 10시,rebel heart,?,youtube
IVE_RebelHeart,0:35 wow,wow,?,youtube
IVE_RebelHeart,REBEL HEART / 250126 / 8PM / WONJIN,rebel heart pm wonjin,?,youtube
IVE_RebelHeart,it's so beautiful that it gets stuck in your head and you can't stop listening to it,beauti get stuck head cant stop listen,?,youtube
IVE_RebelHeart,REBEL HEART / 250126 / 8PM / WONJIN,rebel heart pm wonjin,?,youtube
IVE_RebelHeart,REBEL HEART / 250126 / 8PM / WONJIN,rebel heart pm wonjin,?,youtube
IVE_RebelHeart,REBEL HEART / 250126 / 10pm / awarmmoon,rebel heart pm awarmmoon,?,youtube
IVE_RebelHeart,🩵🩵,,?,youtube
IVE_RebelHeart,This is just a pre-release! WHAT ABOUT THE TITLE TRACK?! HOW COOL IS IT?,prereleas titl track cool,?,youtube
IVE_RebelHeart,"Improve
Visual
Everything",improv visual everyth,?,youtube
IVE_RebelHeart,"this is very good! i like their vocal, rap, and dance",good like vocal rap danc,?,youtube
IVE_RebelHeart,BEST SONG OF THE YEAR,best song year,?,youtube
IVE_RebelHeart,LOVEEE MEE HATE MEEE,lovee mee hate meee,?,youtube
IVE_RebelHeart,Heart Rebel,heart rebel,?,youtube
IVE_RebelHeart,RH selamat!,rh selamat,?,youtube
IVE_RebelHeart,tahniah 4th win RH,tahniah th win rh,?,youtube
IVE_RebelHeart,REBEL HEART / 250126 / 7PM / WONJIN,rebel heart pm wonjin,?,youtube
IVE_RebelHeart,Love me! Hate me~,love hate,?,youtube
IVE_RebelHeart,REBEL HEART / 250126 / 7PM / WONJIN,rebel heart pm wonjin,?,youtube
IVE_RebelHeart,wonderful song,wonder song,?,youtube
IVE_RebelHeart,REBEL HEART / 250126 / 7PM / WONJIN,rebel heart pm wonjin,?,youtube
IVE_RebelHeart,This is a bop. Like if you agree,bop like agre,?,youtube
IVE_RebelHeart,REBEL HEART / 250126 / 9pm / awarmmoon,rebel heart pm awarmmoon,?,youtube
IVE_RebelHeart,❤,,?,youtube
IVE_RebelHeart,Cool❤❤❤❤,cool,?,youtube
IVE_RebelHeart,"if either way has a sister, this will be it",either way sister,?,youtube
IVE_RebelHeart,IVE!!!💥💥💥,ive,?,youtube
IVE_RebelHeart,"tones and rhythms remind me of ""I AM."" I love it ❤",tone rhythm remind love,?,youtube
IVE_RebelHeart,Can we get 10 win for rebel heart?,get win rebel heart,?,youtube
IVE_RebelHeart,we are rebels we are 1,rebel,?,youtube
IVE_RebelHeart,who is still watching the mv,still watch mv,?,youtube
IVE_RebelHeart,4 WIN LETS GOOO KEEP STREAMING,win let gooo keep stream,?,youtube
IVE_RebelHeart,if fj,fj,?,youtube
IVE_RebelHeart,Yang paling awal pake jaket merah namanya siapa?,yang pale awal pake jaket merah namanya siapa,?,youtube
IVE_RebelHeart,17 484,,?,youtube
IVE_RebelHeart,4 th win! congrats my girls,th win congrat girl,?,youtube
IVE_RebelHeart,jd,jd,?,youtube
IVE_RebelHeart,❤❤❤,,?,youtube
IVE_RebelHeart,sesuka itu ssma lagunya,sesuka itu ssma lagunya,?,youtube
IVE_RebelHeart,SAY IT LOUDER WONGYOUNG🗣️ 🔊,say louder wongyoung,?,youtube
IVE_RebelHeart,REBEL HEART / 250126 / 6PM / WONJIN,rebel heart pm wonjin,?,youtube
IVE_RebelHeart,REBEL HEART / 250126 / 6PM / WONJIN,rebel heart pm wonjin,?,youtube
IVE_RebelHeart,❤,,?,youtube
IVE_RebelHeart,REBEL HEART / 250126 / 8pm / awarmmoon,rebel heart pm awarmmoon,?,youtube
IVE_RebelHeart,Love me hate me,love hate,?,youtube
IVE_RebelHeart,REBEL HEART / 250126 / 6PM / WONJIN,rebel heart pm wonjin,?,youtube
IVE_RebelHeart,REBEL HEART / 250126 / 5PM / WONJIN,rebel heart pm wonjin,?,youtube
IVE_RebelHeart,REBEL HEART / 250126 / 5PM / WONJIN,rebel heart pm wonjin,?,youtube
IVE_RebelHeart,REBEL HEART / 250126 / 5PM / WONJIN,rebel heart pm wonjin,?,youtube
IVE_RebelHeart,I came from rinchii2 0:13,came rinchii,?,youtube
IVE_RebelHeart,"4th win for ""Rebel Heart""!!! (Inkigayo) 😊🎉❤ Congratulations!!! 🥳🏆👏",th win rebel heart inkigayo congratul,?,youtube
IVE_RebelHeart,How many ive supporters are here,mani ive support,?,youtube
IVE_RebelHeart,"Great IVE !!!
Go IVE !!!❤❤❤❤❤❤",great ive go ive,?,youtube
IVE_RebelHeart,REBEL HEART / 250126 / 5PM / WONJIN,rebel heart pm wonjin,?,youtube
IVE_RebelHeart,NO WORDS ITS SO PREFECT AMAZING❤❤❤❤❤❤,word prefect amaz,?,youtube
IVE_RebelHeart,REBEL HEART,rebel heart,?,youtube
IVE_RebelHeart,Wonyoung ✨️,wonyoung,?,youtube
IVE_RebelHeart,I best wonyoung✨❤️,best wonyoung,?,youtube
IVE_RebelHeart,Wony fianly got the recognition she deserved,woni fianli got recognit deserv,?,youtube
IVE_RebelHeart,Fantastic 💘💘💗,fantast,?,youtube
IVE_RebelHeart,Rebel Heart 4th consecutive music show win achieved🎉,rebel heart th consecut music show win achiev,?,youtube
IVE_RebelHeart,leeseo looks so cute in pink hair!,leeseo look cute pink hair,?,youtube
IVE_RebelHeart,"rebel heart is my fav song of 2025, ive will always release great music!!",rebel heart fav song ive alway releas great music,?,youtube
IVE_RebelHeart,Congrats girls on the 4th win !!!,congrat girl th win,?,youtube
IVE_RebelHeart,REBEL HEART / 250126 / 7pm / awarmmoon,rebel heart pm awarmmoon,?,youtube
IVE_RebelHeart,Congratulations IVE!!! Rebel Heart 4th win 🏆🎉,congratul ive rebel heart th win,?,youtube
IVE_RebelHeart,🖤🖤,,?,youtube
IVE_RebelHeart,Happy 4win,happi win,?,youtube
IVE_RebelHeart,4 win,win,?,youtube
IVE_RebelHeart,Happy 17.4m,happi,?,youtube
IVE_RebelHeart,I have been loving IVE for their meaningful songs. They are so good and the lyrics made them even better! And the genre?! It's always amazing ❤❤,love ive meaning song good lyric made even better genr alway amaz,?,youtube
IVE_RebelHeart,❤❤,,?,youtube
IVE_RebelHeart,♥️♥️,,?,youtube
IVE_RebelHeart,♥️♥️,,?,youtube
IVE_RebelHeart,"Good song, I love it",good song love,?,youtube
IVE_RebelHeart,4 win ❤,win,?,youtube
IVE_RebelHeart,REBEL HEART / 250126 / 6PM / awarmmoon,rebel heart pm awarmmoon,?,youtube
IVE_RebelHeart,This song is so catchy!,song catchi,?,youtube
IVE_RebelHeart,So excited for attitude <33,excit attitud,?,youtube
IVE_RebelHeart,COMGRATS TO IVE TAKING THIS WEEKS TROPHIES!! you guys truly deserve these wins!!,comgrat ive take week trophi guy truli deserv win,?,youtube
IVE_RebelHeart,"This is the best song for me, the mv quality, the melody ack ate",best song mv qualiti melodi ack ate,?,youtube
IVE_RebelHeart,we're rebels in our heart,rebel heart,?,youtube
IVE_RebelHeart,RebelHeart4thWin🎉🎊,rebelheartthwin,?,youtube
IVE_RebelHeart,RebelHeart4thWin🎉🎊,rebelheartthwin,?,youtube
IVE_RebelHeart,RebelHeart4thWin🎉🎊,rebelheartthwin,?,youtube
IVE_RebelHeart,RebelHeart4thWin🎉🎊,rebelheartthwin,?,youtube
IVE_RebelHeart,4th win we're proud of you ive!,th win proud ive,?,youtube
IVE_RebelHeart,4 wins!! Im so proud of you guys and DIVE!!,win im proud guy dive,?,youtube
IVE_RebelHeart,Rebels in our heart!,rebel heart,?,youtube
IVE_RebelHeart,"sebentar lagi ganti bulan, yuk tetap smngat!",sebentar lagi ganti bulan yuk tetap smngat,?,youtube
IVE_RebelHeart,REBEL HEART / 250126 / 3PM / WONJIN,rebel heart pm wonjin,?,youtube
IVE_RebelHeart,I-Ting dives🎉❤,ite dive,?,youtube
IVE_RebelHeart,"Next goal: 20M
Fighting dives !!!",next goal fight dive,?,youtube
IVE_RebelHeart,"This song has 2 meanings. And I love this song. I know what they mean by 'Love me , Hate me , You will never be me'❤
❤❤❤",song mean love song know mean love hate never,?,youtube
IVE_RebelHeart,Rebel Heart 4th win 🎉✨,rebel heart th win,?,youtube
IVE_RebelHeart,Go 18M views!!!,go view,?,youtube
IVE_RebelHeart,REBEL HEART / 250126 / 5PM / awarmmoon,rebel heart pm awarmmoon,?,youtube
IVE_RebelHeart,amazing!!!❤,amaz,?,youtube
IVE_RebelHeart,"Happy 4th Win!!!
REBEL HEART heals us every day^^",happi th win rebel heart heal us everi day,?,youtube
IVE_RebelHeart,4th win today omg!! let's str3am more for next week,th win today omg let stram next week,?,youtube
IVE_RebelHeart,❤❤❤,,?,youtube
IVE_RebelHeart,မမ,,?,youtube
IVE_RebelHeart,မမ,,?,youtube
IVE_RebelHeart,is this pre-release? so the main tract that is goin to released in feb 3 will have more views rightt,prereleas main tract goin releas feb view rightt,?,youtube
IVE_RebelHeart,❤❤,,?,youtube
IVE_RebelHeart,""" love me hate me, you will never be me"" you ate wonny🎉",love hate never ate wonni,?,youtube
IVE_RebelHeart,4th Win‼️,th win,?,youtube
IVE_RebelHeart,Yasss!!!! Congratulations for the 4th win today!!!,yasss congratul th win today,?,youtube
IVE_RebelHeart,Ive’s discography never disappoints me,ive discographi never disappoint,?,youtube
IVE_RebelHeart,"Can't wait for ATTITUDE, I'm seated!",cant wait attitud im seat,?,youtube
IVE_RebelHeart,Rebel heart deserves a lot of awards fr,rebel heart deserv lot award fr,?,youtube
IVE_RebelHeart,REBEL HEART / 250126 / 4pm / awarmmoon,rebel heart pm awarmmoon,?,youtube
IVE_RebelHeart,REBEL HEART DESERVES AWARDS,rebel heart deserv award,?,youtube
IVE_RebelHeart,keep going dives,keep go dive,?,youtube
IVE_RebelHeart,❤❤,,?,youtube
IVE_RebelHeart,"I've said it before and i'll say it again. IVE will always outdone themselves, and i believe IVE EMPATHY will be their best album. I genuinely think that Rebel Heart is one of the best song i've ever heard from K-pop. What an icon for a soul that never gives up and will always be the ""rebels"" to reach what they have dreamed for all this time.

""So rather than expecting eternity, i want to understand you now."" 
Shockingly, the last time i was this touched was when i watched Either Way for the first time. You did it, IVE.",ive said ill say ive alway outdon believ ive empathi best album genuin think rebel heart one best song ive ever heard kpop icon soul never give alway rebel reach dream time rather expect etern want understand shockingli last time touch watch either way first time ive,?,youtube
IVE_RebelHeart,2:18 best part,best part,?,youtube
IVE_RebelHeart,3 wins   🎉🎉🎉🎉🎉🎉,win,?,youtube
IVE_RebelHeart,"17,364,273 views  12 days ago",view day ago,?,youtube
IVE_RebelHeart,let's count for 18M,let count,?,youtube
IVE_RebelHeart,"This is the essence of Kpop.
This type of messages are the reason why Kpop became a fundamental platform on my teenager years 😢❤",essenc kpop type messag reason kpop becam fundament platform teenag year,?,youtube
IVE_RebelHeart,❤❤❤❤❤,,?,youtube
IVE_RebelHeart,"pls reach 20m for our goal, at least this week",pl reach goal least week,?,youtube
IVE_RebelHeart,"wonyoung owned this song
I love how this song has meaning in lyrics and emotion, not like some songs that are super short and lyrics make no sense and it's just the beat",wonyoung own song love song mean lyric emot like song super short lyric make sens beat,?,youtube
IVE_RebelHeart,come on guys only 17M views and 453K likes?,come guy view k like,?,youtube
IVE_RebelHeart,"stream more pls, we need more streams!!",stream pl need stream,?,youtube
IVE_RebelHeart,Will they still be promoting Rebel Heart next week???,still promot rebel heart next week,?,youtube
IVE_RebelHeart,"Im not exaggerating when I say that Ive is the only consistent group that has amazing bridges, vocals, and tunes. I’m not even a dive or a hardcore listener, but every song I’ve listened to really doesn’t disappoint. Ive even been disappointed by songs produced by my favorite groups and idols, but never Ive. Personally I think it’s because their songs are never made for the sole purpose of being a TikTok audio",im exagger say ive consist group amaz bridg vocal tune im even dive hardcor listen everi song ive listen realli doesnt disappoint ive even disappoint song produc favorit group idol never ive person think song never made sole purpos tiktok audio,?,youtube
IVE_RebelHeart,❤❤❤❤,,?,youtube
IVE_RebelHeart,IVE FIGHTING!!!! Dive please keep sending the girls your love and support :3,ive fight dive pleas keep send girl love support,?,youtube
IVE_RebelHeart,yessss,yessss,?,youtube
IVE_RebelHeart,Keep streaming,keep stream,?,youtube
IVE_RebelHeart,best kpop song in 2025. by a mile,best kpop song mile,?,youtube
IVE_RebelHeart,love ive,love ive,?,youtube
IVE_RebelHeart,2:13　love dive？,love dive,?,youtube
IVE_RebelHeart,congrats ive for 3 win music bank,congrat ive win music bank,?,youtube
IVE_RebelHeart,"Come on everyone DIVE, let's increase the number of views of 'REBEL HEART' to 20M!!! Come on!!!",come everyon dive let increas number view rebel heart come,?,youtube
IVE_RebelHeart,Posno la vda q no,posno la vda q,?,youtube
IVE_RebelHeart,q sifue sofu nambre,q sifu sofu nambr,?,youtube
IVE_RebelHeart,La de zen avr Mi teléfono esta bien caliente,la de zen avr mi telfono esta bien calient,?,youtube
IVE_RebelHeart,Pq soy rebelde,pq soy rebeld,?,youtube
IVE_RebelHeart,cuyo,cuyo,?,youtube
IVE_RebelHeart,No viene a prometer,vien promet,?,youtube
TWICE_Strategy,Vote music bank,vote music bank,?,youtube
TWICE_Strategy,Onceee You have to vote for Twice on all app music shows,oncee vote twice app music show,?,youtube
TWICE_Strategy,YOOO JIHYOO LATINAAA,yooo jihyoo latinaaa,?,youtube
TWICE_Strategy,Strategy álbum,strategi lbum,?,youtube
TWICE_Strategy,Me encantan sus canciones chicas.,encantan su cancion chica,?,youtube
TWICE_Strategy,Twice es increíble,twice es increbl,?,youtube
TWICE_Strategy,I just watched Twice's interview for promotions in the U.S.❤❤,watch twice interview promot us,?,youtube
TWICE_Strategy,Twice vocalist and talents  are awesome,twice vocalist talent awesom,?,youtube
TWICE_Strategy,Pieza de arte,pieza de art,?,youtube
TWICE_Strategy,498k,k,?,youtube
TWICE_Strategy,stream! Once!,stream,?,youtube
TWICE_Strategy,TWICEEEEEHHEGE,twiceeeeehheg,?,youtube
TWICE_Strategy,nuevo solooooooooooo,nuevo solooooooooooo,?,youtube
TWICE_Strategy,20M ONCE,,?,youtube
TWICE_Strategy,"strategy in loop all day, such a good song",strategi loop day good song,?,youtube
TWICE_Strategy,"Have a good day/night, ONCEs!!",good daynight onc,?,youtube
TWICE_Strategy,Coming here to appreciate this work of art once again,come appreci work art,?,youtube
TWICE_Strategy,487k,k,?,youtube
TWICE_Strategy,Glad they kept the girls away from Megan as much as possible,glad kept girl away megan much possibl,?,youtube
TWICE_Strategy,"3 years ago TWICE´S Mina delivered an absolutely stunning, graceful and enchanting cover of ´snowman´ by Sia",year ago twice mina deliv absolut stun grace enchant cover snowman sia,?,youtube
TWICE_Strategy,"20,484",,?,youtube
TWICE_Strategy,20.5M pronto once,pronto,?,youtube
TWICE_Strategy,485k,k,?,youtube
TWICE_Strategy,Vote music bank,vote music bank,?,youtube
TWICE_Strategy,Let's gooo once,let gooo,?,youtube
TWICE_Strategy,TWICE is on Zach Sang Show!,twice zach sang show,?,youtube
TWICE_Strategy,Hermoso 😊,hermoso,?,youtube
TWICE_Strategy,getcha on my radar soon you're gonna be with me,getcha radar soon your gonna,?,youtube
TWICE_Strategy,todavia no supero esta arte,todavia supero esta art,?,youtube
TWICE_Strategy,Me,,?,youtube
TWICE_Strategy,Why is this whole song english? What happened to kpop lol. Love my girls twice though but im lowk concerned,whole song english happen kpop lol love girl twice though im lowk concern,?,youtube
TWICE_Strategy,ate,ate,?,youtube
TWICE_Strategy,This is one of my favorite twice songs after what is love,one favorit twice song love,?,youtube
TWICE_Strategy,LE COPIARON A MELANIE MARTINEZ EN HIGH SCHOOL SWEETHEARTSSS😡😡😡😡😡,le copiaron melani martinez en high school sweetheartsss,?,youtube
TWICE_Strategy,2:42,,?,youtube
TWICE_Strategy,AMO,amo,?,youtube
TWICE_Strategy,Hey girls ima get ya,hey girl ima get ya,?,youtube
TWICE_Strategy,20M>21M 472K,mm k,?,youtube
TWICE_Strategy,Queens 🛐🛐🛐,queen,?,youtube
TWICE_Strategy,Bellas <3,bella,?,youtube
TWICE_Strategy,"Amo la colaboración de Megan con twice, simplemente iconico 💋",amo la colaboracin de megan con twice simplement iconico,?,youtube
TWICE_Strategy,sigamos sumando! Hoy 21 millones,sigamo sumando hoy millon,?,youtube
TWICE_Strategy,Come on!! once stream up to 25 million viewers!!,come stream million viewer,?,youtube
TWICE_Strategy,ONCE  Let's stream so that twice reaches a strategy of at least 100 million,let stream twice reach strategi least million,?,youtube
TWICE_Strategy,Me alegro mucho de ser once.,alegro mucho de ser,?,youtube
TWICE_Strategy,Todas preciosas,toda preciosa,?,youtube
TWICE_Strategy,463k,k,?,youtube
TWICE_Strategy,A Megan salvando,megan salvando,?,youtube
TWICE_Strategy,Queens,queen,?,youtube
TWICE_Strategy,gatinhas,gatinha,?,youtube
TWICE_Strategy,Sana Queen,sana queen,?,youtube
TWICE_Strategy,twice the greatest group of all time,twice greatest group time,?,youtube
TWICE_Strategy,Nayeon reina,nayeon reina,?,youtube
TWICE_Strategy,Momo Queen,momo queen,?,youtube
TWICE_Strategy,👌,,?,youtube
TWICE_Strategy,Hey boy,hey boy,?,youtube
TWICE_Strategy,3:19  MINAA! She's SO PRETTY ❤🥹,minaa she pretti,?,youtube
TWICE_Strategy,Good morning ONCE,good morn,?,youtube
TWICE_Strategy,El mejor comeback de twice este año,el mejor comeback de twice est ao,?,youtube
TWICE_Strategy,TWICE  LOOK SUPER PRETTY,twice look super pretti,?,youtube
TWICE_Strategy,"Its so slay, it ate.",slay ate,?,youtube
TWICE_Strategy,como te amo twice,como te amo twice,?,youtube
TWICE_Strategy,queens twice,queen twice,?,youtube
TWICE_Strategy,Dios mío amo esta cancióooooooooon,dio mo amo esta canciooooooooon,?,youtube
TWICE_Strategy,m atraparon 😅,atraparon,?,youtube
TWICE_Strategy,las amo,la amo,?,youtube
TWICE_Strategy,si amigo,si amigo,?,youtube
TWICE_Strategy,Pagi once,pagi,?,youtube
TWICE_Strategy,Onceeee stream,onceee stream,?,youtube
TWICE_Strategy,445k,k,?,youtube
TWICE_Strategy,strategy stream,strategi stream,?,youtube
TWICE_Strategy,Love Mina's braids and style,love mina braid style,?,youtube
TWICE_Strategy,Go go Twice! Never stop!,go go twice never stop,?,youtube
TWICE_Strategy,Twiceeeee,twiceeee,?,youtube
TWICE_Strategy,ATEEEEE,ateeee,?,youtube
TWICE_Strategy,DIVAS,diva,?,youtube
TWICE_Strategy,TWICE BEST GG,twice best gg,?,youtube
TWICE_Strategy,STRATEGYYYYY,strategyyyyi,?,youtube
TWICE_Strategy,STREAM MASSIVO,stream massivo,?,youtube
TWICE_Strategy,let’s try to win all chart again!!,let tri win chart,?,youtube
TWICE_Strategy,436k,k,?,youtube
TWICE_Strategy,2:52 la mejor parte 🔥🔥,la mejor part,?,youtube
TWICE_Strategy,MINHAS PERFEIÇÃO,minha perfeio,?,youtube
TWICE_Strategy,LINDAS,linda,?,youtube
TWICE_Strategy,DIVAS INJUSTICADAS,diva injusticada,?,youtube
TWICE_Strategy,#mina,mina,?,youtube
TWICE_Strategy,#nayeon,nayeon,?,youtube
TWICE_Strategy,#jeongyeon,jeongyeon,?,youtube
TWICE_Strategy,#jihyo,jihyo,?,youtube
TWICE_Strategy,#twice_strategy,twice_strategi,?,youtube
TWICE_Strategy,"Me encanta, twice haciendo colaboraciones con otros artistas.",encanta twice haciendo colaboracion con otro artista,?,youtube
TWICE_Strategy,Beautiful queens!!,beauti queen,?,youtube
TWICE_Strategy,434k,k,?,youtube
TWICE_Strategy,O RAP PERFEITO DA MEGAN,rap perfeito da megan,?,youtube
TWICE_Strategy,MÃES,me,?,youtube
TWICE_Strategy,LINDASSS,lindasss,?,youtube
TWICE_Strategy,Que música perfeita 😭🩵,que msica perfeita,?,youtube
TWICE_Strategy,430k,k,?,youtube
TWICE_Strategy,é meu aniversário hoje twice,meu aniversrio hoje twice,?,youtube
TWICE_Strategy,I Love twice,love twice,?,youtube
TWICE_Strategy,I LOVE YOU TWICE 💞💞✨,love twice,?,youtube
TWICE_Strategy,PERFEITAS,perfeita,?,youtube
TWICE_Strategy,MINHAS MÃES,minha me,?,youtube
TWICE_Strategy,LINDAS,linda,?,youtube
TWICE_Strategy,My taste in music is everything they release twice,tast music everyth releas twice,?,youtube
TWICE_Strategy,422k,k,?,youtube
TWICE_Strategy,So beautiful <3,beauti,?,youtube
TWICE_Strategy,422k,k,?,youtube
TWICE_Strategy,421k,k,?,youtube
TWICE_Strategy,Hola,hola,?,youtube
TWICE_Strategy,"Amee, colaboraciones que necesitaba ❤",ame colaboracion que necesitaba,?,youtube
TWICE_Strategy,20M LET'S GO ONCE,let go,?,youtube
TWICE_Strategy,Although I am a blink but this song is really grabbing to attention I like it's vibe so much,although blink song realli grab attent like vibe much,?,youtube
TWICE_Strategy,408k,k,?,youtube
TWICE_Strategy,Step 1,step,?,youtube
TWICE_Strategy,Strategy Twice,strategi twice,?,youtube
TWICE_Strategy,Momazo TWICE❤,momazo twice,?,youtube
TWICE_Strategy,Siempre traen lo mejor.,siempr traen lo mejor,?,youtube
TWICE_Strategy,Me encanta Twice,encanta twice,?,youtube
TWICE_Strategy,Las mejores siempre,la mejor siempr,?,youtube
TWICE_Strategy,20.4M vamos arriba,vamo arriba,?,youtube
TWICE_Strategy,❤❤❤❤❤,,?,youtube
TWICE_Strategy,MEGAAAAAN 🗣‼️,megaaaaan,?,youtube
TWICE_Strategy,1:33 Jihyo's parts are so addictive 😍😍‼️,jihyo part addict,?,youtube
TWICE_Strategy,Omg,omg,?,youtube
TWICE_Strategy,"Take out another one, I already have it",take anoth one alreadi,?,youtube
TWICE_Strategy,"6 OUTFIT (WHITE WITH STRATEGY, PINK WITH SHORT, PINK WITH PANTS, INDIVIDUAL CLOTHES (DAHYUN WITH HEART), BLACK TIE (JIHYO IN SKIRT)
1/6 ALREADY WEAR IN PERFORMANCE (PINK JACKET AND PANTS)",outfit white strategi pink short pink pant individu cloth dahyun heart black tie jihyo skirt alreadi wear perform pink jacket pant,?,youtube
TWICE_Strategy,0:36 LA PARTE DE SANA 😍😍😍,la part de sana,?,youtube
TWICE_Strategy,💗💗💗,,?,youtube
TWICE_Strategy,SLAY,slay,?,youtube
TWICE_Strategy,394k,k,?,youtube
TWICE_Strategy,💪🏻💪🏻💪🏻💪🏻,,?,youtube
TWICE_Strategy,Reines,rein,?,youtube
TWICE_Strategy,TWICE,twice,?,youtube
TWICE_Strategy,20m,,?,youtube
TWICE_Strategy,Megan Thee Stallion,megan thee stallion,?,youtube
TWICE_Strategy,🥰🥰🥰🥰🥰🥰🥰🥰🥰🥰🥰🥰🥰🥰🥰🥰🥰,,?,youtube
TWICE_Strategy,🥰🥰🥰🥰🥰,,?,youtube
TWICE_Strategy,amo a todos,amo todo,?,youtube
TWICE_Strategy,the best son ever ☺♥,best son ever,?,youtube
TWICE_Strategy,i love twice ♥,love twice,?,youtube
TWICE_Strategy,Twice i love you,twice love,?,youtube
TWICE_Strategy,MY ESTRATEGY,estrategi,?,youtube
TWICE_Strategy,"i think twice was really humble for too long. their versatility, the longevity of their career, their wholesome discography, the japanese and korean comebacks never overlaps, the collaboration they worked out, their insane vocals over the years, their face cards and the 9 visuals, the queens of japan, their kindness and love for their fans! I THINK IN THIS ERA OF KPOP, THEY'RE STILL THE NATION'S GG OF SOUTH KOREA! THE DAESANG THEY HAVE IN THEIR BELT, THE HITS AFTER HITS, IU, GDRAGON AND EVEN OTHER ICONS RECOGNIZE THEM! JYP REALLY HIT THE JACKPOT WHEN THEY DEBUTED THIS GROUP!!! TRULY IMMACULATE!",think twice realli humbl long versatil longev career wholesom discographi japanes korean comeback never overlap collabor work insan vocal year face card visual queen japan kind love fan think era kpop theyr still nation gg south korea daesang belt hit hit iu gdragon even icon recogn jyp realli hit jackpot debut group truli immacul,?,youtube
TWICE_Strategy,💞I LOVE TWICE 💞,love twice,?,youtube
TWICE_Strategy,TE AMO MINAAAAAA❤🎉,te amo minaaaaaa,?,youtube
TWICE_Strategy,386k,k,?,youtube
TWICE_Strategy,Bought my self a digipack .. i just cant stop playing the strategy album. I mean showing my support at my own time and online too. Btw fighting ONCES!! TWICE FIGHTING!!!,bought self digipack cant stop play strategi album mean show support time onlin btw fight onc twice fight,?,youtube
TWICE_Strategy,"Stream here Once,",stream,?,youtube
TWICE_Strategy,Stream Strategy Onces,stream strategi onc,?,youtube
TWICE_Strategy,Tô gostando muito dessa música,gostando muito dessa msica,?,youtube
TWICE_Strategy,Stream,stream,?,youtube
TWICE_Strategy,Esto es amor?❤,esto es amor,?,youtube
TWICE_Strategy,LOVE,love,?,youtube
TWICE_Strategy,🎉,,?,youtube
TWICE_Strategy,Imma getcha real good and I betcha ❤,imma getcha real good betcha,?,youtube
TWICE_Strategy,MOMO,momo,?,youtube
TWICE_Strategy,STREAMING 😋💞,stream,?,youtube
TWICE_Strategy,THE STREAM IS SO SLOWWWWWW,stream slo,?,youtube
TWICE_Strategy,Beautiful,beauti,?,youtube
TWICE_Strategy,love TWICE forever,love twice forev,?,youtube
TWICE_Strategy,i love TWICE,love twice,?,youtube
TWICE_Strategy,Viva Twice,viva twice,?,youtube
TWICE_Strategy,377k,k,?,youtube
TWICE_Strategy,Wow this song is awesome,wow song awesom,?,youtube
TWICE_Strategy,I am new once 🔂,new,?,youtube
TWICE_Strategy,20M368k,mk,?,youtube
TWICE_Strategy,Hola de nuevo (lo ví como 100 veces),hola de nuevo lo v como vece,?,youtube
TWICE_Strategy,❤❤,,?,youtube
TWICE_Strategy,"The loves of my life, I live for them",love life live,?,youtube
TWICE_Strategy,so fking good,fking good,?,youtube
TWICE_Strategy,"onces don’t stop yet, lets give twice more than 20M views!!",onc dont stop yet let give twice view,?,youtube
TWICE_Strategy,Im nayeon,im nayeon,?,youtube
TWICE_Strategy,Son muy talentosas,son muy talentosa,?,youtube
TWICE_Strategy,💗💗💗💗💗💗,,?,youtube
TWICE_Strategy,stream!!,stream,?,youtube
TWICE_Strategy,20.342K,k,?,youtube
TWICE_Strategy,21M otw!,otw,?,youtube
TWICE_Strategy,THIS IS SUCH A GOOD WAY TO END 2024,good way end,?,youtube
TWICE_Strategy,337k!,k,?,youtube
TWICE_Strategy,I loveeeeee this song really,loveeeee song realli,?,youtube
TWICE_Strategy,20m337k！！！,mk,?,youtube
TWICE_Strategy,Buenisimaaaaa🎉,buenisimaaaaa,?,youtube
TWICE_Strategy,"Enough I loved her, she is so good I love her, as always twice and Megan devouring 🫦❤️‍🔥",enough love good love alway twice megan devour,?,youtube
TWICE_Strategy,Twice best gg,twice best gg,?,youtube
TWICE_Strategy,332K,k,?,youtube
TWICE_Strategy,This song deserves success!  So keep streaming and listening more everyday,song deserv success keep stream listen everyday,?,youtube
TWICE_Strategy,Mi nayeon❤,mi nayeon,?,youtube
TWICE_Strategy,"1 OVO
3 COLHERES DE SOPA DE AÇÚCAR
3 COLHERES DE SOPA DE CHOCOLATE EM PÓ
3 COLHERES DE SOPA DE ÓLEO
3 COLHERES DE SOPA DE LEITE
3 COLHERES DE SOPA DE FARINHA DE TRIGO
1/2 COLHER DE CAFÉ DE FERMENTO QUÍMICO EM PÓ

Cobertura:
1/2 XÍCARA DE CHÁ (XÍCARA 200 ML) DE LEITE
3 COLHERES DE SOPA DE AÇÚCAR
3 COLHERES DE SOPA DE CHOCOLATE EM PÓ
1/2 COLHER DE SOPA DE MARGARINA",ovo colher de sopa de acar colher de sopa de chocol em p colher de sopa de leo colher de sopa de leit colher de sopa de farinha de trigo colher de caf de fermento qumico em p cobertura xcara de ch xcara ml de leit colher de sopa de acar colher de sopa de chocol em p colher de sopa de margarina,?,youtube
TWICE_Strategy,"Hey, boy, I'ma get ya
I'ma get you real good and I bet ya
Hey, boy, once I get ya
You'll be, oh, so glad that I met ya
Ow (TWICE)

Step one, do my highlight
Make me shine so bright in the moonlight
Step two, silhouette tight
Baby, even my shadow looks good, right?
Step three, when I arrive
Make you look my way with your heart eyes
Step four, got you on the floor
Make you say, ""More, more, more""

When I say, ""Hi...""
I'm feeling all your attention on me
Hi...
No reason to be so shy with me
I ain't gonna bite, come on over (No)
I know you wanna move a little closer (Yeah)
I got a plan to get you with me

I got you on my radar, soon you're gonna be with me
My strategy, strategy will get ya, get ya, baby
Winning is my trademark, soon you'll never wanna leave
My strategy, strategy will get ya, get ya, baby

Hey, boy, I'ma get ya
I'ma get you real good and I bet ya
Hey, boy, once I get ya
You'll be, oh, so glad that I met ya

When your cheeks go red (That's cute)
I wanna dance, you said (""Oh, cool"")
'Til I'm in your head (It's cruel)
And you can't forget
You're feeling things now, and you're confused
Watching my body getting loose
You don't know what you're gonna do
You're mine

When I say, ""Hi...""
I'm feeling all your attention on me
Hi...
No reason to be so shy with me
I ain't gonna bite, come on over (No)
I know you wanna move a little closer (Yeah)
I got a plan to get you with me

I got you on my radar, soon you're gonna be with me
My strategy, strategy will get ya, get ya, baby
Winning is my trademark, soon you'll never wanna leave
My strategy, strategy will get ya, get ya, baby
(real hot girl, shh)

Do you like that? (Huh?)
When I smack it and you watch it bounce it right back?
He really lost it when he saw me do the right, left (hmm)
I'm a man eater, you just a light snack (baow)
I got him pressed like he's workin' on his triceps (hmm)
I'ma flirt, I'ma tease, they be hurt after me
Told him: Baby, what's a player to the G-A-M-E?
Sand need to worry 'bout him bringin' me to the beach
Jealous? Who? Girl, please

Left, right, left, right, do it to the beat (do it to the beat)
Talk with my body, that's my strategy (baow, baow)
Other girls try, but I'm really hard to beat (I'm really hard to beat)
He'll be mine off my strategy (yeah, yeah)

Left, right, left, right, do it to the beat (do it to the beat)
Talk with my body, that's my strategy (baow, baow)
Other girls try, but I'm really hard to beat (yeah, I'm really hard to beat)
He'll be mine off my strategy (yeah, yeah)

My strategy, strategy
Like gravity, gravity
One look at me, look at me
I bet ya, bet ya, bet ya, boy
You'll be down on your knees
Calling me up, begging me, don't leave
My strategy, strategy
Will get ya, get ya, get ya, boy (Ah-oh!)

Hey, boy, I'ma get ya
I'ma get you real good and I bet ya (Real good and I bet ya)
Hey, boy, once I get ya
You'll be, oh, so glad that I met ya (Oh, so glad that I, ooh)
Hey, boy, I'ma get ya (Hey, boy, yeah)
I'ma get you real good and I bet ya (Good and I bet ya)
Hey, boy, once I get ya (Hey, boy)
You'll be, oh, so glad that I met ya (Oh, so glad that I met ya)

Hey, boy, I'ma get ya
I'ma get you real good and I bet ya",hey boy ima get ya ima get real good bet ya hey boy get ya youll oh glad met ya ow twice step one highlight make shine bright moonlight step two silhouett tight babi even shadow look good right step three arriv make look way heart eye step four got floor make say say hi im feel attent hi reason shi aint gonna bite come know wanna move littl closer yeah got plan get got radar soon your gonna strategi strategi get ya get ya babi win trademark soon youll never wanna leav strategi strategi get ya get ya babi hey boy ima get ya ima get real good bet ya hey boy get ya youll oh glad met ya cheek go red that cute wanna danc said oh cool til im head cruel cant forget your feel thing your confus watch bodi get loos dont know your gonna your mine say hi im feel attent hi reason shi aint gonna bite come know wanna move littl closer yeah got plan get got radar soon your gonna strategi strategi get ya get ya babi win trademark soon youll never wanna leav strategi strategi get ya get ya babi real hot girl shh like huh smack watch bounc right back realli lost saw right left hmm im man eater light snack baow got press like he workin tricep hmm ima flirt ima teas hurt told babi what player game sand need worri bout bringin beach jealou girl pleas left right left right beat beat talk bodi that strategi baow baow girl tri im realli hard beat im realli hard beat hell mine strategi yeah yeah left right left right beat beat talk bodi that strategi baow baow girl tri im realli hard beat yeah im realli hard beat hell mine strategi yeah yeah strategi strategi like graviti graviti one look look bet ya bet ya bet ya boy youll knee call beg dont leav strategi strategi get ya get ya get ya boy ahoh hey boy ima get ya ima get real good bet ya real good bet ya hey boy get ya youll oh glad met ya oh glad ooh hey boy ima get ya hey boy yeah ima get real good bet ya good bet ya hey boy get ya hey boy youll oh glad met ya oh glad met ya hey boy ima get ya ima get real good bet ya,?,youtube
TWICE_Strategy,"Omg i love this song! Love it, One in a millón!!  We need more song like this One Twice❤",omg love song love one milln need song like one twice,?,youtube
TWICE_Strategy,Amoooo,amoooo,?,youtube
TWICE_Strategy,Twice es lo mejor. Me encanta,twice es lo mejor encanta,?,youtube
TWICE_Strategy,324k,k,?,youtube
TWICE_Strategy,"Twice, what kind of song is this, I fell in love with it, it's perfect",twice kind song fell love perfect,?,youtube
TWICE_Strategy,amei amei amei,amei amei amei,?,youtube
TWICE_Strategy,00:57 ❤❤❤ 01:32 🔥🔥🔥,,?,youtube
TWICE_Strategy,Momo me recuerda a ella..,momo recuerda ella,?,youtube
TWICE_Strategy,I'm back because this is a masterpiece,im back masterpiec,?,youtube
TWICE_Strategy,321k!!! go for more everyone,k go everyon,?,youtube
TWICE_Strategy,😊🎉❤🎉🎉 stream 😊😊❤🎉,stream,?,youtube
TWICE_Strategy,Sana 😘,sana,?,youtube
TWICE_Strategy,So talented Queens,talent queen,?,youtube
TWICE_Strategy,They're so stunning,theyr stun,?,youtube
TWICE_Strategy,So beautiful,beauti,?,youtube
TWICE_Strategy,Twiceee,twicee,?,youtube
TWICE_Strategy,Ewwwww ewwww 🤢🤢🤢,e e,?,youtube
TWICE_Strategy,🤮🤮🤮🤮,,?,youtube
TWICE_Strategy,🤮🤮🤮💩💩💩💩🤢🤢🤢🤢🤢,,?,youtube
TWICE_Strategy,Twice,twice,?,youtube
TWICE_Strategy,FLOP 🤮🤮🤮🤮,flop,?,youtube
TWICE_Strategy,No one’s listening,one listen,?,youtube
TWICE_Strategy,Just disband lol 😂😂,disband lol,?,youtube
TWICE_Strategy,i ain’t gonna bite,aint gonna bite,?,youtube
TWICE_Strategy,317,,?,youtube
TWICE_Strategy,when i say hiiii,say hiiii,?,youtube
TWICE_Strategy,this is so goodd,goodd,?,youtube
TWICE_Strategy,do my highlight,highlight,?,youtube
TWICE_Strategy,Step 1!,step,?,youtube
TWICE_Strategy,Silhouette tight,silhouett tight,?,youtube
TWICE_Strategy,wow,wow,?,youtube
TWICE_Strategy,Got a plan to get you with me,got plan get,?,youtube
TWICE_Strategy,I aint gonna bite come on over,aint gonna bite come,?,youtube
TWICE_Strategy,make this 30M before year ends..,make year end,?,youtube
TWICE_Strategy,KEEP STREAMING ONCES 🤞🤞,keep stream onc,?,youtube
TWICE_Strategy,20M,,?,youtube
TWICE_Strategy,strategy,strategi,?,youtube
TWICE_Strategy,Genuinely obsessed with this song,genuin obsess song,?,youtube
TWICE_Strategy,Strategy,strategi,?,youtube
TWICE_Strategy,❤❤,,?,youtube
TWICE_Strategy,STRATEGY,strategi,?,youtube
TWICE_Strategy,"""You'll be down on your knees 
Calling me up begging me don't leave ""
Im already on my knees 😭💗",youll knee call beg dont leav im alreadi knee,?,youtube
TWICE_Strategy,6,,?,youtube
TWICE_Strategy,301k!!! go for more!!!!,k go,?,youtube
TWICE_Strategy,300k 🎉,k,?,youtube
TWICE_Strategy,Momo captain!!,momo captain,?,youtube
TWICE_Strategy,Ah this song is so good. I love everything about it!,ah song good love everyth,?,youtube
TWICE_Strategy,So we just gonna copy Doja cat,gonna copi doja cat,?,youtube
TWICE_Strategy,Vamos por más once,vamo por ms,?,youtube
TWICE_Strategy,holis,holi,?,youtube
TWICE_Strategy,20.3M,,?,youtube
TWICE_Strategy,"The song is very good, I'd listen to it every time I went, I love them twice",song good id listen everi time went love twice,?,youtube
TWICE_Strategy,guys stream what are we doinnn,guy stream doinnn,?,youtube
TWICE_Strategy,The visuals are serving,visual serv,?,youtube
TWICE_Strategy,287k,k,?,youtube
TWICE_Strategy,STRATEGYYYYY,strategyyyyi,?,youtube
TWICE_Strategy,Hey boy,hey boy,?,youtube
TWICE_Strategy,"STREAM ONCE, STREAM!!!!",stream stream,?,youtube
TWICE_Strategy,Stream💘,stream,?,youtube
TWICE_Strategy,i'm addicted....,im addict,?,youtube
TWICE_Strategy,I KNEW IT WAS KPOP WHEN THQT SONG APPEARED ON MY RADIO,knew kpop thqt song appear radio,?,youtube
TWICE_Strategy,🎉❤❤,,?,youtube
TWICE_Strategy,279k,k,?,youtube
TWICE_Strategy,me encanta tanto esta canciónnn!,encanta tanto esta cancinnn,?,youtube
TWICE_Strategy,275k,k,?,youtube
TWICE_Strategy,271k,k,?,youtube
TWICE_Strategy,272k!!! keep going more!!!,k keep go,?,youtube
TWICE_Strategy,107k comments,k comment,?,youtube
TWICE_Strategy,269k,k,?,youtube
TWICE_Strategy,Que lluevan las vistas🗣🗣,que lluevan la vista,?,youtube
TWICE_Strategy,"TWICE deserves more than 20M, But once don't help.",twice deserv dont help,?,youtube
TWICE_Strategy,I can feel to 4eve vibe from their song,feel eve vibe song,?,youtube
TWICE_Strategy,happy 20M,happi,?,youtube
TWICE_Strategy,Welcome 20M,welcom,?,youtube
TWICE_Strategy,Muito muito boa,muito muito boa,?,youtube
TWICE_Strategy,me encanta esta cancion!!!,encanta esta cancion,?,youtube
TWICE_Strategy,20000000 views,view,?,youtube
TWICE_Strategy,Strategy,strategi,?,youtube
TWICE_Strategy,Twice é um grupo tão perfeito,twice um grupo perfeito,?,youtube
TWICE_Strategy,Hi boy ❤❤ olá m3nino,hi boy ol mnino,?,youtube
TWICE_Strategy,257K,k,?,youtube
TWICE_Strategy,Guys I'm in love with TWICE,guy im love twice,?,youtube
TWICE_Strategy,Hey TWICE imma getcha,hey twice imma getcha,?,youtube
TWICE_Strategy,go,go,?,youtube
TWICE_Strategy,Hooray for 1M likes!,hooray like,?,youtube
TWICE_Strategy,25M views letsgo everyone !,view letsgo everyon,?,youtube
TWICE_Strategy,20.3M letsgo !,letsgo,?,youtube
TWICE_Strategy,256k,k,?,youtube
TWICE_Strategy,aee conseguimos 20M e 1M de likes,aee conseguimo e de like,?,youtube
TWICE_Strategy,Always perfect song from Twice baby,alway perfect song twice babi,?,youtube
TWICE_Strategy,21m let get it,let get,?,youtube
TWICE_Strategy,More more more my life Sanaaaaaa,life sanaaaaaa,?,youtube
TWICE_Strategy,Best şarkimmm,best arkimmm,?,youtube
TWICE_Strategy,This was their best comeback! I love it so much,best comeback love much,?,youtube
TWICE_Strategy,strategy,strategi,?,youtube
TWICE_Strategy,247K,k,?,youtube
TWICE_Strategy,"""I ain't gonna bite come on over"" lied cuz they ate.",aint gonna bite come lie cuz ate,?,youtube
TWICE_Strategy,strATEgy SOTY,strategi soti,?,youtube
TWICE_Strategy,30m this week,week,?,youtube
TWICE_Strategy,Streams oncee,stream once,?,youtube
TWICE_Strategy,Let's gooo once,let gooo,?,youtube
TWICE_Strategy,this song is sooo cvnty,song sooo cvnti,?,youtube
TWICE_Strategy,Streams strategy please and álbum spotify,stream strategi pleas lbum spotifi,?,youtube
TWICE_Strategy,Vote inkigayo hot stage onceee,vote inkigayo hot stage oncee,?,youtube
TWICE_Strategy,As melhores,melhor,?,youtube
TWICE_Strategy,Perfect,perfect,?,youtube
TWICE_Strategy,when i say hi,say hi,?,youtube
TWICE_Strategy,i loooove the whole album!,loooov whole album,?,youtube
TWICE_Strategy,"People keep saying they like this ""comeback"". To me Twice never had a comeback, cause they never left. They've been here for 10 years and are STILL going.",peopl keep say like comeback twice never comeback caus never left theyv year still go,?,youtube
TWICE_Strategy,"TWICE's ""Strategy (Feat. Megan Thee Stallion)"" debuted at #48 on this week's Billboard Global 200 chart.

It debuted at #35 on the Excl. US chart",twice strategi feat megan thee stallion debut week billboard global chart debut excl us chart,?,youtube
TWICE_Strategy,240k,k,?,youtube
TWICE_Strategy,240K,k,?,youtube
TWICE_Strategy,Sigamos ONCE! VAMOS,sigamo vamo,?,youtube
TWICE_Strategy,keep streaming onces!!,keep stream onc,?,youtube
TWICE_Strategy,My strategy strategy,strategi strategi,?,youtube
TWICE_Strategy,Heyy boyyyy Im getchha,heyi boyyyi im getchha,?,youtube
TWICE_Strategy,I wanna dance you said,wanna danc said,?,youtube
TWICE_Strategy,640k más para 21M once,k ms para,?,youtube
TWICE_Strategy,238k,k,?,youtube
TWICE_Strategy,237k,k,?,youtube
TWICE_Strategy,"STRATEGY by Twice has surpassed 900,000 copies sold on Circle Chart",strategi twice surpass copi sold circl chart,?,youtube
TWICE_Strategy,20M/233k! We can do more!!!! Keep going and streaming everyone 📈,mk keep go stream everyon,?,youtube
TWICE_Strategy,Love you Twice,love twice,?,youtube
TWICE_Strategy,Soty,soti,?,youtube
TWICE_Strategy,Obsesionada con las reinas del kpop,obsesionada con la reina del kpop,?,youtube
TWICE_Strategy,Let's go once,let go,?,youtube
TWICE_Strategy,Here again to support my girls ❤️‍🔥❤️‍🔥❤️‍🔥,support girl,?,youtube
TWICE_Strategy,Soty!,soti,?,youtube
TWICE_Strategy,233k,k,?,youtube
TWICE_Strategy,My strategy strategy will getcha getcha baby!,strategi strategi getcha getcha babi,?,youtube
TWICE_Strategy,30M vamos por ello once,vamo por ello,?,youtube
TWICE_Strategy,No puedo parar de escuchar Strategy y el album completo. Es perfecto.,puedo parar de escuchar strategi el album completo es perfecto,?,youtube
TWICE_Strategy,20.3M pronto once!,pronto,?,youtube
TWICE_Strategy,230k,k,?,youtube
TWICE_Strategy,Y'all... I didn't realize the cc was turned on and thought I was having a stroke (context: currently learning Korean but I am fluent in English even though it's not my native language) belatedly registering that it's an English track.,yall didnt realiz cc turn thought stroke context current learn korean fluent english even though nativ languag belatedli regist english track,?,youtube
TWICE_Strategy,Strategy iconic song,strategi icon song,?,youtube
TWICE_Strategy,Yess i love this song,yess love song,?,youtube
TWICE_Strategy,yaaaaaaaaaaas i love these girls stan twice ♡,yaaaaaaaaaaa love girl stan twice,?,youtube
TWICE_Strategy,224k,k,?,youtube
TWICE_Strategy,Twice strategy,twice strategi,?,youtube
TWICE_Strategy,Every time someone like my comment i'll watch it again,everi time someon like comment ill watch,?,youtube
TWICE_Strategy,Hi,hi,?,youtube
TWICE_Strategy,"100M Views
1M Likes
1M Comments!!",view like comment,?,youtube
TWICE_Strategy,"100M Views
1M Likes
1M Comments!!",view like comment,?,youtube
TWICE_Strategy,"100M Views
1M Likes
1M Comments!!",view like comment,?,youtube
TWICE_Strategy,"100M Views
1M Likes
1M Comments!!",view like comment,?,youtube
TWICE_Strategy,"100M Views
1M Likes
1M Comments!!",view like comment,?,youtube
TWICE_Strategy,Streammmmm,streammmmm,?,youtube
TWICE_Strategy,Are you ready for the coming TWICE WORLD TOUR? Which cities do you think they’ll visit?,readi come twice world tour citi think theyll visit,?,youtube
TWICE_Strategy,Get you on my radarr,get radarr,?,youtube
TWICE_Strategy,twice!!,twice,?,youtube
TWICE_Strategy,1M de likes ♥️♥️,de like,?,youtube
TWICE_Strategy,hmm,hmm,?,youtube
TWICE_Strategy,Let's once broadcast even more,let broadcast even,?,youtube
TWICE_Strategy,STREAM TWICE,stream twice,?,youtube
TWICE_Strategy,MY GIRLS,girl,?,youtube
TWICE_Strategy,amo,amo,?,youtube
TWICE_Strategy,"Onces, we need to win pre-voting for Music Bank on 27th Dec! We have a chance if we win pre-voting for the second trophy! Pre-voting starts next week (maybe)!! Go Onces!!",onc need win prevot music bank th dec chanc win prevot second trophi prevot start next week mayb go onc,?,youtube
TWICE_Strategy,❤❤,,?,youtube
TWICE_Strategy,ewww,ewww,?,youtube
TWICE_Strategy,30M now guys!,guy,?,youtube
TWICE_Strategy,Yesss !!! 1 million likes,yesss million like,?,youtube
TWICE_Strategy,Cháy lên yahhhh,chi ln yahhhh,?,youtube
TWICE_Strategy,HEY BOY!,hey boy,?,youtube
TWICE_Strategy,2:14 rap part❤❤,rap part,?,youtube
TWICE_Strategy,LETS GO 30M BEFORE THIRD WEEK!,let go third week,?,youtube
TWICE_Strategy,20M LETS REACH TO 30M!!! LETS GOO ONCEUUUU!!,let reach let goo onceuuuu,?,youtube
TWICE_Strategy,200k,k,?,youtube
TWICE_Strategy,My favorite song,favorit song,?,youtube
TWICE_Strategy,Gara gara mbak Meghan stal ❤,gara gara mbak meghan stal,?,youtube
TWICE_Strategy,step④,step,?,youtube
TWICE_Strategy,step③,step,?,youtube
TWICE_Strategy,step②,step,?,youtube
TWICE_Strategy,step①,step,?,youtube
TWICE_Strategy,"Listening to this the 1st time since I kind of didn't like one spark. ( I LOVE TWICE WITH ALL MY HEART.) It's really good. I love it The fact Megan is in there was CRAZY I don't know what else to say but Actually yes i do. The visuals, vocals, concept is really nice I really like it. Thank you Twice and Red Velvet ( special mentioned cause why not? ) for ending our 2024 with the best songs ever. <3",listen st time sinc kind didnt like one spark love twice heart realli good love fact megan crazi dont know els say actual ye visual vocal concept realli nice realli like thank twice red velvet special mention caus end best song ever,?,youtube
TWICE_Strategy,Lovely TWICE :-),love twice,?,youtube
TWICE_Strategy,3:10 I wish Meagan was in this partttt it would’ve been even better!!,wish meagan partttt wouldv even better,?,youtube
TWICE_Strategy,Is Strategy-trategy is a Korean version? They got speak Korea?,strategytrategi korean version got speak korea,?,youtube
TWICE_Strategy,FLOP,flop,?,youtube
TWICE_Strategy,2B deserves not 20M,b deserv,?,youtube
TWICE_Strategy,Es oooo,es oooo,?,youtube
TWICE_Strategy,strategy strategy get cha getcha baby〜,strategi strategi get cha getcha babi,?,youtube
TWICE_Strategy,190k,k,?,youtube
TWICE_Strategy,More more more!!,,?,youtube
TWICE_Strategy,Love this song ❤,love song,?,youtube
TWICE_Strategy,186k,k,?,youtube
TWICE_Strategy,181k,k,?,youtube
TWICE_Strategy,2:08 😍,,?,youtube
TWICE_Strategy,MY GIRLS!!,girl,?,youtube
TWICE_Strategy,25M,,?,youtube
TWICE_Strategy,177k,k,?,youtube
TWICE_Strategy,This song enter top #3 in my playlist,song enter top playlist,?,youtube
TWICE_Strategy,this masterpiece keeps repeating on my head 24/7 even tho I'm in the middle of having an important exam,masterpiec keep repeat head even tho im middl import exam,?,youtube
TWICE_Strategy,The daily views is better than One Spark now.,daili view better one spark,?,youtube
TWICE_Strategy,TWICE is the Most Active K-pop Girl Group in 9 years and their song always so good,twice activ kpop girl group year song alway good,?,youtube
TWICE_Strategy,stream strategy onces!!!!,stream strategi onc,?,youtube
TWICE_Strategy,This masterpiece really live in my brain for free,masterpiec realli live brain free,?,youtube
TWICE_Strategy,"reminder: pls do not use caps lock when you're commenting, it freezes the views 🗣️🗣️🗣️",remind pl use cap lock your comment freez view,?,youtube
TWICE_Strategy,20.171,,?,youtube
TWICE_Strategy,any Mina stans here??? 🙋‍♀️🙋‍♀️🙋‍♀️,mina stan,?,youtube
TWICE_Strategy,more more more,,?,youtube
TWICE_Strategy,"let's keep streaming ONCES, let's appreciate all the girls efforts for this just to deliver this masterpiece to us",let keep stream onc let appreci girl effort deliv masterpiec us,?,youtube
TWICE_Strategy,twice,twice,?,youtube
TWICE_Strategy,can we reach 30 million before new year? let's give this to the girls as a gift Onces!!!,reach million new year let give girl gift onc,?,youtube
TWICE_Strategy,Before 14 days 22million and stream for mama award 😢😊😊❤🎉❤,day million stream mama award,?,youtube
TWICE_Strategy,Party O'clock chorus?,parti oclock choru,?,youtube
TWICE_Strategy,Stream 1 month in 80million atleast❤❤🎉 plzzz😢😊❤❤🎉,stream month million atleast plzzz,?,youtube
TWICE_Strategy,"Let's go 30M before 2025!!!
We can do it ONCEEE!!!!",let go oncee,?,youtube
TWICE_Strategy,Pretty sad that the world wasn't happy with a cute clean group but had to add crass Megan thee Stallion.,pretti sad world wasnt happi cute clean group add crass megan thee stallion,?,youtube
TWICE_Strategy,2015,,?,youtube
TWICE_Strategy,158K,k,?,youtube
TWICE_Strategy,uri tedeungii,uri tedeungii,?,youtube
TWICE_Strategy,dua puluh koma satu,dua puluh koma satu,?,youtube
TWICE_Strategy,strategy strategy,strategi strategi,?,youtube
TWICE_Strategy,❤❤❤,,?,youtube
TWICE_Strategy,Twice,twice,?,youtube
TWICE_Strategy,151k only,k,?,youtube
TWICE_Strategy,Best video of the year,best video year,?,youtube
TWICE_Strategy,Pretty girls!!,pretti girl,?,youtube
TWICE_Strategy,He anladım megan sız,anladm megan sz,?,youtube
TWICE_Strategy,20.147,,?,youtube
TWICE_Strategy,I can't stop singing this song my mom also like it (cryy),cant stop sing song mom also like cryy,?,youtube
TWICE_Strategy,147K,k,?,youtube
TWICE_Strategy,I got you on my rader,got rader,?,youtube
TWICE_Strategy,25m views next lets do it Once,view next let,?,youtube
TWICE_Strategy,I love how Nayeon ends One Spark and Strategy,love nayeon end one spark strategi,?,youtube
TWICE_Strategy,HEY BOY IMMA GETCHA,hey boy imma getcha,?,youtube
TWICE_Strategy,Winning is my trademark soon you'll never wanna leavr,win trademark soon youll never wanna leavr,?,youtube
TWICE_Strategy,"Congratulations TWICE, you've done well in promoting Strategy. Our hard working queens!!",congratul twice youv done well promot strategi hard work queen,?,youtube
TWICE_Strategy,Real hot girl shhhh,real hot girl shhhh,?,youtube
TWICE_Strategy,Winning is my trademark <33,win trademark,?,youtube
TWICE_Strategy,I got you on my radarr,got radarr,?,youtube
TWICE_Strategy,Make ya say more more more,make ya say,?,youtube
TWICE_Strategy,Silhouette tight,silhouett tight,?,youtube
TWICE_Strategy,Str3am Onceus,stram onceu,?,youtube
TWICE_Strategy,Hey boy!,hey boy,?,youtube
TWICE_Strategy,Were is the streaming ??,stream,?,youtube
TWICE_Strategy,ONCE STR34M HARDER!!,strm harder,?,youtube
TWICE_Strategy,STREAM 😂😂🎉🎉🎉🎉🎉🎉🎉🎉🎉🎉🎉,stream,?,youtube
TWICE_Strategy,STREAM STREAAAAAAMMMMMMMMMMM 😂😂😂😂😂😂😂😂😂😂😂😂😂😂😂😂😂😂😂😂😂😂😂😂😂😂😂🎉🎉😂😂😂🎉😂🎉😂😂😂🎉😂🎉😂😂😂😂😂🎉😂😂🎉❤🎉😂🎉❤😢😂😢😂🎉😂🎉❤🎉😂😢🎉❤😮😮🎉😅❤😅🎉😮😢😂😢❤😮🎉,stream streaaaaaammmmmmmmmmm,?,youtube
TWICE_Strategy,🎉🎉🎉🎉🎉🎉🎉🎉🎉🎉🎉🎉🎉🎉🎉🎉🎉🎉😢😢😢😢😢😢😢😢😢😢😢,,?,youtube
TWICE_Strategy,So Goood!!! that's freaking awesome!!!! 👍😎❤,goood that freak awesom,?,youtube
TWICE_Strategy,A HIT!,hit,?,youtube
TWICE_Strategy,THIS IS A BANGERR,bangerr,?,youtube
TWICE_Strategy,②①m  let's go,let go,?,youtube
TWICE_Strategy,30M LETS GOOO,let gooo,?,youtube
TWICE_Strategy,"20m 
Good job",good job,?,youtube
TWICE_Strategy,great songs,great song,?,youtube
TWICE_Strategy,20M welcome!!!♡,welcom,?,youtube
TWICE_Strategy,133k,k,?,youtube
TWICE_Strategy,30M LETS GO!,let go,?,youtube
TWICE_Strategy,TWICE,twice,?,youtube
TWICE_Strategy,Congrats 20m,congrat,?,youtube
TWICE_Strategy,TWICE,twice,?,youtube
TWICE_Strategy,HEY BOY I'MA GET YA,hey boy ima get ya,?,youtube
TWICE_Strategy,",welcome 20M🎉",welcom,?,youtube
TWICE_Strategy,"keep using the song everywhere! tiktok, x, fb, ig, yt!!!!",keep use song everywher tiktok x fb ig yt,?,youtube
TWICE_Strategy,Happy 20M!!!,happi,?,youtube
TWICE_Strategy,comment “eyyy” if ur still streaming,comment eyyy ur still stream,?,youtube
TWICE_Strategy,20M yeyyyyy,yeyyyyy,?,youtube
TWICE_Strategy,Hey boy〜,hey boy,?,youtube
TWICE_Strategy,SANA MARRY ME?🤧💍,sana marri,?,youtube
TWICE_Strategy,20 MILLI YASSSS,milli yassss,?,youtube
TWICE_Strategy,1:32 to 1:40 😩🎧✨💗,,?,youtube
TWICE_Strategy,119k,k,?,youtube
TWICE_Strategy,Midzy here thank you once for supporting gold by itzy,midzi thank support gold itzi,?,youtube
TWICE_Strategy,I still want a long journey with TWICE who else?,still want long journey twice els,?,youtube
TWICE_Strategy,"Congratulations 20 Million , let's get more millions ;)",congratul million let get million,?,youtube
TWICE_Strategy,twice twice,twice twice,?,youtube
TWICE_Strategy,TWICE AND MEGAN COLLAB THE BEST,twice megan collab best,?,youtube
TWICE_Strategy,"Hey, boy, I'ma getcha
I'ma getcha real good and I betcha
(It's Megan Thee Stallion)
Hey, boy, once I getcha
You'll be, oh, so glad that I metcha
(And TWICE)

Ah-oh!

 
Step 1
Do my highlight
Make me shine so bright
In the moonlight

Step 2
Silhouette tight
Baby, even my shadow
Looks good, right?

Step 3
When I arrive
Make you look my way
With your heart eyes

Step 4
Got you on the floor
Make you say
More, more, more

When I say hi
I'm feeling all your attention on me
Hi, no reason to be so shy with me

I ain't gonna bite, comе on over (No)
I know you wanna move a little closеr (Yeah)

I got a plan to get you with me (Ah)


I got you on my radar
Soon you're gonna be with me
My strategy, strategy
Will getcha, getcha, baby

Winning is my trademark
Soon you'll never wanna leave
My strategy, strategy
Will getcha, getcha, baby


Hey, boy, I'ma getcha
I'ma getcha real good and I betcha
Hey, boy, once I getcha
You'll be, oh, so glad that I metcha


When your cheeks go red (That's cute)
I wanna dance, you said (Oh, cool)
'Til I'm in your head (It's cruel)
And you can't forget

You're feeling things now
And you're confused
Watching my body getting loose
You don't know what you're gonna do
You're mine

When I say hi
I'm feeling all your attention on me
Hi, no reason to be so shy with me

I ain't gonna bite, come on over (No)
I know you wanna move a little closer (Yeah)

I got a plan to get you with me (Ah)


I got you on my radar
Soon you're gonna be with me
My strategy, strategy
Will getcha, getcha, baby

Winning is my trademark
Soon you'll never wanna leave
My strategy, strategy
Will getcha, getcha, baby



Real hot girl sheeee

Do you like that?
When I smack it and 
You watch it bounce it right back?
He really lost it
When he saw me do the right, left

I'ma man eater
You just a light snack
I got him pressed like
He's workin' on his triceps

I'ma flirt, I'ma tease
Baby hurt after me
Tell'em baby
What's a player to the GAME

Sayin' need the word by him
Bringing me to the beach
Jealous? Who?
Girl, please

Left, right, left, right
Do it to the beat
Talk with my body
That's my strategy

Other girls tryin'
But I'm really hard to beat
He'll be mine off my strategy

Left, right, left, right
Do it to the beat
Talk with my body
That's my strategy

Other girls tryin'
But I'm really hard to beat
He'll be mine off my strategy



My strategy, strategy
Like gravity, gravity
One look at me, look at me
I betcha, betcha, betcha, boy

You'll be down on your knees
Calling me up begging me don't leave
My strategy, strategy
Will getcha, getcha, getcha, boy

(Ah-oh!)

 
Hey, boy, I'ma getcha
I'ma getcha real good and I betcha
Hey, boy, once I getcha
You'll be, oh, so glad that I metcha

Hey, boy, I'ma getcha
I'ma getcha real good and I betcha
Hey, boy, once I getcha
You'll be, oh, so glad that I metcha


Hey, boy, I'ma getcha
I'ma getcha real good and I betcha",hey boy ima getcha ima getcha real good betcha megan thee stallion hey boy getcha youll oh glad metcha twice ahoh step highlight make shine bright moonlight step silhouett tight babi even shadow look good right step arriv make look way heart eye step got floor make say say hi im feel attent hi reason shi aint gonna bite com know wanna move littl closr yeah got plan get ah got radar soon your gonna strategi strategi getcha getcha babi win trademark soon youll never wanna leav strategi strategi getcha getcha babi hey boy ima getcha ima getcha real good betcha hey boy getcha youll oh glad metcha cheek go red that cute wanna danc said oh cool til im head cruel cant forget your feel thing your confus watch bodi get loos dont know your gonna your mine say hi im feel attent hi reason shi aint gonna bite come know wanna move littl closer yeah got plan get ah got radar soon your gonna strategi strategi getcha getcha babi win trademark soon youll never wanna leav strategi strategi getcha getcha babi real hot girl sheeee like smack youwatchitbounceit right back realli lost saw right left ima man eater light snack got press like he workin tricep ima flirt ima teas babi hurt tellem babi what player game sayin need word bring beach jealou girl pleas left right left right beat talkwith bodi that strategi girl tryin im reallyhard beat hell mine strategi left right left right beat talkwith bodi that strategi girl tryin im reallyhard beat hell mine strategi strategi strategi like graviti graviti one look look betcha betcha betcha boy youll yourkne call beg dont leav strategi strategi getcha getcha getcha boy ahoh hey boy ima getcha ima getcha real good betcha hey boy getcha youll oh glad metcha hey boy ima getcha ima getcha real good betcha hey boy getcha youll oh glad metcha hey boy ima getcha ima getcha real good betcha,?,youtube
TWICE_Strategy,20M!🎉,,?,youtube
TWICE_Strategy,The LEGENDS,legend,?,youtube
TWICE_Strategy,Lovely girls,love girl,?,youtube
NCTDREAM_WhenImWithYou,A mysterious sensation ~~,mysteri sensat,?,youtube
NCTDREAM_WhenImWithYou,Its been 13 days since it released time fly so fast😢,day sinc releas time fli fast,?,youtube
NCTDREAM_WhenImWithYou,11 M today,today,?,youtube
NCTDREAM_WhenImWithYou,Day and night with you,day night,?,youtube
NCTDREAM_WhenImWithYou,When I’m with dream 🥰🩵🩵🩵🩵,im dream,?,youtube
NCTDREAM_WhenImWithYou,Chenle 🌟,chenl,?,youtube
NCTDREAM_WhenImWithYou,Selamaaatt pagiiiii,selamaaatt pagiiiii,?,youtube
NCTDREAM_WhenImWithYou,"Everything about this song is beautiful, thank you nct dream for always giving us masterpieces",everyth song beauti thank nct dream alway give us masterpiec,?,youtube
NCTDREAM_WhenImWithYou,Brazil loves nct dream <3,brazil love nct dream,?,youtube
NCTDREAM_WhenImWithYou,"Renjun 
🕺",renjun,?,youtube
NCTDREAM_WhenImWithYou,11 jt yuks hari ini,jt yuk hari ini,?,youtube
NCTDREAM_WhenImWithYou,Voten en HIGHER y ALL CHART,voten en higher chart,?,youtube
NCTDREAM_WhenImWithYou,"10,915",,?,youtube
NCTDREAM_WhenImWithYou,914,,?,youtube
NCTDREAM_WhenImWithYou,"Besok bisa nih 11M harusnya, apa ga muak kalian liat angka 10 wkwk",besok bisa nih harusnya apa ga muak kalian liat angka wkwk,?,youtube
NCTDREAM_WhenImWithYou,Thankyou for being 7 and sing this beautiful song!!!!!! Thankyou for always happy and healthy dreamies you guys really human medicine ❤❤❤❤❤❤❤❤❤❤❤🎉🎉🎉🎉🎉 wishing this album successfully and i will wait 7dreamies in TDS4 Concert in jakarta!! I wish i have a chance to meet 7dreamies again!!,thankyou sing beauti song thankyou alway happi healthi dreami guy realli human medicin wish album success wait dreami td concert jakarta wish chanc meet dreami,?,youtube
NCTDREAM_WhenImWithYou,OYY AYUKKK STREAM PLIS,oyi ayukkk stream pli,?,youtube
NCTDREAM_WhenImWithYou,NCT DREAM is the best,nct dream best,?,youtube
NCTDREAM_WhenImWithYou,semangat stream guys!! masih 10 besar di tren,semangat stream guy masih besar di tren,?,youtube
NCTDREAM_WhenImWithYou,10.910k,k,?,youtube
NCTDREAM_WhenImWithYou,Congrasttt❤🎉,congrasttt,?,youtube
NCTDREAM_WhenImWithYou,Sugohesso,sugohesso,?,youtube
NCTDREAM_WhenImWithYou,ayoo kita muponnn dari angka keramat ini,ayoo kita muponnn dari angka keramat ini,?,youtube
NCTDREAM_WhenImWithYou,hola renjun te amo precioso,hola renjun te amo precioso,?,youtube
NCTDREAM_WhenImWithYou,let's go 11M,let go,?,youtube
NCTDREAM_WhenImWithYou,Kecanduan when im with you,kecanduan im,?,youtube
NCTDREAM_WhenImWithYou,"Jeno, Jaemin, Mark, Renjun, Chenle, Jisung, Haechan ❤",jeno jaemin mark renjun chenl jisung haechan,?,youtube
NCTDREAM_WhenImWithYou,likes are increasing as well<33,like increas well,?,youtube
NCTDREAM_WhenImWithYou,Semangat semangat!!,semangat semangat,?,youtube
NCTDREAM_WhenImWithYou,907.295,,?,youtube
NCTDREAM_WhenImWithYou,907,,?,youtube
NCTDREAM_WhenImWithYou,Best leader Mark :),best leader mark,?,youtube
NCTDREAM_WhenImWithYou,YO DREAM,yo dream,?,youtube
NCTDREAM_WhenImWithYou,Fighting for 11M ~~✓,fight,?,youtube
NCTDREAM_WhenImWithYou,"Coming from Nopogy 😅 just had time to stay on the internet. Well i agree with Shownu, its catchy indeed.",come nopogi time stay internet well agre shownu catchi inde,?,youtube
NCTDREAM_WhenImWithYou,GO DREAM!,go dream,?,youtube
NCTDREAM_WhenImWithYou,Seminggu naik sejuta ini mah 😭🙏🏻,seminggu naik sejuta ini mah,?,youtube
NCTDREAM_WhenImWithYou,Go go dream,go go dream,?,youtube
NCTDREAM_WhenImWithYou,Come on guys,come guy,?,youtube
NCTDREAM_WhenImWithYou,"Recién lo veo, el tema esta bonito ♡",recin lo veo el tema esta bonito,?,youtube
NCTDREAM_WhenImWithYou,Cute ❤,cute,?,youtube
NCTDREAM_WhenImWithYou,7DREAM,dream,?,youtube
NCTDREAM_WhenImWithYou,"Ini yg terakhir buat hari ini ya,soalnya udh ngantuk mau bobo dulu",ini yg terakhir buat hari ini yasoalnya udh ngantuk mau bobo dulu,?,youtube
NCTDREAM_WhenImWithYou,Akhirnya geser ke sembilan eh... S3manGaT,akhirnya geser ke sembilan eh smangat,?,youtube
NCTDREAM_WhenImWithYou,Don't forget to listen to the song on all music platforms,dont forget listen song music platform,?,youtube
NCTDREAM_WhenImWithYou,"always listen to this song wherever... let's watch and listen to this MV often, we can definitely give a lot of wins to 7dream as long as we stay consistent",alway listen song wherev let watch listen mv often definit give lot win dream long stay consist,?,youtube
NCTDREAM_WhenImWithYou,lets stream tgt guys,let stream tgt guy,?,youtube
NCTDREAM_WhenImWithYou,100k lagi 11juta. semangattt,k lagi juta semangattt,?,youtube
NCTDREAM_WhenImWithYou,Lama banget 11m nya ih,lama banget nya ih,?,youtube
NCTDREAM_WhenImWithYou,let’s get 4th win !!!,let get th win,?,youtube
NCTDREAM_WhenImWithYou,dont forget to vote dream on allchart pre voting guys,dont forget vote dream allchart pre vote guy,?,youtube
NCTDREAM_WhenImWithYou,10900,,?,youtube
NCTDREAM_WhenImWithYou,"Let's be consistent str3ming again, 11M let's go guys fighting",let consist strming let go guy fight,?,youtube
NCTDREAM_WhenImWithYou,Gemes deh sama viewsnya,geme deh sama viewsnya,?,youtube
NCTDREAM_WhenImWithYou,Pokoknya tetap str3aming :),pokoknya tetap strame,?,youtube
NCTDREAM_WhenImWithYou,"I just met them and I already loved them, I loved the songs, they're great, I'm from Brazil, they've gone far",met alreadi love love song theyr great im brazil theyv gone far,?,youtube
NCTDREAM_WhenImWithYou,11m let’s go,let go,?,youtube
NCTDREAM_WhenImWithYou,chenle💚💚💚💚💚💚,chenl,?,youtube
NCTDREAM_WhenImWithYou,Still here for Dreamies,still dreami,?,youtube
NCTDREAM_WhenImWithYou,Mark Lee <3,mark lee,?,youtube
NCTDREAM_WhenImWithYou,Sambil mandipun ttp streaming 🤣,sambil mandipun ttp stream,?,youtube
NCTDREAM_WhenImWithYou,fighting. everyone!!,fight everyon,?,youtube
NCTDREAM_WhenImWithYou,Renjun💗💗💗,renjun,?,youtube
NCTDREAM_WhenImWithYou,Sad :( but its okay,sad okay,?,youtube
NCTDREAM_WhenImWithYou,SEMANGAT DREAAAMSSSSSSSSSSSSSSSSSSSSS,semangat dreaaamsssssssssssssssssssss,?,youtube
NCTDREAM_WhenImWithYou,"Kenapa sulit naiknya, ayo dong semangatt",kenapa sulit naiknya ayo dong semangatt,?,youtube
NCTDREAM_WhenImWithYou,Keep streaming guys for 7 dreams..,keep stream guy dream,?,youtube
NCTDREAM_WhenImWithYou,I love u foreverr,love u foreverr,?,youtube
NCTDREAM_WhenImWithYou,"Yuk bisa yuk sedikit lagii
Semangat semuanya!!!",yuk bisa yuk sedikit lagii semangat semuanya,?,youtube
NCTDREAM_WhenImWithYou,"Guys kenapa susah banget naiknya :""(",guy kenapa susah banget naiknya,?,youtube
NCTDREAM_WhenImWithYou,lesgoo,lesgoo,?,youtube
NCTDREAM_WhenImWithYou,Ga menang di inkigayo ya?,ga menang di inkigayo ya,?,youtube
NCTDREAM_WhenImWithYou,888,,?,youtube
NCTDREAM_WhenImWithYou,"Cuando la canción es tan buena, que da gusto escucharla en repetición ┌⁠(⁠・⁠。⁠・⁠)⁠┘⁠♪",cuando la cancin es tan buena que da gusto escucharla en repeticin,?,youtube
NCTDREAM_WhenImWithYou,887,,?,youtube
NCTDREAM_WhenImWithYou,Voten en las aplicaciones ALL CHART y HIGHER,voten en la aplicacion chart higher,?,youtube
NCTDREAM_WhenImWithYou,886,,?,youtube
NCTDREAM_WhenImWithYou,Guys pls vote in korea all chart…,guy pl vote korea chart,?,youtube
NCTDREAM_WhenImWithYou,"Sedih ,, Mian dreams ..",sedih mian dream,?,youtube
NCTDREAM_WhenImWithYou,yahh kita gagal di inkigayo guyss but its okeyy keep streamm,yahh kita gagal di inkigayo guyss okeyi keep streamm,?,youtube
NCTDREAM_WhenImWithYou,keep str3aming,keep strame,?,youtube
NCTDREAM_WhenImWithYou,"streamin9nya, sambil nonton live inkigayo.",streaminnya sambil nonton live inkigayo,?,youtube
NCTDREAM_WhenImWithYou,yo dream !,yo dream,?,youtube
NCTDREAM_WhenImWithYou,Let's goooo,let goooo,?,youtube
NCTDREAM_WhenImWithYou,Ini serius 10 terus?,ini seriu teru,?,youtube
NCTDREAM_WhenImWithYou,Kajaa 11,kajaa,?,youtube
NCTDREAM_WhenImWithYou,mark lee,mark lee,?,youtube
NCTDREAM_WhenImWithYou,tetap bolak balik :),tetap bolak balik,?,youtube
NCTDREAM_WhenImWithYou,KAPANNN BERANJAKKK DARI 10.8 NIHHHH ARRGHHHH GERAMNYAA😢,kapannn beranjakkk dari nihhhh arrghhhh geramnyaa,?,youtube
NCTDREAM_WhenImWithYou,MC Jeno is back.,mc jeno back,?,youtube
NCTDREAM_WhenImWithYou,Let's stream,let stream,?,youtube
NCTDREAM_WhenImWithYou,PLISS AYO TTP STREAM GYUS,pliss ayo ttp stream gyu,?,youtube
NCTDREAM_WhenImWithYou,Harii ini di Inkigayo mc nya jeno,harii ini di inkigayo mc nya jeno,?,youtube
NCTDREAM_WhenImWithYou,I can feel that jisung is shining so bright with his voice. And he singing😭😭 soo coool❤,feel jisung shine bright voic sing soo coool,?,youtube
NCTDREAM_WhenImWithYou,Woww 11M letsgooo,woww letsgooo,?,youtube
NCTDREAM_WhenImWithYou,The choreo honestly looks so fun! Def teaching this one in studio 💚,choreo honestli look fun def teach one studio,?,youtube
NCTDREAM_WhenImWithYou,waiting behind the scene,wait behind scene,?,youtube
NCTDREAM_WhenImWithYou,Streaming sambil bungkusin snack buat ultah anak,stream sambil bungkusin snack buat ultah anak,?,youtube
NCTDREAM_WhenImWithYou,semoga nanti menang ya di inkigayo,semoga nanti menang ya di inkigayo,?,youtube
NCTDREAM_WhenImWithYou,"10,872",,?,youtube
NCTDREAM_WhenImWithYou,"Suka sama lagunya
Semangat gays",suka sama lagunya semangat gay,?,youtube
NCTDREAM_WhenImWithYou,Yokk stream1ng lagii,yokk streamng lagii,?,youtube
NCTDREAM_WhenImWithYou,PROUD OF YOU DREAMIES 🙌🏼🙌🏼🙌🏼💓💓💓,proud dreami,?,youtube
NCTDREAM_WhenImWithYou,"Satu kata ""KEREN""",satu kata keren,?,youtube
NCTDREAM_WhenImWithYou,Semangat semangat weekend..,semangat semangat weekend,?,youtube
NCTDREAM_WhenImWithYou,Kenapa stuck di 10jt terus sih😭,kenapa stuck di jt teru sih,?,youtube
NCTDREAM_WhenImWithYou,lol flop,lol flop,?,youtube
NCTDREAM_WhenImWithYou,Semaangaattt,semaangaattt,?,youtube
NCTDREAM_WhenImWithYou,Hari ini ke inkigayo ya?,hari ini ke inkigayo ya,?,youtube
NCTDREAM_WhenImWithYou,Day and night i think about dreamies <3,day night think dreami,?,youtube
NCTDREAM_WhenImWithYou,"guys, for the  next comeback we need the 2021-2022 spirit for nct dream .. at least 20M for their mvs in the first 24hs!!!!",guy next comeback need spirit nct dream least mv first hs,?,youtube
NCTDREAM_WhenImWithYou,"868
NCTZEN FROM PERU",nctzen peru,?,youtube
NCTDREAM_WhenImWithYou,kerennn! i'm so proud of you dreams!,kerennn im proud dream,?,youtube
NCTDREAM_WhenImWithYou,8six7,six,?,youtube
NCTDREAM_WhenImWithYou,when I'm with you I'm so blind 🥰🥰🥰,im im blind,?,youtube
NCTDREAM_WhenImWithYou,💚🤍💚🤍,,?,youtube
NCTDREAM_WhenImWithYou,Felicidades dreamies por su tercer win en music core!!!,felicidad dreami por su tercer win en music core,?,youtube
NCTDREAM_WhenImWithYou,best vocal with 7visual,best vocal visual,?,youtube
NCTDREAM_WhenImWithYou,guys keep voting juga buat dream di idol champ sama allchart,guy keep vote juga buat dream di idol champ sama allchart,?,youtube
NCTDREAM_WhenImWithYou,"Gara2 konten, denger bridge chenle jd pengen ngakak😂",gara konten denger bridg chenl jd pengen ngakak,?,youtube
NCTDREAM_WhenImWithYou,💚💚💚💚💚💚💚💚,,?,youtube
NCTDREAM_WhenImWithYou,02:45 my favorite part😚😚,favorit part,?,youtube
NCTDREAM_WhenImWithYou,10.866,,?,youtube
NCTDREAM_WhenImWithYou,10.865,,?,youtube
NCTDREAM_WhenImWithYou,Is there anyone? Keep your spirits up!!,anyon keep spirit,?,youtube
NCTDREAM_WhenImWithYou,Berasa streaming sendirian,berasa stream sendirian,?,youtube
NCTDREAM_WhenImWithYou,Naiknya dikit banget pdhal hari libur,naiknya dikit banget pdhal hari libur,?,youtube
NCTDREAM_WhenImWithYou,May pa ayuda pala sa dulo ❤,may pa ayuda pala sa dulo,?,youtube
NCTDREAM_WhenImWithYou,Subuh2 lgsg streaming,subuh lgsg stream,?,youtube
NCTDREAM_WhenImWithYou,When I'm with you ♡˖꒰ᵕ༚ᵕ⑅꒱,im,?,youtube
NCTDREAM_WhenImWithYou,858,,?,youtube
NCTDREAM_WhenImWithYou,"kenapa sekarang jadi down gini streaming nya :""",kenapa sekarang jadi gini stream nya,?,youtube
NCTDREAM_WhenImWithYou,DEVORARONNNN,devoraronnnn,?,youtube
NCTDREAM_WhenImWithYou,HERMOSA CANCIÓN,hermosa cancin,?,youtube
NCTDREAM_WhenImWithYou,Part chenle bener2 terngiang ngiang sih,part chenl bener terngiang ngiang sih,?,youtube
NCTDREAM_WhenImWithYou,Bangun tidur kuterus WHEN IM WITH YOU TERETERETTERET,bangun tidur kuteru im tereteretteret,?,youtube
NCTDREAM_WhenImWithYou,vote to see more encore stage!!  Fighting! Czennie!,vote see encor stage fight czenni,?,youtube
NCTDREAM_WhenImWithYou,"I’m an army & stay, not their fan but it’s heartbreaking and so sad to see tiktoks and twt hating (and it’s their fans that are hating wtf😢). Like I’m sure they worked hard for the comeback, even though it’s not idk maybe what their fan expected but please respect these boys 😭 idols are also human guyss 🥺 if you don’t like the song just stfu and support them. You guys are their Goddamn fan gosh, you are supposed to be their number 1 supporter wtf 😭",im armi stay fan heartbreak sad see tiktok twt hate fan hate wtf like im sure work hard comeback even though idk mayb fan expect pleas respect boy idol also human guyss dont like song stfu support guy goddamn fan gosh suppos number support wtf,?,youtube
NCTDREAM_WhenImWithYou,WIWY 3rd win on Music Core! 🎉,wiwi rd win music core,?,youtube
NCTDREAM_WhenImWithYou,Semangat str3min9 sama vote ya guysss.,semangat strmin sama vote ya guysss,?,youtube
NCTDREAM_WhenImWithYou,lets c0mment on amazing saturday dream song and tell everyone esp knets that all dreams songs are so amazing,let cmment amaz saturday dream song tell everyon esp knet dream song amaz,?,youtube
NCTDREAM_WhenImWithYou,22 Nov 2024 Happy birthday to Chenle.,nov happi birthday chenl,?,youtube
NCTDREAM_WhenImWithYou,Hãy stream thật nhiều để đạt cúp thứ 4 nào,hy stream tht nhiu cp th,?,youtube
NCTDREAM_WhenImWithYou,keep watching their mv please,keep watch mv pleas,?,youtube
NCTDREAM_WhenImWithYou,don't give up everyone,dont give everyon,?,youtube
NCTDREAM_WhenImWithYou,"Stream pls, otw 11M",stream pl otw,?,youtube
NCTDREAM_WhenImWithYou,Why it go up so slowlu,go slowlu,?,youtube
NCTDREAM_WhenImWithYou,(⁠.⁠⁠❛⁠⁠ᴗ⁠⁠❛⁠.⁠),,?,youtube
NCTDREAM_WhenImWithYou,"10,847",,?,youtube
NCTDREAM_WhenImWithYou,10.847,,?,youtube
NCTDREAM_WhenImWithYou,WIWY 3rd Win,wiwi rd win,?,youtube
NCTDREAM_WhenImWithYou,Did y'all still stream?? If you do i want say thank you and fighting for 11M 😊🩵💛💙❤️🩷🧡💚,yall still stream want say thank fight,?,youtube
NCTDREAM_WhenImWithYou,Semangat streaming guysss,semangat stream guysss,?,youtube
NCTDREAM_WhenImWithYou,Fighting!!,fight,?,youtube
NCTDREAM_WhenImWithYou,"Drimjen, streaming lets go....",drimjen stream let go,?,youtube
NCTDREAM_WhenImWithYou,Yeyyy,yeyyy,?,youtube
NCTDREAM_WhenImWithYou,almost 450like.. lets keep strming and use mubank performance this week as filler,almost like let keep strming use mubank perform week filler,?,youtube
NCTDREAM_WhenImWithYou,so beautifull,beautiful,?,youtube
NCTDREAM_WhenImWithYou,"Keep streaming guys! Let's go to win next mushow, fighting for 7dream!",keep stream guy let go win next mushow fight dream,?,youtube
NCTDREAM_WhenImWithYou,Let's go to 11M,let go,?,youtube
NCTDREAM_WhenImWithYou,❤🎉,,?,youtube
NCTDREAM_WhenImWithYou,Omo omo masih 10.8 :(,omo omo masih,?,youtube
NCTDREAM_WhenImWithYou,🎉,,?,youtube
NCTDREAM_WhenImWithYou,ayo ajak semuanya strming gaes biar bisa menang lagii,ayo ajak semuanya strming gae biar bisa menang lagii,?,youtube
NCTDREAM_WhenImWithYou,ayoo vote dream lagi biar bisa wiwy menang lagi guyss,ayoo vote dream lagi biar bisa wiwi menang lagi guyss,?,youtube
NCTDREAM_WhenImWithYou,"3rd win selamat ya, semoga terus sukses ya .. we love you",rd win selamat ya semoga teru suks ya love,?,youtube
NCTDREAM_WhenImWithYou,I'm still here,im still,?,youtube
NCTDREAM_WhenImWithYou,Letsgoooo dikit lagi 11m.,letsgoooo dikit lagi,?,youtube
NCTDREAM_WhenImWithYou,go gooo🩵,go gooo,?,youtube
NCTDREAM_WhenImWithYou,This song is so amazing,song amaz,?,youtube
NCTDREAM_WhenImWithYou,Yu bisa yu sebulan 30 ? 50 bersyukur bgtt,yu bisa yu sebulan bersyukur bgtt,?,youtube
NCTDREAM_WhenImWithYou,WHEN I'M WITH YOU 3RD WIN!!!! CONGRATULATIONS,im rd win congratul,?,youtube
NCTDREAM_WhenImWithYou,Im not myself when im with you,im im,?,youtube
NCTDREAM_WhenImWithYou,best song of the year!,best song year,?,youtube
NCTDREAM_WhenImWithYou,im here again after the 3rd winn😭,im rd winn,?,youtube
NCTDREAM_WhenImWithYou,"Maaf guys baru bisa streaming lagi sekarang,soalnya dua hari ini super sibuk😓😭",maaf guy baru bisa stream lagi sekarangsoalnya dua hari ini super sibuk,?,youtube
NCTDREAM_WhenImWithYou,*＊✿❀　❀✿＊*,,?,youtube
NCTDREAM_WhenImWithYou,"Congrast for nct dream and dreamzen
We can do it",congrast nct dream dreamzen,?,youtube
NCTDREAM_WhenImWithYou,Streaming buat nambahin voting mingdep,stream buat nambahin vote mingdep,?,youtube
NCTDREAM_WhenImWithYou,I'm back,im back,?,youtube
NCTDREAM_WhenImWithYou,kereen ... third win,kereen third win,?,youtube
NCTDREAM_WhenImWithYou,"160k more to 11m, let's go! ^^",k let go,?,youtube
NCTDREAM_WhenImWithYou,Sayang 7dream sama dreamzen yang masih setia streaming,sayang dream sama dreamzen yang masih setia stream,?,youtube
NCTDREAM_WhenImWithYou,lesgooo,lesgooo,?,youtube
NCTDREAM_WhenImWithYou,Sayang sayang nyaa akuu  ❤,sayang sayang nyaa akuu,?,youtube
NCTDREAM_WhenImWithYou,congrats on your third wins dreamiesss,congrat third win dreamiesss,?,youtube
NCTDREAM_WhenImWithYou,This song is such a masterpiece 🔥🔥 I can't stop listening to it helpp(bros done making me obsessed)😭,song masterpiec cant stop listen helppbro done make obsess,?,youtube
NCTDREAM_WhenImWithYou,Hello guys,hello guy,?,youtube
NCTDREAM_WhenImWithYou,Pliiss ajakin dreamzen buat streaming biar nambah poin menang di promosinya dream,pliiss ajakin dreamzen buat stream biar nambah poin menang di promosinya dream,?,youtube
NCTDREAM_WhenImWithYou,7DREAM forever,dream forev,?,youtube
NCTDREAM_WhenImWithYou,Keren keren,keren keren,?,youtube
NCTDREAM_WhenImWithYou,i'm satisfied...,im satisfi,?,youtube
NCTDREAM_WhenImWithYou,Sooooooo❤❤❤❤❤❤❤❤,sooooooo,?,youtube
NCTDREAM_WhenImWithYou,Chenle bridge let's go,chenl bridg let go,?,youtube
NCTDREAM_WhenImWithYou,Happy 3rd win with WIWY,happi rd win wiwi,?,youtube
NCTDREAM_WhenImWithYou,"10,837",,?,youtube
NCTDREAM_WhenImWithYou,836,,?,youtube
NCTDREAM_WhenImWithYou,please watch music bank performance a lot to add our broadcast points,pleas watch music bank perform lot add broadcast point,?,youtube
NCTDREAM_WhenImWithYou,lets go all out for next week,let go next week,?,youtube
NCTDREAM_WhenImWithYou,Semangat kejar 11,semangat kejar,?,youtube
NCTDREAM_WhenImWithYou,"Guys lets streaming again, just a little and 11 M!!.... Go go go",guy let stream littl go go go,?,youtube
NCTDREAM_WhenImWithYou,WIWY 3rd win we cheered!!!!,wiwi rd win cheer,?,youtube
NCTDREAM_WhenImWithYou,Semangatt streaming gaisee,semangatt stream gaise,?,youtube
NCTDREAM_WhenImWithYou,4th WIN FOR DREAMIES!!! LET'S STR3AMMM GUYSSSS,th win dreami let strammm guyssss,?,youtube
NCTDREAM_WhenImWithYou,WHEN I'M WITH YOUUUU,im youuuu,?,youtube
NCTDREAM_WhenImWithYou,831,,?,youtube
NCTDREAM_WhenImWithYou,💚💚💚💚💚💚,,?,youtube
NCTDREAM_WhenImWithYou,Congrats uri bakwan sayur 3rd win.,congrat uri bakwan sayur rd win,?,youtube
NCTDREAM_WhenImWithYou,"congrats dreamies, hwaiting dreamzen!",congrat dreami hwait dreamzen,?,youtube
NCTDREAM_WhenImWithYou,Selamat Dream kalian pantas mendapatkan kemenangan,selamat dream kalian panta mendapatkan kemenangan,?,youtube
NCTDREAM_WhenImWithYou,Congrats 7 Dream🎉🎉,congrat dream,?,youtube
NCTDREAM_WhenImWithYou,Seneng kan menang? Pengen liat mereka menang lagi kan? Yuk semangat streamingnya,seneng kan menang pengen liat mereka menang lagi kan yuk semangat streamingnya,?,youtube
NCTDREAM_WhenImWithYou,Jisung with his bag.,jisung bag,?,youtube
NCTDREAM_WhenImWithYou,3rd win! Congrats Dreamies,rd win congrat dreami,?,youtube
NCTDREAM_WhenImWithYou,Fighting for 4🏆,fight,?,youtube
NCTDREAM_WhenImWithYou,haechan ily,haechan ili,?,youtube
NCTDREAM_WhenImWithYou,"WIWY 3rd WIN 🎉
CONGRATS 7DREAM👏👏",wiwi rd win congrat dream,?,youtube
NCTDREAM_WhenImWithYou,Fighting,fight,?,youtube
NCTDREAM_WhenImWithYou,3rd win 🎉,rd win,?,youtube
NCTDREAM_WhenImWithYou,kerenn banget kalian dreamies kalian menang lagii😭😭,kerenn banget kalian dreami kalian menang lagii,?,youtube
NCTDREAM_WhenImWithYou,💗💗💗💗,,?,youtube
NCTDREAM_WhenImWithYou,woylah ini lambat banget huhu,woylah ini lambat banget huhu,?,youtube
NCTDREAM_WhenImWithYou,THIS IS REALLY CUTE HELP!!!,realli cute help,?,youtube
NCTDREAM_WhenImWithYou,nct dream WIWY 3rd WIN !! YEYY,nct dream wiwi rd win yeyi,?,youtube
NCTDREAM_WhenImWithYou,Let's make them win more music shows let's go let's go. Jeno is mc we need to win.. Keep streaming,let make win music show let go let go jeno mc need win keep stream,?,youtube
NCTDREAM_WhenImWithYou,Jaemin tarik aku bawa aku ke dalam kereta terbang ituuuuu,jaemin tarik aku bawa aku ke dalam kereta terbang ituuuuu,?,youtube
NCTDREAM_WhenImWithYou,"CONGRATS 7DREAM 🏆🩵🩵🩵

WHEN I'M WITH YOU 3RD WIN
WhenImWithYou3rdWin 
NCTDREAM43rdWin",congrat dream im rd win whenimwithyourdwin nctdreamrdwin,?,youtube
NCTDREAM_WhenImWithYou,The 7 of us dance. The song is the best! It's refreshing and I love it,us danc song best refresh love,?,youtube
NCTDREAM_WhenImWithYou,amazing :),amaz,?,youtube
NCTDREAM_WhenImWithYou,10.823,,?,youtube
NCTDREAM_WhenImWithYou,Ayo semangat naikin nya,ayo semangat naikin nya,?,youtube
NCTDREAM_WhenImWithYou,Menikmati hujan sambil nonton when i'm with you~~,menikmati hujan sambil nonton im,?,youtube
NCTDREAM_WhenImWithYou,masa views perharinya ebih banyak rainbow dream stay drpd mv wkwkw anehhh nih views,masa view perharinya ebih banyak rainbow dream stay drpd mv wkwkw anehhh nih view,?,youtube
NCTDREAM_WhenImWithYou,Chenle bridge let's gooo,chenl bridg let gooo,?,youtube
NCTDREAM_WhenImWithYou,Le'ts goo 11M!!,let goo,?,youtube
NCTDREAM_WhenImWithYou,livvot mucore sampe jam brp gaes,livvot mucor samp jam brp gae,?,youtube
NCTDREAM_WhenImWithYou,10.819,,?,youtube
NCTDREAM_WhenImWithYou,NA JAEMIN,na jaemin,?,youtube
NCTDREAM_WhenImWithYou,Yuk bisa 11M !!,yuk bisa,?,youtube
NCTDREAM_WhenImWithYou,"I've replaying this album two weeks,  such a great album in 2024！！！",ive replay album two week great album,?,youtube
NCTDREAM_WhenImWithYou,weekend guyss pls keep streamm,weekend guyss pl keep streamm,?,youtube
NCTDREAM_WhenImWithYou,"10,818",,?,youtube
NCTDREAM_WhenImWithYou,"Hari ini 11 juta, yuk bisa yuk",hari ini juta yuk bisa yuk,?,youtube
NCTDREAM_WhenImWithYou,"10,815",,?,youtube
NCTDREAM_WhenImWithYou,"Guys kita ini fandom besar, ayo tunjukan kekuatan kalian. Semangatt emo emo love",guy kita ini fandom besar ayo tunjukan kekuatan kalian semangatt emo emo love,?,youtube
NCTDREAM_WhenImWithYou,D-15 when i'm with 7dream,im dream,?,youtube
NCTDREAM_WhenImWithYou,11m plsss,plsss,?,youtube
NCTDREAM_WhenImWithYou,"Kenapa stuck di 10jt sih :""
Semangat yaa bes :""""""""""",kenapa stuck di jt sih semangat yaa be,?,youtube
NCTDREAM_WhenImWithYou,Beautiful song babies💚🤌,beauti song babi,?,youtube
NCTDREAM_WhenImWithYou,ayo gaes jangan lupa siapin amunisi dimubeat bisa make banyak akunn caranya gampang,ayo gae jangan lupa siapin amunisi dimubeat bisa make banyak akunn caranya gampang,?,youtube
NCTDREAM_WhenImWithYou,chenle bridge let's gooooo,chenl bridg let gooooo,?,youtube
NCTDREAM_WhenImWithYou,Semoga bisa nonton tds 4 nih pengen denger live wiwy,semoga bisa nonton td nih pengen denger live wiwi,?,youtube
NCTDREAM_WhenImWithYou,yuhuuu almost 11M leggo!!!!!,yuhuuu almost leggo,?,youtube
NCTDREAM_WhenImWithYou,Gawat sekarang ingetnya bridge chenle muter²,gawat sekarang ingetnya bridg chenl muter,?,youtube
NCTDREAM_WhenImWithYou,"Sumpah lagunya candu, dan bagus banget, tapi kok komen Koreanya dikit banget why?",sumpah lagunya candu dan bagu banget tapi kok komen koreanya dikit banget,?,youtube
NCTDREAM_WhenImWithYou,Kok sepi bener yg nonton,kok sepi bener yg nonton,?,youtube
NCTDREAM_WhenImWithYou,😚✨💗💖💗✨,,?,youtube
NCTDREAM_WhenImWithYou,ayoo semuanya lari dari angka keramat 10m iiniii,ayoo semuanya lari dari angka keramat iiniii,?,youtube
NCTDREAM_WhenImWithYou,"Congratulations! 1ST WIN @ SHOW CHAMPION 11.20.24

2ND WIN @ MUSIC BANK 11.22.24
3RD WIN @ MUSIC CORE 11.23.24
4TH WIN?",congratul st win show champion nd win music bank rd win music core th win,?,youtube
NCTDREAM_WhenImWithYou,So obsessed with this song,obsess song,?,youtube
NCTDREAM_WhenImWithYou,Ini kyknya hampir semua komen udh aku like-in deh,ini kyknya hampir semua komen udh aku likein deh,?,youtube
NCTDREAM_WhenImWithYou,Keren ❤ selamat ulang tahun chenle 🎉,keren selamat ulang tahun chenl,?,youtube
NCTDREAM_WhenImWithYou,Like this song ❤❤,like song,?,youtube
NCTDREAM_WhenImWithYou,Love nct❤❤❤,love nct,?,youtube
NCTDREAM_WhenImWithYou,ini kok aku kayak spam wkw soalnya kirain ga kekirim yg tadi,ini kok aku kayak spam wkw soalnya kirain ga kekirim yg tadi,?,youtube
NCTDREAM_WhenImWithYou,renjun best boy,renjun best boy,?,youtube
NCTDREAM_WhenImWithYou,jangan lupa nanti ada livvoting mucore yyaa,jangan lupa nanti ada livvot mucor yyaa,?,youtube
NCTDREAM_WhenImWithYou,ANYONE STILL STREAM THIS MASTERPIECE?????,anyon still stream masterpiec,?,youtube
NCTDREAM_WhenImWithYou,congratulations Dreamies,congratul dreami,?,youtube
NCTDREAM_WhenImWithYou,fan choice male,fan choic male,?,youtube
NCTDREAM_WhenImWithYou,NCT Dream <3,nct dream,?,youtube
NCTDREAM_WhenImWithYou,Bismillah 11M hari enih,bismillah hari enih,?,youtube
NCTDREAM_WhenImWithYou,Morningggg,morningggg,?,youtube
NCTDREAM_WhenImWithYou,804,,?,youtube
NCTDREAM_WhenImWithYou,Renjunnn ily 3000❤,renjunnn ili,?,youtube
NCTDREAM_WhenImWithYou,Semangat semuanya,semangat semuanya,?,youtube
NCTDREAM_WhenImWithYou,Bismillah trophy ke 3 ..,bismillah trophi ke,?,youtube
NCTDREAM_WhenImWithYou,jangan lupa jam 13.20 wib gaess,jangan lupa jam wib gaess,?,youtube
NCTDREAM_WhenImWithYou,11M KHAJJA!!!,khajja,?,youtube
NCTDREAM_WhenImWithYou,7DREAM forever,dream forev,?,youtube
NCTDREAM_WhenImWithYou,"the way the mv is only gonna have 1m new views this week, how did that happen? did everyone just collectively give up on streaming?",way mv gonna new view week happen everyon collect give stream,?,youtube
NCTDREAM_WhenImWithYou,Dreamies,dreami,?,youtube
NCTDREAM_WhenImWithYou,Hari ini promosi ke music core ga?,hari ini promosi ke music core ga,?,youtube
NCTDREAM_WhenImWithYou,replayyyy teruss,replayyyi teruss,?,youtube
NCTDREAM_WhenImWithYou,let's gooo 11M!!,let gooo,?,youtube
NCTDREAM_WhenImWithYou,11 juta letsss gooo,juta letsss gooo,?,youtube
NCTDREAM_WhenImWithYou,"Let's be consistent stre3ming again, 11M let's go sijeuni",let consist streme let go sijeuni,?,youtube
NCTDREAM_WhenImWithYou,"Love all NCT it doesn't matter if it's 127, Dream, WayV or Wish. Stream When I'm With You - High Five - Steady - Walk <3",love nct doesnt matter dream wayv wish stream im high five steadi walk,?,youtube
NCTDREAM_WhenImWithYou,Felicidades dreamies por su segundo win en music bank!!!,felicidad dreami por su segundo win en music bank,?,youtube
NCTDREAM_WhenImWithYou,Pagiii,pagiii,?,youtube
NCTDREAM_WhenImWithYou,fighting,fight,?,youtube
NCTDREAM_WhenImWithYou,Nuestros Dreamis!!!!! A seguir dándoles todo el apoyo que se merecen!!♡♡♡♡♡♡♡,nuestro dreami seguir dndole todo el apoyo que se merecen,?,youtube
NCTDREAM_WhenImWithYou,semoga dream hari ini menang mucore,semoga dream hari ini menang mucor,?,youtube
NCTDREAM_WhenImWithYou,di mucore nanti kesempatan menang nya berapa persen ya,di mucor nanti kesempatan menang nya berapa persen ya,?,youtube
NCTDREAM_WhenImWithYou,11M KAJJA,kajja,?,youtube
NCTDREAM_WhenImWithYou,Salin link gyus biar ytb nya view nya ga error,salin link gyu biar ytb nya view nya ga error,?,youtube
NCTDREAM_WhenImWithYou,Please stre@m!!,pleas strem,?,youtube
NCTDREAM_WhenImWithYou,Views are freeze 😔,view freez,?,youtube
NCTDREAM_WhenImWithYou,795,,?,youtube
NCTDREAM_WhenImWithYou,"2:44 CHENLE Bridge, Let's go",chenl bridg let go,?,youtube
NCTDREAM_WhenImWithYou,ahhhhh this sis odo goooodo,ahhhhh si odo goooodo,?,youtube
NCTDREAM_WhenImWithYou,let’s go for third win!!!!,let go third win,?,youtube
NCTDREAM_WhenImWithYou,792,,?,youtube
NCTDREAM_WhenImWithYou,Mau bobo dulu nanti pagi2 lanjut ya,mau bobo dulu nanti pagi lanjut ya,?,youtube
NCTDREAM_WhenImWithYou,Jam segini sepi ya,jam segini sepi ya,?,youtube
NCTDREAM_WhenImWithYou,2:57 haechan's falsetto-ish highnote here ascends me to heaven ya'll,haechan falsettoish highnot ascend heaven yall,?,youtube
NCTDREAM_WhenImWithYou,❤🎉🎉🎉,,?,youtube
NCTDREAM_WhenImWithYou,yuk terus streaming yukkk bisalah 100+++,yuk teru stream yukkk bisalah,?,youtube
NCTDREAM_WhenImWithYou,788.354,,?,youtube
NCTDREAM_WhenImWithYou,renjun the best!!,renjun best,?,youtube
NCTDREAM_WhenImWithYou,anyways congratulations dreamies. we're always proud of you!!,anyway congratul dreami alway proud,?,youtube
NCTDREAM_WhenImWithYou,it's been 10.7 since yesterday... i think yt  freez3 the vlews :(( let's censore the word str3@m pls! idk anymore this isn't like this for the first week,sinc yesterday think yt freez vlew let censor word strm pl idk anymor isnt like first week,?,youtube
NCTDREAM_WhenImWithYou,don't count them as old kpop group but count them as best successful young boys group from their teenagers times to still and yes still they are very young....... 🍻 cheers 🍻,dont count old kpop group count best success young boy group teenag time still ye still young cheer,?,youtube
NCTDREAM_WhenImWithYou,Es que amo demasiado esta canción (⁠✷⁠‿⁠✷⁠),es que amo demasiado esta cancin,?,youtube
NCTDREAM_WhenImWithYou,7 dream hwaitinggg💚,dream hwaitinggg,?,youtube
NCTDREAM_WhenImWithYou,Ayo tembus 11M sebelum besok muscore 🥲🙏🏻,ayo tembu sebelum besok muscor,?,youtube
NCTDREAM_WhenImWithYou,"Precious memories happening today...
Jaemin MC, Chenle BD, WIWY 2nd Win & MAMA fan choice!!!
Take care of your health too, my Dreamies!!!!",preciou memori happen today jaemin mc chenl bd wiwi nd win mama fan choic take care health dreami,?,youtube
NCTDREAM_WhenImWithYou,781,,?,youtube
NCTDREAM_WhenImWithYou,Suara mereka banget.....,suara mereka banget,?,youtube
NCTDREAM_WhenImWithYou,❤❤❤❤❤❤,,?,youtube
NCTDREAM_WhenImWithYou,Woy. Ayokkk streaming,woy ayokkk stream,?,youtube
NCTDREAM_WhenImWithYou,"Chenle birthday, jaemin mc, dream mushow 2nd trophies, mama fan's choice 🥹🥹 best day ever",chenl birthday jaemin mc dream mushow nd trophi mama fan choic best day ever,?,youtube
NCTDREAM_WhenImWithYou,"This album is great, we hope our 7dreams are happy.

NCT DREAM never loses ♡🩷🩷",album great hope dream happi nct dream never lose,?,youtube
NCTDREAM_WhenImWithYou,suka banget,suka banget,?,youtube
NCTDREAM_WhenImWithYou,"Happy birthday Chenle, we love you!",happi birthday chenl love,?,youtube
NCTDREAM_WhenImWithYou,YESSSSSS !!!!! IM BLIND TOO BECAUSE OF YOU AND UR CRAZY VISUALS 😂,yessssss im blind ur crazi visual,?,youtube
NCTDREAM_WhenImWithYou,"Come on, everyone, we can do it!!!",come everyon,?,youtube
NCTDREAM_WhenImWithYou,semoga besok dream menang lagii,semoga besok dream menang lagii,?,youtube
NCTDREAM_WhenImWithYou,Congratulations 7DREAM for winning 2024 MAMA FANS' CHOICE MALE,congratul dream win mama fan choic male,?,youtube
NCTDREAM_WhenImWithYou,"Ngga naik"" woyy 😭",ngga naik woyi,?,youtube
NCTDREAM_WhenImWithYou,nct dreammmmm congratulatiooooonnnnn,nct dreammmmm congratulatiooooonnnnn,?,youtube
NCTDREAM_WhenImWithYou,10775,,?,youtube
NCTDREAM_WhenImWithYou,WELL DONE BABIES!!!!!,well done babi,?,youtube
NCTDREAM_WhenImWithYou,10.774,,?,youtube
NCTDREAM_WhenImWithYou,"Happy birthday Chenle, y enhorabuena por el premio chicos ♡",happi birthday chenl enhorabuena por el premio chico,?,youtube
NCTDREAM_WhenImWithYou,Felicidades por el premio < 3,felicidad por el premio,?,youtube
NCTDREAM_WhenImWithYou,happy 23rd birthday chenle,happi rd birthday chenl,?,youtube
NCTDREAM_WhenImWithYou,Keep streaming plzz,keep stream plzz,?,youtube
NCTDREAM_WhenImWithYou,"NCT DREAM FIGHTING!!!!!
NCTZENNNNNN FIGHTING!!!!
GOOO GOOOO",nct dream fight nctzennnnnn fight gooo goooo,?,youtube
NCTDREAM_WhenImWithYou,"There is a feeling of happiness that cannot be described when we successfully bring home the trophy for 7DREAM.

So, let's gather our energy again! Fight as hard as you can, so that the regrets are as minimal as possible.

Congratulations 7DREAM & DREAMzens!

Happy birthday our angel, CHENLE!",feel happi cannot describ success bring home trophi dream let gather energi fight hard regret minim possibl congratul dream dreamzen happi birthday angel chenl,?,youtube
NCTDREAM_WhenImWithYou,happy birthday chenle!🎉,happi birthday chenl,?,youtube
NCTDREAM_WhenImWithYou,The NCT's songs are very beautiful and wonderful just like the members are so very handsome and very hardworking for their idol career and I like a 7DREAM's concept and song I'm so thankful to haechan and Haechan and Doyoung was the reason why I entered a Neo Culture Technology world as a czennie in 2018 💚✨,nct song beauti wonder like member handsom hardwork idol career like dream concept song im thank haechan haechan doyoung reason enter neo cultur technolog world czenni,?,youtube
NCTDREAM_WhenImWithYou,"Mulai lambat lg ini v13wernya, pada ga strr34min999 sih",mulai lambat lg ini vwernya pada ga strrmin sih,?,youtube
NCTDREAM_WhenImWithYou,"WIWY 2nd Win
MAMA fan’s choice
Congrats Dreamies
And happy birthday uri Chenle",wiwi nd win mama fan choic congrat dreami happi birthday uri chenl,?,youtube
NCTDREAM_WhenImWithYou,VIEWERS NYA SEGINII??!! YG BENER AJEE,viewer nya seginii yg bener aje,?,youtube
NCTDREAM_WhenImWithYou,Congrats uri dreamies,congrat uri dreami,?,youtube
NCTDREAM_WhenImWithYou,🏆🏆🎉🎉,,?,youtube
NCTDREAM_WhenImWithYou,Chenle bridge let's go,chenl bridg let go,?,youtube
NCTDREAM_WhenImWithYou,Congratulations for the 2nd win with WIWY,congratul nd win wiwi,?,youtube
NCTDREAM_WhenImWithYou,Happy birthday chenle,happi birthday chenl,?,youtube
NCTDREAM_WhenImWithYou,Happy jaemin MC day,happi jaemin mc day,?,youtube
NCTDREAM_WhenImWithYou,"aa dreamies second wins, congrats dreamiess",aa dreami second win congrat dreamiess,?,youtube
NCTDREAM_WhenImWithYou,"CONGRATULATION WHEN I""M WITH YOU 2ND WIN !!!!!!",congratul im nd win,?,youtube
NCTDREAM_WhenImWithYou,Fighting 💪 💪 💪,fight,?,youtube
NCTDREAM_WhenImWithYou,Nereye gittiniz vey birden durdu izlenme,nerey gittiniz vey birden durdu izlenm,?,youtube
NCTDREAM_WhenImWithYou,SO ADDICTED:)))),addict,?,youtube
NCTDREAM_WhenImWithYou,Congrats Dream and Happy Birthday Chenle,congrat dream happi birthday chenl,?,youtube
NCTDREAM_WhenImWithYou,10.764,,?,youtube
NCTDREAM_WhenImWithYou,"congrats dreamies, happy birthday chenle!!",congrat dreami happi birthday chenl,?,youtube
NCTDREAM_WhenImWithYou,"TDS4 IN LIMA, PERU 2025",td lima peru,?,youtube
NCTDREAM_WhenImWithYou,felicidades por el 2do win ^_^,felicidad por el win _,?,youtube
NCTDREAM_WhenImWithYou,Let's go 500k likes!,let go k like,?,youtube
NCTDREAM_WhenImWithYou,Renjun,renjun,?,youtube
NCTDREAM_WhenImWithYou,Nana MC,nana mc,?,youtube
NCTDREAM_WhenImWithYou,Winners,winner,?,youtube
NCTDREAM_WhenImWithYou,Congratulations on your 2nd win,congratul nd win,?,youtube
NCTDREAM_WhenImWithYou,My Dreams,dream,?,youtube
NCTDREAM_WhenImWithYou,Best album,best album,?,youtube
NCTDREAM_WhenImWithYou,Chenle Happy Birthday,chenl happi birthday,?,youtube
NCTDREAM_WhenImWithYou,2nd Win yay,nd win yay,?,youtube
NCTDREAM_WhenImWithYou,7Dream,dream,?,youtube
NCTDREAM_WhenImWithYou,11M soon,soon,?,youtube
NCTDREAM_WhenImWithYou,Yeah yeah yeah when i'm with you,yeah yeah yeah im,?,youtube
NCTDREAM_WhenImWithYou,Congrats for the 2nd win dreammm!!!,congrat nd win dreammm,?,youtube
NCTDREAM_WhenImWithYou,Happy birthday Lele!,happi birthday lele,?,youtube
NCTDREAM_WhenImWithYou,2nd win! Congrats Dreamies:)),nd win congrat dreami,?,youtube
NCTDREAM_WhenImWithYou,Today 2nd win is meaningful :'),today nd win meaning,?,youtube
NCTDREAM_WhenImWithYou,Congrats Dream ....,congrat dream,?,youtube
NCTDREAM_WhenImWithYou,Love you Dream,love dream,?,youtube
NCTDREAM_WhenImWithYou,Congrats dream untuk kemenangan Ke'duanya....,congrat dream untuk kemenangan keduanya,?,youtube
NCTDREAM_WhenImWithYou,"happy birthday chenle
Congratulations 1st on Music Bank",happi birthday chenl congratul st music bank,?,youtube
NCTDREAM_WhenImWithYou,2nd win 🎉,nd win,?,youtube
NCTDREAM_WhenImWithYou,❤❤❤,,?,youtube
NCTDREAM_WhenImWithYou,"Deserve 100M views, deserve 1000 win music show, deserve SOTY",deserv view deserv win music show deserv soti,?,youtube
NCTDREAM_WhenImWithYou,Ini kenapa stuck terusss😢,ini kenapa stuck terusss,?,youtube
NCTDREAM_WhenImWithYou,yang streaming pada kemana ini woyyyy,yang stream pada kemana ini woyyyi,?,youtube
NCTDREAM_WhenImWithYou,don't forget to vote dreamies on mnet+ guys,dont forget vote dreami mnet guy,?,youtube
NCTDREAM_WhenImWithYou,11M on chenle's birthday please,chenl birthday pleas,?,youtube
NCTDREAM_WhenImWithYou,Smngt,smngt,?,youtube
NCTDREAM_WhenImWithYou,Jangan lupa vote nct dream!!!,jangan lupa vote nct dream,?,youtube
NCTDREAM_WhenImWithYou,754,,?,youtube
NCTDREAM_WhenImWithYou,Yuhuuuu,yuhuuuu,?,youtube
NCTDREAM_WhenImWithYou,cb kali ini outfit nya cakep2 yaa,cb kali ini outfit nya cakep yaa,?,youtube
NCTDREAM_WhenImWithYou,❤❤❤❤ suka,suka,?,youtube
NCTDREAM_WhenImWithYou,"Happiest birthday my baby chenleee
i wish you all the best :*",happiest birthday babi chenlee wish best,?,youtube
NCTDREAM_WhenImWithYou,hehhh ini pada kemana? gas 11M laa,hehhh ini pada kemana ga laa,?,youtube
NCTDREAM_WhenImWithYou,This is honestly the best NCT song since Neozone came out in 2020. INCREDIBLE.,honestli best nct song sinc neozon came incred,?,youtube
NCTDREAM_WhenImWithYou,fighting guysss,fight guysss,?,youtube
NCTDREAM_WhenImWithYou,Love seven dream.,love seven dream,?,youtube
NCTDREAM_WhenImWithYou,sehari minimal dengerin 10x biar semangat menjalani hidup~,sehari minim dengerin x biar semangat menjalani hidup,?,youtube
NCTDREAM_WhenImWithYou,is the best 🩵🩵🩵🩵🩵🩵🩵,best,?,youtube
NCTDREAM_WhenImWithYou,Hbd Chenle!! Love this song so much let’s go NCT Dreammm!! 💚💚,hbd chenl love song much let go nct dreammm,?,youtube
NCTDREAM_WhenImWithYou,I LOVE YOU NCT DREAM💚💚💚💚✨✨✨,love nct dream,?,youtube
NCTDREAM_WhenImWithYou,Ayoo semangat naikin viewersnyaa!! Mumpung udah weekend nihh,ayoo semangat naikin viewersnyaa mumpung udah weekend nihh,?,youtube
NCTDREAM_WhenImWithYou,Sedih banget masih nge stuck di 10 jt:'l,sedih banget masih nge stuck di jtl,?,youtube
NCTDREAM_WhenImWithYou,i love myself when i'm with you,love im,?,youtube
NCTDREAM_WhenImWithYou,747.521,,?,youtube
NCTDREAM_WhenImWithYou,Let's give 2nd win for our Dreamies on MuBank today!!!,let give nd win dreami mubank today,?,youtube
NCTDREAM_WhenImWithYou,let's give our dream another trophy :),let give dream anoth trophi,?,youtube
NCTDREAM_WhenImWithYou,Guys let’s stream more.. We still have a chance of winning for next week mushow..,guy let stream still chanc win next week mushow,?,youtube
NCTDREAM_WhenImWithYou,happy weekend,happi weekend,?,youtube
NCTDREAM_WhenImWithYou,lesgoo,lesgoo,?,youtube
NCTDREAM_WhenImWithYou,"10,7M",,?,youtube
NCTDREAM_WhenImWithYou,Semangat,semangat,?,youtube
NCTDREAM_WhenImWithYou,Haven't these guys been a group for almost 10 years? At this point I'd expect something with more personality or at least a more mature concept,havent guy group almost year point id expect someth person least matur concept,?,youtube
NCTDREAM_WhenImWithYou,740,,?,youtube
NCTDREAM_WhenImWithYou,Really addicted to this song,realli addict song,?,youtube
NCTDREAM_WhenImWithYou,🎉❤❤,,?,youtube
NCTDREAM_WhenImWithYou,739,,?,youtube
NCTDREAM_WhenImWithYou,Happy birthday chenle,happi birthday chenl,?,youtube
NCTDREAM_WhenImWithYou,cuyyy stuck 10M:(((,cuyyy stuck,?,youtube
NCTDREAM_WhenImWithYou,HBD Chenle!!!! 0:39,hbd chenl,?,youtube
NCTDREAM_WhenImWithYou,"Czennies love dreamies 
When I'm with you is perfect!! Love from Brazil",czenni love dreami im perfect love brazil,?,youtube
NCTDREAM_WhenImWithYou,"Happy birthday, 천러! Hope you have the best birthday ever!",happi birthday hope best birthday ever,?,youtube
NCTDREAM_WhenImWithYou,Lets get the win at music bank today! Super excited for the encore stage from our dreamies!,let get win music bank today super excit encor stage dreami,?,youtube
NCTDREAM_WhenImWithYou,Sambil nyetrika sambil streaming,sambil nyetrika sambil stream,?,youtube
NCTDREAM_WhenImWithYou,Let's go Dream!!!,let go dream,?,youtube
NCTDREAM_WhenImWithYou,Love forever ❤,love forev,?,youtube
NCTDREAM_WhenImWithYou,ayo bisa naik lagi viewnya,ayo bisa naik lagi viewnya,?,youtube
NCTDREAM_WhenImWithYou,Happy birthday Chenle!!!!,happi birthday chenl,?,youtube
NCTDREAM_WhenImWithYou,"10,734",,?,youtube
NCTDREAM_WhenImWithYou,OMGGG,omggg,?,youtube
NCTDREAM_WhenImWithYou,streaming guyssss,stream guyssss,?,youtube
NCTDREAM_WhenImWithYou,Gilaaaa bisa gila akuuuuuu,gilaaaa bisa gila akuuuuuu,?,youtube
NCTDREAM_WhenImWithYou,Hah gue doang yg streaming? 😂,hah gue doang yg stream,?,youtube
NCTDREAM_WhenImWithYou,hbd chenleee,hbd chenlee,?,youtube
NCTDREAM_WhenImWithYou,lets pray together for luck to be on dream side guyss,let pray togeth luck dream side guyss,?,youtube
NCTDREAM_WhenImWithYou,Im fallin' in love with this song❤,im fallin love song,?,youtube
NCTDREAM_WhenImWithYou,HBD chenle.,hbd chenl,?,youtube
NCTDREAM_WhenImWithYou,Ayo raih kemenangan ke 2 dream.,ayo raih kemenangan ke dream,?,youtube
NCTDREAM_WhenImWithYou,I'm satisfied...,im satisfi,?,youtube
NCTDREAM_WhenImWithYou,happy birthday lele ^^,happi birthday lele,?,youtube
NCTDREAM_WhenImWithYou,Happy birthday chenle,happi birthday chenl,?,youtube
NCTDREAM_WhenImWithYou,Pagiiiiii,pagiiiiii,?,youtube
NCTDREAM_WhenImWithYou,Dreamies kalian keren!!!!,dreami kalian keren,?,youtube
NCTDREAM_WhenImWithYou,"Selamat ulang tahun Chenle
Ayo semangat!!",selamat ulang tahun chenl ayo semangat,?,youtube
NCTDREAM_WhenImWithYou,Let's stream moreeee,let stream moreee,?,youtube
NCTDREAM_WhenImWithYou,Start the morning by listening to this song...let's cheer everyone up and give 7dream lots of wins,start morn listen songlet cheer everyon give dream lot win,?,youtube
NCTDREAM_WhenImWithYou,happy birthday chenle....,happi birthday chenl,?,youtube
NCTDREAM_WhenImWithYou,728,,?,youtube
NCTDREAM_WhenImWithYou,Feliz cumpleaños Chenle,feliz cumpleao chenl,?,youtube
NCTDREAM_WhenImWithYou,"TDS4 IN LIMA, PERU",td lima peru,?,youtube
NCTDREAM_WhenImWithYou,Happy birthday tuan muda chenle,happi birthday tuan muda chenl,?,youtube
NCTDREAM_WhenImWithYou,Happy Birthday Chenle,happi birthday chenl,?,youtube
NCTDREAM_WhenImWithYou,"TDS4 IN LIMA PLEASE
NCT DREAM COME BACK TO PERU",td lima pleas nct dream come back peru,?,youtube
NCTDREAM_WhenImWithYou,no se duerman con el stream!!!,se duerman con el stream,?,youtube
NCTDREAM_WhenImWithYou,yeay,yeay,?,youtube
NCTDREAM_WhenImWithYou,Streaming terus gayssss,stream teru gayssss,?,youtube
NCTDREAM_WhenImWithYou,Happy birthday chenleee,happi birthday chenlee,?,youtube
NCTDREAM_WhenImWithYou,HBD ZHONG CHENLE,hbd zhong chenl,?,youtube
NCTDREAM_WhenImWithYou,VAMOS POR ESOS 11M,vamo por eso,?,youtube
NCTDREAM_WhenImWithYou,"when the views just stuck, but i keep streaming............idk until when wkwk",view stuck keep streamingidk wkwk,?,youtube
NCTDREAM_WhenImWithYou,Semangattt streamingnyaaa dreamzensss,semangattt streamingnyaaa dreamzensss,?,youtube
NCTDREAM_WhenImWithYou,Happy Birthday Chenle,happi birthday chenl,?,youtube
NCTDREAM_WhenImWithYou,Beautifull song❤,beautiful song,?,youtube
NCTDREAM_WhenImWithYou,Happy birthday chenle..,happi birthday chenl,?,youtube
NCTDREAM_WhenImWithYou,❤,,?,youtube
NCTDREAM_WhenImWithYou,Sepi banget pada kemana nih?,sepi banget pada kemana nih,?,youtube
NCTDREAM_WhenImWithYou,morning,morn,?,youtube
NCTDREAM_WhenImWithYou,Omg omg,omg omg,?,youtube
NCTDREAM_WhenImWithYou,724,,?,youtube
NCTDREAM_WhenImWithYou,where are you guys 😭,guy,?,youtube
NCTDREAM_WhenImWithYou,723,,?,youtube
NCTDREAM_WhenImWithYou,happy chenle dayyy,happi chenl dayyy,?,youtube
NCTDREAM_WhenImWithYou,Pagii,pagii,?,youtube
NCTDREAM_WhenImWithYou,I'm still here,im still,?,youtube
NCTDREAM_WhenImWithYou,iyi ki doğdun Chenle,iyi ki dodun chenl,?,youtube
NCTDREAM_WhenImWithYou,HAPPY BIRTHDAY CHENLE,happi birthday chenl,?,youtube
NCTDREAM_WhenImWithYou,Dünden beri 10M offf izlemeye devam edin arkadaşlar,dnden beri offf izlemey devam edin arkadalar,?,youtube
NCTDREAM_WhenImWithYou,"Congratulations NCT DREAM This Come Back Third Win In Show Champion , Music Bank And Music Core.",congratul nct dream come back third win show champion music bank music core,?,youtube
NCTDREAM_WhenImWithYou,Today is Chenle's birthday. Happy birthday Chenle.(⁠•⁠‿⁠•⁠),today chenl birthday happi birthday chenl,?,youtube
NCTDREAM_WhenImWithYou,"Bugün chenle'nun doğum günü 
iyi ki doğdun chenle:))))))",bugn chenlenun doum gn iyi ki dodun chenl,?,youtube
NCTDREAM_WhenImWithYou,Hari ini ke musik bank ga?,hari ini ke musik bank ga,?,youtube
NCTDREAM_WhenImWithYou,15M lets go,let go,?,youtube
NCTDREAM_WhenImWithYou,ill never get enough of jisung singing ‼,ill never get enough jisung sing,?,youtube
NCTDREAM_WhenImWithYou,<3 <3 <3 <3 <3 <3 <3,,?,youtube
NCTDREAM_WhenImWithYou,guys i think we need mass s+reaming !! this deserves so much more than i can express,guy think need mass sream deserv much express,?,youtube
NCTDREAM_WhenImWithYou,7Dream🔛🔝,dream,?,youtube
NCTDREAM_WhenImWithYou,Let's not stop streaming just because we hit 10M guys!,let stop stream hit guy,?,youtube
NCTDREAM_WhenImWithYou,nct dream best boys!! <33,nct dream best boy,?,youtube
NCTDREAM_WhenImWithYou,When im with you~,im,?,youtube
NCTDREAM_WhenImWithYou,Guys we need to make them win tomorrow at music bank! Chenle’s birthday and jaemin is a special mc!!,guy need make win tomorrow music bank chenl birthday jaemin special mc,?,youtube
NCTDREAM_WhenImWithYou,Happy 10M ♡,happi,?,youtube
NCTDREAM_WhenImWithYou,❤❤❤,,?,youtube
NCTDREAM_WhenImWithYou,One of the best albums ❤,one best album,?,youtube
NCTDREAM_WhenImWithYou,kenapa yaa susah banget naiknya,kenapa yaa susah banget naiknya,?,youtube
NCTDREAM_WhenImWithYou,streaming terus guys,stream teru guy,?,youtube
NCTDREAM_WhenImWithYou,🎉,,?,youtube
NCTDREAM_WhenImWithYou,I love Chenle's bridge so much,love chenl bridg much,?,youtube
NCTDREAM_WhenImWithYou,7 DREAM 🐯🦊🐶🐻🐰🐬🐹,dream,?,youtube
NCTDREAM_WhenImWithYou,sumpah berasa balik kpop era 2019 kebawah 😭❤,sumpah berasa balik kpop era kebawah,?,youtube
NCTDREAM_WhenImWithYou,Happy lele dayy,happi lele dayi,?,youtube
NCTDREAM_WhenImWithYou,2:45 the iconic chenle bridge,icon chenl bridg,?,youtube
NCTDREAM_WhenImWithYou,1:21 the puzzle pieces omg,puzzl piec omg,?,youtube
NCTDREAM_WhenImWithYou,did it fr33z3???,frz,?,youtube
NCTDREAM_WhenImWithYou,haechan 08 berapa? GANTENG BANGET,haechan berapa ganteng banget,?,youtube
ATEEZ_IceOnMyTeeth,tak akan pernah bosan layan album ateez!!!! mereka di peringkat yang berbeza!,tak akan pernah bosan layan album ateez mereka di peringkat yang berbeza,?,youtube
ATEEZ_IceOnMyTeeth,Not interested in a love call,interest love call,?,youtube
ATEEZ_IceOnMyTeeth,Oh my goodness FINEEE….I’ll stan them! 🖤,oh good fineeeil stan,?,youtube
ATEEZ_IceOnMyTeeth,33 leshgo,leshgo,?,youtube
ATEEZ_IceOnMyTeeth,Yunho is breathtaking,yunho breathtak,?,youtube
ATEEZ_IceOnMyTeeth,they're so cool,theyr cool,?,youtube
ATEEZ_IceOnMyTeeth,what a masterpiece,masterpiec,?,youtube
ATEEZ_IceOnMyTeeth,ang gwapo ng kantaaaaa,ang gwapo ng kantaaaaa,?,youtube
ATEEZ_IceOnMyTeeth,"shocks, pogiiiii",shock pogiiiii,?,youtube
ATEEZ_IceOnMyTeeth,I think it would make sense if they actually had ice in their teeth like a diamond grill,think would make sens actual ice teeth like diamond grill,?,youtube
ATEEZ_IceOnMyTeeth,"Last one for today, soon 14 days  keep fighting atinies :)",last one today soon day keep fight atini,?,youtube
ATEEZ_IceOnMyTeeth,😍,,?,youtube
ATEEZ_IceOnMyTeeth,Happy 32M GOOD MORNING 🌞🌄🎉🎉🎉,happi good morn,?,youtube
ATEEZ_IceOnMyTeeth,"Yeayyy 32M!
Good morning!",yeayyy good morn,?,youtube
ATEEZ_IceOnMyTeeth,"Happy 32M ☆
JAM♡",happi jam,?,youtube
ATEEZ_IceOnMyTeeth,"I hate this
Like why are they so f handsome , hot and fine?
They make me go crazy omg",hate like f handsom hot fine make go crazi omg,?,youtube
ATEEZ_IceOnMyTeeth,"you are playing a dangerous game, san….",play danger game san,?,youtube
ATEEZ_IceOnMyTeeth,Happy Thanksgiving to all Atinys who celebrate :-),happi thanksgiv atini celebr,?,youtube
ATEEZ_IceOnMyTeeth,Vamos sempre vendo e escutando esse mv incrível ❤🎉,vamo sempr vendo e escutando ess mv incrvel,?,youtube
ATEEZ_IceOnMyTeeth,"I need to get diamonds from my dentist stat, so San can slap me like that ❤🥲🤭🤤",need get diamond dentist stat san slap like,?,youtube
ATEEZ_IceOnMyTeeth,"Did you know about (S)ong (M)ingi punchline here? - ""Ice on my neck, draw a line on the name and take won and dollars"":
-W- - M upside down
$ - S + | on his necklace
P.S. from video 'mv review pirates searching for values that shine like diamonds' 😉",know song mingi punchlin ice neck draw line name take dollar w upsid necklac ps video mv review pirat search valu shine like diamond,?,youtube
ATEEZ_IceOnMyTeeth,Monkey 😈👿👿🤤💩,monkey,?,youtube
ATEEZ_IceOnMyTeeth,KİNGSSSSS,kingsssss,?,youtube
ATEEZ_IceOnMyTeeth,MY BOYS,boy,?,youtube
ATEEZ_IceOnMyTeeth,NO STOP PLEASE,stop pleas,?,youtube
ATEEZ_IceOnMyTeeth,ATİNY LETS GO 100M,atini let go,?,youtube
ATEEZ_IceOnMyTeeth,ATİNY FİGHTİNG,atini fight,?,youtube
ATEEZ_IceOnMyTeeth,Only 2k left for Wonderland to reach 136M gooooo,k left wonderland reach gooooo,?,youtube
ATEEZ_IceOnMyTeeth,Lets move on to 33 million soon! Fighting!,let move million soon fight,?,youtube
ATEEZ_IceOnMyTeeth,I hope they continue in this path,hope continu path,?,youtube
ATEEZ_IceOnMyTeeth,This mv is so beautiful and well produced,mv beauti well produc,?,youtube
ATEEZ_IceOnMyTeeth,I can’t wait,cant wait,?,youtube
ATEEZ_IceOnMyTeeth,I can feel their performance is going to be crazy,feel perform go crazi,?,youtube
ATEEZ_IceOnMyTeeth,Ateez are going to perform on Saturday at Melon music awards ! Let’s support them,ateez go perform saturday melon music award let support,?,youtube
ATEEZ_IceOnMyTeeth,Best K-pop song of the year ❤️‍🔥,best kpop song year,?,youtube
ATEEZ_IceOnMyTeeth,#54 top trending MV,top trend mv,?,youtube
ATEEZ_IceOnMyTeeth,If you'd like to know about a possible interpretation of IOMT check MV REVIEW Pirates searching for values that shine like diamonds,youd like know possibl interpret iomt check mv review pirat search valu shine like diamond,?,youtube
ATEEZ_IceOnMyTeeth,Rumbo a esos 35🎉,rumbo eso,?,youtube
ATEEZ_IceOnMyTeeth,"Theres something so intruiging about this group. I don't listen to kpop anymore, but they're making me get into it again",there someth intruig group dont listen kpop anymor theyr make get,?,youtube
ATEEZ_IceOnMyTeeth,Choi San im in love with you,choi san im love,?,youtube
ATEEZ_IceOnMyTeeth,Adictivo  <3,adictivo,?,youtube
ATEEZ_IceOnMyTeeth,Yay 32 million!,yay million,?,youtube
ATEEZ_IceOnMyTeeth,Wow!!! You guys are fantastic!!! Congrats!!! 🥰,wow guy fantast congrat,?,youtube
ATEEZ_IceOnMyTeeth,1:45  and  2:05 😳🫣😏,,?,youtube
ATEEZ_IceOnMyTeeth,EXO-L here to support these amazing boys <3 Kinda reminded me of exo honestly ^^,exol support amaz boy kinda remind exo honestli,?,youtube
ATEEZ_IceOnMyTeeth,Ateez's mansion,ateez mansion,?,youtube
ATEEZ_IceOnMyTeeth,NO COMMENT 🙃,comment,?,youtube
ATEEZ_IceOnMyTeeth,Happy 32m ❤,happi,?,youtube
ATEEZ_IceOnMyTeeth,❤❤❤❤,,?,youtube
ATEEZ_IceOnMyTeeth,Yes we did it 32M,ye,?,youtube
ATEEZ_IceOnMyTeeth,Finally 32M,final,?,youtube
ATEEZ_IceOnMyTeeth,"40 K Comentarios, si si si si ATINY PRESENT !!!",k comentario si si si si atini present,?,youtube
ATEEZ_IceOnMyTeeth,Yes! Happy 32M🎉,ye happi,?,youtube
ATEEZ_IceOnMyTeeth,"32M and + , We keep moving forward and taking this ship to the right destination, ATEEZ BREAKS THE LIMITS IN A BIG WAY EVERY TIME, cheer up Atiny",keep move forward take ship right destin ateez break limit big way everi time cheer atini,?,youtube
ATEEZ_IceOnMyTeeth,32 million is almost here!,million almost,?,youtube
ATEEZ_IceOnMyTeeth,This song deserves more likes please. This is a fucking GREAT SONG,song deserv like pleas fuck great song,?,youtube
ATEEZ_IceOnMyTeeth,Carat passing by ~,carat pass,?,youtube
ATEEZ_IceOnMyTeeth,Neredesiniz.....,neredesiniz,?,youtube
ATEEZ_IceOnMyTeeth,KESINI GARA GARA LUCINTA LUNA😂,kesini gara gara lucinta luna,?,youtube
ATEEZ_IceOnMyTeeth,Eyes on my ATEEZ....,eye ateez,?,youtube
ATEEZ_IceOnMyTeeth,"Good night IOMT! 
See you in the morning! <3",good night iomt see morn,?,youtube
ATEEZ_IceOnMyTeeth,This is one of ateez's best mvs ever,one ateez best mv ever,?,youtube
ATEEZ_IceOnMyTeeth,*------Atiny Fighting!!!!!-*,atini fight,?,youtube
ATEEZ_IceOnMyTeeth,ATEEZ in their Mafia era !,ateez mafia era,?,youtube
ATEEZ_IceOnMyTeeth,Mannnnn this is the soty,mannnnn soti,?,youtube
ATEEZ_IceOnMyTeeth,Who's doing that background vocals. Goes hard asl,who background vocal goe hard asl,?,youtube
ATEEZ_IceOnMyTeeth,32 million coming soon!,million come soon,?,youtube
ATEEZ_IceOnMyTeeth,2:34 este homem me mata kkkk,est homem mata kkkk,?,youtube
ATEEZ_IceOnMyTeeth,Wow. Love this song and the violin sounds sooo cool❤,wow love song violin sound sooo cool,?,youtube
ATEEZ_IceOnMyTeeth,ΑΨΟΓΟ!!!,,?,youtube
ATEEZ_IceOnMyTeeth,kq know what are the best group they have,kq know best group,?,youtube
ATEEZ_IceOnMyTeeth,972,,?,youtube
ATEEZ_IceOnMyTeeth,"Ice on my teeth❌
Ice om ATEEZ✅",ice teeth ice om ateez,?,youtube
ATEEZ_IceOnMyTeeth,So good,good,?,youtube
ATEEZ_IceOnMyTeeth,keep streaming atiny ! <3,keep stream atini,?,youtube
ATEEZ_IceOnMyTeeth,509k likes,k like,?,youtube
ATEEZ_IceOnMyTeeth,so close to 32M !!,close,?,youtube
ATEEZ_IceOnMyTeeth,31M !,,?,youtube
ATEEZ_IceOnMyTeeth,"I mentioned it when the mv came out but I repeat it because even today I can't get over this part 
0:24 *-Yunho hits differently literally-* , I love how he does that movement simulating playing tennis and how he moves, I don't know, I simply LOVE IT!!!.",mention mv came repeat even today cant get part yunho hit differ liter love movement simul play tenni move dont know simpli love,?,youtube
ATEEZ_IceOnMyTeeth,1:12 obsessed😮‍💨,obsess,?,youtube
ATEEZ_IceOnMyTeeth,I love ❤️ it,love,?,youtube
ATEEZ_IceOnMyTeeth,Wooooh wooooh wooooh :),wooooh wooooh wooooh,?,youtube
ATEEZ_IceOnMyTeeth,Dêem vizu pro ateez comprar uma merendinha 🤝,dem vizu pro ateez comprar uma merendinha,?,youtube
ATEEZ_IceOnMyTeeth,"It's confirmed. Seonghwa has a duck snow shaper. 
Just saw his insta posts. 😊🌟🦆",confirm seonghwa duck snow shaper saw insta post,?,youtube
ATEEZ_IceOnMyTeeth,san this era is INSANE,san era insan,?,youtube
ATEEZ_IceOnMyTeeth,"ATEEZ❤
🖤🖤🖤🖤🖤🖤🖤🖤    LA GRANDE CLASSE 💯💢💥👋🫶👍👏👏👏👏👏👏",ateez la grand class,?,youtube
ATEEZ_IceOnMyTeeth,"Sorry I'm not their fan, but I want to know who they are?
0:59 and 2:23",sorri im fan want know,?,youtube
ATEEZ_IceOnMyTeeth,"938☆
Here from Jongho's Tell Me That You Love Me cover",jongho tell love cover,?,youtube
ATEEZ_IceOnMyTeeth,"XG are amazing! Kard have more of the fusion, ATEEZ have loads of bangers, bouncy, guerilla fireworks, Taemin is a solo artist from a 2nd gen group called Shinee",xg amaz kard fusion ateez load banger bounci guerilla firework taemin solo artist nd gen group call shine,?,youtube
ATEEZ_IceOnMyTeeth,"THIS DRIPPP THO 
KILLAZ TO MY HEART 💁💁💁",drippp tho killaz heart,?,youtube
ATEEZ_IceOnMyTeeth,Let's go guerrillas !!!,let go guerrilla,?,youtube
ATEEZ_IceOnMyTeeth,I think i am gonna stan ateez should i ????,think gonna stan ateez,?,youtube
ATEEZ_IceOnMyTeeth,1:47 nd 1:56  names ??,nd name,?,youtube
ATEEZ_IceOnMyTeeth,"DAMN I WAS NEVER INTO ATEEZ, BUT I GUESS I AM NOW???!!!!!???",damn never ateez guess,?,youtube
ATEEZ_IceOnMyTeeth,"Let's go for those 32M and +, cheer up Atiny",let go cheer atini,?,youtube
ATEEZ_IceOnMyTeeth,"916k
Carat visiting",k carat visit,?,youtube
ATEEZ_IceOnMyTeeth,Your comeback this time made me excited. and felt strange at the same time But of course I really liked it. It's a comeback that I probably liked the most and will like even more,comeback time made excit felt strang time cours realli like comeback probabl like like even,?,youtube
ATEEZ_IceOnMyTeeth,this song is so good,song good,?,youtube
ATEEZ_IceOnMyTeeth,32M fighting,fight,?,youtube
ATEEZ_IceOnMyTeeth,"31.9M

ateez can still win wins",ateez still win win,?,youtube
ATEEZ_IceOnMyTeeth,Make a move to 32,make move,?,youtube
ATEEZ_IceOnMyTeeth,ICE ON MY TEETH,ice teeth,?,youtube
ATEEZ_IceOnMyTeeth,"Almost 32m, let's go ♡♡♡",almost let go,?,youtube
ATEEZ_IceOnMyTeeth,Carat passing by ~,carat pass,?,youtube
ATEEZ_IceOnMyTeeth,Almost 2 weeks since this song and MV came out and I am still obsessed !!!!,almost week sinc song mv came still obsess,?,youtube
ATEEZ_IceOnMyTeeth,kayanya gw mulai suka ateez deh❤,kayanya gw mulai suka ateez deh,?,youtube
ATEEZ_IceOnMyTeeth,Hongjoong and Yunho winked 😍 They make my heart flutter. ~,hongjoong yunho wink make heart flutter,?,youtube
ATEEZ_IceOnMyTeeth,31 870... Selfish Waltz!,selfish waltz,?,youtube
ATEEZ_IceOnMyTeeth,a carat passing by! i have NO idea whats going on w the mv storyline bc idk the lore but this is a crazy good song and am definitely gonna be listening to it a LOT,carat pass idea what go w mv storylin bc idk lore crazi good song definit gonna listen lot,?,youtube
ATEEZ_IceOnMyTeeth,I mean its a masterpiece alright ❤❤❤,mean masterpiec alright,?,youtube
ATEEZ_IceOnMyTeeth,They so smooth with it,smooth,?,youtube
ATEEZ_IceOnMyTeeth,"Hello❤Atinys
Ice on my teeth🧊
JAM here",helloatini ice teeth jam,?,youtube
ATEEZ_IceOnMyTeeth,Sannnnnnnn,sannnnnnnn,?,youtube
ATEEZ_IceOnMyTeeth,"Baby atinies have you checked their debut songs  Pirate king and Treasure ??? When they had nothing but passion and determination !!! Go and check, you'll see their growth",babi atini check debut song pirat king treasur noth passion determin go check youll see growth,?,youtube
ATEEZ_IceOnMyTeeth,but the mv is very goooodddd!!!!,mv goooodddd,?,youtube
ATEEZ_IceOnMyTeeth,emm yunho...is bias wrecking me.. help,emm yunhoi bia wreck help,?,youtube
ATEEZ_IceOnMyTeeth,Violin heaven,violin heaven,?,youtube
ATEEZ_IceOnMyTeeth,839 k,k,?,youtube
ATEEZ_IceOnMyTeeth,Choice back again ♡,choic back,?,youtube
ATEEZ_IceOnMyTeeth,828.723,,?,youtube
ATEEZ_IceOnMyTeeth,"825☆
Here from Wooyoung & Choha's IOMT challenge reel. It has one of the highest, if not the highest, number of views on YT. Wished that people stop being lazy and just find out for themselves who she is (hello! Hashtags exist for a reason. Google is free) and then leave nice comments appropriate for her age. Atinys pls dont be dumb. 😤",wooyoung choha iomt challeng reel one highest highest number view yt wish peopl stop lazi find hello hashtag exist reason googl free leav nice comment appropri age atini pl dont dumb,?,youtube
ATEEZ_IceOnMyTeeth,Vampire Vibe 🔥,vampir vibe,?,youtube
ATEEZ_IceOnMyTeeth,keep streaming guys 🤗😘😘,keep stream guy,?,youtube
ATEEZ_IceOnMyTeeth,"Hongjoong, Seonghwa, Yunho, Yeosang, San, Mingi, Wooyoung, Jongho so handsome boys...!",hongjoong seonghwa yunho yeosang san mingi wooyoung jongho handsom boy,?,youtube
ATEEZ_IceOnMyTeeth,Love Ateez so much!!!,love ateez much,?,youtube
ATEEZ_IceOnMyTeeth,I AM LIVING FOR THIS AESTHETIC 😭 IT MAKES MY CHEST TINGLE,live aesthet make chest tingl,?,youtube
ATEEZ_IceOnMyTeeth,803,,?,youtube
ATEEZ_IceOnMyTeeth,Kings!!,king,?,youtube
ATEEZ_IceOnMyTeeth,"Ignorenme, vengo de tiktok 😅",ignorenm vengo de tiktok,?,youtube
ATEEZ_IceOnMyTeeth,Today~Ice on my path~❤,todayic path,?,youtube
ATEEZ_IceOnMyTeeth,They all look just like a mafia 🗿,look like mafia,?,youtube
ATEEZ_IceOnMyTeeth,Cub is passing by. Good evening!,cub pass good even,?,youtube
ATEEZ_IceOnMyTeeth,My white tee :),white tee,?,youtube
ATEEZ_IceOnMyTeeth,The best song of ATEEZ in my mind,best song ateez mind,?,youtube
ATEEZ_IceOnMyTeeth,GOD I LOVE IT,god love,?,youtube
ATEEZ_IceOnMyTeeth,Yang kesini karna ngeliat di vidio sebelah ada lucunya Luna   ngacunggg😁,yang kesini karna ngeliat di vidio sebelah ada lucunya luna ngacunggg,?,youtube
ATEEZ_IceOnMyTeeth,THEY'RE ALWAYS KILLED IT,theyr alway kill,?,youtube
ATEEZ_IceOnMyTeeth,I LOVE THE INSTRUMENT,love instrument,?,youtube
ATEEZ_IceOnMyTeeth,im not fine yall,im fine yall,?,youtube
ATEEZ_IceOnMyTeeth,SAN? SEONGHWA? WOOYOUNG? MINGI? HONGJOONG? YUNHO? JONGHO? YEOSANG? AJKANSHSSHH😭😭😭,san seonghwa wooyoung mingi hongjoong yunho jongho yeosang ajkanshsshh,?,youtube
ATEEZ_IceOnMyTeeth,Happy Thursday! Starting my Thanksgiving with Ateez as the main course. Many thanks to Atiny and friends helping stream IOMT. ♥️🥂,happi thursday start thanksgiv ateez main cours mani thank atini friend help stream iomt,?,youtube
ATEEZ_IceOnMyTeeth,Love chocolate too ^^,love chocol,?,youtube
ATEEZ_IceOnMyTeeth,Hace mucho fríooooo,hace mucho frooooo,?,youtube
ATEEZ_IceOnMyTeeth,DALE ATINYYYYY,dale atinyyyyi,?,youtube
ATEEZ_IceOnMyTeeth,"YOOOO!!!! SAN EXCUSE ME,???",yoooo san excus,?,youtube
ATEEZ_IceOnMyTeeth,I love very this song ❤,love song,?,youtube
ATEEZ_IceOnMyTeeth,[1:17] ICE ON MY TEETH CENTRE JUNG WOOYOUNG🌡,ice teeth centr jung wooyoung,?,youtube
ATEEZ_IceOnMyTeeth,Ateez pre choruses never disappoint man-!,ateez pre chorus never disappoint man,?,youtube
ATEEZ_IceOnMyTeeth,"[2:40] SH!!TT the whispered ""SMACK IT"" AND ""YOU'RE THE ONE I'M TRYING TO FINISH"" with SAN shoulders scene....DAWG!! ATEEZ! 🛐🛐",shtt whisper smack your one im tri finish san shoulder scenedawg ateez,?,youtube
ATEEZ_IceOnMyTeeth,Mafiatiny present 😉,mafiatini present,?,youtube
ATEEZ_IceOnMyTeeth,[2:50] THE POWER THEY HOLD IS INSANE!,power hold insan,?,youtube
ATEEZ_IceOnMyTeeth,"Ice on my teeth,ice on my tee
Ice on my teeth, on my white tee",ice teethic tee ice teeth white tee,?,youtube
ATEEZ_IceOnMyTeeth,[0:16] NOW THIS IS HOW YOU START A SONG!,start song,?,youtube
ATEEZ_IceOnMyTeeth,"753k
Have a wonderful Thursday, Atiny. Jensetter here!💙
Mantra x Ice On My Teeth",k wonder thursday atini jensett mantra x ice teeth,?,youtube
ATEEZ_IceOnMyTeeth,Join stationhead for streeming party Atinys🥰,join stationhead streem parti atini,?,youtube
ATEEZ_IceOnMyTeeth,"I found out that ATEEZ was a finalist for BBMAs! ✨✨
I v0ted for them ☺❤ (JAM♡）",found ateez finalist bbma vted jam,?,youtube
ATEEZ_IceOnMyTeeth,Hj 🎉,hj,?,youtube
ATEEZ_IceOnMyTeeth,SAN GOSHHHHHH!!!,san goshhhhhh,?,youtube
ATEEZ_IceOnMyTeeth,THIS MV IS ACTUALLY FANTASTIC & MAGNIFICENT!,mv actual fantast magnific,?,youtube
ATEEZ_IceOnMyTeeth,DAYUMMM!!,dayummm,?,youtube
ATEEZ_IceOnMyTeeth,Ice on My teeth,ice teeth,?,youtube
ATEEZ_IceOnMyTeeth,we are SO back❤❤,back,?,youtube
ATEEZ_IceOnMyTeeth,"742☆
Here from today's visit to Leemujin service with San",today visit leemujin servic san,?,youtube
ATEEZ_IceOnMyTeeth,Ateez always having the most stylistically satisfying mvs!,ateez alway stylist satisfi mv,?,youtube
ATEEZ_IceOnMyTeeth,Loved it ♡♡♡,love,?,youtube
ATEEZ_IceOnMyTeeth,Love from Greece ❤️,love greec,?,youtube
ATEEZ_IceOnMyTeeth,Sudah kuputar berkali-kali tapi mana LUCINTA LUNA????,sudah kuputar berkalikali tapi mana lucinta luna,?,youtube
ATEEZ_IceOnMyTeeth,Ok atinys go crazy and tell me about the guy here 0:51,ok atini go crazi tell guy,?,youtube
ATEEZ_IceOnMyTeeth,"JAM here to get Ice On My Teeth 
JO1 ICY x ATEEZ Ice On My Teeth",jam get ice teeth jo ici x ateez ice teeth,?,youtube
ATEEZ_IceOnMyTeeth,So groovy!!! ♡,groovi,?,youtube
ATEEZ_IceOnMyTeeth,Let's keep streaming Atiny 💪🔥. Thank you and love you ❤❤,let keep stream atini thank love,?,youtube
ATEEZ_IceOnMyTeeth,naol boss,naol boss,?,youtube
ATEEZ_IceOnMyTeeth,"visit on snow covered day 
Ice On My Teeth × I like the way 
ATEEZ × Kim Woojin",visit snow cover day ice teeth like way ateez kim woojin,?,youtube
ATEEZ_IceOnMyTeeth,Wow❤,wow,?,youtube
ATEEZ_IceOnMyTeeth,I have currently contributed to about 500 views out of the 31 million...and there's no stopping me. 😂😂,current contribut view millionand there stop,?,youtube
ATEEZ_IceOnMyTeeth,"Not interested in a love call
Chew 'em up and keep' em shut
Ooooooooo",interest love call chew em keep em shut ooooooooo,?,youtube
ATEEZ_IceOnMyTeeth,eyyyy,eyyyi,?,youtube
ATEEZ_IceOnMyTeeth,Kesini gegara Lucinta Luna 😢,kesini gegara lucinta luna,?,youtube
ATEEZ_IceOnMyTeeth,aye #96 global top music,aye global top music,?,youtube
ATEEZ_IceOnMyTeeth,"708☆
Here from Answer ♥︎ 94M --> 100M",answer,?,youtube
ATEEZ_IceOnMyTeeth,"2:50  note the ""ICE "" in his teeth ?",note ice teeth,?,youtube
ATEEZ_IceOnMyTeeth,Whoever convinced ateez to sing abt money n dime did a great job,whoever convinc ateez sing abt money n dime great job,?,youtube
ATEEZ_IceOnMyTeeth,2:30 onwards..just bangers 🎉🎉,onwardsjust banger,?,youtube
ATEEZ_IceOnMyTeeth,hujan sedapnya tidur ;D,hujan sedapnya tidur,?,youtube
ATEEZ_IceOnMyTeeth,MIDZYY HERE❤,midzyy,?,youtube
ATEEZ_IceOnMyTeeth,I'm on,im,?,youtube
ATEEZ_IceOnMyTeeth,mau meninggal gegara choi san,mau meningg gegara choi san,?,youtube
ATEEZ_IceOnMyTeeth,31M 🎉 keep stream everyday,keep stream everyday,?,youtube
ATEEZ_IceOnMyTeeth,ayyy I'm still here atinys,ayyy im still atini,?,youtube
ATEEZ_IceOnMyTeeth,Good morning Atinys and friends❤32M coming soon.Have fun while swimming 🥰Fighting!,good morn atini friendsm come soonhav fun swim fight,?,youtube
ATEEZ_IceOnMyTeeth,lawd have mercy- 🔥,lawd merci,?,youtube
ATEEZ_IceOnMyTeeth,let’s go atiny!!!❤❤,let go atini,?,youtube
ATEEZ_IceOnMyTeeth,10 TRENDING MANTAPPPPPP,trend mantapppppp,?,youtube
ATEEZ_IceOnMyTeeth,hit that booty and shake it is a violation,hit booti shake violat,?,youtube
ATEEZ_IceOnMyTeeth,Yunho really shined in this cb,yunho realli shine cb,?,youtube
ATEEZ_IceOnMyTeeth,Wish everyone a great day :),wish everyon great day,?,youtube
ATEEZ_IceOnMyTeeth,Oh Capitan,oh capitan,?,youtube
ATEEZ_IceOnMyTeeth,Tomorrow 2 weeks !!! Can we get 32M???,tomorrow week get,?,youtube
ATEEZ_IceOnMyTeeth,31.640,,?,youtube
ATEEZ_IceOnMyTeeth,Morning ^^,morn,?,youtube
ATEEZ_IceOnMyTeeth,Qué gran trabajo ATiNY!! Sois fantásticos!!,qu gran trabajo atini soi fantstico,?,youtube
ATEEZ_IceOnMyTeeth,A work of art very pleasant to both the eye and ear,work art pleasant eye ear,?,youtube
ATEEZ_IceOnMyTeeth,Kq is not good at advertising. Ateez's music gets known because of Ateez and Atinys. Imagine if Kq puts 💯 effort into advertising? That'll be huuggee 😮,kq good advertis ateez music get known ateez atini imagin kq put effort advertis thatll huugge,?,youtube
ATEEZ_IceOnMyTeeth,im dying🥲,im die,?,youtube
ATEEZ_IceOnMyTeeth,let's go for 40M,let go,?,youtube
ATEEZ_IceOnMyTeeth,SIGAMOOOOOS,sigamooooo,?,youtube
ATEEZ_IceOnMyTeeth,3:00 Take a bear to work day.,take bear work day,?,youtube
ATEEZ_IceOnMyTeeth,Morning!!! Happy Thursday and keep working :),morn happi thursday keep work,?,youtube
ATEEZ_IceOnMyTeeth,Saya masih di sini~,saya masih di sini,?,youtube
ATEEZ_IceOnMyTeeth,I love them. I will keep rooting for Ateez!,love keep root ateez,?,youtube
ATEEZ_IceOnMyTeeth,587,,?,youtube
ATEEZ_IceOnMyTeeth,Ice no my …..,ice,?,youtube
ATEEZ_IceOnMyTeeth,Vengo a celebrar por sacar buena nota en una clase jdjdjdjdj,vengo celebrar por sacar buena nota en una clase jdjdjdjdj,?,youtube
ATEEZ_IceOnMyTeeth,"I’m always by your side 
Ice on my teeth",im alway side ice teeth,?,youtube
ATEEZ_IceOnMyTeeth,They just get cuntier everybody comeback,get cuntier everybodi comeback,?,youtube
ATEEZ_IceOnMyTeeth,That OT8 bridge is crazy!! SO GOOD,ot bridg crazi good,?,youtube
ATEEZ_IceOnMyTeeth,-----Again and again here I insist my mind will have to pay rent because it lives 24/7 WITH THIS ANTHEM!!!---,insist mind pay rent live anthem,?,youtube
ATEEZ_IceOnMyTeeth,Let's all have fun today ~!! 💖,let fun today,?,youtube
ATEEZ_IceOnMyTeeth,Yeosang is so beautiful it almost hurts,yeosang beauti almost hurt,?,youtube
ATEEZ_IceOnMyTeeth,the chess reference is 🤌🤌,chess refer,?,youtube
ATEEZ_IceOnMyTeeth,love u guys,love u guy,?,youtube
ATEEZ_IceOnMyTeeth,516,,?,youtube
ATEEZ_IceOnMyTeeth,The one in black is mine,one black mine,?,youtube
ATEEZ_IceOnMyTeeth,arte este nuevo comback.... cuando sacan gira por latam digan luego para ahorrar.,art est nuevo comback cuando sacan gira por latam digan luego para ahorrar,?,youtube
ATEEZ_IceOnMyTeeth,Road to 32M let's goooo,road let goooo,?,youtube
ATEEZ_IceOnMyTeeth,datang sini walaupun sibuk,datang sini walaupun sibuk,?,youtube
ATEEZ_IceOnMyTeeth,RECONTRA LIKE!! TEMAZOOO,recontra like temazooo,?,youtube
ATEEZ_IceOnMyTeeth,GLAM SLAM LIKE TENIS,glam slam like teni,?,youtube
ATEEZ_IceOnMyTeeth,AY LET'S GO,ay let go,?,youtube
ATEEZ_IceOnMyTeeth,Yeah ok let's go~💃,yeah ok let go,?,youtube
ATEEZ_IceOnMyTeeth,"I'm a moa and I'm giving all my love to this song, congratulations 🌟💯",im moa im give love song congratul,?,youtube
ATEEZ_IceOnMyTeeth,Keep streaming ATINY !!! GO GO to 100Milions,keep stream atini go go milion,?,youtube
ATEEZ_IceOnMyTeeth,474,,?,youtube
ATEEZ_IceOnMyTeeth,ATEEZ yêu các anh chàng nhà ta rất nhiều ❤,ateez yu cc anh chng nh ta rt nhiu,?,youtube
ATEEZ_IceOnMyTeeth,❤❤❤❤❤❤❤❤❤❤❤,,?,youtube
ATEEZ_IceOnMyTeeth,vamos a airplane,vamo airplan,?,youtube
ATEEZ_IceOnMyTeeth,Q sigue?El highlight del dia juiste,q sigueel highlight del dia juist,?,youtube
ATEEZ_IceOnMyTeeth,La emely me preguntó qn es luca?,la eme pregunt qn es luca,?,youtube
ATEEZ_IceOnMyTeeth,q sucedio con tj picsa?,q sucedio con tj picsa,?,youtube
ATEEZ_IceOnMyTeeth,Genuinamente creo q contribuimos mas al estrim de eitis q un atun promedio,genuinament creo q contribuimo ma al estrim de eiti q un atun promedio,?,youtube
ATEEZ_IceOnMyTeeth,a mayami no le gusga el. keipo?,mayami le gusga el keipo,?,youtube
ATEEZ_IceOnMyTeeth,"Ice On My Teeth, Ice On My Teeth ~",ice teeth ice teeth,?,youtube
ATEEZ_IceOnMyTeeth,Are the views frozen again?? Keep going atiny!,view frozen keep go atini,?,youtube
ATEEZ_IceOnMyTeeth,yok sebulan 100m views,yok sebulan view,?,youtube
ATEEZ_IceOnMyTeeth,462,,?,youtube
ATEEZ_IceOnMyTeeth,San can defo smack me like that 😏😏😏,san defo smack like,?,youtube
ATEEZ_IceOnMyTeeth,Asians rapping is so silly to me. It’s like British people rapping. If you take all of the violence and emotion of American rap and made it solely sex appeal you’d have every single male kpop rapper.,asian rap silli like british peopl rap take violenc emot american rap made sole sex appeal youd everi singl male kpop rapper,?,youtube
ATEEZ_IceOnMyTeeth,They deserve 100M 😭💔,deserv,?,youtube
ATEEZ_IceOnMyTeeth,risking my exam prep to stream this.,risk exam prep stream,?,youtube
ATEEZ_IceOnMyTeeth,"Still here, love them",still love,?,youtube
ATEEZ_IceOnMyTeeth,32.449 and Rising......,rise,?,youtube
ATEEZ_IceOnMyTeeth,On re-peeat,repeeat,?,youtube
ATEEZ_IceOnMyTeeth,"Gente, isso está muito bom 👌🏼😻",gent isso est muito bom,?,youtube
ATEEZ_IceOnMyTeeth,Back for more,back,?,youtube
ATEEZ_IceOnMyTeeth,WhAaAaA *pink TikTok emoji*,whaaaaa pink tiktok emoji,?,youtube
ATEEZ_IceOnMyTeeth,Swimming by CARAT !,swim carat,?,youtube
ATEEZ_IceOnMyTeeth,"434☆
Good morning!
Rhyming tennis with tennis is okay bc we fishy fishy like 😂",good morn rhyme tenni tenni okay bc fishi fishi like,?,youtube
ATEEZ_IceOnMyTeeth,They definitely put their money where their mouth is😁🏴‍☠️,definit put money mouth,?,youtube
ATEEZ_IceOnMyTeeth,434,,?,youtube
ATEEZ_IceOnMyTeeth,Amo,amo,?,youtube
ATEEZ_IceOnMyTeeth,Divosss,divosss,?,youtube
ATEEZ_IceOnMyTeeth,Meus amores 🇧🇷🇧🇷🇧🇷🇧🇷😍😍😍,meu amor,?,youtube
ATEEZ_IceOnMyTeeth,Back to show support to Ice on my teeth! <3,back show support ice teeth,?,youtube
ATEEZ_IceOnMyTeeth,"CONGRATULATIONS 31M 🎊 
LET'S GO ATINY!!!
ICE ON MY TEETH ~",congratul let go atini ice teeth,?,youtube
ATEEZ_IceOnMyTeeth,It's never enough when it comes to these 8 pirates,never enough come pirat,?,youtube
ATEEZ_IceOnMyTeeth,first KATSEYE and now ATEEZ?? what did the chandeliers do to y'all?,first katsey ateez chandeli yall,?,youtube
ATEEZ_IceOnMyTeeth,"31,424",,?,youtube
ATEEZ_IceOnMyTeeth,the day (i think) i become atiny,day think becom atini,?,youtube
ATEEZ_IceOnMyTeeth,"semua lagu ateez tak dapat skip, BERTERUSAN!!",semua lagu ateez tak dapat skip berterusan,?,youtube
ATEEZ_IceOnMyTeeth,Morning Atiny. Still vote for Ice On My Teeth 1st Win and success. Support our gorgeous Pirate Kings Ateez till the end. Gajja!!!,morn atini still vote ice teeth st win success support gorgeou pirat king ateez till end gajja,?,youtube
ATEEZ_IceOnMyTeeth,417,,?,youtube
ATEEZ_IceOnMyTeeth,😑😑😑😑😑,,?,youtube
ATEEZ_IceOnMyTeeth,vamos por los 40!!!!,vamo por lo,?,youtube
ATEEZ_IceOnMyTeeth,Keep streaming,keep stream,?,youtube
ATEEZ_IceOnMyTeeth,406,,?,youtube
ATEEZ_IceOnMyTeeth,RUMO A 40MILHÕES 🎉🎉🎉,rumo milh,?,youtube
ATEEZ_IceOnMyTeeth,"I'm so happy they sing in their lower register, I love deep voices that's why I prefer boy groups",im happi sing lower regist love deep voic that prefer boy group,?,youtube
ATEEZ_IceOnMyTeeth,"Even down to the beat 

Please I'm in love with this song literally 🤩",even beat pleas im love song liter,?,youtube
ATEEZ_IceOnMyTeeth,"Also mingi rap 😂😂

Please 🥺",also mingi rap pleas,?,youtube
ATEEZ_IceOnMyTeeth,"Speechless 😶 



Dammmmmmmnnnnnnnnnn❤❤❤❤❤

This is the first ateez mv that forced me to comment and even look for it on YouTube like seriously Damn❤

Please keep this up I love the mv and song every thing 😻",speechless dammmmmmmnnnnnnnnnn first ateez mv forc comment even look youtub like serious damn pleas keep love mv song everi thing,?,youtube
ATEEZ_IceOnMyTeeth,400,,?,youtube
ATEEZ_IceOnMyTeeth,Candu dengernya 😅,candu dengernya,?,youtube
ATEEZ_IceOnMyTeeth,a juliana me trouxe p cá e agr n tem mais volta 🫠🫠🫠,juliana troux p c e agr n tem mai volta,?,youtube
ATEEZ_IceOnMyTeeth,"San.
YOU 
MAKE 
ME
MELT🤤🤤🤤",san make melt,?,youtube
ATEEZ_IceOnMyTeeth,Amazing,amaz,?,youtube
ATEEZ_IceOnMyTeeth,Who's watching this in 2024?,who watch,?,youtube
ATEEZ_IceOnMyTeeth,Wonderland & Work close to the next million :),wonderland work close next million,?,youtube
ATEEZ_IceOnMyTeeth,"Finally, a company placed advertisements on it. You should have done this while returning",final compani place advertis done return,?,youtube
ATEEZ_IceOnMyTeeth,I kinda wished they had another music video made for one of the b-sides in this album- Man on Fire for example -just imagine the choreography for that track <3,kinda wish anoth music video made one bside album man fire exampl imagin choreographi track,?,youtube
ATEEZ_IceOnMyTeeth,Last time around today.See you again tomorrow.Let`s keep up the good work❤Good night😊,last time around todayse tomorrowlet keep good workgood night,?,youtube
ATEEZ_IceOnMyTeeth,Ateez <4,ateez,?,youtube
ATEEZ_IceOnMyTeeth,ATEEZ you are AMAZING,ateez amaz,?,youtube
ATEEZ_IceOnMyTeeth,Mingi....🤭,mingi,?,youtube
ATEEZ_IceOnMyTeeth,Haters are back,hater back,?,youtube
ATEEZ_IceOnMyTeeth,"My god...face, hair, the song! Aghases show up!🎉❤",godfac hair song aghas show,?,youtube
ATEEZ_IceOnMyTeeth,Que asco,que asco,?,youtube
ATEEZ_IceOnMyTeeth,Yooo ATEEZ are at #1 on *BILLBOARD ARTIST 100* 😭😭😭✋🎉🎉🎉🎉 I AM CRYING BYEE,yooo ateez billboard artist cri byee,?,youtube
ATEEZ_IceOnMyTeeth,My heart stopped here ❤️‍🔥2:35,heart stop,?,youtube
ATEEZ_IceOnMyTeeth,Tehagun dediğin kişi gününüzde benim yanında yok kendi baska hayat yaşadığını acikladi,tehagun dediin kii gnnzde benim yannda yok kendi baska hayat yaadn acikladi,?,youtube
ATEEZ_IceOnMyTeeth,Grand slam like tennis ~,grand slam like tenni,?,youtube
ATEEZ_IceOnMyTeeth,Your joking this song is released on my birthday 😮❤,joke song releas birthday,?,youtube
ATEEZ_IceOnMyTeeth,"You're the one I'm tryna finish>>>3 







As we are alive?
They totally did",your one im tryna finish aliv total,?,youtube
ATEEZ_IceOnMyTeeth,"You're the one I'm tryna finish>>>3 







As we are alive?
They totally did",your one im tryna finish aliv total,?,youtube
ATEEZ_IceOnMyTeeth,Who's watching this in 2024?,who watch,?,youtube
ATEEZ_IceOnMyTeeth,Woosan is not present 😔🙏🏽,woosan present,?,youtube
ATEEZ_IceOnMyTeeth,This mv is so beautiful,mv beauti,?,youtube
ATEEZ_IceOnMyTeeth,The ending is amazing,end amaz,?,youtube
ATEEZ_IceOnMyTeeth,They are so cool,cool,?,youtube
ATEEZ_IceOnMyTeeth,"I’m totally obsessed by this MV. The song, the flow, the rythm, their stunning visuals and the so synchro dance. Everything is so cool and I don’t give a damn about the lyrics, cause i’m french and didn’t understood anything 😂",im total obsess mv song flow rythm stun visual synchro danc everyth cool dont give damn lyric caus im french didnt understood anyth,?,youtube
ATEEZ_IceOnMyTeeth,1:12 YALLLL WTFFFF😭❤️‍🔥,yallll wtffff,?,youtube
ATEEZ_IceOnMyTeeth,Make it rain,make rain,?,youtube
ATEEZ_IceOnMyTeeth,"This whole MV has me on my knees, this song is being on repeat since it came out GOOD LORD",whole mv knee song repeat sinc came good lord,?,youtube
ATEEZ_IceOnMyTeeth,So amazing,amaz,?,youtube
ATEEZ_IceOnMyTeeth,Lets move on to 32 million soon! Fighting!,let move million soon fight,?,youtube
ATEEZ_IceOnMyTeeth,OMG.I really love this song 😭🙏🏻,omgi realli love song,?,youtube
ATEEZ_IceOnMyTeeth,"---I hope you win, we have to unite, come on Atiny, if possible, every grain of sand counts----- .",hope win unit come atini possibl everi grain sand count,?,youtube
ATEEZ_IceOnMyTeeth,"A complete 10/10 videography! Loved the song, the beats, dance, their style, video aesthetic - everything is on point",complet videographi love song beat danc style video aesthet everyth point,?,youtube
ATEEZ_IceOnMyTeeth,Fighting,fight,?,youtube
ATEEZ_IceOnMyTeeth,Qué es mubeat? Cómo se vota?,qu es mubeat cmo se vota,?,youtube
ATEEZ_IceOnMyTeeth,We can win this,win,?,youtube
ATEEZ_IceOnMyTeeth,Vote on mubeat for music core !!,vote mubeat music core,?,youtube
ATEEZ_IceOnMyTeeth,Madre mía!! ATiNY sois unos MÁQUINAS!!,madr atini soi uno mquina,?,youtube
ATEEZ_IceOnMyTeeth,"When Mingi says chocolate, why do I think of the song ""Work"" while dressing like Willy Wonka? 😂❤",mingi say chocol think song work dress like willi wonka,?,youtube
ATEEZ_IceOnMyTeeth,Ateezy 💎🥶💙,ateezi,?,youtube
ATEEZ_IceOnMyTeeth,TEMON 🙌🏻🙌🏻🙌🏻🙌🏻,temon,?,youtube
ATEEZ_IceOnMyTeeth,THİS İS AMAZİNG,amaz,?,youtube
ATEEZ_IceOnMyTeeth,THİS İS PERFECT,perfect,?,youtube
ATEEZ_IceOnMyTeeth,NO STOP PLEASE,stop pleas,?,youtube
ATEEZ_IceOnMyTeeth,FİGHTİNG ATİNY LETS GO 100M,fight atini let go,?,youtube
ATEEZ_IceOnMyTeeth,311,,?,youtube
ATEEZ_IceOnMyTeeth,It’s crazy because when finish this video and then go to another ateez video but the universe said I’m not finished listening to this song so I gotta do what the God say and listen to this song another 300 times,crazi finish video go anoth ateez video univers said im finish listen song gotta god say listen song anoth time,?,youtube
ATEEZ_IceOnMyTeeth,"306k
Jensetter here!💙",k jensett,?,youtube
ATEEZ_IceOnMyTeeth,31.3^^,,?,youtube
ATEEZ_IceOnMyTeeth,keep yunho opening ateez songs always because he amazing,keep yunho open ateez song alway amaz,?,youtube
ATEEZ_IceOnMyTeeth,This is such an ear worm I love it,ear worm love,?,youtube
ATEEZ_IceOnMyTeeth,"Oh my God, oh my God, oh my God 😯😯😯😯😯",oh god oh god oh god,?,youtube
ATEEZ_IceOnMyTeeth,"Good Night, See ya' in morning ♡",good night see ya morn,?,youtube
ATEEZ_IceOnMyTeeth,Quiero mv o una presentación especial de Selfish Waltz y Men on fire,quiero mv una presentacin especi de selfish waltz men fire,?,youtube
ATEEZ_IceOnMyTeeth,yaaaaaassssssss,yaaaaaassssssss,?,youtube
ATEEZ_IceOnMyTeeth,Fantasy entering Atiny airspace! 💫,fantasi enter atini airspac,?,youtube
ATEEZ_IceOnMyTeeth,It’s giving peaky blinders damnnnnn,give peaki blinder damnnnnn,?,youtube
ATEEZ_IceOnMyTeeth,I just don't have words to describe how do I feel about this song is just so PERFECT!,dont word describ feel song perfect,?,youtube
ATEEZ_IceOnMyTeeth,"Here supporting the pirates with everything possible, cheer up Atiny",support pirat everyth possibl cheer atini,?,youtube
ATEEZ_IceOnMyTeeth,atiny please dont support the ai fancalls! <33,atini pleas dont support ai fancal,?,youtube
ATEEZ_IceOnMyTeeth,MINGI GUAPO ♡♡♡ ICE ON MY TEETH,mingi guapo ice teeth,?,youtube
ATEEZ_IceOnMyTeeth,271,,?,youtube
ATEEZ_IceOnMyTeeth,"cried watching this masterpiece, love u ateez",cri watch masterpiec love u ateez,?,youtube
ATEEZ_IceOnMyTeeth,Grand slam like tennis ~,grand slam like tenni,?,youtube
ATEEZ_IceOnMyTeeth,son tremendos,son tremendo,?,youtube
ATEEZ_IceOnMyTeeth,lo sigo escuchandoiooooo,lo sigo escuchandoiooooo,?,youtube
ATEEZ_IceOnMyTeeth,❤❤❤❤❤❤❤❤❤❤❤❤❤❤,,?,youtube
ATEEZ_IceOnMyTeeth,31 261... Enough!,enough,?,youtube
ATEEZ_IceOnMyTeeth,🔥🔥🔥🔥🔥🔥🔥🔥,,?,youtube
ATEEZ_IceOnMyTeeth,I bought diamonds at my dentist ~,bought diamond dentist,?,youtube
ATEEZ_IceOnMyTeeth,It’s good man,good man,?,youtube
ATEEZ_IceOnMyTeeth,Yunhoo,yunhoo,?,youtube
ATEEZ_IceOnMyTeeth,It’s good man🎉,good man,?,youtube
ATEEZ_IceOnMyTeeth,missed opportunity coulda put them on some grill,miss opportun coulda put grill,?,youtube
ATEEZ_IceOnMyTeeth,Mi song,mi song,?,youtube
ATEEZ_IceOnMyTeeth,"❤❤❤❤❤❤ lots of love from India

Love u ateez ❤❤❤",lot love india love u ateez,?,youtube
ATEEZ_IceOnMyTeeth,Please atiny vote on mubeat,pleas atini vote mubeat,?,youtube
ATEEZ_IceOnMyTeeth,"Plz tell me ""you're the one i'm tryna finish""  It means?? I'm sorry....i don't get it🙏",plz tell your one im tryna finish mean im sorryi dont get,?,youtube
ATEEZ_IceOnMyTeeth,Keren lagu nya,keren lagu nya,?,youtube
ATEEZ_IceOnMyTeeth,WOW,wow,?,youtube
ATEEZ_IceOnMyTeeth,My ateez,ateez,?,youtube
ATEEZ_IceOnMyTeeth,Acá estoy y seguiré estando por los chicos ... los amo,ac estoy seguir estando por lo chico lo amo,?,youtube
ATEEZ_IceOnMyTeeth,We are doing great with the mv ;),great mv,?,youtube
ATEEZ_IceOnMyTeeth,Let’s give them at least one win this comeback !,let give least one win comeback,?,youtube
ATEEZ_IceOnMyTeeth,Atinys please help us vote on mubeat for music core !! We need you,atini pleas help us vote mubeat music core need,?,youtube
ATEEZ_IceOnMyTeeth,I love the mv so much,love mv much,?,youtube
ATEEZ_IceOnMyTeeth,Catchy song,catchi song,?,youtube
ATEEZ_IceOnMyTeeth,"THE BEST FK MV EVER, LOVE THIS¡¡¡¡¡¡¡¡¡¡¡¡¡!!!!!!!!!!!!",best fk mv ever love,?,youtube
ATEEZ_IceOnMyTeeth,😱😱😱😍😍😍😍😍😍😍😍👍👍👍👍👍nais,nai,?,youtube
ATEEZ_IceOnMyTeeth,Carat passing by ~,carat pass,?,youtube
ATEEZ_IceOnMyTeeth,"227k
Carat visiting",k carat visit,?,youtube
ATEEZ_IceOnMyTeeth,227,,?,youtube
ATEEZ_IceOnMyTeeth,theyre crazy good,theyr crazi good,?,youtube
ATEEZ_IceOnMyTeeth,Koreans have finally entered their trill era. #paulwall,korean final enter trill era paulwal,?,youtube
ATEEZ_IceOnMyTeeth,I've been playing like tennis,ive play like tenni,?,youtube
ATEEZ_IceOnMyTeeth,"215k
Fighting ♡",k fight,?,youtube
ATEEZ_IceOnMyTeeth,Wow just as expected from ateez 🫶 seonghwa part really choked me fr  😳,wow expect ateez seonghwa part realli choke fr,?,youtube
ATEEZ_IceOnMyTeeth,Buenos días y qué vivan los hombres (Ateez),bueno da qu vivan lo hombr ateez,?,youtube
ATEEZ_IceOnMyTeeth,Terngiang ngiang ice on my teeth..,terngiang ngiang ice teeth,?,youtube
ATEEZ_IceOnMyTeeth,next target 32m,next target,?,youtube
ATEEZ_IceOnMyTeeth,Why is this video 10hours long🥵😩,video hour long,?,youtube
ATEEZ_IceOnMyTeeth,Muito bom as coreografias impecáveis e a batida me ganhou ❤,muito bom coreografia impecvei e batida ganhou,?,youtube
ATEEZ_IceOnMyTeeth,31.207!!!!,,?,youtube
ATEEZ_IceOnMyTeeth,If you can still get the album please buy in person! We’re free falling off the BB chart,still get album pleas buy person free fall bb chart,?,youtube
ATEEZ_IceOnMyTeeth,2:32 MINGI??,mingi,?,youtube
ATEEZ_IceOnMyTeeth,"31,194 ❤️‍🔥",,?,youtube
ATEEZ_IceOnMyTeeth,ATEez 💯💯💯,ateez,?,youtube
ATEEZ_IceOnMyTeeth,Kesini grgr lucinta luna😂😂,kesini grgr lucinta luna,?,youtube
ATEEZ_IceOnMyTeeth,bb.200 top 1 haha slayyy,bb top haha slayyy,?,youtube
ATEEZ_IceOnMyTeeth,hi boss dito n nmn em,hi boss dito n nmn em,?,youtube
ATEEZ_IceOnMyTeeth,🔥🔥🔥,,?,youtube
ATEEZ_IceOnMyTeeth,Love it no no like love this no no iam obsessed with this ✨,love like love iam obsess,?,youtube
ATEEZ_IceOnMyTeeth,Why i cannot watch only this song in Russia???,cannot watch song russia,?,youtube
ATEEZ_IceOnMyTeeth,180,,?,youtube
ATEEZ_IceOnMyTeeth,but ateez the best 🧡🎻,ateez best,?,youtube
ATEEZ_IceOnMyTeeth,Best ❤❤❤❤,best,?,youtube
ATEEZ_IceOnMyTeeth,PLEASE ATINY VOTE FOR ATEEZ'S ATINY FOR TOP KPOP FAN ARMY POLLS  ON BBMAs please please vote there !!!!,pleas atini vote ateez atini top kpop fan armi poll bbma pleas pleas vote,?,youtube
ATEEZ_IceOnMyTeeth,31.172,,?,youtube
ATEEZ_IceOnMyTeeth,ATEEZ SENTIASA DI ATAS!!,ateez sentiasa di ata,?,youtube
ATEEZ_IceOnMyTeeth,"ateez ku saya sangat bangga dengan kalian, kalianlah terbaik!!!!",ateez ku saya sangat bangga dengan kalian kalianlah terbaik,?,youtube
ATEEZ_IceOnMyTeeth,bro they look like mafias,bro look like mafia,?,youtube
ATEEZ_IceOnMyTeeth,"Good night❤Atinys
Thank you for all your support😊
JAM here",good nightatini thank support jam,?,youtube
ATEEZ_IceOnMyTeeth,Mana lucinta luna nya?,mana lucinta luna nya,?,youtube
ATEEZ_IceOnMyTeeth,Gracias ATEEZ por:,gracia ateez por,?,youtube
ATEEZ_IceOnMyTeeth,Ateez is No 1 in Billboard Artist 100 chart.🔥,ateez billboard artist chart,?,youtube
ATEEZ_IceOnMyTeeth,I'm not Atiny but the vibe got me here. It's so good it's the vibe yeah 🎉❤👍,im atini vibe got good vibe yeah,?,youtube
ATEEZ_IceOnMyTeeth,"As dentist assistant, the part ""i bought diamonds  at my dentist "" I agree  with cause getting  thouse is really really expensive 😂😂😂😂😂😂😂",dentist assist part bought diamond dentist agre caus get thous realli realli expens,?,youtube
ATEEZ_IceOnMyTeeth,I like the ballet,like ballet,?,youtube
ATEEZ_IceOnMyTeeth,"Era uma vez 8 machos, eles eram a revolução do país...",era uma vez macho ele eram revoluo pa,?,youtube
ATEEZ_IceOnMyTeeth,"146☆
Grand Slam like tennis",grand slam like tenni,?,youtube
ATEEZ_IceOnMyTeeth,"Teruskan streaming,  jangan give up..Atiny boleh!!!",teruskan stream jangan give upatini boleh,?,youtube
ATEEZ_IceOnMyTeeth,🙋🙋mana penggemar yang ingin menemui ateez,mana penggemar yang ingin menemui ateez,?,youtube
ATEEZ_IceOnMyTeeth,yang hadir karna Lucinta Luna 😅,yang hadir karna lucinta luna,?,youtube
ATEEZ_IceOnMyTeeth,Keep streaming!!!,keep stream,?,youtube
ATEEZ_IceOnMyTeeth,"I watched a reaction by 2 Korean girls (they have English subs) , I really liked their reaction but mentioned they didn't know Ateez had debuted 6 years ago because they had never heard of them before Bouncy. So I thought if we visited their channel and asked them to react to their Killing voice maybe more Korean people would get to know about them. It's just a thought. In case you want to see their reaction the channel is MUMUTO .",watch reaction korean girl english sub realli like reaction mention didnt know ateez debut year ago never heard bounci thought visit channel ask react kill voic mayb korean peopl would get know thought case want see reaction channel mumuto,?,youtube
ATEEZ_IceOnMyTeeth,Omg I love you all 😅😢🎉❤,omg love,?,youtube
ATEEZ_IceOnMyTeeth,Enakkkk bgt sialannnnnn😭😭😭❤️❤️❤️❤️❤️,enakkkk bgt sialannnnnn,?,youtube
ATEEZ_IceOnMyTeeth,"Wow, 'Ice on my teeth' is one of the best solo amazing 😍 K-pop (ATEEJ) I love it.🎉💓♥️❤️😍",wow ice teeth one best solo amaz kpop ateej love,?,youtube
ATEEZ_IceOnMyTeeth,obsessed,obsess,?,youtube
ATEEZ_IceOnMyTeeth,YESSSS THE LEADER IS BACK 💚🐥🔥,yessss leader back,?,youtube
ATEEZ_IceOnMyTeeth,Nice song love it,nice song love,?,youtube
ATEEZ_IceOnMyTeeth,"As a hip hop lover, rhyming tennis with tennis is LAZY!!! Its such a good song and the chorus rhyme scheme needs to match that! Great visuals as always though 🤌👍",hip hop lover rhyme tenni tenni lazi good song choru rhyme scheme need match great visual alway though,?,youtube
ATEEZ_IceOnMyTeeth,Good morning and yay 31 million!,good morn yay million,?,youtube
ATEEZ_IceOnMyTeeth,ateez what's 4+4?,ateez what,?,youtube
ATEEZ_IceOnMyTeeth,"111k. Happy 31million!🎊
Have a beautiful Wednesday, Atiny. Jensetter here!💙
Mantra x Ice On My Teeth",k happi million beauti wednesday atini jensett mantra x ice teeth,?,youtube
ATEEZ_IceOnMyTeeth,"Lagu yang wajib di putar setiap hari, atau setiap jam ... enak banget",lagu yang wajib di putar setiap hari atau setiap jam enak banget,?,youtube
ATEEZ_IceOnMyTeeth,ang angas.. nag elevate sila ng todo.. KUDOS TO all MV team 🤟🤟🤟,ang anga nag elev sila ng todo kudo mv team,?,youtube
ATEEZ_IceOnMyTeeth,"People keep searching for lucinta luna in the comments. 🤭
Someone did a pirate work by making an edit of her and this mv, lured everyone here.
P.S. Indonesian atiny, my respects to you. 😸",peopl keep search lucinta luna comment someon pirat work make edit mv lure everyon ps indonesian atini respect,?,youtube
ATEEZ_IceOnMyTeeth,"Have a great day, Atiny! Choice here :)",great day atini choic,?,youtube
ATEEZ_IceOnMyTeeth,Ada yang kesini nyari lucintah lunah???,ada yang kesini nyari lucintah lunah,?,youtube
ATEEZ_IceOnMyTeeth,"New fans here 🙋

 :Hongjoong stan😭💋",new fan hongjoong stan,?,youtube
ATEEZ_IceOnMyTeeth,SANNNN ITS BEEN 2 WEEKSSS WHAT IM STILL ATTACEHDJDKNDKSJ,sannnn weeksss im still attacehdjdkndksj,?,youtube
ATEEZ_IceOnMyTeeth,"What's the cutest thing you saw today?
Video of IOMT mansion made with animal crossing. 😊",what cutest thing saw today video iomt mansion made anim cross,?,youtube
ATEEZ_IceOnMyTeeth,"FANTASY comes to check if the diamonds are still in place. Have a great day, ATINY friends.
🎶ICE ON MY TEETH x DWBH🎶
ATEEZ x SF9",fantasi come check diamond still place great day atini friend ice teeth x dwbh ateez x sf,?,youtube
ATEEZ_IceOnMyTeeth,katanya ada om lucinta luna,katanya ada om lucinta luna,?,youtube
ATEEZ_IceOnMyTeeth,2:05,,?,youtube
ATEEZ_IceOnMyTeeth,lagu ganteng<3,lagu ganteng,?,youtube
ATEEZ_IceOnMyTeeth,Our peaky blinders gangsters,peaki blinder gangster,?,youtube
ATEEZ_IceOnMyTeeth,Ice on my teeth ❤,ice teeth,?,youtube
ATEEZ_IceOnMyTeeth,Ohhhh so hot😮,ohhhh hot,?,youtube
ATEEZ_IceOnMyTeeth,Happy 31m ⸜(｡˃ ᵕ ˂ )⸝♡,happi,?,youtube
ATEEZ_IceOnMyTeeth,I’M OBSESSED,im obsess,?,youtube
ATEEZ_IceOnMyTeeth,Kpop Peaky Blinders ahh vibe,kpop peaki blinder ahh vibe,?,youtube
ATEEZ_IceOnMyTeeth,I need another like button. I would like to press it million times ❤❤❤,need anoth like button would like press million time,?,youtube
ATEEZ_IceOnMyTeeth,"What a refreshing concept.

Bad boys ❌
Villainous mafia CEO ✅

Need to see more mature Men concepts in K-pop",refresh concept bad boy villain mafia ceo need see matur men concept kpop,?,youtube
ATEEZ_IceOnMyTeeth,"31M! Congrats! Atinys🎉
So addictive ❤ (JAM♡）",congrat atini addict jam,?,youtube
ATEEZ_IceOnMyTeeth,It is a crime that we don't have a studio choom version of this,crime dont studio choom version,?,youtube
ATEEZ_IceOnMyTeeth,🙏🏻😔😔,,?,youtube
ATEEZ_IceOnMyTeeth,They have the best vocals and rap line❤️🔥,best vocal rap line,?,youtube
ATEEZ_IceOnMyTeeth,"Carat right heree>_<

Ateez 'Ice On My Teeth' x Seventeen 'Love Money Fame'",carat right heree_ ateez ice teeth x seventeen love money fame,?,youtube
ATEEZ_IceOnMyTeeth,"GUYS GET ON MUBEAT NOW, WIDEN THE GAP MORE!!! GOGOGO!!",guy get mubeat widen gap gogogo,?,youtube
ATEEZ_IceOnMyTeeth,Mana katanya ada lucinta luna,mana katanya ada lucinta luna,?,youtube
ATEEZ_IceOnMyTeeth,Join ststionhead Atinys for streeming party🥰,join ststionhead atini streem parti,?,youtube
ATEEZ_IceOnMyTeeth,Swimming by CARAT !,swim carat,?,youtube
ATEEZ_IceOnMyTeeth,"Don't forget to visit Answer, only 6M left for 100M :)",dont forget visit answer left,?,youtube
ATEEZ_IceOnMyTeeth,Mana lucinta luna?,mana lucinta luna,?,youtube
ATEEZ_IceOnMyTeeth,YUNHO CAKEPPPPPPPPPPPPPPPPPPPPPPP,yunho cakeppppppppppppppppppppppp,?,youtube
ATEEZ_IceOnMyTeeth,Eat more chocolate according to Mingi 😂,eat chocol accord mingi,?,youtube
ATEEZ_IceOnMyTeeth,Their visuals for this comeback just crazily good❤ happy 31M🎉,visual comeback crazili good happi,?,youtube
ATEEZ_IceOnMyTeeth,Eyes on Hong Joong's white teeth 🪥😂,eye hong joong white teeth,?,youtube
ATEEZ_IceOnMyTeeth,Swing by Answer ❤,swing answer,?,youtube
ATEEZ_IceOnMyTeeth,31m ❤,,?,youtube
ATEEZ_IceOnMyTeeth,Yall i can proudly say that I am probably 100 of the 31 million views on this mv. In the spirit of thanksgiving...  i am very grateful for this piece of art lol,yall proudli say probabl million view mv spirit thanksgiv grate piec art lol,?,youtube
ATEEZ_IceOnMyTeeth,"Congrats on 31M
Ice On My Teeth × What U say 
ATEEZ × Kim Woojin",congrat ice teeth u say ateez kim woojin,?,youtube
ATEEZ_IceOnMyTeeth,CONTINUE UNTIL THE END,continu end,?,youtube
ATEEZ_IceOnMyTeeth,cant get it out of my head😅 ❤❤,cant get head,?,youtube
ATEEZ_IceOnMyTeeth,Zaddiiessss🥵🥵,zaddiiessss,?,youtube
ATEEZ_IceOnMyTeeth,😭😭😭😭😭,,?,youtube
ATEEZ_IceOnMyTeeth,Atiny tak akan pernah berhenti untuk streaming!! Atiny sentiasa ada disini!!Fighting sayang-sayang Atiny!!!,atini tak akan pernah berhenti untuk stream atini sentiasa ada disinifight sayangsayang atini,?,youtube
ATEEZ_IceOnMyTeeth,Teruskan support Ateez!!!,teruskan support ateez,?,youtube
ATEEZ_IceOnMyTeeth,its like chocolate??? they so purposely gave that TO MINGIIII😭❤,like chocol purpos gave mingiiii,?,youtube
ATEEZ_IceOnMyTeeth,Goddamn......I am now a fan.,goddamni fan,?,youtube
ATEEZ_IceOnMyTeeth,Mubeat voting music core ongoing 🏃🏻‍♀️,mubeat vote music core ongo,?,youtube
ATEEZ_IceOnMyTeeth,31mil 🔥,mil,?,youtube
ATEEZ_IceOnMyTeeth,👋👋,,?,youtube
ATEEZ_IceOnMyTeeth,Morning!!! Let's do our best today too :),morn let best today,?,youtube
ATEEZ_IceOnMyTeeth,Thank you for 500k likes!,thank k like,?,youtube
ATEEZ_IceOnMyTeeth,little by little Ateez will get there,littl littl ateez get,?,youtube
ATEEZ_IceOnMyTeeth,"""Ice On My Teeth, Ice On My Teeth for my white tee"" we say in unison☝",ice teeth ice teeth white tee say unison,?,youtube
ATEEZ_IceOnMyTeeth,Hello atiny! Midzy here to support!! Let's get 32M!!! Ice on my teeth x gold!!,hello atini midzi support let get ice teeth x gold,?,youtube
ATEEZ_IceOnMyTeeth,Ateez won the Music Bank Pre voting. I hope they'll receive their 1st ever win for this comeback this coming Friday.,ateez music bank pre vote hope theyll receiv st ever win comeback come friday,?,youtube
ATEEZ_IceOnMyTeeth,Good morning Atinys and friends❤Wish you all a wounderful wednesday❤,good morn atini friendswish wounder wednesday,?,youtube
ATEEZ_IceOnMyTeeth,Happy 31M vi3ws and 500K likes!,happi viw k like,?,youtube
ATEEZ_IceOnMyTeeth,3:17 San why that look SCARES me?🙂🙂🙂🙂,san look scare,?,youtube
ATEEZ_IceOnMyTeeth,Seonghwa🔥🔥❤️‍🔥❤️‍🔥❤️‍🔥❤️‍🔥💜💜💜💜,seonghwa,?,youtube
StrayKids_ChkChkBoom,ATE? More like devoured.,ate like devour,?,youtube
StrayKids_ChkChkBoom,nida benim icin ah sana vah sana soyler misin,nida benim icin ah sana vah sana soyler misin,?,youtube
StrayKids_ChkChkBoom,STAYS! KEEP STREAMING! LET'S GET TO 100M!!!,stay keep stream let get,?,youtube
StrayKids_ChkChkBoom,The only bad thing about the song is that it doesn't last long ༎ຶ⁠‿⁠༎ຶ,bad thing song doesnt last long,?,youtube
StrayKids_ChkChkBoom,anani hic sevmemistim zaten iyi oldu,anani hic sevmemistim zaten iyi oldu,?,youtube
StrayKids_ChkChkBoom,i keep coming back to this music video literally changed lives,keep come back music video liter chang live,?,youtube
StrayKids_ChkChkBoom,Türk varmı??,trk varm,?,youtube
StrayKids_ChkChkBoom,yeni gunlugum burasi artik kimse kimseyi tanimiyor,yeni gunlugum burasi artik kims kimseyi tanimiyor,?,youtube
StrayKids_ChkChkBoom,aqua ve rubynin babasi cok yakisikli ya,aqua rubynin babasi cok yakisikli ya,?,youtube
StrayKids_ChkChkBoom,quiero un brauni,quiero un brauni,?,youtube
StrayKids_ChkChkBoom,330,,?,youtube
StrayKids_ChkChkBoom,Deadpol n skz kombinasi kerenn,deadpol n skz kombinasi kerenn,?,youtube
StrayKids_ChkChkBoom,hasta me dolió la cabeza por el mv,hasta doli la cabeza por el mv,?,youtube
StrayKids_ChkChkBoom,Soy yo o escuxhe un vamos en español😮😮😮,soy yo escuxh un vamo en espaol,?,youtube
StrayKids_ChkChkBoom,bluesung geri gel cokozledim lytfen,bluesung geri gel cokozledim lytfen,?,youtube
StrayKids_ChkChkBoom,HAPPY 62M🎉,happi,?,youtube
StrayKids_ChkChkBoom,"STAY, ya salió el M/V Stray Kids para que le demos vistas!!",stay ya sali el mv stray kid para que le demo vista,?,youtube
StrayKids_ChkChkBoom,My sister showed me this mv yesterday I didn't watch it but I been listening to it since it came out. I was in for a world of happiness. Seeing Ryan and Hugh be in a Stray Kids mv is just wholesome because of the friendship  through sns.,sister show mv yesterday didnt watch listen sinc came world happi see ryan hugh stray kid mv wholesom friendship sn,?,youtube
StrayKids_ChkChkBoom,oha nida akane oldu,oha nida akan oldu,?,youtube
StrayKids_ChkChkBoom,Birkaç saatliğine akane olmaya karar verdim,birka saatliin akan olmaya karar verdim,?,youtube
StrayKids_ChkChkBoom,"STAY, POR FAVOR A DARLE VISTA AL M/V STRAY KIDS QUE YA SALIÓ!!",stay por favor darl vista al mv stray kid que ya sali,?,youtube
StrayKids_ChkChkBoom,"everyone try searching ""stray kids"" in google theres a new feature!!!!",everyon tri search stray kid googl there new featur,?,youtube
StrayKids_ChkChkBoom,Skz te amooooo,skz te amooooo,?,youtube
StrayKids_ChkChkBoom,cok sıkılıyorum,cok sklyorum,?,youtube
StrayKids_ChkChkBoom,Amoooooo,amoooooo,?,youtube
StrayKids_ChkChkBoom,Love you changbin!!!! 🐷🐖💗💗💗,love changbin,?,youtube
StrayKids_ChkChkBoom,Fantástico,fantstico,?,youtube
StrayKids_ChkChkBoom,imdatt,imdatt,?,youtube
StrayKids_ChkChkBoom,İYİ GECELEEEEERFFRTRRRRR,iyi geceleeeeerffrtrrrrr,?,youtube
StrayKids_ChkChkBoom,ya bu turkceyi nasil anladı imdat,ya bu turkceyi nasil anlad imdat,?,youtube
StrayKids_ChkChkBoom,🫶🏻,,?,youtube
StrayKids_ChkChkBoom,i like it so much my babes,like much babe,?,youtube
StrayKids_ChkChkBoom,HAPPY BIRTHDAY STAY!!!!!! I'M PROUD OF YOU,happi birthday stay im proud,?,youtube
StrayKids_ChkChkBoom,tam o sırada kral ilk kez gercek korkuyu hissetti,tam srada kral ilk kez gercek korkuyu hissetti,?,youtube
StrayKids_ChkChkBoom,no le saben,le saben,?,youtube
StrayKids_ChkChkBoom,let's get more wins <3,let get win,?,youtube
StrayKids_ChkChkBoom,"Buenisimo, el kpop vuelve a revivir",buenisimo el kpop vuelv revivir,?,youtube
StrayKids_ChkChkBoom,goku profilli eleman beni sclasstan beri umursamiyor cok sinirliyim ona,goku profilli eleman beni sclasstan beri umursamiyor cok sinirliyim ona,?,youtube
StrayKids_ChkChkBoom,estaba bien hasta que vi el mv,estaba bien hasta que vi el mv,?,youtube
StrayKids_ChkChkBoom,siyah sac mi daha guzel kahverengi sac mi⁉️,siyah sac mi daha guzel kahverengi sac mi,?,youtube
StrayKids_ChkChkBoom,Fly high barudak!!,fli high barudak,?,youtube
StrayKids_ChkChkBoom,"It's so sad that I only discovered them now for me. I heard a few songs in the past, but I fell in love with them with Ate.
I feel a bit sad because I lost so much time and precious moments!!",sad discov heard song past fell love ate feel bit sad lost much time preciou moment,?,youtube
StrayKids_ChkChkBoom,Evet sp yemişsin😓,evet sp yemisin,?,youtube
StrayKids_ChkChkBoom,You know that stray kids is the best,know stray kid best,?,youtube
StrayKids_ChkChkBoom,sp mi yedim,sp mi yedim,?,youtube
StrayKids_ChkChkBoom,Lets go for 70M (⁠♡⁠ω⁠♡⁠ ⁠)⁠ ⁠~⁠♪,let go,?,youtube
StrayKids_ChkChkBoom,her gece buradayim artik🙏🏽,gece buradayim artik,?,youtube
StrayKids_ChkChkBoom,kaiseri kiz mi sandin yoksa nida 😮,kaiseri kiz mi sandin yoksa nida,?,youtube
StrayKids_ChkChkBoom,nida profilim guzel duruyor mu,nida profilim guzel duruyor mu,?,youtube
StrayKids_ChkChkBoom,Feliz aniversario STAYS de todo el mundo ❤,feliz aniversario stay de todo el mundo,?,youtube
StrayKids_ChkChkBoom,100 M STAYS,stay,?,youtube
StrayKids_ChkChkBoom,"""How many times have you played this?""
Me: ""Stray kids""",mani time play stray kid,?,youtube
StrayKids_ChkChkBoom,❤❤❤❤❤,,?,youtube
StrayKids_ChkChkBoom,Los chicos ya tienen 17.3 suscriptores woa,lo chico ya tienen suscriptor woa,?,youtube
StrayKids_ChkChkBoom,nida sence bir mangaya 27 dolar vermek deger mi,nida senc bir mangaya dolar vermek deger mi,?,youtube
StrayKids_ChkChkBoom,62.2,,?,youtube
StrayKids_ChkChkBoom,yup im just a fan from ccb news,yup im fan ccb news,?,youtube
StrayKids_ChkChkBoom,Yoksa bu bs bana e pic diyerek kufur mu ediyor🤔🤯,yoksa bu bs bana e pic diyerek kufur mu ediyor,?,youtube
StrayKids_ChkChkBoom,Boyle internetin taaaaaa,boyl internetin taaaaaa,?,youtube
StrayKids_ChkChkBoom,OH MY GOD IT'S PERFECT!!!!!!!!!!!!!!!!!!,oh god perfect,?,youtube
StrayKids_ChkChkBoom,they ate this comeback,ate comeback,?,youtube
StrayKids_ChkChkBoom,I’m here,im,?,youtube
StrayKids_ChkChkBoom,Mi rolona,mi rolona,?,youtube
StrayKids_ChkChkBoom,ebay de 19. cildin ingilizcesini buldum ama bir manga icin cok pahali😔,ebay de cildin ingilizcesini buldum ama bir manga icin cok pahali,?,youtube
StrayKids_ChkChkBoom,"CALM, WE WILL GIVE YOU THAT 100M THAT YOU DESERVE",calm give deserv,?,youtube
StrayKids_ChkChkBoom,their talent is insane!!!,talent insan,?,youtube
StrayKids_ChkChkBoom,mmm,mmm,?,youtube
StrayKids_ChkChkBoom,"62,276M",,?,youtube
StrayKids_ChkChkBoom,La  cancion que escucho a cada rato,la cancion que escucho cada rato,?,youtube
StrayKids_ChkChkBoom,Happy bd STAYS❕❤️🖤,happi bd stay,?,youtube
StrayKids_ChkChkBoom,"Si, es uns csnción buena.",si es un csncin buena,?,youtube
StrayKids_ChkChkBoom,nida cok babaproyuz,nida cok babaproyuz,?,youtube
StrayKids_ChkChkBoom,Neden.kimse.yok.,nedenkimseyok,?,youtube
StrayKids_ChkChkBoom,I am OBSESSED 🔥🔥❤️🔥🔥,obsess,?,youtube
StrayKids_ChkChkBoom,2.3m likes 🥇,like,?,youtube
StrayKids_ChkChkBoom,Stay fighting!,stay fight,?,youtube
StrayKids_ChkChkBoom,"Yok lanjut pantengin mereka terusss, gass stre4ming kajaaaaa",yok lanjut pantengin mereka terusss gass streme kajaaaaa,?,youtube
StrayKids_ChkChkBoom,254k,k,?,youtube
StrayKids_ChkChkBoom,Once elektrik sonra internet gittigi icin ugrayamadim buralara nasilsiniz bakem,elektrik sonra internet gittigi icin ugrayamadim buralara nasilsiniz bakem,?,youtube
StrayKids_ChkChkBoom,Changbinin rap partini 7/24 dinlerim kapatij diyeni siksinler,changbinin rap partini dinlerim kapatij diyeni siksinl,?,youtube
StrayKids_ChkChkBoom,"Sayang bngt sama ST4Y, mereka bagus bngt soal urusan stre4ming sama vote² gitu",sayang bngt sama sti mereka bagu bngt soal urusan streme sama vote gitu,?,youtube
StrayKids_ChkChkBoom,Alo neptus mu nerdesinalo,alo neptu mu nerdesinalo,?,youtube
StrayKids_ChkChkBoom,So good 😊 I love you stray kids,good love stray kid,?,youtube
StrayKids_ChkChkBoom,niye burasi bugun cok bos,niy burasi bugun cok bo,?,youtube
StrayKids_ChkChkBoom,62 251,,?,youtube
StrayKids_ChkChkBoom,o rap do changbin é tão satisfatório😭,rap changbin satisfatrio,?,youtube
StrayKids_ChkChkBoom,Boom Boom ratatata,boom boom ratatata,?,youtube
StrayKids_ChkChkBoom,BOOM BOOM 💥,boom boom,?,youtube
StrayKids_ChkChkBoom,Rechazado por completo,rechazado por completo,?,youtube
StrayKids_ChkChkBoom,Ahora necesitamos el MV de SKZOO !!! Ratatata,ahora necesitamo el mv de skzoo ratatata,?,youtube
StrayKids_ChkChkBoom,62.251,,?,youtube
StrayKids_ChkChkBoom,nida ağla japonlar beni seviyormuş,nida ala japonlar beni seviyormu,?,youtube
StrayKids_ChkChkBoom,q mal dia para estar vivo y ser estai,q mal dia para estar vivo ser estai,?,youtube
StrayKids_ChkChkBoom,Ateeee mis dulces niños<3,ateee mi dulc nio,?,youtube
StrayKids_ChkChkBoom,Ateee❤,atee,?,youtube
StrayKids_ChkChkBoom,St tayfa uyudunuz mu lan,st tayfa uyudunuz mu lan,?,youtube
StrayKids_ChkChkBoom,"No one:
Lee Know: aing aing",one lee know a a,?,youtube
StrayKids_ChkChkBoom,Trendlerde 12 ye dusmus çıldıracam,trendlerd ye dusmu ldracam,?,youtube
StrayKids_ChkChkBoom,epicnida seni cok seviyorum 😍🥰,epicnida seni cok seviyorum,?,youtube
StrayKids_ChkChkBoom,"62,248M",,?,youtube
StrayKids_ChkChkBoom,epicnida nasilsin,epicnida nasilsin,?,youtube
StrayKids_ChkChkBoom,bir tek ben mi anemle mesajlasirken cok geriliyorum,bir tek ben mi aneml mesajlasirken cok geriliyorum,?,youtube
StrayKids_ChkChkBoom,70M COMING SOON,come soon,?,youtube
StrayKids_ChkChkBoom,62.258 M,,?,youtube
StrayKids_ChkChkBoom,62 m,,?,youtube
StrayKids_ChkChkBoom,omg this is my favorite enhypen mv EVER!,omg favorit enhypen mv ever,?,youtube
StrayKids_ChkChkBoom,epicnida cok havali,epicnida cok havali,?,youtube
StrayKids_ChkChkBoom,Didn’t JYP give they ADs?,didnt jyp give ad,?,youtube
StrayKids_ChkChkBoom,woooooow stary kids bangchang chanbin lee know han hyunjin sungmin felix In ı love the song so much  and ı love you 8th and I am 11 years old  my birthday is 28 August    I love you guys you are so cool and a cute and handsome,woooooow stari kid bangchang chanbin lee know han hyunjin sungmin felix love song much love th year old birthday august love guy cool cute handsom,?,youtube
StrayKids_ChkChkBoom,Reno oyundan çıkınca savaş günlüğünde sadece bir kısma kadar bakılabiliyormuş sayamadım 😓,reno oyundan knca sava gnlnde sadec bir ksma kadar baklabiliyormu sayamadm,?,youtube
StrayKids_ChkChkBoom,blue lock 19. cildin ingilizcesini hicbir yerde bulamiyorum aglicam,blue lock cildin ingilizcesini hicbir yerd bulamiyorum aglicam,?,youtube
StrayKids_ChkChkBoom,Yesterday I spent the whole day listening to this song on STAY day kskqjqkak,yesterday spent whole day listen song stay day kskqjqkak,?,youtube
StrayKids_ChkChkBoom,STRAY KIDS WORLD DOMINATION,stray kid world domin,?,youtube
StrayKids_ChkChkBoom,@itemiatethem nerdesın ıkı gozum❤❤❤😘😘🥰🥰😍😍,itemiatethemnerdesn k gozum,?,youtube
StrayKids_ChkChkBoom,Nasilsiniz bayanlar(beyler yarrami yesin),nasilsiniz bayanlarbeyl yarrami yesin,?,youtube
StrayKids_ChkChkBoom,iyigecelerrrrr,iyigecelerrrrr,?,youtube
StrayKids_ChkChkBoom,Viciante!!!,viciant,?,youtube
StrayKids_ChkChkBoom,ALMINA YINE NERDESIN AMINA KOIM,almina yine nerdesin amina koim,?,youtube
StrayKids_ChkChkBoom,Vamos por los 63M stay no bajen el strim!!!,vamo por lo stay bajen el strim,?,youtube
StrayKids_ChkChkBoom,nys bb,ny bb,?,youtube
StrayKids_ChkChkBoom,"these bros literally saved this summer.🙏🏻
 that’s why the song has a special aura, and when you hear it, you immediately want to dance.🤲🏻
 let's get to 100 million!)",bro liter save summer that song special aura hear immedi want danc let get million,?,youtube
StrayKids_ChkChkBoom,Stray kids world domination!! :),stray kid world domin,?,youtube
StrayKids_ChkChkBoom,OFLAMAYİN,oflamayin,?,youtube
StrayKids_ChkChkBoom,öf,f,?,youtube
StrayKids_ChkChkBoom,Cecilia was the first to go,cecilia first go,?,youtube
StrayKids_ChkChkBoom,YALLLL GOT RYAN REINOLDS,yallll got ryan reinold,?,youtube
StrayKids_ChkChkBoom,la cancion del añooo,la cancion del aooo,?,youtube
StrayKids_ChkChkBoom,herhangi1,herhangi,?,youtube
StrayKids_ChkChkBoom,Merhabaa,merhabaa,?,youtube
StrayKids_ChkChkBoom,of chan cok atwslisin,chan cok atwslisin,?,youtube
StrayKids_ChkChkBoom,Stray Kids music videos are addictive. 😍🤩,stray kid music video addict,?,youtube
StrayKids_ChkChkBoom,yasemij nerelerdesin😡😡😡 özledim seni nasilsin 🫂🤏🏻,yasemij nerelerdesin zledim seni nasilsin,?,youtube
StrayKids_ChkChkBoom,telefonumda yt music varmis yeni fark ettim,telefonumda yt music varmi yeni fark ettim,?,youtube
StrayKids_ChkChkBoom,soty,soti,?,youtube
StrayKids_ChkChkBoom,should I stay or should I go 😭🤏🏻,stay go,?,youtube
StrayKids_ChkChkBoom,HAYIR ELEVEN YA DA WILL OLEMEZ AMA TEORILER MIKEIN OLECEGINI BAS BAS BAĞIRIYOR MIKE OLURSE AGLARIM AMA STEVE DE BÜYÜK IHTIMALLE OLECEKMIS AMA UMARIM OLMEZ YOKSA DEPRESYONE HIRERIM AMA EN COK OLMASINI ISTEDIGIM SEY EDDIENIN GERI GELMESI 🫂,hayir eleven ya da olemez ama teoril mikein olecegini ba ba bairiyor mike olurs aglarim ama steve de byk ihtimal olecekmi ama umarim olmez yoksa depresyon hirerim ama en cok olmasini istedigim sey eddienin geri gelmesi,?,youtube
StrayKids_ChkChkBoom,ya,ya,?,youtube
StrayKids_ChkChkBoom,stranger things yeni sezonu seneye mi geliyor,stranger thing yeni sezonu seney mi geliyor,?,youtube
StrayKids_ChkChkBoom,profilim cok guzel degil mi ya,profilim cok guzel degil mi ya,?,youtube
StrayKids_ChkChkBoom,"I love you Stray Kids, I just want to say this is an awesome comeback and you all blew our minds especially me. You never disappoint ❤😂",love stray kid want say awesom comeback blew mind especi never disappoint,?,youtube
StrayKids_ChkChkBoom,ladies and gentlemen,ladi gentlemen,?,youtube
StrayKids_ChkChkBoom,slm bu arqda,slm bu arqda,?,youtube
StrayKids_ChkChkBoom,bn ne zaman iyilescem aqQ,bn ne zaman iyilescem aqq,?,youtube
StrayKids_ChkChkBoom,"ryan siendo rechazado por los xmen, por los avengers y por skz JAJAJA",ryan siendo rechazado por lo xmen por lo aveng por skz jajaja,?,youtube
StrayKids_ChkChkBoom,piyanist bana bırak 🎹^᪲᪲᪲,piyanist bana brak,?,youtube
StrayKids_ChkChkBoom,selamm,selamm,?,youtube
StrayKids_ChkChkBoom,naber,naber,?,youtube
StrayKids_ChkChkBoom,off,,?,youtube
StrayKids_ChkChkBoom,✮,,?,youtube
StrayKids_ChkChkBoom,Chk chk Boom,chk chk boom,?,youtube
StrayKids_ChkChkBoom,I'm streaming while I do skincare HAHAHA,im stream skincar hahaha,?,youtube
StrayKids_ChkChkBoom,Hesap mı değiştirdiniz la ben üç kişi dışında diğerlerini bilemedim,hesap deitirdiniz la ben kii dnda dierlerini bilemedim,?,youtube
StrayKids_ChkChkBoom,Moralim yine gece gece bozuk lan hadi mutlu olalım awıınna,moralim yine gece gece bozuk lan hadi mutlu olalm awnna,?,youtube
StrayKids_ChkChkBoom,not düşün ben gidince reno geldi.,dn ben gidinc reno geldi,?,youtube
StrayKids_ChkChkBoom,selamun aleykum,selamun aleykum,?,youtube
StrayKids_ChkChkBoom,No me Puedo sacar esta canción de la mente,puedo sacar esta cancin de la ment,?,youtube
StrayKids_ChkChkBoom,Not only did they eat this up but Ryan fooled us,eat ryan fool us,?,youtube
StrayKids_ChkChkBoom,görüşürüz gitmem lazım.,grrz gitmem lazm,?,youtube
StrayKids_ChkChkBoom,"Even after 13 days, I still continue to listen without getting bored. You made a legendary song Skz",even day still continu listen without get bore made legendari song skz,?,youtube
StrayKids_ChkChkBoom,slm,slm,?,youtube
StrayKids_ChkChkBoom,This song is the best song I've ever heard,song best song ive ever heard,?,youtube
StrayKids_ChkChkBoom,star abla niye hep depresifsin sana abla diyorum diye mi yoksa,star abla niy hep depresifsin sana abla diyorum diy mi yoksa,?,youtube
StrayKids_ChkChkBoom,Ay domino,ay domino,?,youtube
StrayKids_ChkChkBoom,"Jalem no se desanimen 
Que hoy cumple años stay",jalem se desanimen que hoy cumpl ao stay,?,youtube
StrayKids_ChkChkBoom,turkce de ıstırmak diye bir kelime mi varmis,turkc de strmak diy bir kelim mi varmi,?,youtube
StrayKids_ChkChkBoom,🫂,,?,youtube
StrayKids_ChkChkBoom,"ATEEEEEEE, DEVORARONNNN 🗣️🫦🫦🫦",ateeeeee devoraronnnn,?,youtube
StrayKids_ChkChkBoom,1:36 Changbin,changbin,?,youtube
StrayKids_ChkChkBoom,1:07 Hyunjin,hyunjin,?,youtube
StrayKids_ChkChkBoom,✴︎,,?,youtube
StrayKids_ChkChkBoom,Saat 00:00  geçtiğine göre kendime doğum günü hediyesi olarak bu şarkıyı seçiyorum,saat getiin gre kendim doum gn hediyesi olarak bu arki seiyorum,?,youtube
StrayKids_ChkChkBoom,OMG SOO COOL,omg soo cool,?,youtube
StrayKids_ChkChkBoom,STRAY KIDS ATEEEEEEEE,stray kid ateeeeeee,?,youtube
StrayKids_ChkChkBoom,Pensaron en las tercermundistas y tenemos link del lolla aaaaa,pensaron en la tercermundista tenemo link del lolla aaaaa,?,youtube
StrayKids_ChkChkBoom,definitivamente se lucieron con este regreso :),definitivament se lucieron con est regreso,?,youtube
StrayKids_ChkChkBoom,👑👑👑👑👑👑👑👑,,?,youtube
StrayKids_ChkChkBoom,"62,171M",,?,youtube
StrayKids_ChkChkBoom,Amazing you guys! Loved it,amaz guy love,?,youtube
StrayKids_ChkChkBoom,we need points for more mushows please remember and don't give up,need point mushow pleas rememb dont give,?,youtube
StrayKids_ChkChkBoom,SLASYSJJSJXJXJXSLAY,slasysjjsjxjxjxslay,?,youtube
StrayKids_ChkChkBoom,goethe'e göre de ask zaman kaybindan baska bir sey degilmis,goethe gre de ask zaman kaybindan baska bir sey degilmi,?,youtube
StrayKids_ChkChkBoom,Nunca he sido tan fan como lo soy de skz. Son increíbles.,nunca sido tan fan como lo soy de skz son increbl,?,youtube
StrayKids_ChkChkBoom,misa unutabildin mi okul degistirince,misa unutabildin mi okul degistirinc,?,youtube
StrayKids_ChkChkBoom,AINT NO ONE LIKE STRAY KIDS PERIOD,aint one like stray kid period,?,youtube
StrayKids_ChkChkBoom,"OMG, the spanish!!?!? The Ryan cameo!?!? ATE",omg spanish ryan cameo ate,?,youtube
StrayKids_ChkChkBoom,ofsenaof,ofsenaof,?,youtube
StrayKids_ChkChkBoom,0:02 💛,,?,youtube
StrayKids_ChkChkBoom,en uzun ask karisilikli olmayan askmis,en uzun ask karisilikli olmayan askmi,?,youtube
StrayKids_ChkChkBoom,2:48 ❤,,?,youtube
StrayKids_ChkChkBoom,❤💛,,?,youtube
StrayKids_ChkChkBoom,Simply incredible ❤,simpli incred,?,youtube
StrayKids_ChkChkBoom,Can’t get over this mv….. i love it,cant get mv love,?,youtube
StrayKids_ChkChkBoom,"Los amo skz , sin ustedes me muero 😭🗣️‼️",lo amo skz sin usted muero,?,youtube
StrayKids_ChkChkBoom,❤🔥🔥,,?,youtube
StrayKids_ChkChkBoom,"0:31 Stray kids secret boyfriends
I think they cute but I’m so sad 

https://youtu.be/rGx6BqCKbqg?si=GN1JuAqzkUaRHhhE",stray kid secret boyfriend think cute im sad,?,youtube
StrayKids_ChkChkBoom,tin tin TINTINTINTIN chk chk boom,tin tin tintintintin chk chk boom,?,youtube
StrayKids_ChkChkBoom,"Podremos llegar a 100M al mes ? 
Si se puede stay",podremo llegar al me si se pued stay,?,youtube
StrayKids_ChkChkBoom,gunes açıl paran ile çiçek falanda al sevdiğini söyle.,gune al paran ile iek falanda al sevdiini syle,?,youtube
StrayKids_ChkChkBoom,"Song is bang on not their boiled faces, doesn't look normal Korean.   Are they representing Korea with over makeup shit. Toxic culture it seems",song bang boil face doesnt look normal korean repres korea makeup shit toxic cultur seem,?,youtube
StrayKids_ChkChkBoom,I love how the word catastrophic sounds we don't hear it often so it's even more impactful in a song,love word catastroph sound dont hear often even impact song,?,youtube
StrayKids_ChkChkBoom,#gidecekyerinyokmisa,gidecekyerinyokmisa,?,youtube
StrayKids_ChkChkBoom,tekrar merhaba,tekrar merhaba,?,youtube
StrayKids_ChkChkBoom,İn 2.59 he said do you need an older groupmate?İ think they mean there is a new groupmate is can came in stray kids?guys pls ı can be .... just say it what it means or thats a joke?,said need older groupmatei think mean new groupmat came stray kidsguy pl say mean that joke,?,youtube
StrayKids_ChkChkBoom,"62,136M",,?,youtube
StrayKids_ChkChkBoom,K pop is taking over for the right reasons,k pop take right reason,?,youtube
StrayKids_ChkChkBoom,gunes sevdifin kimmis kim laf atti,gune sevdifin kimmi kim laf atti,?,youtube
StrayKids_ChkChkBoom,"Stray kids thank you for everything you do for us
Channie thanks to make our beautiful name
Minho thanks for your good job
Binnie thanks for the power the effort
Hyunnie thanks for the emotional feelings
Hannie thanks for your songs your lyrics for your smile
Lixi thanks our sunshine for your sweet messages
Minnie thanks for your diamond voice and your support for us
innie thanks for telling us the beautiful words your smile in stag your cutest face
WE love you our 8 moon",stray kid thank everyth us channi thank make beauti name minho thank good job binni thank power effort hyunni thank emot feel hanni thank song lyric smile lixi thank sunshin sweet messag minni thank diamond voic support us inni thank tell us beauti word smile stag cutest face love moon,?,youtube
StrayKids_ChkChkBoom,puf,puf,?,youtube
StrayKids_ChkChkBoom,STRAY KIDS 4 GEN. LEADERS,stray kid gen leader,?,youtube
StrayKids_ChkChkBoom,Happy anniversary my dear STAY and every year we and our members are together be well and take care of you selves ilove you I'm proud of you STAYYYYY,happi anniversari dear stay everi year member togeth well take care selv ilov im proud stayyyyy,?,youtube
StrayKids_ChkChkBoom,62.1,,?,youtube
StrayKids_ChkChkBoom,çok,ok,?,youtube
StrayKids_ChkChkBoom,Alcancemos esos 65 millones pronto!!!,alcancemo eso millon pronto,?,youtube
StrayKids_ChkChkBoom,ben geldim ama gidiyoeum,ben geldim ama gidiyoeum,?,youtube
StrayKids_ChkChkBoom,I’M ADDICTED TO THISSSNKDKDN,im addict thisssnkdkdn,?,youtube
StrayKids_ChkChkBoom,"Merhaba, görüşürüz.",merhaba grrz,?,youtube
StrayKids_ChkChkBoom,"I love them, I love them, they are my life, May it be eternal ATE
Me muero hablaron español",love love life may etern ate muero hablaron espaol,?,youtube
StrayKids_ChkChkBoom,121k,k,?,youtube
StrayKids_ChkChkBoom,Stray kids world domination!,stray kid world domin,?,youtube
StrayKids_ChkChkBoom,Tropa dos BR ----->😮,tropa do br,?,youtube
StrayKids_ChkChkBoom,STAYS KEEP STR3AM1NG UNTIL 70M!! WE'RE THERE SOON,stay keep stramng soon,?,youtube
StrayKids_ChkChkBoom,Boom boom,boom boom,?,youtube
StrayKids_ChkChkBoom,Boom boom,boom boom,?,youtube
StrayKids_ChkChkBoom,I still cant believe how well Skz have done... from Gods Dududu thats Deadpool themed to having Deadpool and Wolverine in their MV... Im so proud,still cant believ well skz done god dududu that deadpool theme deadpool wolverin mv im proud,?,youtube
StrayKids_ChkChkBoom,"Ay tan lindo Ryan , gracias por todo ❤",ay tan lindo ryan gracia por todo,?,youtube
StrayKids_ChkChkBoom,ATEEE,atee,?,youtube
StrayKids_ChkChkBoom,62M,,?,youtube
StrayKids_ChkChkBoom,Suit with green vest giving LOKIIII (sorry they’re all moving too fast for me to see who it is) 1:36 💚,suit green vest give lokiiii sorri theyr move fast see,?,youtube
StrayKids_ChkChkBoom,ceylis nbrr 💞💞,ceyli nbrr,?,youtube
StrayKids_ChkChkBoom,Platinum blond Felix is giving major Hector from Castlevania vibes at 1:33 🤍🥹🩵,platinum blond felix give major hector castlevania vibe,?,youtube
StrayKids_ChkChkBoom,❤️‍🔥STRAY KIDS ON FAIR!❤️‍🔥,stray kid fair,?,youtube
StrayKids_ChkChkBoom,Stray Kids made revolutionary special amazing albums!!!,stray kid made revolutionari special amaz album,?,youtube
StrayKids_ChkChkBoom,vi amo un sacco raga siete i migliori!,vi amo un sacco raga siet migliori,?,youtube
StrayKids_ChkChkBoom,FELIX VOICE UGHH🫠HE'S SOO HOT IN THIS VIDEO,felix voic ughhh soo hot video,?,youtube
StrayKids_ChkChkBoom,Ugh they songs just be so damn good,ugh song damn good,?,youtube
StrayKids_ChkChkBoom,Comentaré cada q vea este video,comentar cada q vea est video,?,youtube
StrayKids_ChkChkBoom,"Danceracha outdid themselfs this time, i cant believe such talented People exist. Rap line, and vocals? What is goin on??!!! How?",danceracha outdid themself time cant believ talent peopl exist rap line vocal goin,?,youtube
StrayKids_ChkChkBoom,Eles ATE,ele ate,?,youtube
StrayKids_ChkChkBoom,"OMG THIS MV GOT ME SOO EMOTIONAL, LIKE THE END OF MV. DAMNNN",omg mv got soo emot like end mv damnnn,?,youtube
StrayKids_ChkChkBoom,"""Me comí demasiadas victorias, estoy lleno"" Dios, que icónico.",com demasiada victoria estoy lleno dio que icnico,?,youtube
StrayKids_ChkChkBoom,THIS IS CHEF KISS,chef kiss,?,youtube
StrayKids_ChkChkBoom,hic tanidik yok nfrt edyrm hpnzdn.,hic tanidik yok nfrt edyrm hpnzdn,?,youtube
StrayKids_ChkChkBoom,You are best,best,?,youtube
StrayKids_ChkChkBoom,It's so good amazing well done stray kids i came to support my fellow stays  well now going back to brought the heat back being engene😅,good amaz well done stray kid came support fellow stay well go back brought heat back engen,?,youtube
StrayKids_ChkChkBoom,"Bcs this cheap trick is so obv. If they are here to stream then just silently stream instead of flaunting that they are not their fan but just working as a charity. Idk if you know it but its some fandoms begging other active group fandoms for views ""JuSt bcS tHEy hElPeD thEm sTr3aM"" and also bcs xyz group only get successful bcs ""OtHer fAndOmS weRe hElpInG tHem"" its like a tricking mafia behind it. If you are a new stan you would understand this whole scenario after lots of these types of comments. Hope you understand what im trying to say",bc cheap trick obv stream silent stream instead flaunt fan work chariti idk know fandom beg activ group fandom view bc help stram also bc xyz group get success bc fandom help like trick mafia behind new stan would understand whole scenario lot type comment hope understand im tri say,?,youtube
StrayKids_ChkChkBoom,Happy STAY day for the last time today y'all!!,happi stay day last time today yall,?,youtube
StrayKids_ChkChkBoom,Back here after watching the Stray Kids MV cause my heart can't take it. They have grown so much. I am so proud of them! Happy STAY day for the last time today y'all! Logging off after this.,back watch stray kid mv caus heart cant take grown much proud happi stay day last time today yall log,?,youtube
StrayKids_ChkChkBoom,Que lindos 😍,que lindo,?,youtube
StrayKids_ChkChkBoom,Perfeitos demais,perfeito demai,?,youtube
StrayKids_ChkChkBoom,Boommm,boommm,?,youtube
StrayKids_ChkChkBoom,a freakin' bombshell,freakin bombshel,?,youtube
StrayKids_ChkChkBoom,How could anyone beat Stray kids,could anyon beat stray kid,?,youtube
StrayKids_ChkChkBoom,I love this song,love song,?,youtube
StrayKids_ChkChkBoom,"BENİMLE EVLEN MİNHO LÜTFEN
MARRY ME MINHO PLEASE",beniml evlen minho ltfen marri minho pleas,?,youtube
StrayKids_ChkChkBoom,70 million views let's goooooooooooooo. let's get them a win💞,million view let goooooooooooooo let get win,?,youtube
StrayKids_ChkChkBoom,CHANGBIN YOU KILLED ME.,changbin kill,?,youtube
StrayKids_ChkChkBoom,Stray kids handsome perceft mv and my bias Jeongin❤,stray kid handsom perceft mv bia jeongin,?,youtube
StrayKids_ChkChkBoom,Vamos galerinha....,vamo galerinha,?,youtube
StrayKids_ChkChkBoom,Soon YouTube will be blocked in Russia😭😭😭😭😭😭,soon youtub block russia,?,youtube
StrayKids_ChkChkBoom,Stray kids leaders of the fourth generation 😍,stray kid leader fourth gener,?,youtube
StrayKids_ChkChkBoom,Do a Collab with jyp please❤❤,collab jyp pleas,?,youtube
StrayKids_ChkChkBoom,"our boys grow up well, STAY❤",boy grow well stay,?,youtube
StrayKids_ChkChkBoom,❤❤,,?,youtube
StrayKids_ChkChkBoom,everytime i watch Stray Kids MV 😭,everytim watch stray kid mv,?,youtube
StrayKids_ChkChkBoom,I might be stupid but does CCB news stand for CHK CHK BOOK news 😀 coz I only know BBC news,might stupid ccb news stand chk chk book news coz know bbc news,?,youtube
StrayKids_ChkChkBoom,"Me encanto, 🤩🤩 cantan re bien mis hermosos 😻",encanto cantan bien mi hermoso,?,youtube
StrayKids_ChkChkBoom,Amooooo,amooooo,?,youtube
StrayKids_ChkChkBoom,Hyunjin and leeknow last part is one for tge history,hyunjin leeknow last part one tge histori,?,youtube
StrayKids_ChkChkBoom,Benim mümin gardaşım nerde,benim mmin gardam nerd,?,youtube
StrayKids_ChkChkBoom,Por q cuando reproduzco el vídeo me lo pone como su fuera mix,por q cuando reproduzco el vdeo lo pone como su fuera mix,?,youtube
StrayKids_ChkChkBoom,"Davam davam stay,həvəsdən düşmürük.70 milyona doğru irəli.",davam davam stayhvsdn dmrk milyona doru irli,?,youtube
StrayKids_ChkChkBoom,Ben geldimm,ben geldimm,?,youtube
StrayKids_ChkChkBoom,"41k. Happy 62million <3
Goodnight, Stay ~
Jensetter here!♡
Spot x Chk Chk Boom",k happi million goodnight stay jensett spot x chk chk boom,?,youtube
StrayKids_ChkChkBoom,Han ❤❤❤❤❤❤❤❤❤,han,?,youtube
StrayKids_ChkChkBoom,Good evening 😂😂,good even,?,youtube
StrayKids_ChkChkBoom,hermosisimo saludos desde España,hermosisimo saludo desd espaa,?,youtube
StrayKids_ChkChkBoom,"Seungmin, you have the best smile, so take a picture like before, please, she's beautiful.The haters who say that Seungmin has a crooked smile are fools, they don't deserve to be human.So Seungmin ignore them, you and your smile are the best❤️❤️❤️❤️❤️❤️❤️❤️❤️❤️❤️❤️❤️❤️❤️❤️❤️❤️❤️❤️❤️❤️❤️❤️❤️❤️❤️🔥❤️❤️❤️❤️🔥❤️❤️🔥❤️💖💓💗💘💘💓💓💖💝💝💖💗💓❤️🔥❤️🩹❣️💕💞❣️❤️🩹❤️🔥❣️💕💕❤️🩹❤️🔥❤️🩹❤️🩹❤️🩹❤️🔥❤️🔥❤️🔥❤️🩹❤️🩹❤️🩹❤️🔥❤️💓❤️💓❤️💓💓❤️💓❤️💓❤️💓❤️💓❤️❤️💓❤️💓❤️💓❤️💓❤️💓❤️❤️❤️❤️❤️💗💗💗💗💗💗💗💗💗💗💗💗💗💖💖💗💖💗💗💖💗💖💗💖💗💗💗💗💗💖💗💗💗💖💗💗❤️🔥❤️🩹❤️🩹❤️🩹❤️🔥💜❤️❤️💜❤️❤️❤️💜❤️❤️💜💓💗💜💓💜💓💗❤️💗❤️💗❤️💗❤️❤️❤️❤️❤️💓💓💓💓💟💟💟💟💟💟💓❤️💓❤️💓❤️💓❤️❤️❤️💓❤️❤️❤️💓❤️💓❤️💓❤️💓❤️💓❤️💗❤️❤️💓❤️💗❤️💓❤️💓💗❤️💓💓💖💖💗💓💗💗💓💗💖💓💓❤️❤️❤️❤️❤️❤️❤️❤️❤️❤️❤️❤️❤️❤️❤️❤️❤️",seungmin best smile take pictur like pleas she beautifulth hater say seungmin crook smile fool dont deserv humanso seungmin ignor smile best,?,youtube
StrayKids_ChkChkBoom,"62,038M",,?,youtube
StrayKids_ChkChkBoom,u did great,u great,?,youtube
StrayKids_ChkChkBoom,øhh,hh,?,youtube
StrayKids_ChkChkBoom,❤❤❤❤❤,,?,youtube
StrayKids_ChkChkBoom,Aç birine başka av bul denmez kırıcı ...,birin baka av bul denmez krc,?,youtube
StrayKids_ChkChkBoom,Boom boom chk chk... BOOM surpassed 62M!🎯👌🤗,boom boom chk chk boom surpass,?,youtube
StrayKids_ChkChkBoom,"I am utterly and completely obsessed with this video and song. 
God’s Menu you finally have a competitor for 1st place in my heart.",utterli complet obsess video song god menu final competitor st place heart,?,youtube
StrayKids_ChkChkBoom,bana ilac lazim,bana ilac lazim,?,youtube
StrayKids_ChkChkBoom,😮😮😮,,?,youtube
StrayKids_ChkChkBoom,Felices 62,felic,?,youtube
StrayKids_ChkChkBoom,Acemi ???,acemi,?,youtube
StrayKids_ChkChkBoom,mfik nerelerde,mfik nerelerd,?,youtube
StrayKids_ChkChkBoom,La parte de changbin es la MEJOR🌟🌟,la part de changbin es la mejor,?,youtube
StrayKids_ChkChkBoom,Siparişimi verdim gidiyorum gelirim bi ara o zamana kadar avımı bul,sipariimi verdim gidiyorum gelirim bi ara zamana kadar avm bul,?,youtube
StrayKids_ChkChkBoom,💞💞,,?,youtube
StrayKids_ChkChkBoom,off,,?,youtube
StrayKids_ChkChkBoom,Çok kaşındın,ok kandn,?,youtube
StrayKids_ChkChkBoom,👻,,?,youtube
StrayKids_ChkChkBoom,Boom  boom.   Chk. Chk❤❤❤❤.   Boom,boom boom chk chk boom,?,youtube
StrayKids_ChkChkBoom,"Okk more like for ""ATE"" plsss guyss❤❤❤❤",okk like ate plsss guyss,?,youtube
StrayKids_ChkChkBoom,Stray kids your amazing,stray kid amaz,?,youtube
StrayKids_ChkChkBoom,NEYSE BAY BAG ÖPTUMMM BEN HANNAH VLOG İZLİYCEM (ESKİLER COK SARIYO ),neys bay bag ptummm ben hannah vlog izliycem eskil cok sariyo,?,youtube
StrayKids_ChkChkBoom,❤,,?,youtube
StrayKids_ChkChkBoom,8 millones más,millon ms,?,youtube
StrayKids_ChkChkBoom,Bu teklifini bulduğun ava göre değerlendiricem,bu teklifini bulduun ava gre deerlendiricem,?,youtube
StrayKids_ChkChkBoom,Merecedores de tudoooo,merecedor de tudoooo,?,youtube
StrayKids_ChkChkBoom,THIS REFERENCES😭😭 I LOVE YOU SKZZZ,refer love skzzz,?,youtube
StrayKids_ChkChkBoom,Me gustan todos los bts 😍😍😍😍😍😍😍🥰🥰,gustan todo lo bt,?,youtube
StrayKids_ChkChkBoom,Yt kendine gel,yt kendin gel,?,youtube
StrayKids_ChkChkBoom,SİCK OF THİS LİFE,sick life,?,youtube
StrayKids_ChkChkBoom,"Fantasy here. 
Bibora x IT IS LOVE x Chk chk boom",fantasi bibora x love x chk chk boom,?,youtube
StrayKids_ChkChkBoom,why did this make me sob,make sob,?,youtube
StrayKids_ChkChkBoom,I arrived before a week aee chk chk boom😊,arriv week aee chk chk boom,?,youtube
StrayKids_ChkChkBoom,Enam puluh dua juta :),enam puluh dua juta,?,youtube
StrayKids_ChkChkBoom,lee know soo hot,lee know soo hot,?,youtube
StrayKids_ChkChkBoom,DİG İN DEEPER,dig deeper,?,youtube
StrayKids_ChkChkBoom,Detpoll,detpol,?,youtube
StrayKids_ChkChkBoom,"BANG CHRISTOPHER CHAN LOOKING GOOD
DAMN U LOOK GOOD
edit thx so much for 1 like I liked it myself 😭
omg 3 likes in 5 secs????",bang christoph chan look good damn u look good edit thx much like like omg like sec,?,youtube
StrayKids_ChkChkBoom,TREND 12 NE YA,trend ne ya,?,youtube
StrayKids_ChkChkBoom,"Hablo español que lindooo , la vida loca 💞💞😍",hablo espaol que lindooo la vida loca,?,youtube
StrayKids_ChkChkBoom,Küçük avım nerdeymiş,kk avm nerdeymi,?,youtube
StrayKids_ChkChkBoom,CHAN,chan,?,youtube
StrayKids_ChkChkBoom,I WANNA KNOW KNOW KNOW KNOW,wanna know know know know,?,youtube
StrayKids_ChkChkBoom,Daha yeni geldim ne ara spm yemişim,daha yeni geldim ne ara spm yemiim,?,youtube
StrayKids_ChkChkBoom,Skzoo y el mv ???,skzoo el mv,?,youtube
StrayKids_ChkChkBoom,SELAMMMM,selammmm,?,youtube
StrayKids_ChkChkBoom,မိုက်နေရော ခုမှMVကြည့်ဖစ်တယ်,mv,?,youtube
StrayKids_ChkChkBoom,La vida es bien loc@ con Skz,la vida es bien loc con skz,?,youtube
StrayKids_ChkChkBoom,COOLEST MV EVER,coolest mv ever,?,youtube
StrayKids_ChkChkBoom,I love you bangchan i wish i could get an autograph from you i wish😢❤,love bangchan wish could get autograph wish,?,youtube
StrayKids_ChkChkBoom,So beautiful🙂🥺,beauti,?,youtube
StrayKids_ChkChkBoom,Boom Boom ratatata Boom!!!,boom boom ratatata boom,?,youtube
StrayKids_ChkChkBoom,la vida loca,la vida loca,?,youtube
StrayKids_ChkChkBoom,you can feel how much effort they spent on each comeback and this one they ATE for realll,feel much effort spent comeback one ate realll,?,youtube
StrayKids_ChkChkBoom,Rio avım ol,rio avm ol,?,youtube
StrayKids_ChkChkBoom,Pastamiz oldu stayy afiyet olsunn,pastamiz oldu stayi afiyet olsunn,?,youtube
StrayKids_ChkChkBoom,My first time watching this👁👄👁💅💅💅💅💅,first time watch,?,youtube
StrayKids_ChkChkBoom,🔥,,?,youtube
StrayKids_ChkChkBoom,Even youtube thinks this shit ATE!!!! 🔥🔥🔥🔥🔥🩷🩷🩷🩷🩷🩷,even youtub think shit ate,?,youtube
StrayKids_ChkChkBoom,"Çok konuşma avım olursun 
(Anladı o kişi)",ok konuma avm olursun anlad kii,?,youtube
StrayKids_ChkChkBoom,62M !!!,,?,youtube
StrayKids_ChkChkBoom,0:46,,?,youtube
StrayKids_ChkChkBoom,0:45,,?,youtube
StrayKids_ChkChkBoom,This music video is insane. I can't get enough of it,music video insan cant get enough,?,youtube
StrayKids_ChkChkBoom,yalan soyleme,yalan soylem,?,youtube
StrayKids_ChkChkBoom,1.15 bu cocuk bir harika,bu cocuk bir harika,?,youtube
StrayKids_ChkChkBoom,"Filling up my truck yeah you want that riiiiiiiide ❤❤❤❤ Boom
Hit you like a truck I'mma make you flyyyyy   💓💓💓",fill truck yeah want riiiiiiiid boom hit like truck imma make flyyyyi,?,youtube
StrayKids_ChkChkBoom,Yemek yerken ısırdım arkadaşlar yanlış yerlere çekmeyin,yemek yerken srdm arkadalar yanl yerler ekmeyin,?,youtube
StrayKids_ChkChkBoom,ADDICTIVE,addict,?,youtube
StrayKids_ChkChkBoom,Lets make this 100M real quick,let make real quick,?,youtube
StrayKids_ChkChkBoom,hic yakismadi,hic yakismadi,?,youtube
StrayKids_ChkChkBoom,Bu niye hayla 100M değil:(,bu niy hayla deil,?,youtube
StrayKids_ChkChkBoom,ATEEEEEEE,ateeeeee,?,youtube
StrayKids_ChkChkBoom,"Vengo después de escuchar Stray kids, la canción, muy bueno todo, maravilloso álbum!!",vengo despu de escuchar stray kid la cancin muy bueno todo maravilloso lbum,?,youtube
StrayKids_ChkChkBoom,aramizdada dudagini kanatanlar var artik ne yaptiysa🤨,aramizdada dudagini kanatanlar var artik ne yaptiysa,?,youtube
StrayKids_ChkChkBoom,Aramız da fesatlar var,aramz da fesatlar var,?,youtube
StrayKids_ChkChkBoom,rebeca vamooooo,rebeca vamooooo,?,youtube
StrayKids_ChkChkBoom,I'm gonna sleep now,im gonna sleep,?,youtube
StrayKids_ChkChkBoom,rio hala depresyondamisin,rio hala depresyondamisin,?,youtube
StrayKids_ChkChkBoom,"24 min qalıb,amma saatlar çəkəcək bilirəm.",min qalbamma saatlar kck bilirm,?,youtube
StrayKids_ChkChkBoom,STRAY KIDS ARE THE BEST IN THE WORLD 🔥🌍,stray kid best world,?,youtube
StrayKids_ChkChkBoom,"0:57 , 1:35 , 2:03  I'm just saving it for my self!!!!!",im save self,?,youtube
StrayKids_ChkChkBoom,Dudağım kanıyor,dudam kanyor,?,youtube
StrayKids_ChkChkBoom,i love it💫🌚,love,?,youtube
StrayKids_ChkChkBoom,news,news,?,youtube
StrayKids_ChkChkBoom,OHA LAN KİMSE YOK ORTAM NERDE,oha lan kims yok ortam nerd,?,youtube
StrayKids_ChkChkBoom,"I WAS AFRAID OF WHAT THE SUMMER WOULD BE LIKE, BUT THEY ARE HERE!",afraid summer would like,?,youtube
StrayKids_ChkChkBoom,65 olsunds emeklioliyim,olsund emeklioliyim,?,youtube
StrayKids_ChkChkBoom,💥💥💥💥,,?,youtube
StrayKids_ChkChkBoom,"RAP, VOCALS, VISUAL, CHOREOGRAPHY AND MORE... WHY IS IT SO PERFECT?",rap vocal visual choreographi perfect,?,youtube
StrayKids_ChkChkBoom,why does felix during changbin's rrrrrrra part gives me newton vibes like uhh what am i even saying #science student me but really the song is more attracting than gravity,felix changbin rrrrrrra part give newton vibe like uhh even say scienc student realli song attract graviti,?,youtube
StrayKids_ChkChkBoom,NO BECAUSE THIS THING WILL BE IN MY BRAIN FOREVER,thing brain forev,?,youtube
StrayKids_ChkChkBoom,"No me canso de ver el video, esta GENIAL",canso de ver el video esta genial,?,youtube
StrayKids_ChkChkBoom,"ATE? NO, THEY SWALLOWED IT AND DID NOT LEAVE A CRUMB!",ate swallow leav crumb,?,youtube
StrayKids_ChkChkBoom,"GOD, I'M FREAKING OUT",god im freak,?,youtube
StrayKids_ChkChkBoom,LETS GOOOO,let goooo,?,youtube
StrayKids_ChkChkBoom,The whole song is 10 but this part.....1:35,whole song part,?,youtube
StrayKids_ChkChkBoom,hermanas lloré un montón,hermana llor un montn,?,youtube
StrayKids_ChkChkBoom,This song 🥰,song,?,youtube
StrayKids_ChkChkBoom,1 Haftada 100mn olur dedigimiz sarki 13 gunde 60mnde takili kaldi yaw,haftada mn olur dedigimiz sarki gund mnde takili kaldi yaw,?,youtube
StrayKids_ChkChkBoom,😮😊,,?,youtube
StrayKids_ChkChkBoom,"Happy birthday, STAY 🎉❤",happi birthday stay,?,youtube
StrayKids_ChkChkBoom,Turk stayler backsrooma dustuler galiba,turk stayler backsrooma dustul galiba,?,youtube
StrayKids_ChkChkBoom,BOOM!,boom,?,youtube
StrayKids_ChkChkBoom,Super el temaaaaaa ameeew,super el temaaaaaa ameeew,?,youtube
StrayKids_ChkChkBoom,948k,k,?,youtube
StrayKids_ChkChkBoom,"Stay, let’s work hard for music core and inkiyago! We can win!!",stay let work hard music core inkiyago win,?,youtube
StrayKids_ChkChkBoom,ccb,ccb,?,youtube
StrayKids_ChkChkBoom,Chk chk boom,chk chk boom,?,youtube
StrayKids_ChkChkBoom,Come on 62Mヽ(*≧ω≦)ﾉ,come,?,youtube
StrayKids_ChkChkBoom,The most beautiful mv ever seen,beauti mv ever seen,?,youtube
StrayKids_ChkChkBoom,Support skz,support skz,?,youtube
StrayKids_ChkChkBoom,Nini,nini,?,youtube
StrayKids_ChkChkBoom,Love ya,love ya,?,youtube
StrayKids_ChkChkBoom,rio yokmus bb,rio yokmu bb,?,youtube
StrayKids_ChkChkBoom,selamm,selamm,?,youtube
StrayKids_ChkChkBoom,So close to 62 million,close million,?,youtube
StrayKids_ChkChkBoom,61.9,,?,youtube
StrayKids_ChkChkBoom,Eviten usar emojis,eviten usar emoji,?,youtube
StrayKids_ChkChkBoom,🎉🎉🎉🎉🎉🎉,,?,youtube
StrayKids_ChkChkBoom,stay no debemos parar hasta los 100M,stay debemo parar hasta lo,?,youtube
StrayKids_ChkChkBoom,"Stray kids  kids everywhere All around the world you make stray kids stay 

Our life our choice our fandom our light our house our spark our hellavator our hug..our know...our dwekki...our jinnie...our quokka...our chicken..our puppy..our baby bread....our world whom we can't hurt ...if we r be there sheild if we will there sword they will our home......we will protect you don't worry just go on ur way....pur wing will never whatever happens just go on and on ....love you stay love you stray kids 😊😊😊",stray kid kid everywher around world make stray kid stay life choic fandom light hous spark hellav hugour knowour dwekkiour jinnieour quokkaour chickenour puppyour babi breadour world cant hurt r sheild sword homew protect dont worri go ur waypur wing never whatev happen go love stay love stray kid,?,youtube
StrayKids_ChkChkBoom,Straykids dominando el mundo,straykid dominando el mundo,?,youtube
StrayKids_ChkChkBoom,😮😮😮🩷,,?,youtube
StrayKids_ChkChkBoom,misa seni cok ozledim💥,misa seni cok ozledim,?,youtube
StrayKids_ChkChkBoom,yine yoklar,yine yoklar,?,youtube
StrayKids_ChkChkBoom,🫶🏻💥,,?,youtube
StrayKids_ChkChkBoom,"vamos Stay!!!! inviten a más a seguir aqui, compartan los links!",vamo stay inviten ms seguir aqui compartan lo link,?,youtube
StrayKids_ChkChkBoom,benim tayfa yine yok hadi gorusuruz,benim tayfa yine yok hadi gorusuruz,?,youtube
StrayKids_ChkChkBoom,los amo y jamás me cansaré de decirlo,lo amo jam cansar de decirlo,?,youtube
StrayKids_ChkChkBoom,That was my favorite music video ever oh my gosh you guys make the best music ❤😊,favorit music video ever oh gosh guy make best music,?,youtube
StrayKids_ChkChkBoom,🎉🎉❤🎉❤🎉❤❤,,?,youtube
StrayKids_ChkChkBoom,Solo veré kpop por esto.,solo ver kpop por esto,?,youtube
StrayKids_ChkChkBoom,This song is soooo fckggg gowdddddd,song soooo fckggg gowdddddd,?,youtube
StrayKids_ChkChkBoom,Good❤,good,?,youtube
StrayKids_ChkChkBoom,Stray Kids is forever my favorite group. Stray Kids everywhere all around the world ❤,stray kid forev favorit group stray kid everywher around world,?,youtube
StrayKids_ChkChkBoom,"LOS AMO DIOS MÍO 😭😭😭💗💗💗

MY NEW FAVORITE SONG",lo amo dio mo new favorit song,?,youtube
StrayKids_ChkChkBoom,"Stray Kids’ “Chk Chk Boom” is now the highest charting 4th generation boy group song on Circle Weekly Global Chart!

#2 Chk Chk Boom 🆕🥠
#3 MANIAC
#4 S-Class
#5 Good Boy Gone Bad, LALALALA
#6 Sugar Rush Ride",stray kid chk chk boom highest chart th gener boy group song circl weekli global chart chk chk boom maniac sclass good boy gone bad lalalala sugar rush ride,?,youtube
StrayKids_ChkChkBoom,Lee know,lee know,?,youtube
StrayKids_ChkChkBoom,This was cool 😂😊,cool,?,youtube
StrayKids_ChkChkBoom,Que canción tan de la verga,que cancin tan de la verga,?,youtube
StrayKids_ChkChkBoom,I never understand the feeling of loving someone you never met until i found Stray Kids. They helped me during the toughest moment in my life and im forever grateful,never understand feel love someon never met found stray kid help toughest moment life im forev grate,?,youtube
StrayKids_ChkChkBoom,Happy birthday STAYY 🔥‼️,happi birthday stayi,?,youtube
StrayKids_ChkChkBoom,how long have you been watching this?                                           me: chk chk boom,long watch chk chk boom,?,youtube
StrayKids_ChkChkBoom,Haha,haha,?,youtube
StrayKids_ChkChkBoom,Woww,woww,?,youtube
StrayKids_ChkChkBoom,Yyyy,yyyi,?,youtube
StrayKids_ChkChkBoom,Uuu,uuu,?,youtube
StrayKids_ChkChkBoom,❤❤❤❤❤❤❤❤,,?,youtube
StrayKids_ChkChkBoom,We well always here for you ❤️❤️❤️❤️❤️❤️❤️❤️❤️❤️😊,well alway,?,youtube
StrayKids_ChkChkBoom,"STAY PLEASE KEEP STR3AMING, WE NEED HIGH POINT IN SNS",stay pleas keep strame need high point sn,?,youtube
StrayKids_ChkChkBoom,Inviten a enimen,inviten enimen,?,youtube
StrayKids_ChkChkBoom,Who will support Stray kids forever?,support stray kid forev,?,youtube
StrayKids_ChkChkBoom,"Guys, come on let's get that 65M soon!",guy come let get soon,?,youtube
StrayKids_ChkChkBoom,SOTY,soti,?,youtube
StrayKids_ChkChkBoom,selamat malam stay selamat istirahat,selamat malam stay selamat istirahat,?,youtube
StrayKids_ChkChkBoom,lets do 100m of 3 weeks,let week,?,youtube
StrayKids_ChkChkBoom,2.4M likes soon,like soon,?,youtube
StrayKids_ChkChkBoom,Best release of 2024 mannnn,best releas mannnn,?,youtube
StrayKids_ChkChkBoom,97k more to 62M,k,?,youtube
StrayKids_ChkChkBoom,puffff,puffff,?,youtube
StrayKids_ChkChkBoom,Best CAMEO,best cameo,?,youtube
StrayKids_ChkChkBoom,THANKS HUGH AND RYAN ❤,thank hugh ryan,?,youtube
StrayKids_ChkChkBoom,0:45 my fav part omg ✨️✨️✨️,fav part omg,?,youtube
StrayKids_ChkChkBoom,Enserio amo está canción,enserio amo est cancin,?,youtube
StrayKids_ChkChkBoom,all the members shine this comeback❤❤,member shine comeback,?,youtube
StrayKids_ChkChkBoom,"Forever proud to be a STAY. I'm so grateful that I found you at the right time, my Stray Kids :"")",forev proud stay im grate found right time stray kid,?,youtube
StrayKids_ChkChkBoom,i so want to see felix in a drama,want see felix drama,?,youtube
StrayKids_ChkChkBoom,SLAYING SKZ,slay skz,?,youtube
StrayKids_ChkChkBoom,Hyunjin devoured🤌🏻🤌🏻🔥,hyunjin devour,?,youtube
StrayKids_ChkChkBoom,❤🎉,,?,youtube
StrayKids_ChkChkBoom,aye domino,aye domino,?,youtube
StrayKids_ChkChkBoom,Stray Kids Everywhere all around the world,stray kid everywher around world,?,youtube
StrayKids_ChkChkBoom,"""CHK CHK, BOOM!💥🔫""",chk chk boom,?,youtube
StrayKids_ChkChkBoom,At the very first day...I was the only one who can sing along with my kings....but now my whole family can sing along.....ayeeee Chk Chk Boom!!! 🤭❤️‍🔥,first dayi one sing along kingsbut whole famili sing alongayeee chk chk boom,?,youtube
StrayKids_ChkChkBoom,Türkiyeeeeee. ❤❤❤💋(bayrak bulamadim)❤❤,trkiyeeeee bayrak bulamadim,?,youtube
StrayKids_ChkChkBoom,ATEEEEEEEEEEEE,ateeeeeeeeeee,?,youtube
StrayKids_ChkChkBoom,1:37 WTF CHANGBIN 😭😭,wtf changbin,?,youtube
StrayKids_ChkChkBoom,Stray Kids is HOME❤,stray kid home,?,youtube
StrayKids_ChkChkBoom,A bit late but Happy Birthday STAY!!!,bit late happi birthday stay,?,youtube
StrayKids_ChkChkBoom,62mll goo,mll goo,?,youtube
StrayKids_ChkChkBoom,61M,,?,youtube
StrayKids_ChkChkBoom,Stay fighting!,stay fight,?,youtube
StrayKids_ChkChkBoom,"As always, a great comeback! 
Stray Kids leaders of the K-pop industry!",alway great comeback stray kid leader kpop industri,?,youtube
StrayKids_ChkChkBoom,Goooooooooo stayyyy!!!,goooooooooo stayyyi,?,youtube
StrayKids_ChkChkBoom,Está canción no creo superarla jamás,est cancin creo superarla jam,?,youtube
StrayKids_ChkChkBoom,Skz= nuestro lugar seguro siempre,skz nuestro lugar seguro siempr,?,youtube
StrayKids_ChkChkBoom,"The second man is already an actor, and I watched more than six series of him",second man alreadi actor watch six seri,?,youtube
StrayKids_ChkChkBoom,watching this to lighten the mood after watching Stray Kids mv,watch lighten mood watch stray kid mv,?,youtube
StrayKids_ChkChkBoom,❤❤❤❤❤,,?,youtube
StrayKids_ChkChkBoom,😭😭😭,,?,youtube
StrayKids_ChkChkBoom,"61,863M",,?,youtube
StrayKids_ChkChkBoom,"The crossover
The song 
The video
The dance 
Thats what that we want😎😎😎",crossov song video danc that want,?,youtube
StrayKids_ChkChkBoom,Intercalar con Mountains y Skz,intercalar con mountain skz,?,youtube
StrayKids_ChkChkBoom,nhạc hay quá!!!,nhc hay qu,?,youtube
StrayKids_ChkChkBoom,stayyyy acaba de salir el mv de stray kids!!!!!!,stayyyi acaba de salir el mv de stray kid,?,youtube
StrayKids_ChkChkBoom,❤,,?,youtube
StrayKids_ChkChkBoom,Who’s here before the sound goes viral?,who sound goe viral,?,youtube
StrayKids_ChkChkBoom,"858k
""Lobos, we cannot stop hunting""~
Jensetter here!♡
Spot x Chk Chk Boom",k lobo cannot stop hunt jensett spot x chk chk boom,?,youtube
StrayKids_ChkChkBoom,ATEEEEEEE 😭😭😭,ateeeeee,?,youtube
