video_id,comment,likes,published_at,group_comeback,is_english,cleaned_comment,processed_comment
jWQx2f-CErU,60M this week. Lets do it.,1,2024-11-03T23:56:19Z,aespa_Whiplash,True,m this week lets do it,week let
jWQx2f-CErU,happy 53M. Congrats. Lets go to 54M. Fighting.,3,2024-11-03T23:56:01Z,aespa_Whiplash,True,happy m congrats lets go to m fighting,happi congrat let fight
jWQx2f-CErU,Lets just hope this week aespa have another chance to win on the music shows.,5,2024-11-03T23:42:45Z,aespa_Whiplash,True,lets just hope this week aespa have another chance to win on the music shows,let hope week aespa anoth chanc win music show
jWQx2f-CErU,Road to 53M this morning,3,2024-11-03T23:38:25Z,aespa_Whiplash,True,road to m this morning,road morn
jWQx2f-CErU,Let's go 60M this week.,3,2024-11-03T23:38:09Z,aespa_Whiplash,True,lets go m this week,let week
jWQx2f-CErU,2:05 winter’s “uh” is the sexiest uh I ever heard in my whole life,4,2024-11-03T23:37:51Z,aespa_Whiplash,True,winters uh is the sexiest uh i ever heard in my whole life,winter sexiest ever heard whole life
jWQx2f-CErU,"++++++++++++++++++++++++++++++
★ aespa팬 100회 이상 시청!! 30초 이상 시청!! Aespa fans have watched it over 100 times!! Watched it for over 30 seconds!!------------------------------------------------------",5,2024-11-03T23:28:21Z,aespa_Whiplash,True,aespa aespa fans have watched it over times watched it for over seconds,aespa aespa fan watch time watch second
jWQx2f-CErU,"++++++++++++++++++++++++++++++
★ aespa팬 100회 이상 시청!! 30초 이상 시청!! Aespa fans have watched it over 100 times!! Watched it for over 30 seconds!!------------------------------------------------------",5,2024-11-03T23:28:17Z,aespa_Whiplash,True,aespa aespa fans have watched it over times watched it for over seconds,aespa aespa fan watch time watch second
jWQx2f-CErU,"++++++++++++++++++++++++++++++
★ aespa팬 100회 이상 시청!! 30초 이상 시청!! Aespa fans have watched it over 100 times!! Watched it for over 30 seconds!!------------------------------------------------------",4,2024-11-03T23:28:10Z,aespa_Whiplash,True,aespa aespa fans have watched it over times watched it for over seconds,aespa aespa fan watch time watch second
jWQx2f-CErU,Whi Whiplash⚡️⚡️⚡️,5,2024-11-03T22:47:47Z,aespa_Whiplash,True,whi whiplash,whi whiplash
jWQx2f-CErU,"Let's talk about how every time we keep saying ""how are they gonna do better than that eta?"" And they always surprise us with one of the best music videos possible 
Only legends could pull this move",3,2024-11-03T22:39:58Z,aespa_Whiplash,True,lets talk about how every time we keep saying how are they gonna do better than that eta and they always surprise us with one of the best music videos possible only legends could pull this move,let talk everi time keep say gon better eta alway surpris one best music video possibl legend could pull move
jWQx2f-CErU,Okay Aespa clap back to all this haters,2,2024-11-03T21:32:07Z,aespa_Whiplash,True,okay aespa clap back to all this haters,okay aespa clap back hater
jWQx2f-CErU,Love it,3,2024-11-03T20:56:18Z,aespa_Whiplash,True,love it,love
jWQx2f-CErU,mys come on str34m,2,2024-11-03T20:35:42Z,aespa_Whiplash,True,mys come on strm,my come strm
jWQx2f-CErU,from #8 to #21,1,2024-11-03T20:35:13Z,aespa_Whiplash,True,from to,
jWQx2f-CErU,Everyone Knows Why We Are Here,2,2024-11-03T19:33:29Z,aespa_Whiplash,True,everyone knows why we are here,everyon know
jWQx2f-CErU,Addicted as usual ❤❤❤,0,2024-11-03T18:31:07Z,aespa_Whiplash,True,addicted as usual,addict usual
jWQx2f-CErU,wow this song and mv is just perfect. everyone shined so incredibly bright.,3,2024-11-03T18:21:27Z,aespa_Whiplash,True,wow this song and mv is just perfect everyone shined so incredibly bright,wow song perfect everyon shine incred bright
jWQx2f-CErU,"With each comeback, they boldly introduce a completely new concept, always staying fresh and pushing their boundaries.
2024 is truly Aespa's year.",24,2024-11-03T18:18:52Z,aespa_Whiplash,True,with each comeback they boldly introduce a completely new concept always staying fresh and pushing their boundaries is truly aespas year,comeback boldli introduc complet new concept alway stay fresh push boundari truli aespa year
jWQx2f-CErU,Midzy here to support!!! Let's get 53M!!! Whiplash x gold!!,2,2024-11-03T18:15:11Z,aespa_Whiplash,True,midzy here to support lets get m whiplash x gold,midzi support let get whiplash gold
jWQx2f-CErU,This is Haneuls era fr💅✨️,1,2024-11-03T18:08:13Z,aespa_Whiplash,True,this is haneuls era fr,haneul era
jWQx2f-CErU,the concept of this fits aespa so well. the beat is so cool!! giselles pink hair is so pretty! i love this song sm 🖤🩶🤍,17,2024-11-03T17:36:37Z,aespa_Whiplash,True,the concept of this fits aespa so well the beat is so cool giselles pink hair is so pretty i love this song sm,concept fit aespa well beat cool gisel pink hair pretti love song
jWQx2f-CErU,"this might be aespa’s best music video, yet; the visuals and outfits are everythinggg😍",64,2024-11-03T17:08:07Z,aespa_Whiplash,True,this might be aespas best music video yet the visuals and outfits are everythinggg,might aespa best music video yet visual outfit everythinggg
jWQx2f-CErU,ONE LOOK GIVE A WHIPLASH,2,2024-11-03T16:44:51Z,aespa_Whiplash,True,one look give a whiplash,one look give whiplash
jWQx2f-CErU,can someone tell me who is who in the different hair parts? I know pink hair is Giselle and that short black hair is Winter but other than that idk who is who with their hair changing in this mv 😭😭,1,2024-11-03T16:32:06Z,aespa_Whiplash,True,can someone tell me who is who in the different hair parts i know pink hair is giselle and that short black hair is winter but other than that idk who is who with their hair changing in this mv,someon tell differ hair part know pink hair gisel short black hair winter idk hair chang
jWQx2f-CErU,The NSX tho...,2,2024-11-03T16:16:47Z,aespa_Whiplash,True,the nsx tho,nsx tho
jWQx2f-CErU,"The LIMITED EDITION SHIRT is SERVING! But, I think the quality of the photobook could be improved. I got mine with a scratch-like small air bubble on the cover and some visible light scratches as well which somewhat affect the overall appearance of the photobook. The first page looks like it’s about to fall off and has a lot of blot-like marks on the stapler area of the pages.",2,2024-11-03T16:15:39Z,aespa_Whiplash,True,the limited edition shirt is serving but i think the quality of the photobook could be improved i got mine with a scratchlike small air bubble on the cover and some visible light scratches as well which somewhat affect the overall appearance of the photobook the first page looks like its about to fall off and has a lot of blotlike marks on the stapler area of the pages,limit edit shirt serv think qualiti photobook could improv got mine scratchlik small air bubbl cover visibl light scratch well somewhat affect overal appear photobook first page look like fall lot blotlik mark stapler area page
jWQx2f-CErU,EVERYONE LET'S STRMING AT SPOTIFY HARDER AND YOUTUBE HARDER PLEASE...🙏 💪,2,2024-11-03T16:04:14Z,aespa_Whiplash,True,everyone lets strming at spotify harder and youtube harder please,everyon let strming spotifi harder youtub harder pleas
jWQx2f-CErU,"DEEM STREAM CORRETAMENTE NO MV MYS, E DE STREAM NA MÚSICA NO SPOTIFY",6,2024-11-03T15:58:38Z,aespa_Whiplash,True,deem stream corretamente no mv mys e de stream na msica no spotify,deem stream corretament my stream msica spotifi
jWQx2f-CErU,IM IN LOVE WITH THIS VIDEOOOO,5,2024-11-03T15:51:48Z,aespa_Whiplash,True,im in love with this videoooo,love videoooo
jWQx2f-CErU,Every time someone likes my comment ill wathc it again,2,2024-11-03T15:44:49Z,aespa_Whiplash,True,every time someone likes my comment ill wathc it again,everi time someon like comment ill wathc
jWQx2f-CErU,Ningning's part was addictive,5,2024-11-03T15:26:07Z,aespa_Whiplash,True,ningnings part was addictive,ningn part addict
jWQx2f-CErU,This masterpiece deserves much attention,9,2024-11-03T15:16:24Z,aespa_Whiplash,True,this masterpiece deserves much attention,masterpiec deserv much attent
jWQx2f-CErU,whip whip whiplash,6,2024-11-03T15:15:00Z,aespa_Whiplash,True,whip whip whiplash,whip whip whiplash
jWQx2f-CErU,Giselle for the leader of the free world!,4,2024-11-03T15:14:32Z,aespa_Whiplash,True,giselle for the leader of the free world,gisel leader free world
jWQx2f-CErU,Whip whiplash,5,2024-11-03T15:11:11Z,aespa_Whiplash,True,whip whiplash,whip whiplash
jWQx2f-CErU,Coldest,7,2024-11-03T15:11:03Z,aespa_Whiplash,True,coldest,coldest
jWQx2f-CErU,we need performance video SM!,2,2024-11-03T14:53:15Z,aespa_Whiplash,True,we need performance video sm,need perform video
jWQx2f-CErU,"-#1 에스파 선배님
#3 Whiplash audio
#12 아우디즈
#18 W
#23 MusicBank
#27 ㄴ
#44 언니",1,2024-11-03T14:50:25Z,aespa_Whiplash,True,whiplash audio w musicbank,whiplash audio musicbank
jWQx2f-CErU,classy,3,2024-11-03T14:30:27Z,aespa_Whiplash,True,classy,classi
jWQx2f-CErU,one look givem whiplash,2,2024-11-03T14:22:41Z,aespa_Whiplash,True,one look givem whiplash,one look givem whiplash
jWQx2f-CErU,Can't touch that,1,2024-11-03T14:21:22Z,aespa_Whiplash,True,cant touch that,cant touch
jWQx2f-CErU,"#1 에스파 선배님
#3 Whiplash audio
#12 아우디즈
#18 W
#23 MusicBank
#27 네
#44 언니들",4,2024-11-03T14:17:11Z,aespa_Whiplash,True,whiplash audio w musicbank,whiplash audio musicbank
jWQx2f-CErU,*gets sued by Metallica*,0,2024-11-03T14:15:59Z,aespa_Whiplash,True,gets sued by metallica,get su metallica
jWQx2f-CErU,I can't get tired of this song,1,2024-11-03T14:01:42Z,aespa_Whiplash,True,i cant get tired of this song,cant get tire song
jWQx2f-CErU,thank you women for existing i love you,1,2024-11-03T13:57:59Z,aespa_Whiplash,True,thank you women for existing i love you,thank women exist love
jWQx2f-CErU,"I love this era, but the song and the dance are giving me PSY vibes😂 and i can’t unsee it!!! i hope they’re doing doing the challenge with PSY!!!!  It will be dope for sure!!",1,2024-11-03T13:41:50Z,aespa_Whiplash,True,i love this era but the song and the dance are giving me psy vibes and i cant unsee it i hope theyre doing doing the challenge with psy it will be dope for sure,love era song danc give psi vibe cant unse hope theyr challeng psi dope sure
jWQx2f-CErU,Lets go to 60M,2,2024-11-03T13:31:52Z,aespa_Whiplash,True,lets go to m,let
jWQx2f-CErU,Whi-whiplash,0,2024-11-03T13:25:03Z,aespa_Whiplash,True,whiwhiplash,whiwhiplash
jWQx2f-CErU,This comeback is giselle era❤,1,2024-11-03T13:18:31Z,aespa_Whiplash,True,this comeback is giselle era,comeback gisel era
jWQx2f-CErU,I love the vibe it's giving off smuch they ate that 🫶😭,1,2024-11-03T13:09:02Z,aespa_Whiplash,True,i love the vibe its giving off smuch they ate that,love vibe give smuch ate
jWQx2f-CErU,Goodmoning everyone 🔥🔥🔥🔥🔥🔥🔥🔥🔥🔥🔥🔥🔥🔥🔥🔥🔥🔥,1,2024-11-03T13:08:51Z,aespa_Whiplash,True,goodmoning everyone,goodmon everyon
jWQx2f-CErU,favorit the song,2,2024-11-03T13:08:44Z,aespa_Whiplash,True,favorit the song,favorit song
jWQx2f-CErU,"me with aespa this year: *releasing supernova* 
Me: song of the year!!!!!

*releasing armageddon*
Me: no, wait this should be the song of the year!

*releasing hot mess*
Me: *sigh* what’s next!??

*releasing whiplash*
Me: HEAR ME OUT THIS IS THE SONG OF THE YEAR",1,2024-11-03T13:06:44Z,aespa_Whiplash,True,me with aespa this year releasing supernova me song of the year releasing armageddon me no wait this should be the song of the year releasing hot mess me sigh whats next releasing whiplash me hear me out this is the song of the year,aespa year releas supernova song year releas armageddon wait song year releas hot mess sigh what next releas whiplash hear song year
jWQx2f-CErU,wow，they are so beautiful and cool！,1,2024-11-03T13:05:21Z,aespa_Whiplash,True,wowthey are so beautiful and cool,wowthey beauti cool
jWQx2f-CErU,Winter is a human AI no doubt,4,2024-11-03T12:53:21Z,aespa_Whiplash,True,winter is a human ai no doubt,winter human doubt
jWQx2f-CErU,ONE LOOK GIVE EM WHIPLASH,2,2024-11-03T12:20:07Z,aespa_Whiplash,True,one look give em whiplash,one look give whiplash
jWQx2f-CErU,Perfect song yeah yeah yeah,1,2024-11-03T12:11:21Z,aespa_Whiplash,True,perfect song yeah yeah yeah,perfect song yeah yeah yeah
jWQx2f-CErU,"Next Level 305M
Drama 250M
Armageddon 105M
Whiplash 55M
gogogo🎉🎉",5,2024-11-03T12:09:47Z,aespa_Whiplash,True,next level m drama m armageddon m whiplash m gogogo,next level drama armageddon whiplash gogogo
jWQx2f-CErU,This is awesome.  Best AESPA.,1,2024-11-03T12:09:46Z,aespa_Whiplash,True,this is awesome best aespa,awesom best aespa
jWQx2f-CErU,perfect song mv vocal and visual.all perfect,2,2024-11-03T12:02:51Z,aespa_Whiplash,True,perfect song mv vocal and visualall perfect,perfect song vocal visualal perfect
jWQx2f-CErU,This is definitely giselle’s era she slayed with her pink hair,4,2024-11-03T11:50:37Z,aespa_Whiplash,True,this is definitely giselles era she slayed with her pink hair,definit gisel era slay pink hair
jWQx2f-CErU,"#æspa in History Longest Charts:
#1 MelOn Supernova         99 days
#1 Genie                                   119
#1 Bugs                                     49
#1 VIBE                                     118
#1 Circle                                   11 weeks
#1 YouTube Next Level     12 weeks.",5,2024-11-03T11:29:38Z,aespa_Whiplash,True,in history longest charts melon supernova days genie bugs vibe circle weeks youtube next level weeks,histori longest chart melon supernova day geni bug vibe circl week youtub next level week
jWQx2f-CErU,53M today mys come on,3,2024-11-03T11:04:04Z,aespa_Whiplash,True,m today mys come on,today my come
jWQx2f-CErU,"What is your Aespa bias?
Me: Ningning",3,2024-11-03T10:56:53Z,aespa_Whiplash,True,what is your aespa bias me ningning,aespa bia ningn
jWQx2f-CErU,".mySTREAM aespa AUDIO:
Black Mamba 150M Next Level 225 Savage135
Dreams Come True 75 Girls 85 Illusion 150
Hold On Tight 55 Spicy 145 Drama 135
Supernova 95 Armageddon 55 Whiplash 25",6,2024-11-03T10:50:45Z,aespa_Whiplash,True,mystream aespa audio black mamba m next level savage dreams come true girls illusion hold on tight spicy drama supernova armageddon whiplash,mystream aespa audio black mamba next level savag dream come true girl illus hold tight spici drama supernova armageddon whiplash
jWQx2f-CErU,1:23 giselle's revenge after what ningning did to her apartment.,2,2024-11-03T10:37:46Z,aespa_Whiplash,True,giselles revenge after what ningning did to her apartment,gisel reveng ningn apart
jWQx2f-CErU,2:14 Girls' Generation 소녀시대 'Catch Me If You Can'🥲🥲,2,2024-11-03T10:21:13Z,aespa_Whiplash,True,girls generation catch me if you can,girl gener catch
jWQx2f-CErU,"aespa 'Whiplash'

01. Whiplash (Title)
02. KI
03. Flights, Not Feelings
04. Pink Hoodie
05. Flowers
06. Just Another Girl.",2,2024-11-03T10:02:06Z,aespa_Whiplash,True,aespa whiplash whiplash title ki flights not feelings pink hoodie flowers just another girl,aespa whiplash whiplash titl flight feel pink hoodi flower anoth girl
jWQx2f-CErU,top music video,5,2024-11-03T09:41:47Z,aespa_Whiplash,True,top music video,top music video
jWQx2f-CErU,I am Blink and I love this song.,4,2024-11-03T09:33:49Z,aespa_Whiplash,True,i am blink and i love this song,blink love song
jWQx2f-CErU,Aespa owned this year !!!,4,2024-11-03T08:39:37Z,aespa_Whiplash,True,aespa owned this year,aespa own year
jWQx2f-CErU,High fashion mv,2,2024-11-03T08:27:46Z,aespa_Whiplash,True,high fashion mv,high fashion
jWQx2f-CErU,Manifesting 3rd win 🙏🙏,1,2024-11-03T08:27:27Z,aespa_Whiplash,True,manifesting rd win,manifest win
jWQx2f-CErU,Mother Giselle please adopt me,1,2024-11-03T08:27:09Z,aespa_Whiplash,True,mother giselle please adopt me,mother gisel pleas adopt
jWQx2f-CErU,"52.312

Sunday gone like wushhhh",0,2024-11-03T08:20:15Z,aespa_Whiplash,True,sunday gone like wushhhh,sunday gone like wushhhh
jWQx2f-CErU,whip-whiplash,1,2024-11-03T08:07:28Z,aespa_Whiplash,True,whipwhiplash,whipwhiplash
jWQx2f-CErU,YEGE SEMEYİ TEKLEDİ(!),0,2024-11-03T07:50:07Z,aespa_Whiplash,True,yege semeyi tekledi,yege semeyi tekledi
jWQx2f-CErU,CAPCUT YAZİSİNİ SİLMEMİSLER AQ,0,2024-11-03T07:49:47Z,aespa_Whiplash,True,capcut yazisini silmemisler aq,capcut yazisini silmemisl
jWQx2f-CErU,SM MAL,0,2024-11-03T07:49:15Z,aespa_Whiplash,True,sm mal,mal
jWQx2f-CErU,TİRNAGİM OLAMAZLAR(!),0,2024-11-03T07:46:58Z,aespa_Whiplash,True,tirnagim olamazlar,tirnagim olamazlar
jWQx2f-CErU,OK THAT RRRRRRROCKS,1,2024-11-03T07:27:08Z,aespa_Whiplash,True,ok that rrrrrrrocks,rrrrrrrock
jWQx2f-CErU,vamos por 60M! MY's let's do this!,1,2024-11-03T06:49:47Z,aespa_Whiplash,True,vamos por m mys lets do this,vamo por my let
jWQx2f-CErU,This sounds like a diss track to HYBE 😂,3,2024-11-03T06:38:25Z,aespa_Whiplash,True,this sounds like a diss track to hybe,sound like diss track hybe
jWQx2f-CErU,IM DEOBI IM FROM WHIPLASH CHALLENGE GISELLE WITH SUNWOO <3,1,2024-11-03T06:33:44Z,aespa_Whiplash,True,im deobi im from whiplash challenge giselle with sunwoo,deobi whiplash challeng gisel sunwoo
jWQx2f-CErU,Aespa group of the year,3,2024-11-03T06:32:54Z,aespa_Whiplash,True,aespa group of the year,aespa group year
jWQx2f-CErU,Let's go mys we need to continue!,1,2024-11-03T06:31:41Z,aespa_Whiplash,True,lets go mys we need to continue,let my need continu
jWQx2f-CErU,"Pleaseeeee vot3 x aespa #whiplash Let's get more wins for aespa, they worked hard",1,2024-11-03T06:23:59Z,aespa_Whiplash,True,pleaseeeee vot x aespa lets get more wins for aespa they worked hard,pleaseeee vot aespa let get win aespa work hard
jWQx2f-CErU,Omg the beat is insane from the start to the end!!!💝,3,2024-11-03T06:03:52Z,aespa_Whiplash,True,omg the beat is insane from the start to the end,omg beat insan start end
jWQx2f-CErU,I can't get tired of this song,1,2024-11-03T05:55:04Z,aespa_Whiplash,True,i cant get tired of this song,cant get tire song
jWQx2f-CErU,2:30 on repeat‼️ Hot Giselle on top 😻👄,0,2024-11-03T05:39:54Z,aespa_Whiplash,True,on repeat hot giselle on top,repeat hot gisel top
jWQx2f-CErU,First reaction,3,2024-11-03T05:39:13Z,aespa_Whiplash,True,first reaction,first reaction
jWQx2f-CErU,ONE LOOK GIVE EM WHIPLASH,1,2024-11-03T05:38:50Z,aespa_Whiplash,True,one look give em whiplash,one look give whiplash
jWQx2f-CErU,"Visual 100/100
vocal 100/100
Dance 100/100
singing 100/100
And rap 100/100
I LOVE THEEMMM",1,2024-11-03T05:37:08Z,aespa_Whiplash,True,visual vocal dance singing and rap i love theemmm,visual vocal danc sing rap love theemmm
jWQx2f-CErU,This song is on fire 🔥🔥🔥 aespa ❤️❤️❤️,1,2024-11-03T05:21:17Z,aespa_Whiplash,True,this song is on fire aespa,song fire aespa
jWQx2f-CErU,winter feels like she dropped from final fantasy universe. aftet hanging out with noctis or waht,2,2024-11-03T05:07:13Z,aespa_Whiplash,True,winter feels like she dropped from final fantasy universe aftet hanging out with noctis or waht,winter feel like drop final fantasi univers aftet hang nocti waht
jWQx2f-CErU,I'M THE COLDEST,2,2024-11-03T04:15:21Z,aespa_Whiplash,True,im the coldest,coldest
jWQx2f-CErU,ONE LOOK GIVE EM WHIPLASH,1,2024-11-03T04:15:09Z,aespa_Whiplash,True,one look give em whiplash,one look give whiplash
jWQx2f-CErU,Drama almost 300M on spotify!! Let's go mys,3,2024-11-03T04:11:22Z,aespa_Whiplash,True,drama almost m on spotify lets go mys,drama almost spotifi let my
jWQx2f-CErU,"MYS !!! NEXT LEVEL = 300M, SUPERNOVA = 200M, ARMAGEDDON = 100M, WHIPLASH = 100M, BLACK MAMBA = 300M, SPICY = 200M",5,2024-11-03T03:52:26Z,aespa_Whiplash,True,mys next level m supernova m armageddon m whiplash m black mamba m spicy m,my next level supernova armageddon whiplash black mamba spici
jWQx2f-CErU,"Faitin mys este, vamo a hold on de mongmong",3,2024-11-03T03:40:40Z,aespa_Whiplash,True,faitin mys este vamo a hold on de mongmong,faitin my est vamo hold mongmong
jWQx2f-CErU,This is a song that would definitely play at a catwalk,1,2024-11-03T03:24:00Z,aespa_Whiplash,True,this is a song that would definitely play at a catwalk,song would definit play catwalk
jWQx2f-CErU,One look give'em whiplash,1,2024-11-03T03:21:02Z,aespa_Whiplash,True,one look giveem whiplash,one look giveem whiplash
jWQx2f-CErU,Happy 52M mys. Road to 53M soon,4,2024-11-03T03:16:45Z,aespa_Whiplash,True,happy m mys road to m soon,happi my road soon
jWQx2f-CErU,whip whiplash one look give'em whiplash,1,2024-11-03T03:11:52Z,aespa_Whiplash,True,whip whiplash one look giveem whiplash,whip whiplash one look giveem whiplash
jWQx2f-CErU,and if this song becomes my top 1 on spotify wrapped lmaooo I'm obsessed,13,2024-11-03T03:01:15Z,aespa_Whiplash,True,and if this song becomes my top on spotify wrapped lmaooo im obsessed,song becom top spotifi wrap lmaooo obsess
jWQx2f-CErU,I can't wait for Godspa to sweep all the awards this year,9,2024-11-03T03:00:30Z,aespa_Whiplash,True,i cant wait for godspa to sweep all the awards this year,cant wait godspa sweep award year
jWQx2f-CErU,ALL OF THEM ARE SO ICONIC HERE😩💥 BUT GISELLE REALLY CATCH MY ATTENTION 🌷✨,3,2024-11-03T02:57:53Z,aespa_Whiplash,True,all of them are so iconic here but giselle really catch my attention,icon gisel realli catch attent
jWQx2f-CErU,Str3am harder on Spotify and Apple Music .Whiplash is such a banger,16,2024-11-03T02:56:22Z,aespa_Whiplash,True,stram harder on spotify and apple music whiplash is such a banger,stram harder spotifi appl music whiplash banger
jWQx2f-CErU,aespa's Whiplash ranked 2nd Place on Spotify Global Weekly Chart with 15.3M str3ams.,14,2024-11-03T02:55:32Z,aespa_Whiplash,True,aespas whiplash ranked nd place on spotify global weekly chart with m strams,aespa whiplash rank place spotifi global weekli chart stram
jWQx2f-CErU,Godspa always give us Hit after Hit,1,2024-11-03T02:53:34Z,aespa_Whiplash,True,godspa always give us hit after hit,godspa alway give hit hit
jWQx2f-CErU,"Happy 52M MYs
let's push to 55M faster",1,2024-11-03T02:50:59Z,aespa_Whiplash,True,happy m mys lets push to m faster,happi my let push faster
jWQx2f-CErU,I love the iconic fall it will go down to history,1,2024-11-03T02:45:26Z,aespa_Whiplash,True,i love the iconic fall it will go down to history,love icon fall histori
jWQx2f-CErU,I'm new to aespa. Can someone tell me who is who? I just know Karina.,6,2024-11-03T02:44:52Z,aespa_Whiplash,True,im new to aespa can someone tell me who is who i just know karina,new aespa someon tell know karina
jWQx2f-CErU,"""TOCA UMA PRA AS GAYS"" 🤌⚡️",1,2024-11-03T02:23:00Z,aespa_Whiplash,True,toca uma pra as gays,toca uma pra gay
jWQx2f-CErU,1:24 if this chorus use JYP style accent will be very interesting 😂,2,2024-11-03T02:05:36Z,aespa_Whiplash,True,if this chorus use jyp style accent will be very interesting,choru use jyp style accent interest
jWQx2f-CErU,Lmao I thought this was 21,1,2024-11-03T02:05:10Z,aespa_Whiplash,True,lmao i thought this was,lmao thought
jWQx2f-CErU,When I first listen to this song I think that I will not like this song but now I'm addicted to this song aespa song always has this effect to me ㅠㅠㅠㅠ,4,2024-11-03T02:01:45Z,aespa_Whiplash,True,when i first listen to this song i think that i will not like this song but now im addicted to this song aespa song always has this effect to me,first listen song think like song addict song aespa song alway effect
jWQx2f-CErU,winterr!!,1,2024-11-03T02:01:17Z,aespa_Whiplash,True,winterr,winterr
jWQx2f-CErU,"me when taking the test : Whip-whiplash , whip-whiplash , whip-whiplash , whip-whiplash , whip-whiplash , whip-whiplash , whip-whiplash ,one look give 'em Whiplash .",4,2024-11-03T01:55:04Z,aespa_Whiplash,True,me when taking the test whipwhiplash whipwhiplash whipwhiplash whipwhiplash whipwhiplash whipwhiplash whipwhiplash one look give em whiplash,take test whipwhiplash whipwhiplash whipwhiplash whipwhiplash whipwhiplash whipwhiplash whipwhiplash one look give whiplash
jWQx2f-CErU,60 million vi3ws please,1,2024-11-03T01:33:49Z,aespa_Whiplash,True,million viws please,million viw pleas
jWQx2f-CErU,Bro aespa mvs are always fire ❤,23,2024-11-03T01:09:44Z,aespa_Whiplash,True,bro aespa mvs are always fire,bro aespa mv alway fire
jWQx2f-CErU,We really can get 70M in a month.,6,2024-11-03T01:00:34Z,aespa_Whiplash,True,we really can get m in a month,realli get month
jWQx2f-CErU,The mighty aespa,4,2024-11-03T00:51:08Z,aespa_Whiplash,True,the mighty aespa,mighti aespa
jWQx2f-CErU,I thought Black Mamba was wicked...But Whiplash is Wickederrr,6,2024-11-03T00:43:55Z,aespa_Whiplash,True,i thought black mamba was wickedbut whiplash is wickederrr,thought black mamba wickedbut whiplash wickederrr
jWQx2f-CErU,Tell Jennie to thank Beyoncé,1,2024-11-03T00:31:46Z,aespa_Whiplash,True,tell jennie to thank beyonc,tell jenni thank beyonc
jWQx2f-CErU,I love Giselle new hairstyle❤❤so hot🥵,9,2024-11-03T00:19:53Z,aespa_Whiplash,True,i love giselle new hairstyleso hot,love gisel new hairstyleso hot
jWQx2f-CErU,winter 🎉🎉🎉🎉!,2,2024-11-03T00:18:54Z,aespa_Whiplash,True,winter,winter
jWQx2f-CErU,ningning is so beautiful!!!!!🎉🎉,1,2024-11-03T00:17:25Z,aespa_Whiplash,True,ningning is so beautiful,ningn beauti
jWQx2f-CErU,my favorite music,4,2024-11-03T00:13:35Z,aespa_Whiplash,True,my favorite music,favorit music
jWQx2f-CErU,ONE LOOK GIVE EM WHIPLASH,4,2024-11-02T23:56:59Z,aespa_Whiplash,True,one look give em whiplash,one look give whiplash
jWQx2f-CErU,now THIS is a club classic,2,2024-11-02T23:49:22Z,aespa_Whiplash,True,now this is a club classic,club classic
jWQx2f-CErU,YEEEESSSS THIS SONG IS SO FIRE AND THEY SERVEDDDDDD,1,2024-11-02T23:47:53Z,aespa_Whiplash,True,yeeeessss this song is so fire and they servedddddd,yeeeessss song fire servedddddd
jWQx2f-CErU,This reminds me of Charli XCX for some odd reason...,1,2024-11-02T23:46:27Z,aespa_Whiplash,True,this reminds me of charli xcx for some odd reason,remind charli xcx odd reason
jWQx2f-CErU,This song is just too much aespa i am crying,1,2024-11-02T23:28:41Z,aespa_Whiplash,True,this song is just too much aespa i am crying,song much aespa cri
jWQx2f-CErU,"giselle really ate, she bright in this comeback🫶🏻",3,2024-11-02T22:55:22Z,aespa_Whiplash,True,giselle really ate she bright in this comeback,gisel realli ate bright comeback
jWQx2f-CErU,Whiplash,2,2024-11-02T22:27:39Z,aespa_Whiplash,True,whiplash,whiplash
jWQx2f-CErU,Can't touch that ~,2,2024-11-02T22:26:36Z,aespa_Whiplash,True,cant touch that,cant touch
jWQx2f-CErU,"GIVE BELLE SOME DESERVED ATTENTION WHY KEEP HER At the back, Ditch that diamond formation!",0,2024-11-02T22:21:48Z,aespa_Whiplash,True,give belle some deserved attention why keep her at the back ditch that diamond formation,give bell deserv attent keep back ditch diamond format
jWQx2f-CErU,The vibe and ningning voice is litt,3,2024-11-02T22:10:29Z,aespa_Whiplash,True,the vibe and ningning voice is litt,vibe ningn voic litt
jWQx2f-CErU,This song is so catchy i love aespas style this looks like spicy+Armageddon+hot mess+supernova love this,3,2024-11-02T21:52:51Z,aespa_Whiplash,True,this song is so catchy i love aespas style this looks like spicyarmageddonhot messsupernova love this,song catchi love aespa style look like spicyarmageddonhot messsupernova love
jWQx2f-CErU,"51.850

One look give em whiplaash",1,2024-11-02T21:29:43Z,aespa_Whiplash,True,one look give em whiplaash,one look give whiplaash
jWQx2f-CErU,this is the kpop i like ^^,4,2024-11-02T21:23:32Z,aespa_Whiplash,True,this is the kpop i like,kpop like
jWQx2f-CErU,One look give them whiplash,1,2024-11-02T21:14:51Z,aespa_Whiplash,True,one look give them whiplash,one look give whiplash
jWQx2f-CErU,"https://youtu.be/hG6KGIU98-8?si=TzDf4q7c9W0lNIlr

This is a better song",0,2024-11-02T21:03:49Z,aespa_Whiplash,True,this is a better song,better song
jWQx2f-CErU,this song is so powerful ❤️,2,2024-11-02T20:56:01Z,aespa_Whiplash,True,this song is so powerful,song power
jWQx2f-CErU,whip whiplash,2,2024-11-02T20:50:07Z,aespa_Whiplash,True,whip whiplash,whip whiplash
jWQx2f-CErU,"forget brat summer , it's whiplash winter",4,2024-11-02T19:44:34Z,aespa_Whiplash,True,forget brat summer its whiplash winter,forget brat summer whiplash winter
jWQx2f-CErU,I listen to whiplash and next level at the same time and I'm getting addicted!! Go Aespa ❤❤❤,2,2024-11-02T19:41:44Z,aespa_Whiplash,True,i listen to whiplash and next level at the same time and im getting addicted go aespa,listen whiplash next level time get addict aespa
jWQx2f-CErU,Love it,1,2024-11-02T18:43:52Z,aespa_Whiplash,True,love it,love
jWQx2f-CErU,This mv is top tier,1,2024-11-02T18:28:49Z,aespa_Whiplash,True,this mv is top tier,top tier
jWQx2f-CErU,Aespa release hit after hit and I'm not complaining it,1,2024-11-02T18:24:19Z,aespa_Whiplash,True,aespa release hit after hit and im not complaining it,aespa releas hit hit complain
jWQx2f-CErU,1:24  this part 😍,0,2024-11-02T18:17:29Z,aespa_Whiplash,True,this part,part
jWQx2f-CErU,this sounds so fvcking freshhh!!!!! the old school disco type beats to the fashion to the mv production everything is new and awesome .  a completely new concept !!!,2,2024-11-02T18:15:59Z,aespa_Whiplash,True,this sounds so fvcking freshhh the old school disco type beats to the fashion to the mv production everything is new and awesome a completely new concept,sound fvcking freshhh old school disco type beat fashion product everyth new awesom complet new concept
jWQx2f-CErU,Whiplash🎉❤,1,2024-11-02T18:14:31Z,aespa_Whiplash,True,whiplash,whiplash
jWQx2f-CErU,listen this everyday :))) so addicted,1,2024-11-02T17:54:36Z,aespa_Whiplash,True,listen this everyday so addicted,listen everyday addict
jWQx2f-CErU,Whip whiplash,2,2024-11-02T17:31:41Z,aespa_Whiplash,True,whip whiplash,whip whiplash
jWQx2f-CErU,One look give em whiplæsh,4,2024-11-02T16:49:21Z,aespa_Whiplash,True,one look give em whiplsh,one look give whiplsh
jWQx2f-CErU,Actually  this song is growing  on me!,6,2024-11-02T16:44:25Z,aespa_Whiplash,True,actually this song is growing on me,actual song grow
jWQx2f-CErU,slay comeback (KARINA BIAGFYDC),2,2024-11-02T16:42:15Z,aespa_Whiplash,True,slay comeback karina biagfydc,slay comeback karina biagfydc
jWQx2f-CErU,1:36 WINTER IS SO PRETTYYYY!!!  (as always) This should be soty!,2,2024-11-02T16:37:59Z,aespa_Whiplash,True,winter is so prettyyyy as always this should be soty,winter prettyyyy alway soti
jWQx2f-CErU,I LOVE AESPA SO MUCH NINGNING IS MY BIAS THIS ERA UWAAAAAAAAAAAAA KARINA WINTER AND GISELLE (HER PINK HAIR ESPECIALLY) ARE SO COOL AND SO OSSOS ISNIFJNIOSJOSJOSKJSOKOSOS PRETTY NON AESPA STANS ARE DEFINITELY MISSING OUTTTTTTTTT I LOVE U AESPA,2,2024-11-02T16:05:16Z,aespa_Whiplash,True,i love aespa so much ningning is my bias this era uwaaaaaaaaaaaaa karina winter and giselle her pink hair especially are so cool and so ossos isnifjniosjosjoskjsokosos pretty non aespa stans are definitely missing outtttttttt i love u aespa,love aespa much ningn bia era uwaaaaaaaaaaaaa karina winter gisel pink hair especi cool osso isnifjniosjosjoskjsokoso pretti non aespa stan definit miss outtttttttt love aespa
jWQx2f-CErU,The fall ate,1,2024-11-02T16:04:22Z,aespa_Whiplash,True,the fall ate,fall ate
jWQx2f-CErU,ONE LOOK GIVE EM WHIPLASH,0,2024-11-02T16:02:39Z,aespa_Whiplash,True,one look give em whiplash,one look give whiplash
jWQx2f-CErU,its so brat coded,0,2024-11-02T15:56:27Z,aespa_Whiplash,True,its so brat coded,brat code
jWQx2f-CErU,60 K in 1 hour,0,2024-11-02T15:25:22Z,aespa_Whiplash,True,k in hour,hour
jWQx2f-CErU,‼️‼️‼️‼️‼️‼️‼️‼️‼️‼️‼️‼️‼️‼️‼️ VOTE FOR AESPA ON MNET FOR FANS CHOICE ‼️‼️‼️‼️‼️‼️‼️‼️‼️‼️‼️‼️‼️‼️‼️,0,2024-11-02T15:18:24Z,aespa_Whiplash,True,vote for aespa on mnet for fans choice,vote aespa mnet fan choic
jWQx2f-CErU,‼️‼️‼️‼️‼️‼️‼️‼️‼️‼️‼️‼️‼️‼️‼️ VOTE FOR AESPA ON MNET FOR FANS CHOICE ‼️‼️‼️‼️‼️‼️‼️‼️‼️‼️‼️‼️‼️‼️‼️,0,2024-11-02T15:18:19Z,aespa_Whiplash,True,vote for aespa on mnet for fans choice,vote aespa mnet fan choic
jWQx2f-CErU,‼️‼️‼️‼️‼️‼️‼️‼️‼️‼️‼️‼️‼️‼️‼️ VOTE FOR AESPA ON MNET FOR FANS CHOICE ‼️‼️‼️‼️‼️‼️‼️‼️‼️‼️‼️‼️‼️‼️‼️,0,2024-11-02T15:18:16Z,aespa_Whiplash,True,vote for aespa on mnet for fans choice,vote aespa mnet fan choic
jWQx2f-CErU,They look like they could be on final fantasy,0,2024-11-02T15:18:05Z,aespa_Whiplash,True,they look like they could be on final fantasy,look like could final fantasi
jWQx2f-CErU,‼️‼️‼️‼️‼️‼️‼️‼️‼️‼️‼️‼️‼️‼️‼️ VOTE FOR AESPA ON MNET FOR FANS CHOICE ‼️‼️‼️‼️‼️‼️‼️‼️‼️‼️‼️‼️‼️‼️‼️,0,2024-11-02T15:18:03Z,aespa_Whiplash,True,vote for aespa on mnet for fans choice,vote aespa mnet fan choic
jWQx2f-CErU,Behind the scenes https://youtu.be/X5yNrn2dL-g?si=dW2cthMSfQVHWbwY,0,2024-11-02T15:07:25Z,aespa_Whiplash,True,behind the scenes,behind scene
jWQx2f-CErU,"lmfao at 2:14 they sound like they about to jingle bell rock. it's like ""i'm the highlight 비춰 red light, to rock the night awayyyy. you know it's my site 거친 next sigh, to go glidin' in a one-horse sleighhh"" 😭😭😭",2,2024-11-02T14:57:25Z,aespa_Whiplash,True,lmfao at they sound like they about to jingle bell rock its like im the highlight red light to rock the night awayyyy you know its my site next sigh to go glidin in a onehorse sleighhh,lmfao sound like jingl bell rock like highlight red light rock night awayyyi know site next sigh glidin onehors sleighhh
jWQx2f-CErU,come on str34m,1,2024-11-02T14:52:34Z,aespa_Whiplash,True,come on strm,come strm
jWQx2f-CErU,Imma make a free audio with this-,1,2024-11-02T14:52:19Z,aespa_Whiplash,True,imma make a free audio with this,imma make free audio
jWQx2f-CErU,Please stop cut Winter’s hair!!,0,2024-11-02T14:45:07Z,aespa_Whiplash,True,please stop cut winters hair,pleas stop cut winter hair
jWQx2f-CErU,NINGNINGGGGG MAIN SLAYEERRR PROFESSIONAL MODEL I LOVE YOUUU KEEP SLAYING,1,2024-11-02T14:42:08Z,aespa_Whiplash,True,ningninggggg main slayeerrr professional model i love youuu keep slaying,ningninggggg main slayeerrr profession model love youuu keep slay
jWQx2f-CErU,keep streaming and fighting mys,4,2024-11-02T14:38:25Z,aespa_Whiplash,True,keep streaming and fighting mys,keep stream fight my
jWQx2f-CErU,"SM, your youtube acc is too old",2,2024-11-02T14:29:58Z,aespa_Whiplash,True,sm your youtube acc is too old,youtub acc old
jWQx2f-CErU,now we are on the 8th of worldwide mvs 😊,2,2024-11-02T14:27:01Z,aespa_Whiplash,True,now we are on the th of worldwide mvs,worldwid mv
jWQx2f-CErU,I love this concept. It’s like aespa by Balenciaga,1,2024-11-02T14:25:56Z,aespa_Whiplash,True,i love this concept its like aespa by balenciaga,love concept like aespa balenciaga
jWQx2f-CErU,"I hate SM channel fgs its too slow for strxming, it could be better if aespa had released MV on their own channel but ik it would not happen",1,2024-11-02T14:23:07Z,aespa_Whiplash,True,i hate sm channel fgs its too slow for strxming it could be better if aespa had released mv on their own channel but ik it would not happen,hate channel fg slow strxming could better aespa releas channel would happen
jWQx2f-CErU,"aespa 'Whiplash'

01. Whiplash (Title)
02. KI
03. Flights, Not Feelings
04. Pink Hoodie
05. Flowers
06. Just Another Girl",0,2024-11-02T14:20:12Z,aespa_Whiplash,True,aespa whiplash whiplash title ki flights not feelings pink hoodie flowers just another girl,aespa whiplash whiplash titl flight feel pink hoodi flower anoth girl
g36q0ZLvygQ,"DIVEs, keep streaming for our 5th win! 🎉",11,2025-01-26T23:47:54Z,IVE_RebelHeart,True,dives keep streaming for our th win,dive keep stream win
g36q0ZLvygQ,2:34 is that stray kids on the poster??,2,2025-01-26T23:46:26Z,IVE_RebelHeart,True,is that stray kids on the poster,stray kid poster
g36q0ZLvygQ,love this,7,2025-01-26T23:05:06Z,IVE_RebelHeart,True,love this,love
g36q0ZLvygQ,0:35 0:51 1:23 this is the so amazing 😭 of Wonyoung,3,2025-01-26T22:50:44Z,IVE_RebelHeart,True,this is the so amazing of wonyoung,amaz wonyoung
g36q0ZLvygQ,"this reminds me so much of loona, i'm gonna cry 😭",3,2025-01-26T22:47:39Z,IVE_RebelHeart,True,this reminds me so much of loona im gonna cry,remind much loona gon cri
g36q0ZLvygQ,2:40 this song is literally our wonny life and haters cant realise she is also human,9,2025-01-26T22:07:02Z,IVE_RebelHeart,True,this song is literally our wonny life and haters cant realise she is also human,song liter wonni life hater cant realis also human
g36q0ZLvygQ,This is so Carly Rae Jepsen x Taylor Swift coded,2,2025-01-26T21:01:25Z,IVE_RebelHeart,True,this is so carly rae jepsen x taylor swift coded,carli rae jepsen taylor swift code
g36q0ZLvygQ,5th win cmon❤❤❤,6,2025-01-26T20:54:40Z,IVE_RebelHeart,True,th win cmon,win cmon
g36q0ZLvygQ,Please go check out Attitude Concept Film as well,5,2025-01-26T20:49:05Z,IVE_RebelHeart,True,please go check out attitude concept film as well,pleas check attitud concept film well
g36q0ZLvygQ,Do we have a chance for a 5th win??,6,2025-01-26T20:48:29Z,IVE_RebelHeart,True,do we have a chance for a th win,chanc win
g36q0ZLvygQ,Gaeul didn't say anything in the song...,2,2025-01-26T20:45:27Z,IVE_RebelHeart,True,gaeul didnt say anything in the song,gaeul didnt say anyth song
g36q0ZLvygQ,Stray Kids poster is visible in the MV.. this is so funny lol,4,2025-01-26T20:02:48Z,IVE_RebelHeart,True,stray kids poster is visible in the mv this is so funny lol,stray kid poster visibl funni lol
g36q0ZLvygQ,I love to hear song recording,1,2025-01-26T19:48:16Z,IVE_RebelHeart,True,i love to hear song recording,love hear song record
g36q0ZLvygQ,Who else come to see straykids?😂,4,2025-01-26T19:27:41Z,IVE_RebelHeart,True,who else come to see straykids,els come see straykid
g36q0ZLvygQ,Leeseo and Wonyoung is too cute 🥰🥰,1,2025-01-26T19:23:03Z,IVE_RebelHeart,True,leeseo and wonyoung is too cute,leeseo wonyoung cute
g36q0ZLvygQ,i love so you can love me hate me you will never be never be me wony part❤🎉😊,0,2025-01-26T18:54:23Z,IVE_RebelHeart,True,i love so you can love me hate me you will never be never be me wony part,love love hate never never woni part
g36q0ZLvygQ,I swear I have listened this song before but like years ago,1,2025-01-26T18:41:14Z,IVE_RebelHeart,True,i swear i have listened this song before but like years ago,swear listen song like year ago
g36q0ZLvygQ,Ready for Attitude❤,2,2025-01-26T18:19:20Z,IVE_RebelHeart,True,ready for attitude,readi attitud
g36q0ZLvygQ,I just wanna thank IVE for this amazing and perfect song!! New to K-pop and this song has just thrown me deeper into the music 🌟💕❤️💕❤️ will be stanning ❤,7,2025-01-26T17:08:47Z,IVE_RebelHeart,True,i just wanna thank ive for this amazing and perfect song new to kpop and this song has just thrown me deeper into the music will be stanning,wan thank ive amaz perfect song new kpop song thrown deeper music stan
g36q0ZLvygQ,"Hey guys, Good Luck Babe!~baobei宝贝~
Baby, I am right here~
In SEATTLE .
""Don't settle ""永不妥协。
26 JANUARY(JANUS)
2025 .
So, just Love you a day ❤😂
""Love me , hurt me"" 😂
因为伤得越重，爱得越深~这是宇宙中~地球上的定律~❤😂
**Annotation:
请你们铭记:
你越害怕的事情，你就提前, 主动, 一定去做,
""越害怕, 越要做 !
这样做会刻服你的心理
""障碍""~阴影~恐惧。
之后，你会成为
巨人... ...!!!

❤×❤=❤   ❤+❤=❤❤
3!=❤×❤❤×❤❤❤
   =❤❤❤❤❤❤",1,2025-01-26T16:52:11Z,IVE_RebelHeart,True,hey guys good luck babebaobei baby i am right here in seattle dont settle januaryjanus so just love you a day love me hurt me annotation,hey guy good luck babebaobei babi right seattl dont settl januaryjanu love day love hurt annot
g36q0ZLvygQ,"Why does Gaeul get so few parts? 
Please let it shine too 
We want to see it more prominently.",3,2025-01-26T16:22:32Z,IVE_RebelHeart,True,why does gaeul get so few parts please let it shine too we want to see it more prominently,gaeul get part pleas let shine want see promin
g36q0ZLvygQ,Not them release my birthday 😭👍🏽 (I'm 13 now ^^),0,2025-01-26T16:10:54Z,IVE_RebelHeart,True,not them release my birthday im now,releas birthday
g36q0ZLvygQ,"🤩🤩After I AM there energy comeback with Rebel In There Heart ❣️😈
Who's ready to join this journey ❤ Let's gather here❤❤😏😎",0,2025-01-26T16:02:24Z,IVE_RebelHeart,True,after i am there energy comeback with rebel in there heart whos ready to join this journey lets gather here,energi comeback rebel heart who readi join journey let gather
g36q0ZLvygQ,1:07 i see stray kids on the background,1,2025-01-26T15:48:23Z,IVE_RebelHeart,True,i see stray kids on the background,see stray kid background
g36q0ZLvygQ,I'll watch this song everytime when someone likes this comment,2,2025-01-26T15:18:33Z,IVE_RebelHeart,True,ill watch this song everytime when someone likes this comment,ill watch song everytim someon like comment
g36q0ZLvygQ,"LOVE ME, HATE ME. YOU WILL NEVER GONNA, GONNA BE ME. What an iconic line",1,2025-01-26T14:52:11Z,IVE_RebelHeart,True,love me hate me you will never gonna gonna be me what an iconic line,love hate never gon gon icon line
g36q0ZLvygQ,Why is leeseo crying?,1,2025-01-26T14:48:19Z,IVE_RebelHeart,True,why is leeseo crying,leeseo cri
g36q0ZLvygQ,Atitude coming soon,1,2025-01-26T14:23:14Z,IVE_RebelHeart,True,atitude coming soon,atitud come soon
g36q0ZLvygQ,REBEL HEART / 250126 / 11PM / awarmmoon,0,2025-01-26T14:19:40Z,IVE_RebelHeart,True,rebel heart pm awarmmoon,rebel heart awarmmoon
g36q0ZLvygQ,wonyoung vocals omgg,0,2025-01-26T14:10:44Z,IVE_RebelHeart,True,wonyoung vocals omgg,wonyoung vocal omgg
g36q0ZLvygQ,I actually cried :') its so relatable,2,2025-01-26T14:10:36Z,IVE_RebelHeart,True,i actually cried its so relatable,actual cri relat
g36q0ZLvygQ,🎉 congrats for winnning ingkigayo today 4th win ...❤,1,2025-01-26T14:10:09Z,IVE_RebelHeart,True,congrats for winnning ingkigayo today th win,congrat winn ingkigayo today win
g36q0ZLvygQ,attitude concpet film out noww,1,2025-01-26T14:08:54Z,IVE_RebelHeart,True,attitude concpet film out noww,attitud concpet film noww
g36q0ZLvygQ,Can't wait for Attitude,1,2025-01-26T14:07:50Z,IVE_RebelHeart,True,cant wait for attitude,cant wait attitud
g36q0ZLvygQ,"such a beautiful and refreshing music video! the lyrics are so empowering as well. They literally outdo themselves every single comeback, how talented❤",3,2025-01-26T13:59:55Z,IVE_RebelHeart,True,such a beautiful and refreshing music video the lyrics are so empowering as well they literally outdo themselves every single comeback how talented,beauti refresh music video lyric empow well liter outdo everi singl comeback talent
g36q0ZLvygQ,REBEL HEART / 250126 / 8PM / WONJIN,0,2025-01-26T13:59:48Z,IVE_RebelHeart,True,rebel heart pm wonjin,rebel heart wonjin
g36q0ZLvygQ,REBEL HEART / 250126 / 8PM / WONJIN,1,2025-01-26T13:55:53Z,IVE_RebelHeart,True,rebel heart pm wonjin,rebel heart wonjin
g36q0ZLvygQ,REBEL HEART / 250126 / 8PM / WONJIN,0,2025-01-26T13:40:59Z,IVE_RebelHeart,True,rebel heart pm wonjin,rebel heart wonjin
g36q0ZLvygQ,Im seriously obsessed with this song.,3,2025-01-26T13:38:51Z,IVE_RebelHeart,True,im seriously obsessed with this song,serious obsess song
g36q0ZLvygQ,REBEL HEART / 250126 / 8PM / WONJIN,1,2025-01-26T13:36:46Z,IVE_RebelHeart,True,rebel heart pm wonjin,rebel heart wonjin
g36q0ZLvygQ,REBEL HEART / 250126 / 8PM / WONJIN,2,2025-01-26T13:32:53Z,IVE_RebelHeart,True,rebel heart pm wonjin,rebel heart wonjin
g36q0ZLvygQ,REBEL HEART 10시,1,2025-01-26T13:26:45Z,IVE_RebelHeart,True,rebel heart,rebel heart
g36q0ZLvygQ,"신곡 미쳤다 내 인생곡....❤ 진짜,..뮤비도 좋고 곡도 겁나 좋아 2:22 워뇨 저음 미쳤다고!!!!!❤️‍🔥❤️‍🔥❤️‍🔥 진짜 아이브 너무 좋아!!..듣다보니 눈물이 나오네....진짜 웅장하다... 걍 무한재생 시켜버려..❤ 근데 이 노래 뭔가 위로돼내...그래서 더 눈물이 나오나...? 아무튼 아이브 사랑해애~♡..

가사:
시작은 항상 다 이룬 것처럼
엔딩은 마치 승리한 것처럼
겁내지 않고 마음을 쏟을래
내 모양대로

이제 더 이상 신경 쓰지 않아
어디에서도 내 맘을 지키기
오해 받을 땐 자유에 맡겨둘래
다 알게 될 거니까

So you can

Love me, hate me
You will never be never be never be me
Try me, I'll break free
You will never be never be never be me

We are rebels in our heart,
Rebels in our heart
We are rebels in our heart
We are rebels in our heart,
꺾이지 않아
We are rebels in our heart

너는 어디가 조금 부족해
너는 거기가 뭔가 좀 넘쳐
I don't care 뭐든 말은 참 쉽지
그래 실행이 어려운 거야

Do it, move it, do it
우린 그냥 할게
내 갈 길은 멀고
그 위에는 드라마가 있어

또 외로움이 너무 길어지는 밤엔
그 맘을 쏘아 올려

Love me, hate me
You will never be never be never be me
Try me, I'll break free
You will never be never be never be me

We are rebels in our heart,
Rebels in our heart
We are rebels in our heart
We are rebels in our heart,
꺾이지 않아
We are rebels in our heart

Rebels in our heart!

우린 따로 이유를 묻지 않고
서로가 필요할 때가 있어
그런 맘이 어떤 건지 잘 알기에
영원을 바라는 사이보단
지금을 이해해주고 싶어
We will always be the rebels

Come, join as who you are
We are rebels, we are one
이 마음만으로
We are rebels, we are one

We are rebels in our heart,
Rebels in our heart
We are rebels in our heart
We are rebels in our heart,
꺾이지 않아
We are rebels in our heart

헐 잠만 뮤직비디오 4위?! 1위 가즈아!",3,2025-01-26T13:26:10Z,IVE_RebelHeart,True,so you can love me hate me you will never be never be never be me try me ill break free you will never be never be never be me we are rebels in our heart rebels in our heart we are rebels in our heart we are rebels in our heart we are rebels in our heart i dont care do it move it do it love me hate me you will never be never be never be me try me ill break free you will never be never be never be me we are rebels in our heart rebels in our heart we are rebels in our heart we are rebels in our heart we are rebels in our heart rebels in our heart we will always be the rebels come join as who you are we are rebels we are one we are rebels we are one we are rebels in our heart rebels in our heart we are rebels in our heart we are rebels in our heart we are rebels in our heart,love hate never never never tri ill break free never never never rebel heart rebel heart rebel heart rebel heart rebel heart dont care move love hate never never never tri ill break free never never never rebel heart rebel heart rebel heart rebel heart rebel heart rebel heart alway rebel come join rebel one rebel one rebel heart rebel heart rebel heart rebel heart rebel heart
g36q0ZLvygQ,REBEL HEART / 250126 / 8PM / WONJIN,0,2025-01-26T13:19:36Z,IVE_RebelHeart,True,rebel heart pm wonjin,rebel heart wonjin
g36q0ZLvygQ,it's so beautiful that it gets stuck in your head and you can't stop listening to it,4,2025-01-26T13:17:48Z,IVE_RebelHeart,True,its so beautiful that it gets stuck in your head and you cant stop listening to it,beauti get stuck head cant stop listen
g36q0ZLvygQ,REBEL HEART / 250126 / 8PM / WONJIN,0,2025-01-26T13:15:17Z,IVE_RebelHeart,True,rebel heart pm wonjin,rebel heart wonjin
g36q0ZLvygQ,REBEL HEART / 250126 / 8PM / WONJIN,0,2025-01-26T13:11:15Z,IVE_RebelHeart,True,rebel heart pm wonjin,rebel heart wonjin
g36q0ZLvygQ,REBEL HEART / 250126 / 10pm / awarmmoon,0,2025-01-26T13:08:01Z,IVE_RebelHeart,True,rebel heart pm awarmmoon,rebel heart awarmmoon
g36q0ZLvygQ,This is just a pre-release! WHAT ABOUT THE TITLE TRACK?! HOW COOL IS IT?,6,2025-01-26T13:02:59Z,IVE_RebelHeart,True,this is just a prerelease what about the title track how cool is it,prereleas titl track cool
g36q0ZLvygQ,"Improve
Visual
Everything",3,2025-01-26T13:01:44Z,IVE_RebelHeart,True,improve visual everything,improv visual everyth
g36q0ZLvygQ,"this is very good! i like their vocal, rap, and dance",2,2025-01-26T13:01:00Z,IVE_RebelHeart,True,this is very good i like their vocal rap and dance,good like vocal rap danc
g36q0ZLvygQ,BEST SONG OF THE YEAR,2,2025-01-26T13:00:34Z,IVE_RebelHeart,True,best song of the year,best song year
g36q0ZLvygQ,REBEL HEART / 250126 / 7PM / WONJIN,2,2025-01-26T12:52:28Z,IVE_RebelHeart,True,rebel heart pm wonjin,rebel heart wonjin
g36q0ZLvygQ,REBEL HEART / 250126 / 7PM / WONJIN,0,2025-01-26T12:47:56Z,IVE_RebelHeart,True,rebel heart pm wonjin,rebel heart wonjin
g36q0ZLvygQ,REBEL HEART / 250126 / 7PM / WONJIN,0,2025-01-26T12:44:21Z,IVE_RebelHeart,True,rebel heart pm wonjin,rebel heart wonjin
g36q0ZLvygQ,This is a bop. Like if you agree,1,2025-01-26T12:29:14Z,IVE_RebelHeart,True,this is a bop like if you agree,bop like agre
g36q0ZLvygQ,REBEL HEART / 250126 / 9pm / awarmmoon,1,2025-01-26T12:27:54Z,IVE_RebelHeart,True,rebel heart pm awarmmoon,rebel heart awarmmoon
g36q0ZLvygQ,"if either way has a sister, this will be it",0,2025-01-26T12:04:38Z,IVE_RebelHeart,True,if either way has a sister this will be it,either way sister
g36q0ZLvygQ,"tones and rhythms remind me of ""I AM."" I love it ❤",1,2025-01-26T11:54:44Z,IVE_RebelHeart,True,tones and rhythms remind me of i am i love it,tone rhythm remind love
g36q0ZLvygQ,Can we get 10 win for rebel heart?,2,2025-01-26T11:54:25Z,IVE_RebelHeart,True,can we get win for rebel heart,get win rebel heart
g36q0ZLvygQ,who is still watching the mv,0,2025-01-26T11:53:24Z,IVE_RebelHeart,True,who is still watching the mv,still watch
g36q0ZLvygQ,4 th win! congrats my girls,1,2025-01-26T11:42:27Z,IVE_RebelHeart,True,th win congrats my girls,win congrat girl
g36q0ZLvygQ,SAY IT LOUDER WONGYOUNG🗣️ 🔊,1,2025-01-26T11:14:48Z,IVE_RebelHeart,True,say it louder wongyoung,say louder wongyoung
g36q0ZLvygQ,REBEL HEART / 250126 / 6PM / WONJIN,1,2025-01-26T11:11:16Z,IVE_RebelHeart,True,rebel heart pm wonjin,rebel heart wonjin
g36q0ZLvygQ,REBEL HEART / 250126 / 6PM / WONJIN,0,2025-01-26T11:08:41Z,IVE_RebelHeart,True,rebel heart pm wonjin,rebel heart wonjin
g36q0ZLvygQ,REBEL HEART / 250126 / 8pm / awarmmoon,0,2025-01-26T11:05:24Z,IVE_RebelHeart,True,rebel heart pm awarmmoon,rebel heart awarmmoon
g36q0ZLvygQ,REBEL HEART / 250126 / 6PM / WONJIN,0,2025-01-26T11:03:21Z,IVE_RebelHeart,True,rebel heart pm wonjin,rebel heart wonjin
g36q0ZLvygQ,REBEL HEART / 250126 / 5PM / WONJIN,0,2025-01-26T10:58:40Z,IVE_RebelHeart,True,rebel heart pm wonjin,rebel heart wonjin
g36q0ZLvygQ,REBEL HEART / 250126 / 5PM / WONJIN,0,2025-01-26T10:55:02Z,IVE_RebelHeart,True,rebel heart pm wonjin,rebel heart wonjin
g36q0ZLvygQ,REBEL HEART / 250126 / 5PM / WONJIN,0,2025-01-26T10:54:33Z,IVE_RebelHeart,True,rebel heart pm wonjin,rebel heart wonjin
g36q0ZLvygQ,"4th win for ""Rebel Heart""!!! (Inkigayo) 😊🎉❤ Congratulations!!! 🥳🏆👏",3,2025-01-26T10:54:08Z,IVE_RebelHeart,True,th win for rebel heart inkigayo congratulations,win rebel heart inkigayo congratul
g36q0ZLvygQ,How many ive supporters are here,1,2025-01-26T10:53:18Z,IVE_RebelHeart,True,how many ive supporters are here,mani ive support
g36q0ZLvygQ,"Great IVE !!!
Go IVE !!!❤❤❤❤❤❤",1,2025-01-26T10:52:31Z,IVE_RebelHeart,True,great ive go ive,great ive ive
g36q0ZLvygQ,REBEL HEART / 250126 / 5PM / WONJIN,0,2025-01-26T10:51:20Z,IVE_RebelHeart,True,rebel heart pm wonjin,rebel heart wonjin
g36q0ZLvygQ,NO WORDS ITS SO PREFECT AMAZING❤❤❤❤❤❤,0,2025-01-26T10:49:10Z,IVE_RebelHeart,True,no words its so prefect amazing,word prefect amaz
g36q0ZLvygQ,REBEL HEART,1,2025-01-26T10:46:39Z,IVE_RebelHeart,True,rebel heart,rebel heart
g36q0ZLvygQ,I best wonyoung✨❤️,0,2025-01-26T10:37:12Z,IVE_RebelHeart,True,i best wonyoung,best wonyoung
g36q0ZLvygQ,Wony fianly got the recognition she deserved,1,2025-01-26T10:35:43Z,IVE_RebelHeart,True,wony fianly got the recognition she deserved,woni fianli got recognit deserv
g36q0ZLvygQ,Rebel Heart 4th consecutive music show win achieved🎉,3,2025-01-26T10:25:24Z,IVE_RebelHeart,True,rebel heart th consecutive music show win achieved,rebel heart consecut music show win achiev
g36q0ZLvygQ,leeseo looks so cute in pink hair!,0,2025-01-26T10:22:59Z,IVE_RebelHeart,True,leeseo looks so cute in pink hair,leeseo look cute pink hair
g36q0ZLvygQ,"rebel heart is my fav song of 2025, ive will always release great music!!",1,2025-01-26T10:22:42Z,IVE_RebelHeart,True,rebel heart is my fav song of ive will always release great music,rebel heart fav song ive alway releas great music
g36q0ZLvygQ,Congrats girls on the 4th win !!!,2,2025-01-26T10:22:16Z,IVE_RebelHeart,True,congrats girls on the th win,congrat girl win
g36q0ZLvygQ,Congratulations IVE!!! Rebel Heart 4th win 🏆🎉,6,2025-01-26T10:21:36Z,IVE_RebelHeart,True,congratulations ive rebel heart th win,congratul ive rebel heart win
g36q0ZLvygQ,I have been loving IVE for their meaningful songs. They are so good and the lyrics made them even better! And the genre?! It's always amazing ❤❤,0,2025-01-26T09:58:47Z,IVE_RebelHeart,True,i have been loving ive for their meaningful songs they are so good and the lyrics made them even better and the genre its always amazing,love ive meaning song good lyric made even better genr alway amaz
g36q0ZLvygQ,"Good song, I love it",1,2025-01-26T09:49:44Z,IVE_RebelHeart,True,good song i love it,good song love
g36q0ZLvygQ,REBEL HEART / 250126 / 6PM / awarmmoon,0,2025-01-26T09:35:14Z,IVE_RebelHeart,True,rebel heart pm awarmmoon,rebel heart awarmmoon
g36q0ZLvygQ,This song is so catchy!,2,2025-01-26T09:34:23Z,IVE_RebelHeart,True,this song is so catchy,song catchi
g36q0ZLvygQ,So excited for attitude <33,1,2025-01-26T09:33:59Z,IVE_RebelHeart,True,so excited for attitude,excit attitud
g36q0ZLvygQ,COMGRATS TO IVE TAKING THIS WEEKS TROPHIES!! you guys truly deserve these wins!!,3,2025-01-26T09:33:47Z,IVE_RebelHeart,True,comgrats to ive taking this weeks trophies you guys truly deserve these wins,comgrat ive take week trophi guy truli deserv win
g36q0ZLvygQ,"This is the best song for me, the mv quality, the melody ack ate",2,2025-01-26T09:33:14Z,IVE_RebelHeart,True,this is the best song for me the mv quality the melody ack ate,best song qualiti melodi ack ate
g36q0ZLvygQ,we're rebels in our heart,0,2025-01-26T09:28:17Z,IVE_RebelHeart,True,were rebels in our heart,rebel heart
g36q0ZLvygQ,RebelHeart4thWin🎉🎊,2,2025-01-26T09:20:13Z,IVE_RebelHeart,True,rebelheartthwin,rebelheartthwin
g36q0ZLvygQ,RebelHeart4thWin🎉🎊,1,2025-01-26T09:20:09Z,IVE_RebelHeart,True,rebelheartthwin,rebelheartthwin
g36q0ZLvygQ,RebelHeart4thWin🎉🎊,1,2025-01-26T09:20:06Z,IVE_RebelHeart,True,rebelheartthwin,rebelheartthwin
g36q0ZLvygQ,RebelHeart4thWin🎉🎊,1,2025-01-26T09:19:56Z,IVE_RebelHeart,True,rebelheartthwin,rebelheartthwin
g36q0ZLvygQ,4th win we're proud of you ive!,2,2025-01-26T09:13:50Z,IVE_RebelHeart,True,th win were proud of you ive,win proud ive
g36q0ZLvygQ,4 wins!! Im so proud of you guys and DIVE!!,4,2025-01-26T09:10:59Z,IVE_RebelHeart,True,wins im so proud of you guys and dive,win proud guy dive
g36q0ZLvygQ,Rebels in our heart!,1,2025-01-26T09:03:15Z,IVE_RebelHeart,True,rebels in our heart,rebel heart
g36q0ZLvygQ,REBEL HEART / 250126 / 3PM / WONJIN,1,2025-01-26T08:49:04Z,IVE_RebelHeart,True,rebel heart pm wonjin,rebel heart wonjin
g36q0ZLvygQ,"Next goal: 20M
Fighting dives !!!",8,2025-01-26T08:47:03Z,IVE_RebelHeart,True,next goal m fighting dives,next goal fight dive
g36q0ZLvygQ,"This song has 2 meanings. And I love this song. I know what they mean by 'Love me , Hate me , You will never be me'❤
❤❤❤",3,2025-01-26T08:34:43Z,IVE_RebelHeart,True,this song has meanings and i love this song i know what they mean by love me hate me you will never be me,song mean love song know mean love hate never
g36q0ZLvygQ,Rebel Heart 4th win 🎉✨,6,2025-01-26T08:32:18Z,IVE_RebelHeart,True,rebel heart th win,rebel heart win
g36q0ZLvygQ,REBEL HEART / 250126 / 5PM / awarmmoon,1,2025-01-26T08:31:35Z,IVE_RebelHeart,True,rebel heart pm awarmmoon,rebel heart awarmmoon
g36q0ZLvygQ,"Happy 4th Win!!!
REBEL HEART heals us every day^^",5,2025-01-26T08:18:25Z,IVE_RebelHeart,True,happy th win rebel heart heals us every day,happi win rebel heart heal everi day
g36q0ZLvygQ,4th win today omg!! let's str3am more for next week,6,2025-01-26T08:15:42Z,IVE_RebelHeart,True,th win today omg lets stram more for next week,win today omg let stram next week
g36q0ZLvygQ,is this pre-release? so the main tract that is goin to released in feb 3 will have more views rightt,2,2025-01-26T08:06:33Z,IVE_RebelHeart,True,is this prerelease so the main tract that is goin to released in feb will have more views rightt,prereleas main tract goin releas feb view rightt
g36q0ZLvygQ,""" love me hate me, you will never be me"" you ate wonny🎉",1,2025-01-26T07:51:30Z,IVE_RebelHeart,True,love me hate me you will never be me you ate wonny,love hate never ate wonni
g36q0ZLvygQ,4th Win‼️,3,2025-01-26T07:48:56Z,IVE_RebelHeart,True,th win,win
g36q0ZLvygQ,Yasss!!!! Congratulations for the 4th win today!!!,3,2025-01-26T07:46:33Z,IVE_RebelHeart,True,yasss congratulations for the th win today,yasss congratul win today
g36q0ZLvygQ,Ive’s discography never disappoints me,126,2025-01-26T07:42:36Z,IVE_RebelHeart,True,ives discography never disappoints me,ive discographi never disappoint
g36q0ZLvygQ,"Can't wait for ATTITUDE, I'm seated!",4,2025-01-26T07:42:05Z,IVE_RebelHeart,True,cant wait for attitude im seated,cant wait attitud seat
g36q0ZLvygQ,Rebel heart deserves a lot of awards fr,1,2025-01-26T07:41:49Z,IVE_RebelHeart,True,rebel heart deserves a lot of awards fr,rebel heart deserv lot award
g36q0ZLvygQ,REBEL HEART / 250126 / 4pm / awarmmoon,0,2025-01-26T07:41:44Z,IVE_RebelHeart,True,rebel heart pm awarmmoon,rebel heart awarmmoon
g36q0ZLvygQ,"I've said it before and i'll say it again. IVE will always outdone themselves, and i believe IVE EMPATHY will be their best album. I genuinely think that Rebel Heart is one of the best song i've ever heard from K-pop. What an icon for a soul that never gives up and will always be the ""rebels"" to reach what they have dreamed for all this time.

""So rather than expecting eternity, i want to understand you now."" 
Shockingly, the last time i was this touched was when i watched Either Way for the first time. You did it, IVE.",0,2025-01-26T07:23:34Z,IVE_RebelHeart,True,ive said it before and ill say it again ive will always outdone themselves and i believe ive empathy will be their best album i genuinely think that rebel heart is one of the best song ive ever heard from kpop what an icon for a soul that never gives up and will always be the rebels to reach what they have dreamed for all this time so rather than expecting eternity i want to understand you now shockingly the last time i was this touched was when i watched either way for the first time you did it ive,ive said ill say ive alway outdon believ ive empathi best album genuin think rebel heart one best song ive ever heard kpop icon soul never give alway rebel reach dream time rather expect etern want understand shockingli last time touch watch either way first time ive
g36q0ZLvygQ,"This is the essence of Kpop.
This type of messages are the reason why Kpop became a fundamental platform on my teenager years 😢❤",1,2025-01-26T06:18:58Z,IVE_RebelHeart,True,this is the essence of kpop this type of messages are the reason why kpop became a fundamental platform on my teenager years,essenc kpop type messag reason kpop becam fundament platform teenag year
g36q0ZLvygQ,"아이브 ""REBEL HEART"" 가사]

[Intro: Jang Wonyoung]
Rebels in our heart

[Verse 1: An Yujin, Liz, Rei, Leeseo]
시작은 항상 다 이룬 것처럼
엔딩은 마치 승리한 것처럼
겁내지 않고 마음을 쏟을래
내 모양대로
이제 더 이상 신경 쓰지 않아 (더 이상)
어디에서도 내 맘을 지키기
오해 받을 땐 자유에 맡겨둘래
다 알게 될 거니까



[Chorus: Jang Wonyoung, An Yujin, Gaeul, Leeseo]
So you can love me, hate me
You will never be, never be, never be me
Try me, I'll break free
You will never be, never be, never be me
We are rebels in our heart, rebels in our heart
We are rebels in our heart
We are rebels in our heart, 꺾이지 않아
We are rebels in our heart

[Verse 2: Rei, Gaeul, Leeseo]
너는 어디가 조금 부족해
너는 거기가 뭔가 좀 넘쳐
I don't care, 뭐든 말은 참 쉽지
그래 실행이 어려운 거야
Do it, move it, do it
우린 그냥 할게
내 갈 길은 멀고
그 위에는 드라마가 있어

[Pre-Chorus: Jang Wonyoung]
또 외로움이 너무 길어지는 밤엔
그 맘을 쏘아 올려 (Oh)

[Chorus: An Yujin, Liz, Jang Wonyoung, Rei]
Love me, hate me
You will never be, never be, never be me
Try me, I'll break free
You will never be, never be, never be me
We are rebels in our heart, rebels in our heart
We are rebels in our heart
We are rebels in our heart, 꺾이지 않아
We are rebels in our heart (Rebels in our heart)
[Post-Chorus: An Yujin, Jang Wonyoung]
La-la-la-la, la-la-la, la-la-la
Rebels in our heart, rebels in our heart
La-la-la-la, la-la-la, la-la-la
Rebels in our heart, rebels in our heart

[Bridge: Jang Wonyoung, Liz]
우린 따로 이유를 묻지 않고
서로가 필요할 때가 있어
그런 맘이 어떤 건지 잘 알기에
영원을 바라는 사이보단
지금을 이해해주고 싶어
We will always be the rebels

[Chorus: An Yujin, Leeseo, Liz]
Come, join as who you are
We are rebels, we are one
이 마음만으로
We are rebels, we are one
We are rebels in our heart, rebels in our heart
We are rebels in our heart
We are rebels in our heart, 꺾이지 않아
We are rebels in our heart",0,2025-01-26T06:08:00Z,IVE_RebelHeart,True,rebel heart intro jang wonyoung rebels in our heart verse an yujin liz rei leeseo chorus jang wonyoung an yujin gaeul leeseo so you can love me hate me you will never be never be never be me try me ill break free you will never be never be never be me we are rebels in our heart rebels in our heart we are rebels in our heart we are rebels in our heart we are rebels in our heart verse rei gaeul leeseo i dont care do it move it do it prechorus jang wonyoung oh chorus an yujin liz jang wonyoung rei love me hate me you will never be never be never be me try me ill break free you will never be never be never be me we are rebels in our heart rebels in our heart we are rebels in our heart we are rebels in our heart we are rebels in our heart rebels in our heart postchorus an yujin jang wonyoung lalalala lalala lalala rebels in our heart rebels in our heart lalalala lalala lalala rebels in our heart rebels in our heart bridge jang wonyoung liz we will always be the rebels chorus an yujin leeseo liz come join as who you are we are rebels we are one we are rebels we are one we are rebels in our heart rebels in our heart we are rebels in our heart we are rebels in our heart we are rebels in our heart,rebel heart intro jang wonyoung rebel heart vers yujin liz rei leeseo choru jang wonyoung yujin gaeul leeseo love hate never never never tri ill break free never never never rebel heart rebel heart rebel heart rebel heart rebel heart vers rei gaeul leeseo dont care move prechoru jang wonyoung choru yujin liz jang wonyoung rei love hate never never never tri ill break free never never never rebel heart rebel heart rebel heart rebel heart rebel heart rebel heart postchoru yujin jang wonyoung lalalala lalala lalala rebel heart rebel heart lalalala lalala lalala rebel heart rebel heart bridg jang wonyoung liz alway rebel choru yujin leeseo liz come join rebel one rebel one rebel heart rebel heart rebel heart rebel heart rebel heart
g36q0ZLvygQ,"pls reach 20m for our goal, at least this week",0,2025-01-26T05:38:03Z,IVE_RebelHeart,True,pls reach m for our goal at least this week,pl reach goal least week
g36q0ZLvygQ,"wonyoung owned this song
I love how this song has meaning in lyrics and emotion, not like some songs that are super short and lyrics make no sense and it's just the beat",2,2025-01-26T05:29:44Z,IVE_RebelHeart,True,wonyoung owned this song i love how this song has meaning in lyrics and emotion not like some songs that are super short and lyrics make no sense and its just the beat,wonyoung own song love song mean lyric emot like song super short lyric make sens beat
g36q0ZLvygQ,come on guys only 17M views and 453K likes?,1,2025-01-26T05:28:50Z,IVE_RebelHeart,True,come on guys only m views and k likes,come guy view like
g36q0ZLvygQ,"stream more pls, we need more streams!!",0,2025-01-26T05:22:32Z,IVE_RebelHeart,True,stream more pls we need more streams,stream pl need stream
g36q0ZLvygQ,Will they still be promoting Rebel Heart next week???,0,2025-01-26T05:14:39Z,IVE_RebelHeart,True,will they still be promoting rebel heart next week,still promot rebel heart next week
g36q0ZLvygQ,"Im not exaggerating when I say that Ive is the only consistent group that has amazing bridges, vocals, and tunes. I’m not even a dive or a hardcore listener, but every song I’ve listened to really doesn’t disappoint. Ive even been disappointed by songs produced by my favorite groups and idols, but never Ive. Personally I think it’s because their songs are never made for the sole purpose of being a TikTok audio",1,2025-01-26T05:14:20Z,IVE_RebelHeart,True,im not exaggerating when i say that ive is the only consistent group that has amazing bridges vocals and tunes im not even a dive or a hardcore listener but every song ive listened to really doesnt disappoint ive even been disappointed by songs produced by my favorite groups and idols but never ive personally i think its because their songs are never made for the sole purpose of being a tiktok audio,exagger say ive consist group amaz bridg vocal tune even dive hardcor listen everi song ive listen realli doesnt disappoint ive even disappoint song produc favorit group idol never ive person think song never made sole purpos tiktok audio
g36q0ZLvygQ,IVE FIGHTING!!!! Dive please keep sending the girls your love and support :3,0,2025-01-26T05:09:05Z,IVE_RebelHeart,True,ive fighting dive please keep sending the girls your love and support,ive fight dive pleas keep send girl love support
g36q0ZLvygQ,best kpop song in 2025. by a mile,0,2025-01-26T04:57:21Z,IVE_RebelHeart,True,best kpop song in by a mile,best kpop song mile
g36q0ZLvygQ,congrats ive for 3 win music bank,1,2025-01-26T04:54:40Z,IVE_RebelHeart,True,congrats ive for win music bank,congrat ive win music bank
g36q0ZLvygQ,"Come on everyone DIVE, let's increase the number of views of 'REBEL HEART' to 20M!!! Come on!!!",1,2025-01-26T04:49:40Z,IVE_RebelHeart,True,come on everyone dive lets increase the number of views of rebel heart to m come on,come everyon dive let increas number view rebel heart come
Sz_wWzgh-vQ,Vote music bank,5,2024-12-19T23:59:05Z,TWICE_Strategy,True,vote music bank,vote music bank
Sz_wWzgh-vQ,Onceee You have to vote for Twice on all app music shows,7,2024-12-19T23:57:10Z,TWICE_Strategy,True,onceee you have to vote for twice on all app music shows,oncee vote twice app music show
Sz_wWzgh-vQ,Twice es increíble,5,2024-12-19T23:55:22Z,TWICE_Strategy,True,twice es increble,twice increbl
Sz_wWzgh-vQ,I just watched Twice's interview for promotions in the U.S.❤❤,6,2024-12-19T23:54:57Z,TWICE_Strategy,True,i just watched twices interview for promotions in the us,watch twice interview promot
Sz_wWzgh-vQ,Twice vocalist and talents  are awesome,4,2024-12-19T23:54:40Z,TWICE_Strategy,True,twice vocalist and talents are awesome,twice vocalist talent awesom
Sz_wWzgh-vQ,stream! Once!,3,2024-12-19T23:50:59Z,TWICE_Strategy,True,stream once,stream
Sz_wWzgh-vQ,20M ONCE,3,2024-12-19T23:41:27Z,TWICE_Strategy,True,m once,
Sz_wWzgh-vQ,"strategy in loop all day, such a good song",4,2024-12-19T23:37:13Z,TWICE_Strategy,True,strategy in loop all day such a good song,strategi loop day good song
Sz_wWzgh-vQ,"Have a good day/night, ONCEs!!",10,2024-12-19T23:32:23Z,TWICE_Strategy,True,have a good daynight onces,good daynight onc
Sz_wWzgh-vQ,Coming here to appreciate this work of art once again,5,2024-12-19T23:30:21Z,TWICE_Strategy,True,coming here to appreciate this work of art once again,come appreci work art
Sz_wWzgh-vQ,Glad they kept the girls away from Megan as much as possible,4,2024-12-19T23:22:34Z,TWICE_Strategy,True,glad they kept the girls away from megan as much as possible,glad kept girl away megan much possibl
Sz_wWzgh-vQ,"3 years ago TWICE´S Mina delivered an absolutely stunning, graceful and enchanting cover of ´snowman´ by Sia",9,2024-12-19T23:19:20Z,TWICE_Strategy,True,years ago twices mina delivered an absolutely stunning graceful and enchanting cover of snowman by sia,year ago twice mina deliv absolut stun grace enchant cover snowman sia
Sz_wWzgh-vQ,Vote music bank,4,2024-12-19T23:11:45Z,TWICE_Strategy,True,vote music bank,vote music bank
Sz_wWzgh-vQ,TWICE is on Zach Sang Show!,3,2024-12-19T23:09:33Z,TWICE_Strategy,True,twice is on zach sang show,twice zach sang show
Sz_wWzgh-vQ,Why is this whole song english? What happened to kpop lol. Love my girls twice though but im lowk concerned,2,2024-12-19T22:57:05Z,TWICE_Strategy,True,why is this whole song english what happened to kpop lol love my girls twice though but im lowk concerned,whole song english happen kpop lol love girl twice though lowk concern
Sz_wWzgh-vQ,This is one of my favorite twice songs after what is love,4,2024-12-19T22:56:22Z,TWICE_Strategy,True,this is one of my favorite twice songs after what is love,one favorit twice song love
Sz_wWzgh-vQ,LE COPIARON A MELANIE MARTINEZ EN HIGH SCHOOL SWEETHEARTSSS😡😡😡😡😡,1,2024-12-19T22:51:21Z,TWICE_Strategy,True,le copiaron a melanie martinez en high school sweetheartsss,copiaron melani martinez high school sweetheartsss
Sz_wWzgh-vQ,Come on!! once stream up to 25 million viewers!!,3,2024-12-19T22:38:51Z,TWICE_Strategy,True,come on once stream up to million viewers,come stream million viewer
Sz_wWzgh-vQ,ONCE  Let's stream so that twice reaches a strategy of at least 100 million,4,2024-12-19T22:32:41Z,TWICE_Strategy,True,once lets stream so that twice reaches a strategy of at least million,let stream twice reach strategi least million
Sz_wWzgh-vQ,twice the greatest group of all time,3,2024-12-19T22:22:27Z,TWICE_Strategy,True,twice the greatest group of all time,twice greatest group time
Sz_wWzgh-vQ,Hey boy,2,2024-12-19T22:19:13Z,TWICE_Strategy,True,hey boy,hey boy
Sz_wWzgh-vQ,3:19  MINAA! She's SO PRETTY ❤🥹,1,2024-12-19T22:17:39Z,TWICE_Strategy,True,minaa shes so pretty,minaa she pretti
Sz_wWzgh-vQ,Good morning ONCE,0,2024-12-19T22:17:16Z,TWICE_Strategy,True,good morning once,good morn
Sz_wWzgh-vQ,TWICE  LOOK SUPER PRETTY,2,2024-12-19T22:08:45Z,TWICE_Strategy,True,twice look super pretty,twice look super pretti
Sz_wWzgh-vQ,"Its so slay, it ate.",1,2024-12-19T22:01:51Z,TWICE_Strategy,True,its so slay it ate,slay ate
Sz_wWzgh-vQ,Onceeee stream,4,2024-12-19T21:27:47Z,TWICE_Strategy,True,onceeee stream,onceee stream
Sz_wWzgh-vQ,strategy stream,2,2024-12-19T21:25:21Z,TWICE_Strategy,True,strategy stream,strategi stream
Sz_wWzgh-vQ,Love Mina's braids and style,3,2024-12-19T21:24:32Z,TWICE_Strategy,True,love minas braids and style,love mina braid style
Sz_wWzgh-vQ,Go go Twice! Never stop!,2,2024-12-19T21:22:56Z,TWICE_Strategy,True,go go twice never stop,twice never stop
Sz_wWzgh-vQ,TWICE BEST GG,5,2024-12-19T21:11:11Z,TWICE_Strategy,True,twice best gg,twice best
Sz_wWzgh-vQ,STREAM MASSIVO,3,2024-12-19T21:10:55Z,TWICE_Strategy,True,stream massivo,stream massivo
Sz_wWzgh-vQ,let’s try to win all chart again!!,2,2024-12-19T21:10:25Z,TWICE_Strategy,True,lets try to win all chart again,let tri win chart
Sz_wWzgh-vQ,I Love twice,3,2024-12-19T20:39:14Z,TWICE_Strategy,True,i love twice,love twice
Sz_wWzgh-vQ,I LOVE YOU TWICE 💞💞✨,2,2024-12-19T20:38:19Z,TWICE_Strategy,True,i love you twice,love twice
Sz_wWzgh-vQ,My taste in music is everything they release twice,6,2024-12-19T20:35:01Z,TWICE_Strategy,True,my taste in music is everything they release twice,tast music everyth releas twice
Sz_wWzgh-vQ,Although I am a blink but this song is really grabbing to attention I like it's vibe so much,3,2024-12-19T19:58:04Z,TWICE_Strategy,True,although i am a blink but this song is really grabbing to attention i like its vibe so much,although blink song realli grab attent like vibe much
Sz_wWzgh-vQ,Strategy Twice,0,2024-12-19T19:53:39Z,TWICE_Strategy,True,strategy twice,strategi twice
Sz_wWzgh-vQ,1:33 Jihyo's parts are so addictive 😍😍‼️,1,2024-12-19T19:31:15Z,TWICE_Strategy,True,jihyos parts are so addictive,jihyo part addict
Sz_wWzgh-vQ,"Take out another one, I already have it",1,2024-12-19T19:30:05Z,TWICE_Strategy,True,take out another one i already have it,take anoth one alreadi
Sz_wWzgh-vQ,"6 OUTFIT (WHITE WITH STRATEGY, PINK WITH SHORT, PINK WITH PANTS, INDIVIDUAL CLOTHES (DAHYUN WITH HEART), BLACK TIE (JIHYO IN SKIRT)
1/6 ALREADY WEAR IN PERFORMANCE (PINK JACKET AND PANTS)",0,2024-12-19T19:29:46Z,TWICE_Strategy,True,outfit white with strategy pink with short pink with pants individual clothes dahyun with heart black tie jihyo in skirt already wear in performance pink jacket and pants,outfit white strategi pink short pink pant individu cloth dahyun heart black tie jihyo skirt alreadi wear perform pink jacket pant
Sz_wWzgh-vQ,0:36 LA PARTE DE SANA 😍😍😍,0,2024-12-19T19:29:33Z,TWICE_Strategy,True,la parte de sana,part sana
Sz_wWzgh-vQ,Megan Thee Stallion,0,2024-12-19T19:21:33Z,TWICE_Strategy,True,megan thee stallion,megan thee stallion
Sz_wWzgh-vQ,the best son ever ☺♥,1,2024-12-19T19:17:06Z,TWICE_Strategy,True,the best son ever,best son ever
Sz_wWzgh-vQ,i love twice ♥,1,2024-12-19T19:16:09Z,TWICE_Strategy,True,i love twice,love twice
Sz_wWzgh-vQ,Twice i love you,1,2024-12-19T19:14:47Z,TWICE_Strategy,True,twice i love you,twice love
Sz_wWzgh-vQ,"i think twice was really humble for too long. their versatility, the longevity of their career, their wholesome discography, the japanese and korean comebacks never overlaps, the collaboration they worked out, their insane vocals over the years, their face cards and the 9 visuals, the queens of japan, their kindness and love for their fans! I THINK IN THIS ERA OF KPOP, THEY'RE STILL THE NATION'S GG OF SOUTH KOREA! THE DAESANG THEY HAVE IN THEIR BELT, THE HITS AFTER HITS, IU, GDRAGON AND EVEN OTHER ICONS RECOGNIZE THEM! JYP REALLY HIT THE JACKPOT WHEN THEY DEBUTED THIS GROUP!!! TRULY IMMACULATE!",9,2024-12-19T19:12:33Z,TWICE_Strategy,True,i think twice was really humble for too long their versatility the longevity of their career their wholesome discography the japanese and korean comebacks never overlaps the collaboration they worked out their insane vocals over the years their face cards and the visuals the queens of japan their kindness and love for their fans i think in this era of kpop theyre still the nations gg of south korea the daesang they have in their belt the hits after hits iu gdragon and even other icons recognize them jyp really hit the jackpot when they debuted this group truly immaculate,think twice realli humbl long versatil longev career wholesom discographi japanes korean comeback never overlap collabor work insan vocal year face card visual queen japan kind love fan think era kpop theyr still nation south korea daesang belt hit hit gdragon even icon recogn jyp realli hit jackpot debut group truli immacul
Sz_wWzgh-vQ,TE AMO MINAAAAAA❤🎉,1,2024-12-19T19:10:13Z,TWICE_Strategy,True,te amo minaaaaaa,amo minaaaaaa
Sz_wWzgh-vQ,"Hey, Man , I'ma get ya
I'ma get you real good and I bet ya
Hey, Man , once I get ya
You'll be, oh, so glad that I met ya",0,2024-12-19T19:09:43Z,TWICE_Strategy,True,hey man ima get ya ima get you real good and i bet ya hey man once i get ya youll be oh so glad that i met ya,hey man ima get ima get real good bet hey man get youll glad met
Sz_wWzgh-vQ,Bought my self a digipack .. i just cant stop playing the strategy album. I mean showing my support at my own time and online too. Btw fighting ONCES!! TWICE FIGHTING!!!,5,2024-12-19T19:04:03Z,TWICE_Strategy,True,bought my self a digipack i just cant stop playing the strategy album i mean showing my support at my own time and online too btw fighting onces twice fighting,bought self digipack cant stop play strategi album mean show support time onlin btw fight onc twice fight
Sz_wWzgh-vQ,"Stream here Once,",6,2024-12-19T18:58:26Z,TWICE_Strategy,True,stream here once,stream
Sz_wWzgh-vQ,Stream Strategy Onces,7,2024-12-19T18:57:07Z,TWICE_Strategy,True,stream strategy onces,stream strategi onc
Sz_wWzgh-vQ,Imma getcha real good and I betcha ❤,1,2024-12-19T18:46:23Z,TWICE_Strategy,True,imma getcha real good and i betcha,imma getcha real good betcha
Sz_wWzgh-vQ,THE STREAM IS SO SLOWWWWWW,0,2024-12-19T18:44:29Z,TWICE_Strategy,True,the stream is so slo,stream slo
Sz_wWzgh-vQ,Wow this song is awesome,4,2024-12-19T18:37:10Z,TWICE_Strategy,True,wow this song is awesome,wow song awesom
Sz_wWzgh-vQ,I am new once 🔂,4,2024-12-19T18:34:28Z,TWICE_Strategy,True,i am new once,new
Sz_wWzgh-vQ,"The loves of my life, I live for them",0,2024-12-19T18:10:06Z,TWICE_Strategy,True,the loves of my life i live for them,love life live
Sz_wWzgh-vQ,"onces don’t stop yet, lets give twice more than 20M views!!",51,2024-12-19T18:01:19Z,TWICE_Strategy,True,onces dont stop yet lets give twice more than m views,onc dont stop yet let give twice view
Sz_wWzgh-vQ,THIS IS SUCH A GOOD WAY TO END 2024,2,2024-12-19T17:31:41Z,TWICE_Strategy,True,this is such a good way to end,good way end
Sz_wWzgh-vQ,I loveeeeee this song really,1,2024-12-19T17:22:18Z,TWICE_Strategy,True,i loveeeeee this song really,loveeeee song realli
Sz_wWzgh-vQ,"Enough I loved her, she is so good I love her, as always twice and Megan devouring 🫦❤️‍🔥",3,2024-12-19T17:18:04Z,TWICE_Strategy,True,enough i loved her she is so good i love her as always twice and megan devouring,enough love good love alway twice megan devour
Sz_wWzgh-vQ,Twice best gg,1,2024-12-19T17:16:46Z,TWICE_Strategy,True,twice best gg,twice best
Sz_wWzgh-vQ,This song deserves success!  So keep streaming and listening more everyday,8,2024-12-19T17:13:50Z,TWICE_Strategy,True,this song deserves success so keep streaming and listening more everyday,song deserv success keep stream listen everyday
Sz_wWzgh-vQ,"1 OVO
3 COLHERES DE SOPA DE AÇÚCAR
3 COLHERES DE SOPA DE CHOCOLATE EM PÓ
3 COLHERES DE SOPA DE ÓLEO
3 COLHERES DE SOPA DE LEITE
3 COLHERES DE SOPA DE FARINHA DE TRIGO
1/2 COLHER DE CAFÉ DE FERMENTO QUÍMICO EM PÓ

Cobertura:
1/2 XÍCARA DE CHÁ (XÍCARA 200 ML) DE LEITE
3 COLHERES DE SOPA DE AÇÚCAR
3 COLHERES DE SOPA DE CHOCOLATE EM PÓ
1/2 COLHER DE SOPA DE MARGARINA",2,2024-12-19T17:08:19Z,TWICE_Strategy,True,ovo colheres de sopa de acar colheres de sopa de chocolate em p colheres de sopa de leo colheres de sopa de leite colheres de sopa de farinha de trigo colher de caf de fermento qumico em p cobertura xcara de ch xcara ml de leite colheres de sopa de acar colheres de sopa de chocolate em p colher de sopa de margarina,ovo colher sopa acar colher sopa chocol colher sopa leo colher sopa leit colher sopa farinha trigo colher caf fermento qumico cobertura xcara xcara leit colher sopa acar colher sopa chocol colher sopa margarina
Sz_wWzgh-vQ,"Hey, boy, I'ma get ya
I'ma get you real good and I bet ya
Hey, boy, once I get ya
You'll be, oh, so glad that I met ya
Ow (TWICE)

Step one, do my highlight
Make me shine so bright in the moonlight
Step two, silhouette tight
Baby, even my shadow looks good, right?
Step three, when I arrive
Make you look my way with your heart eyes
Step four, got you on the floor
Make you say, ""More, more, more""

When I say, ""Hi...""
I'm feeling all your attention on me
Hi...
No reason to be so shy with me
I ain't gonna bite, come on over (No)
I know you wanna move a little closer (Yeah)
I got a plan to get you with me

I got you on my radar, soon you're gonna be with me
My strategy, strategy will get ya, get ya, baby
Winning is my trademark, soon you'll never wanna leave
My strategy, strategy will get ya, get ya, baby

Hey, boy, I'ma get ya
I'ma get you real good and I bet ya
Hey, boy, once I get ya
You'll be, oh, so glad that I met ya

When your cheeks go red (That's cute)
I wanna dance, you said (""Oh, cool"")
'Til I'm in your head (It's cruel)
And you can't forget
You're feeling things now, and you're confused
Watching my body getting loose
You don't know what you're gonna do
You're mine

When I say, ""Hi...""
I'm feeling all your attention on me
Hi...
No reason to be so shy with me
I ain't gonna bite, come on over (No)
I know you wanna move a little closer (Yeah)
I got a plan to get you with me

I got you on my radar, soon you're gonna be with me
My strategy, strategy will get ya, get ya, baby
Winning is my trademark, soon you'll never wanna leave
My strategy, strategy will get ya, get ya, baby
(real hot girl, shh)

Do you like that? (Huh?)
When I smack it and you watch it bounce it right back?
He really lost it when he saw me do the right, left (hmm)
I'm a man eater, you just a light snack (baow)
I got him pressed like he's workin' on his triceps (hmm)
I'ma flirt, I'ma tease, they be hurt after me
Told him: Baby, what's a player to the G-A-M-E?
Sand need to worry 'bout him bringin' me to the beach
Jealous? Who? Girl, please

Left, right, left, right, do it to the beat (do it to the beat)
Talk with my body, that's my strategy (baow, baow)
Other girls try, but I'm really hard to beat (I'm really hard to beat)
He'll be mine off my strategy (yeah, yeah)

Left, right, left, right, do it to the beat (do it to the beat)
Talk with my body, that's my strategy (baow, baow)
Other girls try, but I'm really hard to beat (yeah, I'm really hard to beat)
He'll be mine off my strategy (yeah, yeah)

My strategy, strategy
Like gravity, gravity
One look at me, look at me
I bet ya, bet ya, bet ya, boy
You'll be down on your knees
Calling me up, begging me, don't leave
My strategy, strategy
Will get ya, get ya, get ya, boy (Ah-oh!)

Hey, boy, I'ma get ya
I'ma get you real good and I bet ya (Real good and I bet ya)
Hey, boy, once I get ya
You'll be, oh, so glad that I met ya (Oh, so glad that I, ooh)
Hey, boy, I'ma get ya (Hey, boy, yeah)
I'ma get you real good and I bet ya (Good and I bet ya)
Hey, boy, once I get ya (Hey, boy)
You'll be, oh, so glad that I met ya (Oh, so glad that I met ya)

Hey, boy, I'ma get ya
I'ma get you real good and I bet ya",0,2024-12-19T17:05:48Z,TWICE_Strategy,True,hey boy ima get ya ima get you real good and i bet ya hey boy once i get ya youll be oh so glad that i met ya ow twice step one do my highlight make me shine so bright in the moonlight step two silhouette tight baby even my shadow looks good right step three when i arrive make you look my way with your heart eyes step four got you on the floor make you say more more more when i say hi im feeling all your attention on me hi no reason to be so shy with me i aint gonna bite come on over no i know you wanna move a little closer yeah i got a plan to get you with me i got you on my radar soon youre gonna be with me my strategy strategy will get ya get ya baby winning is my trademark soon youll never wanna leave my strategy strategy will get ya get ya baby hey boy ima get ya ima get you real good and i bet ya hey boy once i get ya youll be oh so glad that i met ya when your cheeks go red thats cute i wanna dance you said oh cool til im in your head its cruel and you cant forget youre feeling things now and youre confused watching my body getting loose you dont know what youre gonna do youre mine when i say hi im feeling all your attention on me hi no reason to be so shy with me i aint gonna bite come on over no i know you wanna move a little closer yeah i got a plan to get you with me i got you on my radar soon youre gonna be with me my strategy strategy will get ya get ya baby winning is my trademark soon youll never wanna leave my strategy strategy will get ya get ya baby real hot girl shh do you like that huh when i smack it and you watch it bounce it right back he really lost it when he saw me do the right left hmm im a man eater you just a light snack baow i got him pressed like hes workin on his triceps hmm ima flirt ima tease they be hurt after me told him baby whats a player to the game sand need to worry bout him bringin me to the beach jealous who girl please left right left right do it to the beat do it to the beat talk with my body thats my strategy baow baow other girls try but im really hard to beat im really hard to beat hell be mine off my strategy yeah yeah left right left right do it to the beat do it to the beat talk with my body thats my strategy baow baow other girls try but im really hard to beat yeah im really hard to beat hell be mine off my strategy yeah yeah my strategy strategy like gravity gravity one look at me look at me i bet ya bet ya bet ya boy youll be down on your knees calling me up begging me dont leave my strategy strategy will get ya get ya get ya boy ahoh hey boy ima get ya ima get you real good and i bet ya real good and i bet ya hey boy once i get ya youll be oh so glad that i met ya oh so glad that i ooh hey boy ima get ya hey boy yeah ima get you real good and i bet ya good and i bet ya hey boy once i get ya hey boy youll be oh so glad that i met ya oh so glad that i met ya hey boy ima get ya ima get you real good and i bet ya,hey boy ima get ima get real good bet hey boy get youll glad met twice step one highlight make shine bright moonlight step two silhouett tight babi even shadow look good right step three arriv make look way heart eye step four got floor make say say feel attent reason shi aint gon bite come know wan move littl closer yeah got plan get got radar soon your gon strategi strategi get get babi win trademark soon youll never wan leav strategi strategi get get babi hey boy ima get ima get real good bet hey boy get youll glad met cheek red that cute wan danc said cool til head cruel cant forget your feel thing your confus watch bodi get loos dont know your gon your mine say feel attent reason shi aint gon bite come know wan move littl closer yeah got plan get got radar soon your gon strategi strategi get get babi win trademark soon youll never wan leav strategi strategi get get babi real hot girl shh like huh smack watch bounc right back realli lost saw right left hmm man eater light snack baow got press like he workin tricep hmm ima flirt ima teas hurt told babi what player game sand need worri bout bringin beach jealou girl pleas left right left right beat beat talk bodi that strategi baow baow girl tri realli hard beat realli hard beat hell mine strategi yeah yeah left right left right beat beat talk bodi that strategi baow baow girl tri realli hard beat yeah realli hard beat hell mine strategi yeah yeah strategi strategi like graviti graviti one look look bet bet bet boy youll knee call beg dont leav strategi strategi get get get boy ahoh hey boy ima get ima get real good bet real good bet hey boy get youll glad met glad ooh hey boy ima get hey boy yeah ima get real good bet good bet hey boy get hey boy youll glad met glad met hey boy ima get ima get real good bet
Sz_wWzgh-vQ,"Omg i love this song! Love it, One in a millón!!  We need more song like this One Twice❤",0,2024-12-19T17:03:08Z,TWICE_Strategy,True,omg i love this song love it one in a milln we need more song like this one twice,omg love song love one milln need song like one twice
Sz_wWzgh-vQ,"Twice, what kind of song is this, I fell in love with it, it's perfect",2,2024-12-19T16:56:32Z,TWICE_Strategy,True,twice what kind of song is this i fell in love with it its perfect,twice kind song fell love perfect
Sz_wWzgh-vQ,I'm back because this is a masterpiece,2,2024-12-19T16:51:05Z,TWICE_Strategy,True,im back because this is a masterpiece,back masterpiec
Sz_wWzgh-vQ,So talented Queens,2,2024-12-19T16:47:51Z,TWICE_Strategy,True,so talented queens,talent queen
Sz_wWzgh-vQ,They're so stunning,1,2024-12-19T16:47:41Z,TWICE_Strategy,True,theyre so stunning,theyr stun
Sz_wWzgh-vQ,So beautiful,1,2024-12-19T16:47:29Z,TWICE_Strategy,True,so beautiful,beauti
Sz_wWzgh-vQ,No one’s listening,0,2024-12-19T16:45:37Z,TWICE_Strategy,True,no ones listening,one listen
Sz_wWzgh-vQ,Just disband lol 😂😂,0,2024-12-19T16:45:31Z,TWICE_Strategy,True,just disband lol,disband lol
Sz_wWzgh-vQ,this is so goodd,0,2024-12-19T16:44:02Z,TWICE_Strategy,True,this is so goodd,goodd
Sz_wWzgh-vQ,do my highlight,0,2024-12-19T16:43:55Z,TWICE_Strategy,True,do my highlight,highlight
Sz_wWzgh-vQ,Silhouette tight,0,2024-12-19T16:43:39Z,TWICE_Strategy,True,silhouette tight,silhouett tight
Sz_wWzgh-vQ,Got a plan to get you with me,0,2024-12-19T16:43:20Z,TWICE_Strategy,True,got a plan to get you with me,got plan get
Sz_wWzgh-vQ,make this 30M before year ends..,1,2024-12-19T16:40:17Z,TWICE_Strategy,True,make this m before year ends,make year end
Sz_wWzgh-vQ,Genuinely obsessed with this song,0,2024-12-19T16:31:09Z,TWICE_Strategy,True,genuinely obsessed with this song,genuin obsess song
Sz_wWzgh-vQ,"""You'll be down on your knees 
Calling me up begging me don't leave ""
Im already on my knees 😭💗",2,2024-12-19T16:12:51Z,TWICE_Strategy,True,youll be down on your knees calling me up begging me dont leave im already on my knees,youll knee call beg dont leav alreadi knee
Sz_wWzgh-vQ,Ah this song is so good. I love everything about it!,1,2024-12-19T16:03:05Z,TWICE_Strategy,True,ah this song is so good i love everything about it,song good love everyth
Sz_wWzgh-vQ,"The song is very good, I'd listen to it every time I went, I love them twice",3,2024-12-19T15:51:51Z,TWICE_Strategy,True,the song is very good id listen to it every time i went i love them twice,song good listen everi time went love twice
Sz_wWzgh-vQ,guys stream what are we doinnn,3,2024-12-19T15:51:35Z,TWICE_Strategy,True,guys stream what are we doinnn,guy stream doinnn
Sz_wWzgh-vQ,The visuals are serving,5,2024-12-19T15:47:44Z,TWICE_Strategy,True,the visuals are serving,visual serv
Sz_wWzgh-vQ,Hey boy,0,2024-12-19T15:40:41Z,TWICE_Strategy,True,hey boy,hey boy
Sz_wWzgh-vQ,"STREAM ONCE, STREAM!!!!",2,2024-12-19T15:40:36Z,TWICE_Strategy,True,stream once stream,stream stream
Sz_wWzgh-vQ,Stream💘,1,2024-12-19T15:39:32Z,TWICE_Strategy,True,stream,stream
Sz_wWzgh-vQ,"TWICE deserves more than 20M, But once don't help.",7,2024-12-19T15:06:16Z,TWICE_Strategy,True,twice deserves more than m but once dont help,twice deserv dont help
Sz_wWzgh-vQ,I can feel to 4eve vibe from their song,0,2024-12-19T15:03:33Z,TWICE_Strategy,True,i can feel to eve vibe from their song,feel eve vibe song
Sz_wWzgh-vQ,Welcome 20M,7,2024-12-19T14:57:31Z,TWICE_Strategy,True,welcome m,welcom
Sz_wWzgh-vQ,Guys I'm in love with TWICE,3,2024-12-19T14:43:42Z,TWICE_Strategy,True,guys im in love with twice,guy love twice
Sz_wWzgh-vQ,Hey TWICE imma getcha,2,2024-12-19T14:43:27Z,TWICE_Strategy,True,hey twice imma getcha,hey twice imma getcha
Sz_wWzgh-vQ,Always perfect song from Twice baby,4,2024-12-19T14:27:14Z,TWICE_Strategy,True,always perfect song from twice baby,alway perfect song twice babi
Sz_wWzgh-vQ,This was their best comeback! I love it so much,7,2024-12-19T14:17:47Z,TWICE_Strategy,True,this was their best comeback i love it so much,best comeback love much
Sz_wWzgh-vQ,"""I ain't gonna bite come on over"" lied cuz they ate.",5,2024-12-19T14:12:49Z,TWICE_Strategy,True,i aint gonna bite come on over lied cuz they ate,aint gon bite come lie cuz ate
Sz_wWzgh-vQ,30m this week,5,2024-12-19T14:06:33Z,TWICE_Strategy,True,m this week,week
Sz_wWzgh-vQ,Streams oncee,4,2024-12-19T14:06:03Z,TWICE_Strategy,True,streams oncee,stream once
Sz_wWzgh-vQ,Let's gooo once,3,2024-12-19T14:04:42Z,TWICE_Strategy,True,lets gooo once,let gooo
Sz_wWzgh-vQ,this song is sooo cvnty,5,2024-12-19T14:04:04Z,TWICE_Strategy,True,this song is sooo cvnty,song sooo cvnti
Sz_wWzgh-vQ,Streams strategy please and álbum spotify,3,2024-12-19T14:03:40Z,TWICE_Strategy,True,streams strategy please and lbum spotify,stream strategi pleas lbum spotifi
Sz_wWzgh-vQ,Perfect,4,2024-12-19T13:57:10Z,TWICE_Strategy,True,perfect,perfect
Sz_wWzgh-vQ,when i say hi,1,2024-12-19T13:56:07Z,TWICE_Strategy,True,when i say hi,say
Sz_wWzgh-vQ,i loooove the whole album!,5,2024-12-19T13:55:45Z,TWICE_Strategy,True,i loooove the whole album,loooov whole album
Sz_wWzgh-vQ,"People keep saying they like this ""comeback"". To me Twice never had a comeback, cause they never left. They've been here for 10 years and are STILL going.",8,2024-12-19T13:55:15Z,TWICE_Strategy,True,people keep saying they like this comeback to me twice never had a comeback cause they never left theyve been here for years and are still going,peopl keep say like comeback twice never comeback caus never left theyv year still go
Sz_wWzgh-vQ,"TWICE's ""Strategy (Feat. Megan Thee Stallion)"" debuted at #48 on this week's Billboard Global 200 chart.

It debuted at #35 on the Excl. US chart",16,2024-12-19T13:53:54Z,TWICE_Strategy,True,twices strategy feat megan thee stallion debuted at on this weeks billboard global chart it debuted at on the excl us chart,twice strategi feat megan thee stallion debut week billboard global chart debut excl chart
Sz_wWzgh-vQ,keep streaming onces!!,3,2024-12-19T13:47:59Z,TWICE_Strategy,True,keep streaming onces,keep stream onc
Sz_wWzgh-vQ,"STRATEGY by Twice has surpassed 900,000 copies sold on Circle Chart",12,2024-12-19T13:43:53Z,TWICE_Strategy,True,strategy by twice has surpassed copies sold on circle chart,strategi twice surpass copi sold circl chart
Sz_wWzgh-vQ,20M/233k! We can do more!!!! Keep going and streaming everyone 📈,5,2024-12-19T13:43:51Z,TWICE_Strategy,True,mk we can do more keep going and streaming everyone,keep go stream everyon
Sz_wWzgh-vQ,Love you Twice,2,2024-12-19T13:42:56Z,TWICE_Strategy,True,love you twice,love twice
Sz_wWzgh-vQ,Here again to support my girls ❤️‍🔥❤️‍🔥❤️‍🔥,2,2024-12-19T13:41:46Z,TWICE_Strategy,True,here again to support my girls,support girl
Sz_wWzgh-vQ,My strategy strategy will getcha getcha baby!,1,2024-12-19T13:40:54Z,TWICE_Strategy,True,my strategy strategy will getcha getcha baby,strategi strategi getcha getcha babi
Sz_wWzgh-vQ,Y'all... I didn't realize the cc was turned on and thought I was having a stroke (context: currently learning Korean but I am fluent in English even though it's not my native language) belatedly registering that it's an English track.,2,2024-12-19T13:33:16Z,TWICE_Strategy,True,yall i didnt realize the cc was turned on and thought i was having a stroke context currently learning korean but i am fluent in english even though its not my native language belatedly registering that its an english track,yall didnt realiz turn thought stroke context current learn korean fluent english even though nativ languag belatedli regist english track
Sz_wWzgh-vQ,Strategy iconic song,3,2024-12-19T13:31:45Z,TWICE_Strategy,True,strategy iconic song,strategi icon song
Sz_wWzgh-vQ,Yess i love this song,2,2024-12-19T13:26:25Z,TWICE_Strategy,True,yess i love this song,yess love song
Sz_wWzgh-vQ,Twice strategy,2,2024-12-19T13:24:23Z,TWICE_Strategy,True,twice strategy,twice strategi
Sz_wWzgh-vQ,Every time someone like my comment i'll watch it again,44,2024-12-19T13:22:55Z,TWICE_Strategy,True,every time someone like my comment ill watch it again,everi time someon like comment ill watch
Sz_wWzgh-vQ,"100M Views
1M Likes
1M Comments!!",4,2024-12-19T13:19:37Z,TWICE_Strategy,True,m views m likes m comments,view like comment
Sz_wWzgh-vQ,"100M Views
1M Likes
1M Comments!!",3,2024-12-19T13:19:30Z,TWICE_Strategy,True,m views m likes m comments,view like comment
Sz_wWzgh-vQ,"100M Views
1M Likes
1M Comments!!",0,2024-12-19T13:19:16Z,TWICE_Strategy,True,m views m likes m comments,view like comment
Sz_wWzgh-vQ,"100M Views
1M Likes
1M Comments!!",0,2024-12-19T13:19:11Z,TWICE_Strategy,True,m views m likes m comments,view like comment
Sz_wWzgh-vQ,"100M Views
1M Likes
1M Comments!!",0,2024-12-19T13:19:07Z,TWICE_Strategy,True,m views m likes m comments,view like comment
Sz_wWzgh-vQ,Are you ready for the coming TWICE WORLD TOUR? Which cities do you think they’ll visit?,5,2024-12-19T13:15:05Z,TWICE_Strategy,True,are you ready for the coming twice world tour which cities do you think theyll visit,readi come twice world tour citi think theyll visit
Sz_wWzgh-vQ,Let's once broadcast even more,4,2024-12-19T13:06:24Z,TWICE_Strategy,True,lets once broadcast even more,let broadcast even
Sz_wWzgh-vQ,STREAM TWICE,8,2024-12-19T13:02:02Z,TWICE_Strategy,True,stream twice,stream twice
Sz_wWzgh-vQ,"Onces, we need to win pre-voting for Music Bank on 27th Dec! We have a chance if we win pre-voting for the second trophy! Pre-voting starts next week (maybe)!! Go Onces!!",15,2024-12-19T12:56:24Z,TWICE_Strategy,True,onces we need to win prevoting for music bank on th dec we have a chance if we win prevoting for the second trophy prevoting starts next week maybe go onces,onc need win prevot music bank dec chanc win prevot second trophi prevot start next week mayb onc
Sz_wWzgh-vQ,LETS GO 30M BEFORE THIRD WEEK!,3,2024-12-19T12:23:40Z,TWICE_Strategy,True,lets go m before third week,let third week
Sz_wWzgh-vQ,20M LETS REACH TO 30M!!! LETS GOO ONCEUUUU!!,25,2024-12-19T12:21:25Z,TWICE_Strategy,True,m lets reach to m lets goo onceuuuu,let reach let goo onceuuuu
Sz_wWzgh-vQ,"Listening to this the 1st time since I kind of didn't like one spark. ( I LOVE TWICE WITH ALL MY HEART.) It's really good. I love it The fact Megan is in there was CRAZY I don't know what else to say but Actually yes i do. The visuals, vocals, concept is really nice I really like it. Thank you Twice and Red Velvet ( special mentioned cause why not? ) for ending our 2024 with the best songs ever. <3",6,2024-12-19T12:10:52Z,TWICE_Strategy,True,listening to this the st time since i kind of didnt like one spark i love twice with all my heart its really good i love it the fact megan is in there was crazy i dont know what else to say but actually yes i do the visuals vocals concept is really nice i really like it thank you twice and red velvet special mentioned cause why not for ending our with the best songs ever,listen time sinc kind didnt like one spark love twice heart realli good love fact megan crazi dont know els say actual ye visual vocal concept realli nice realli like thank twice red velvet special mention caus end best song ever
Sz_wWzgh-vQ,Lovely TWICE :-),2,2024-12-19T12:07:18Z,TWICE_Strategy,True,lovely twice,love twice
Sz_wWzgh-vQ,3:10 I wish Meagan was in this partttt it would’ve been even better!!,1,2024-12-19T12:01:38Z,TWICE_Strategy,True,i wish meagan was in this partttt it wouldve been even better,wish meagan partttt wouldv even better
Sz_wWzgh-vQ,Is Strategy-trategy is a Korean version? They got speak Korea?,1,2024-12-19T12:00:04Z,TWICE_Strategy,True,is strategytrategy is a korean version they got speak korea,strategytrategi korean version got speak korea
Sz_wWzgh-vQ,Love this song ❤,7,2024-12-19T11:41:23Z,TWICE_Strategy,True,love this song,love song
Sz_wWzgh-vQ,This song enter top #3 in my playlist,3,2024-12-19T11:07:51Z,TWICE_Strategy,True,this song enter top in my playlist,song enter top playlist
Sz_wWzgh-vQ,this masterpiece keeps repeating on my head 24/7 even tho I'm in the middle of having an important exam,6,2024-12-19T11:03:39Z,TWICE_Strategy,True,this masterpiece keeps repeating on my head even tho im in the middle of having an important exam,masterpiec keep repeat head even tho middl import exam
Sz_wWzgh-vQ,The daily views is better than One Spark now.,8,2024-12-19T11:03:22Z,TWICE_Strategy,True,the daily views is better than one spark now,daili view better one spark
Sz_wWzgh-vQ,TWICE is the Most Active K-pop Girl Group in 9 years and their song always so good,82,2024-12-19T11:02:26Z,TWICE_Strategy,True,twice is the most active kpop girl group in years and their song always so good,twice activ kpop girl group year song alway good
Sz_wWzgh-vQ,stream strategy onces!!!!,6,2024-12-19T11:01:52Z,TWICE_Strategy,True,stream strategy onces,stream strategi onc
Sz_wWzgh-vQ,This masterpiece really live in my brain for free,2,2024-12-19T11:00:56Z,TWICE_Strategy,True,this masterpiece really live in my brain for free,masterpiec realli live brain free
Sz_wWzgh-vQ,"reminder: pls do not use caps lock when you're commenting, it freezes the views 🗣️🗣️🗣️",1,2024-12-19T11:00:11Z,TWICE_Strategy,True,reminder pls do not use caps lock when youre commenting it freezes the views,remind pl use cap lock your comment freez view
Sz_wWzgh-vQ,any Mina stans here??? 🙋‍♀️🙋‍♀️🙋‍♀️,3,2024-12-19T10:56:35Z,TWICE_Strategy,True,any mina stans here,mina stan
Sz_wWzgh-vQ,"let's keep streaming ONCES, let's appreciate all the girls efforts for this just to deliver this masterpiece to us",0,2024-12-19T10:56:04Z,TWICE_Strategy,True,lets keep streaming onces lets appreciate all the girls efforts for this just to deliver this masterpiece to us,let keep stream onc let appreci girl effort deliv masterpiec
Sz_wWzgh-vQ,can we reach 30 million before new year? let's give this to the girls as a gift Onces!!!,8,2024-12-19T10:52:20Z,TWICE_Strategy,True,can we reach million before new year lets give this to the girls as a gift onces,reach million new year let give girl gift onc
Sz_wWzgh-vQ,Before 14 days 22million and stream for mama award 😢😊😊❤🎉❤,3,2024-12-19T10:50:14Z,TWICE_Strategy,True,before days million and stream for mama award,day million stream mama award
Sz_wWzgh-vQ,Party O'clock chorus?,0,2024-12-19T10:49:14Z,TWICE_Strategy,True,party oclock chorus,parti oclock choru
Sz_wWzgh-vQ,Stream 1 month in 80million atleast❤❤🎉 plzzz😢😊❤❤🎉,4,2024-12-19T10:46:30Z,TWICE_Strategy,True,stream month in million atleast plzzz,stream month million atleast plzzz
Sz_wWzgh-vQ,"Let's go 30M before 2025!!!
We can do it ONCEEE!!!!",5,2024-12-19T10:46:15Z,TWICE_Strategy,True,lets go m before we can do it onceee,let oncee
Sz_wWzgh-vQ,Pretty sad that the world wasn't happy with a cute clean group but had to add crass Megan thee Stallion.,1,2024-12-19T10:33:25Z,TWICE_Strategy,True,pretty sad that the world wasnt happy with a cute clean group but had to add crass megan thee stallion,pretti sad world wasnt happi cute clean group add crass megan thee stallion
Sz_wWzgh-vQ,Best video of the year,4,2024-12-19T10:16:33Z,TWICE_Strategy,True,best video of the year,best video year
Sz_wWzgh-vQ,Pretty girls!!,0,2024-12-19T10:16:19Z,TWICE_Strategy,True,pretty girls,pretti girl
Sz_wWzgh-vQ,I can't stop singing this song my mom also like it (cryy),2,2024-12-19T10:00:50Z,TWICE_Strategy,True,i cant stop singing this song my mom also like it cryy,cant stop sing song mom also like cryy
Sz_wWzgh-vQ,I love how Nayeon ends One Spark and Strategy,2,2024-12-19T09:48:02Z,TWICE_Strategy,True,i love how nayeon ends one spark and strategy,love nayeon end one spark strategi
Sz_wWzgh-vQ,Winning is my trademark soon you'll never wanna leavr,0,2024-12-19T09:46:37Z,TWICE_Strategy,True,winning is my trademark soon youll never wanna leavr,win trademark soon youll never wan leavr
Sz_wWzgh-vQ,"Congratulations TWICE, you've done well in promoting Strategy. Our hard working queens!!",6,2024-12-19T09:46:16Z,TWICE_Strategy,True,congratulations twice youve done well in promoting strategy our hard working queens,congratul twice youv done well promot strategi hard work queen
Sz_wWzgh-vQ,Real hot girl shhhh,0,2024-12-19T09:45:33Z,TWICE_Strategy,True,real hot girl shhhh,real hot girl shhhh
Sz_wWzgh-vQ,Str3am Onceus,2,2024-12-19T09:44:24Z,TWICE_Strategy,True,stram onceus,stram onceu
Sz_wWzgh-vQ,Hey boy!,2,2024-12-19T09:43:58Z,TWICE_Strategy,True,hey boy,hey boy
Sz_wWzgh-vQ,Were is the streaming ??,2,2024-12-19T09:43:16Z,TWICE_Strategy,True,were is the streaming,stream
Sz_wWzgh-vQ,ONCE STR34M HARDER!!,3,2024-12-19T09:37:40Z,TWICE_Strategy,True,once strm harder,strm harder
Sz_wWzgh-vQ,So Goood!!! that's freaking awesome!!!! 👍😎❤,0,2024-12-19T09:25:30Z,TWICE_Strategy,True,so goood thats freaking awesome,goood that freak awesom
Sz_wWzgh-vQ,THIS IS A BANGERR,2,2024-12-19T09:19:03Z,TWICE_Strategy,True,this is a bangerr,bangerr
Sz_wWzgh-vQ,20M welcome!!!♡,2,2024-12-19T09:13:30Z,TWICE_Strategy,True,m welcome,welcom
Sz_wWzgh-vQ,HEY BOY I'MA GET YA,2,2024-12-19T09:02:09Z,TWICE_Strategy,True,hey boy ima get ya,hey boy ima get
Sz_wWzgh-vQ,",welcome 20M🎉",3,2024-12-19T09:01:33Z,TWICE_Strategy,True,welcome m,welcom
Sz_wWzgh-vQ,"keep using the song everywhere! tiktok, x, fb, ig, yt!!!!",6,2024-12-19T08:57:51Z,TWICE_Strategy,True,keep using the song everywhere tiktok x fb ig yt,keep use song everywher tiktok
Sz_wWzgh-vQ,comment “eyyy” if ur still streaming,4,2024-12-19T08:55:18Z,TWICE_Strategy,True,comment eyyy if ur still streaming,comment eyyy still stream
Sz_wWzgh-vQ,Hey boy〜,3,2024-12-19T08:54:27Z,TWICE_Strategy,True,hey boy,hey boy
Sz_wWzgh-vQ,Midzy here thank you once for supporting gold by itzy,7,2024-12-19T08:33:29Z,TWICE_Strategy,True,midzy here thank you once for supporting gold by itzy,midzi thank support gold itzi
Sz_wWzgh-vQ,I still want a long journey with TWICE who else?,12,2024-12-19T08:32:21Z,TWICE_Strategy,True,i still want a long journey with twice who else,still want long journey twice els
Sz_wWzgh-vQ,"Hey, boy, I'ma getcha
I'ma getcha real good and I betcha
(It's Megan Thee Stallion)
Hey, boy, once I getcha
You'll be, oh, so glad that I metcha
(And TWICE)

Ah-oh!

 
Step 1
Do my highlight
Make me shine so bright
In the moonlight

Step 2
Silhouette tight
Baby, even my shadow
Looks good, right?

Step 3
When I arrive
Make you look my way
With your heart eyes

Step 4
Got you on the floor
Make you say
More, more, more

When I say hi
I'm feeling all your attention on me
Hi, no reason to be so shy with me

I ain't gonna bite, comе on over (No)
I know you wanna move a little closеr (Yeah)

I got a plan to get you with me (Ah)


I got you on my radar
Soon you're gonna be with me
My strategy, strategy
Will getcha, getcha, baby

Winning is my trademark
Soon you'll never wanna leave
My strategy, strategy
Will getcha, getcha, baby


Hey, boy, I'ma getcha
I'ma getcha real good and I betcha
Hey, boy, once I getcha
You'll be, oh, so glad that I metcha


When your cheeks go red (That's cute)
I wanna dance, you said (Oh, cool)
'Til I'm in your head (It's cruel)
And you can't forget

You're feeling things now
And you're confused
Watching my body getting loose
You don't know what you're gonna do
You're mine

When I say hi
I'm feeling all your attention on me
Hi, no reason to be so shy with me

I ain't gonna bite, come on over (No)
I know you wanna move a little closer (Yeah)

I got a plan to get you with me (Ah)


I got you on my radar
Soon you're gonna be with me
My strategy, strategy
Will getcha, getcha, baby

Winning is my trademark
Soon you'll never wanna leave
My strategy, strategy
Will getcha, getcha, baby



Real hot girl sheeee

Do you like that?
When I smack it and 
You watch it bounce it right back?
He really lost it
When he saw me do the right, left

I'ma man eater
You just a light snack
I got him pressed like
He's workin' on his triceps

I'ma flirt, I'ma tease
Baby hurt after me
Tell'em baby
What's a player to the GAME

Sayin' need the word by him
Bringing me to the beach
Jealous? Who?
Girl, please

Left, right, left, right
Do it to the beat
Talk with my body
That's my strategy

Other girls tryin'
But I'm really hard to beat
He'll be mine off my strategy

Left, right, left, right
Do it to the beat
Talk with my body
That's my strategy

Other girls tryin'
But I'm really hard to beat
He'll be mine off my strategy



My strategy, strategy
Like gravity, gravity
One look at me, look at me
I betcha, betcha, betcha, boy

You'll be down on your knees
Calling me up begging me don't leave
My strategy, strategy
Will getcha, getcha, getcha, boy

(Ah-oh!)

 
Hey, boy, I'ma getcha
I'ma getcha real good and I betcha
Hey, boy, once I getcha
You'll be, oh, so glad that I metcha

Hey, boy, I'ma getcha
I'ma getcha real good and I betcha
Hey, boy, once I getcha
You'll be, oh, so glad that I metcha


Hey, boy, I'ma getcha
I'ma getcha real good and I betcha",4,2024-12-19T08:22:40Z,TWICE_Strategy,True,hey boy ima getcha ima getcha real good and i betcha its megan thee stallion hey boy once i getcha youll be oh so glad that i metcha and twice ahoh step do my highlight make me shine so bright in the moonlight step silhouette tight baby even my shadow looks good right step when i arrive make you look my way with your heart eyes step got you on the floor make you say more more more when i say hi im feeling all your attention on me hi no reason to be so shy with me i aint gonna bite com on over no i know you wanna move a little closr yeah i got a plan to get you with me ah i got you on my radar soon youre gonna be with me my strategy strategy will getcha getcha baby winning is my trademark soon youll never wanna leave my strategy strategy will getcha getcha baby hey boy ima getcha ima getcha real good and i betcha hey boy once i getcha youll be oh so glad that i metcha when your cheeks go red thats cute i wanna dance you said oh cool til im in your head its cruel and you cant forget youre feeling things now and youre confused watching my body getting loose you dont know what youre gonna do youre mine when i say hi im feeling all your attention on me hi no reason to be so shy with me i aint gonna bite come on over no i know you wanna move a little closer yeah i got a plan to get you with me ah i got you on my radar soon youre gonna be with me my strategy strategy will getcha getcha baby winning is my trademark soon youll never wanna leave my strategy strategy will getcha getcha baby real hot girl sheeee do you like that when i smack it and you watch it bounce it right back he really lost it when he saw me do the right left ima man eater you just a light snack i got him pressed like hes workin on his triceps ima flirt ima tease baby hurt after me tellem baby whats a player to the game sayin need the word by him bringing me to the beach jealous who girl please left right left right do it to the beat talk with my body thats my strategy other girls tryin but im really hard to beat hell be mine off my strategy left right left right do it to the beat talk with my body thats my strategy other girls tryin but im really hard to beat hell be mine off my strategy my strategy strategy like gravity gravity one look at me look at me i betcha betcha betcha boy youll be down on your knees calling me up begging me dont leave my strategy strategy will getcha getcha getcha boy ahoh hey boy ima getcha ima getcha real good and i betcha hey boy once i getcha youll be oh so glad that i metcha hey boy ima getcha ima getcha real good and i betcha hey boy once i getcha youll be oh so glad that i metcha hey boy ima getcha ima getcha real good and i betcha,hey boy ima getcha ima getcha real good betcha megan thee stallion hey boy getcha youll glad metcha twice ahoh step highlight make shine bright moonlight step silhouett tight babi even shadow look good right step arriv make look way heart eye step got floor make say say feel attent reason shi aint gon bite com know wan move littl closr yeah got plan get got radar soon your gon strategi strategi getcha getcha babi win trademark soon youll never wan leav strategi strategi getcha getcha babi hey boy ima getcha ima getcha real good betcha hey boy getcha youll glad metcha cheek red that cute wan danc said cool til head cruel cant forget your feel thing your confus watch bodi get loos dont know your gon your mine say feel attent reason shi aint gon bite come know wan move littl closer yeah got plan get got radar soon your gon strategi strategi getcha getcha babi win trademark soon youll never wan leav strategi strategi getcha getcha babi real hot girl sheeee like smack watch bounc right back realli lost saw right left ima man eater light snack got press like he workin tricep ima flirt ima teas babi hurt tellem babi what player game sayin need word bring beach jealou girl pleas left right left right beat talk bodi that strategi girl tryin realli hard beat hell mine strategi left right left right beat talk bodi that strategi girl tryin realli hard beat hell mine strategi strategi strategi like graviti graviti one look look betcha betcha betcha boy youll knee call beg dont leav strategi strategi getcha getcha getcha boy ahoh hey boy ima getcha ima getcha real good betcha hey boy getcha youll glad metcha hey boy ima getcha ima getcha real good betcha hey boy getcha youll glad metcha hey boy ima getcha ima getcha real good betcha
Sz_wWzgh-vQ,The LEGENDS,3,2024-12-19T08:14:22Z,TWICE_Strategy,True,the legends,legend
Sz_wWzgh-vQ,Lovely girls,3,2024-12-19T08:12:54Z,TWICE_Strategy,True,lovely girls,love girl
B1qq8IvzSz4,Its been 13 days since it released time fly so fast😢,3,2024-11-24T23:47:23Z,NCTDREAM_WhenImWithYou,True,its been days since it released time fly so fast,day sinc releas time fli fast
B1qq8IvzSz4,Day and night with you,3,2024-11-24T23:10:37Z,NCTDREAM_WhenImWithYou,True,day and night with you,day night
B1qq8IvzSz4,When I’m with dream 🥰🩵🩵🩵🩵,3,2024-11-24T22:39:11Z,NCTDREAM_WhenImWithYou,True,when im with dream,dream
B1qq8IvzSz4,"Everything about this song is beautiful, thank you nct dream for always giving us masterpieces",14,2024-11-24T22:30:18Z,NCTDREAM_WhenImWithYou,True,everything about this song is beautiful thank you nct dream for always giving us masterpieces,everyth song beauti thank nct dream alway give masterpiec
B1qq8IvzSz4,Thankyou for being 7 and sing this beautiful song!!!!!! Thankyou for always happy and healthy dreamies you guys really human medicine ❤❤❤❤❤❤❤❤❤❤❤🎉🎉🎉🎉🎉 wishing this album successfully and i will wait 7dreamies in TDS4 Concert in jakarta!! I wish i have a chance to meet 7dreamies again!!,3,2024-11-24T15:49:45Z,NCTDREAM_WhenImWithYou,True,thankyou for being and sing this beautiful song thankyou for always happy and healthy dreamies you guys really human medicine wishing this album successfully and i will wait dreamies in tds concert in jakarta i wish i have a chance to meet dreamies again,thankyou sing beauti song thankyou alway happi healthi dreami guy realli human medicin wish album success wait dreami td concert jakarta wish chanc meet dreami
B1qq8IvzSz4,OYY AYUKKK STREAM PLIS,2,2024-11-24T15:37:13Z,NCTDREAM_WhenImWithYou,True,oyy ayukkk stream plis,oyi ayukkk stream pli
B1qq8IvzSz4,NCT DREAM is the best,5,2024-11-24T15:35:51Z,NCTDREAM_WhenImWithYou,True,nct dream is the best,nct dream best
B1qq8IvzSz4,Congrasttt❤🎉,1,2024-11-24T14:37:01Z,NCTDREAM_WhenImWithYou,True,congrasttt,congrasttt
B1qq8IvzSz4,Sugohesso,1,2024-11-24T14:34:41Z,NCTDREAM_WhenImWithYou,True,sugohesso,sugohesso
B1qq8IvzSz4,Kecanduan when im with you,5,2024-11-24T14:13:01Z,NCTDREAM_WhenImWithYou,True,kecanduan when im with you,kecanduan
B1qq8IvzSz4,likes are increasing as well<33,1,2024-11-24T14:03:41Z,NCTDREAM_WhenImWithYou,True,likes are increasing as well,like increas well
B1qq8IvzSz4,Fighting for 11M ~~✓,2,2024-11-24T13:33:08Z,NCTDREAM_WhenImWithYou,True,fighting for m,fight
B1qq8IvzSz4,"Coming from Nopogy 😅 just had time to stay on the internet. Well i agree with Shownu, its catchy indeed.",2,2024-11-24T13:29:04Z,NCTDREAM_WhenImWithYou,True,coming from nopogy just had time to stay on the internet well i agree with shownu its catchy indeed,come nopogi time stay internet well agre shownu catchi inde
B1qq8IvzSz4,Come on guys,1,2024-11-24T13:20:56Z,NCTDREAM_WhenImWithYou,True,come on guys,come guy
B1qq8IvzSz4,Don't forget to listen to the song on all music platforms,4,2024-11-24T12:15:40Z,NCTDREAM_WhenImWithYou,True,dont forget to listen to the song on all music platforms,dont forget listen song music platform
B1qq8IvzSz4,"always listen to this song wherever... let's watch and listen to this MV often, we can definitely give a lot of wins to 7dream as long as we stay consistent",17,2024-11-24T12:14:42Z,NCTDREAM_WhenImWithYou,True,always listen to this song wherever lets watch and listen to this mv often we can definitely give a lot of wins to dream as long as we stay consistent,alway listen song wherev let watch listen often definit give lot win dream long stay consist
B1qq8IvzSz4,dont forget to vote dream on allchart pre voting guys,7,2024-11-24T11:43:10Z,NCTDREAM_WhenImWithYou,True,dont forget to vote dream on allchart pre voting guys,dont forget vote dream allchart pre vote guy
B1qq8IvzSz4,"Let's be consistent str3ming again, 11M let's go guys fighting",5,2024-11-24T11:36:33Z,NCTDREAM_WhenImWithYou,True,lets be consistent strming again m lets go guys fighting,let consist strming let guy fight
B1qq8IvzSz4,"I just met them and I already loved them, I loved the songs, they're great, I'm from Brazil, they've gone far",6,2024-11-24T11:23:17Z,NCTDREAM_WhenImWithYou,True,i just met them and i already loved them i loved the songs theyre great im from brazil theyve gone far,met alreadi love love song theyr great brazil theyv gone far
B1qq8IvzSz4,Still here for Dreamies,3,2024-11-24T10:06:42Z,NCTDREAM_WhenImWithYou,True,still here for dreamies,still dreami
B1qq8IvzSz4,fighting. everyone!!,3,2024-11-24T09:18:09Z,NCTDREAM_WhenImWithYou,True,fighting everyone,fight everyon
B1qq8IvzSz4,Sad :( but its okay,5,2024-11-24T09:15:54Z,NCTDREAM_WhenImWithYou,True,sad but its okay,sad okay
B1qq8IvzSz4,Keep streaming guys for 7 dreams..,10,2024-11-24T08:58:21Z,NCTDREAM_WhenImWithYou,True,keep streaming guys for dreams,keep stream guy dream
B1qq8IvzSz4,"Sedih ,, Mian dreams ..",1,2024-11-24T06:59:12Z,NCTDREAM_WhenImWithYou,True,sedih mian dreams,sedih mian dream
B1qq8IvzSz4,MC Jeno is back.,0,2024-11-24T04:22:57Z,NCTDREAM_WhenImWithYou,True,mc jeno is back,jeno back
B1qq8IvzSz4,PLISS AYO TTP STREAM GYUS,2,2024-11-24T04:05:46Z,NCTDREAM_WhenImWithYou,True,pliss ayo ttp stream gyus,pliss ayo ttp stream gyu
B1qq8IvzSz4,I can feel that jisung is shining so bright with his voice. And he singing😭😭 soo coool❤,1,2024-11-24T04:01:47Z,NCTDREAM_WhenImWithYou,True,i can feel that jisung is shining so bright with his voice and he singing soo coool,feel jisung shine bright voic sing soo coool
B1qq8IvzSz4,The choreo honestly looks so fun! Def teaching this one in studio 💚,2,2024-11-24T03:39:09Z,NCTDREAM_WhenImWithYou,True,the choreo honestly looks so fun def teaching this one in studio,choreo honestli look fun def teach one studio
B1qq8IvzSz4,waiting behind the scene,2,2024-11-24T03:15:15Z,NCTDREAM_WhenImWithYou,True,waiting behind the scene,wait behind scene
B1qq8IvzSz4,Day and night i think about dreamies <3,0,2024-11-24T01:33:59Z,NCTDREAM_WhenImWithYou,True,day and night i think about dreamies,day night think dreami
B1qq8IvzSz4,"guys, for the  next comeback we need the 2021-2022 spirit for nct dream .. at least 20M for their mvs in the first 24hs!!!!",5,2024-11-24T01:33:02Z,NCTDREAM_WhenImWithYou,True,guys for the next comeback we need the spirit for nct dream at least m for their mvs in the first hs,guy next comeback need spirit nct dream least mv first
B1qq8IvzSz4,"혼자보단 둘이 좋아
둘이 보다 너가 좋아
You know what i mean
(재민!)",0,2024-11-24T01:16:37Z,NCTDREAM_WhenImWithYou,True,you know what i mean,know mean
B1qq8IvzSz4,when I'm with you I'm so blind 🥰🥰🥰,0,2024-11-24T00:55:21Z,NCTDREAM_WhenImWithYou,True,when im with you im so blind,blind
B1qq8IvzSz4,best vocal with 7visual,1,2024-11-24T00:23:17Z,NCTDREAM_WhenImWithYou,True,best vocal with visual,best vocal visual
B1qq8IvzSz4,Is there anyone? Keep your spirits up!!,3,2024-11-23T23:15:48Z,NCTDREAM_WhenImWithYou,True,is there anyone keep your spirits up,anyon keep spirit
B1qq8IvzSz4,When I'm with you ♡˖꒰ᵕ༚ᵕ⑅꒱,3,2024-11-23T20:00:19Z,NCTDREAM_WhenImWithYou,True,when im with you,
B1qq8IvzSz4,"I’m an army & stay, not their fan but it’s heartbreaking and so sad to see tiktoks and twt hating (and it’s their fans that are hating wtf😢). Like I’m sure they worked hard for the comeback, even though it’s not idk maybe what their fan expected but please respect these boys 😭 idols are also human guyss 🥺 if you don’t like the song just stfu and support them. You guys are their Goddamn fan gosh, you are supposed to be their number 1 supporter wtf 😭",2,2024-11-23T17:23:57Z,NCTDREAM_WhenImWithYou,True,im an army stay not their fan but its heartbreaking and so sad to see tiktoks and twt hating and its their fans that are hating wtf like im sure they worked hard for the comeback even though its not idk maybe what their fan expected but please respect these boys idols are also human guyss if you dont like the song just stfu and support them you guys are their goddamn fan gosh you are supposed to be their number supporter wtf,armi stay fan heartbreak sad see tiktok twt hate fan hate wtf like sure work hard comeback even though idk mayb fan expect pleas respect boy idol also human guyss dont like song stfu support guy goddamn fan gosh suppos number support wtf
B1qq8IvzSz4,WIWY 3rd win on Music Core! 🎉,6,2024-11-23T16:56:52Z,NCTDREAM_WhenImWithYou,True,wiwy rd win on music core,wiwi win music core
B1qq8IvzSz4,lets c0mment on amazing saturday dream song and tell everyone esp knets that all dreams songs are so amazing,5,2024-11-23T15:28:25Z,NCTDREAM_WhenImWithYou,True,lets cmment on amazing saturday dream song and tell everyone esp knets that all dreams songs are so amazing,let cmment amaz saturday dream song tell everyon esp knet dream song amaz
B1qq8IvzSz4,22 Nov 2024 Happy birthday to Chenle.,2,2024-11-23T15:24:02Z,NCTDREAM_WhenImWithYou,True,nov happy birthday to chenle,nov happi birthday chenl
B1qq8IvzSz4,keep watching their mv please,4,2024-11-23T15:01:55Z,NCTDREAM_WhenImWithYou,True,keep watching their mv please,keep watch pleas
B1qq8IvzSz4,"Stream pls, otw 11M",3,2024-11-23T14:43:53Z,NCTDREAM_WhenImWithYou,True,stream pls otw m,stream pl otw
B1qq8IvzSz4,Why it go up so slowlu,0,2024-11-23T14:40:32Z,NCTDREAM_WhenImWithYou,True,why it go up so slowlu,slowlu
B1qq8IvzSz4,Did y'all still stream?? If you do i want say thank you and fighting for 11M 😊🩵💛💙❤️🩷🧡💚,5,2024-11-23T14:18:38Z,NCTDREAM_WhenImWithYou,True,did yall still stream if you do i want say thank you and fighting for m,yall still stream want say thank fight
B1qq8IvzSz4,Fighting!!,3,2024-11-23T14:08:06Z,NCTDREAM_WhenImWithYou,True,fighting,fight
B1qq8IvzSz4,almost 450like.. lets keep strming and use mubank performance this week as filler,9,2024-11-23T14:02:09Z,NCTDREAM_WhenImWithYou,True,almost like lets keep strming and use mubank performance this week as filler,almost like let keep strming use mubank perform week filler
B1qq8IvzSz4,"Keep streaming guys! Let's go to win next mushow, fighting for 7dream!",2,2024-11-23T14:01:47Z,NCTDREAM_WhenImWithYou,True,keep streaming guys lets go to win next mushow fighting for dream,keep stream guy let win next mushow fight dream
B1qq8IvzSz4,Let's go to 11M,1,2024-11-23T13:54:41Z,NCTDREAM_WhenImWithYou,True,lets go to m,let
B1qq8IvzSz4,This song is so amazing,2,2024-11-23T13:00:51Z,NCTDREAM_WhenImWithYou,True,this song is so amazing,song amaz
B1qq8IvzSz4,Im not myself when im with you,2,2024-11-23T12:47:12Z,NCTDREAM_WhenImWithYou,True,im not myself when im with you,
B1qq8IvzSz4,best song of the year!,2,2024-11-23T12:43:56Z,NCTDREAM_WhenImWithYou,True,best song of the year,best song year
B1qq8IvzSz4,im here again after the 3rd winn😭,4,2024-11-23T12:38:28Z,NCTDREAM_WhenImWithYou,True,im here again after the rd winn,winn
B1qq8IvzSz4,"Congrast for nct dream and dreamzen
We can do it",2,2024-11-23T12:26:37Z,NCTDREAM_WhenImWithYou,True,congrast for nct dream and dreamzen we can do it,congrast nct dream dreamzen
B1qq8IvzSz4,I'm back,4,2024-11-23T12:23:29Z,NCTDREAM_WhenImWithYou,True,im back,back
B1qq8IvzSz4,kereen ... third win,2,2024-11-23T12:22:08Z,NCTDREAM_WhenImWithYou,True,kereen third win,kereen third win
B1qq8IvzSz4,congrats on your third wins dreamiesss,5,2024-11-23T11:51:53Z,NCTDREAM_WhenImWithYou,True,congrats on your third wins dreamiesss,congrat third win dreamiesss
B1qq8IvzSz4,This song is such a masterpiece 🔥🔥 I can't stop listening to it helpp(bros done making me obsessed)😭,4,2024-11-23T11:46:17Z,NCTDREAM_WhenImWithYou,True,this song is such a masterpiece i cant stop listening to it helppbros done making me obsessed,song masterpiec cant stop listen helppbro done make obsess
B1qq8IvzSz4,Happy 3rd win with WIWY,3,2024-11-23T11:17:01Z,NCTDREAM_WhenImWithYou,True,happy rd win with wiwy,happi win wiwi
B1qq8IvzSz4,please watch music bank performance a lot to add our broadcast points,8,2024-11-23T10:34:43Z,NCTDREAM_WhenImWithYou,True,please watch music bank performance a lot to add our broadcast points,pleas watch music bank perform lot add broadcast point
B1qq8IvzSz4,lets go all out for next week,6,2024-11-23T10:30:04Z,NCTDREAM_WhenImWithYou,True,lets go all out for next week,let next week
B1qq8IvzSz4,"Guys lets streaming again, just a little and 11 M!!.... Go go go",2,2024-11-23T10:17:31Z,NCTDREAM_WhenImWithYou,True,guys lets streaming again just a little and m go go go,guy let stream littl
B1qq8IvzSz4,WIWY 3rd win we cheered!!!!,3,2024-11-23T10:13:37Z,NCTDREAM_WhenImWithYou,True,wiwy rd win we cheered,wiwi win cheer
B1qq8IvzSz4,4th WIN FOR DREAMIES!!! LET'S STR3AMMM GUYSSSS,5,2024-11-23T09:52:03Z,NCTDREAM_WhenImWithYou,True,th win for dreamies lets strammm guyssss,win dreami let strammm guyssss
B1qq8IvzSz4,"congrats dreamies, hwaiting dreamzen!",2,2024-11-23T09:38:48Z,NCTDREAM_WhenImWithYou,True,congrats dreamies hwaiting dreamzen,congrat dreami hwait dreamzen
B1qq8IvzSz4,Congrats 7 Dream🎉🎉,3,2024-11-23T09:30:04Z,NCTDREAM_WhenImWithYou,True,congrats dream,congrat dream
B1qq8IvzSz4,Jisung with his bag.,1,2024-11-23T09:22:55Z,NCTDREAM_WhenImWithYou,True,jisung with his bag,jisung bag
B1qq8IvzSz4,3rd win! Congrats Dreamies,5,2024-11-23T09:06:22Z,NCTDREAM_WhenImWithYou,True,rd win congrats dreamies,win congrat dreami
B1qq8IvzSz4,Fighting for 4🏆,3,2024-11-23T09:03:12Z,NCTDREAM_WhenImWithYou,True,fighting for,fight
B1qq8IvzSz4,Fighting,3,2024-11-23T08:25:07Z,NCTDREAM_WhenImWithYou,True,fighting,fight
B1qq8IvzSz4,THIS IS REALLY CUTE HELP!!!,2,2024-11-23T08:01:10Z,NCTDREAM_WhenImWithYou,True,this is really cute help,realli cute help
B1qq8IvzSz4,nct dream WIWY 3rd WIN !! YEYY,6,2024-11-23T07:50:48Z,NCTDREAM_WhenImWithYou,True,nct dream wiwy rd win yeyy,nct dream wiwi win yeyi
B1qq8IvzSz4,Let's make them win more music shows let's go let's go. Jeno is mc we need to win.. Keep streaming,8,2024-11-23T07:40:51Z,NCTDREAM_WhenImWithYou,True,lets make them win more music shows lets go lets go jeno is mc we need to win keep streaming,let make win music show let let jeno need win keep stream
B1qq8IvzSz4,"CONGRATS 7DREAM 🏆🩵🩵🩵

WHEN I'M WITH YOU 3RD WIN
WhenImWithYou3rdWin 
NCTDREAM43rdWin",8,2024-11-23T07:37:42Z,NCTDREAM_WhenImWithYou,True,congrats dream when im with you rd win whenimwithyourdwin nctdreamrdwin,congrat dream win whenimwithyourdwin nctdreamrdwin
B1qq8IvzSz4,The 7 of us dance. The song is the best! It's refreshing and I love it,14,2024-11-23T07:31:59Z,NCTDREAM_WhenImWithYou,True,the of us dance the song is the best its refreshing and i love it,danc song best refresh love
B1qq8IvzSz4,Menikmati hujan sambil nonton when i'm with you~~,5,2024-11-23T07:02:11Z,NCTDREAM_WhenImWithYou,True,menikmati hujan sambil nonton when im with you,menikmati hujan sambil nonton
B1qq8IvzSz4,NA JAEMIN,2,2024-11-23T06:03:02Z,NCTDREAM_WhenImWithYou,True,na jaemin,jaemin
B1qq8IvzSz4,"I've replaying this album two weeks,  such a great album in 2024！！！",11,2024-11-23T05:43:00Z,NCTDREAM_WhenImWithYou,True,ive replaying this album two weeks such a great album in,ive replay album two week great album
B1qq8IvzSz4,D-15 when i'm with 7dream,1,2024-11-23T04:59:27Z,NCTDREAM_WhenImWithYou,True,d when im with dream,dream
B1qq8IvzSz4,"Congratulations! 1ST WIN @ SHOW CHAMPION 11.20.24

2ND WIN @ MUSIC BANK 11.22.24
3RD WIN @ MUSIC CORE 11.23.24
4TH WIN?",7,2024-11-23T03:17:08Z,NCTDREAM_WhenImWithYou,True,congratulations st win show champion nd win music bank rd win music core th win,congratul win show champion win music bank win music core win
B1qq8IvzSz4,So obsessed with this song,8,2024-11-23T02:56:14Z,NCTDREAM_WhenImWithYou,True,so obsessed with this song,obsess song
B1qq8IvzSz4,Like this song ❤❤,3,2024-11-23T02:45:56Z,NCTDREAM_WhenImWithYou,True,like this song,like song
B1qq8IvzSz4,Love nct❤❤❤,3,2024-11-23T02:45:27Z,NCTDREAM_WhenImWithYou,True,love nct,love nct
B1qq8IvzSz4,ANYONE STILL STREAM THIS MASTERPIECE?????,40,2024-11-23T02:35:57Z,NCTDREAM_WhenImWithYou,True,anyone still stream this masterpiece,anyon still stream masterpiec
B1qq8IvzSz4,congratulations Dreamies,4,2024-11-23T02:23:54Z,NCTDREAM_WhenImWithYou,True,congratulations dreamies,congratul dreami
B1qq8IvzSz4,fan choice male,4,2024-11-23T02:15:06Z,NCTDREAM_WhenImWithYou,True,fan choice male,fan choic male
B1qq8IvzSz4,NCT Dream <3,5,2024-11-23T02:12:29Z,NCTDREAM_WhenImWithYou,True,nct dream,nct dream
B1qq8IvzSz4,"the way the mv is only gonna have 1m new views this week, how did that happen? did everyone just collectively give up on streaming?",4,2024-11-23T01:23:32Z,NCTDREAM_WhenImWithYou,True,the way the mv is only gonna have m new views this week how did that happen did everyone just collectively give up on streaming,way gon new view week happen everyon collect give stream
B1qq8IvzSz4,replayyyy teruss,3,2024-11-23T01:02:54Z,NCTDREAM_WhenImWithYou,True,replayyyy teruss,replayyyi teruss
B1qq8IvzSz4,"Love all NCT it doesn't matter if it's 127, Dream, WayV or Wish. Stream When I'm With You - High Five - Steady - Walk <3",2,2024-11-23T00:32:01Z,NCTDREAM_WhenImWithYou,True,love all nct it doesnt matter if its dream wayv or wish stream when im with you high five steady walk,love nct doesnt matter dream wayv wish stream high five steadi walk
B1qq8IvzSz4,fighting,2,2024-11-22T23:18:58Z,NCTDREAM_WhenImWithYou,True,fighting,fight
B1qq8IvzSz4,"2:44 CHENLE Bridge, Let's go",1,2024-11-22T19:39:47Z,NCTDREAM_WhenImWithYou,True,chenle bridge lets go,chenl bridg let
B1qq8IvzSz4,let’s go for third win!!!!,5,2024-11-22T18:39:04Z,NCTDREAM_WhenImWithYou,True,lets go for third win,let third win
B1qq8IvzSz4,2:57 haechan's falsetto-ish highnote here ascends me to heaven ya'll,2,2024-11-22T17:50:39Z,NCTDREAM_WhenImWithYou,True,haechans falsettoish highnote here ascends me to heaven yall,haechan falsettoish highnot ascend heaven yall
B1qq8IvzSz4,renjun the best!!,1,2024-11-22T16:50:40Z,NCTDREAM_WhenImWithYou,True,renjun the best,renjun best
B1qq8IvzSz4,anyways congratulations dreamies. we're always proud of you!!,3,2024-11-22T16:46:20Z,NCTDREAM_WhenImWithYou,True,anyways congratulations dreamies were always proud of you,anyway congratul dreami alway proud
B1qq8IvzSz4,it's been 10.7 since yesterday... i think yt  freez3 the vlews :(( let's censore the word str3@m pls! idk anymore this isn't like this for the first week,4,2024-11-22T16:45:34Z,NCTDREAM_WhenImWithYou,True,its been since yesterday i think yt freez the vlews lets censore the word str pls idk anymore this isnt like this for the first week,sinc yesterday think freez vlew let censor word str pl idk anymor isnt like first week
B1qq8IvzSz4,don't count them as old kpop group but count them as best successful young boys group from their teenagers times to still and yes still they are very young....... 🍻 cheers 🍻,1,2024-11-22T16:35:58Z,NCTDREAM_WhenImWithYou,True,dont count them as old kpop group but count them as best successful young boys group from their teenagers times to still and yes still they are very young cheers,dont count old kpop group count best success young boy group teenag time still ye still young cheer
B1qq8IvzSz4,"Precious memories happening today...
Jaemin MC, Chenle BD, WIWY 2nd Win & MAMA fan choice!!!
Take care of your health too, my Dreamies!!!!",33,2024-11-22T15:26:38Z,NCTDREAM_WhenImWithYou,True,precious memories happening today jaemin mc chenle bd wiwy nd win mama fan choice take care of your health too my dreamies,preciou memori happen today jaemin chenl wiwi win mama fan choic take care health dreami
B1qq8IvzSz4,"Chenle birthday, jaemin mc, dream mushow 2nd trophies, mama fan's choice 🥹🥹 best day ever",9,2024-11-22T14:54:33Z,NCTDREAM_WhenImWithYou,True,chenle birthday jaemin mc dream mushow nd trophies mama fans choice best day ever,chenl birthday jaemin dream mushow trophi mama fan choic best day ever
B1qq8IvzSz4,"This album is great, we hope our 7dreams are happy.

NCT DREAM never loses ♡🩷🩷",7,2024-11-22T14:46:16Z,NCTDREAM_WhenImWithYou,True,this album is great we hope our dreams are happy nct dream never loses,album great hope dream happi nct dream never lose
B1qq8IvzSz4,"Happy birthday Chenle, we love you!",4,2024-11-22T14:37:35Z,NCTDREAM_WhenImWithYou,True,happy birthday chenle we love you,happi birthday chenl love
B1qq8IvzSz4,YESSSSSS !!!!! IM BLIND TOO BECAUSE OF YOU AND UR CRAZY VISUALS 😂,4,2024-11-22T14:31:12Z,NCTDREAM_WhenImWithYou,True,yessssss im blind too because of you and ur crazy visuals,yessssss blind crazi visual
B1qq8IvzSz4,"Come on, everyone, we can do it!!!",6,2024-11-22T14:23:48Z,NCTDREAM_WhenImWithYou,True,come on everyone we can do it,come everyon
B1qq8IvzSz4,Congratulations 7DREAM for winning 2024 MAMA FANS' CHOICE MALE,70,2024-11-22T14:15:48Z,NCTDREAM_WhenImWithYou,True,congratulations dream for winning mama fans choice male,congratul dream win mama fan choic male
B1qq8IvzSz4,nct dreammmmm congratulatiooooonnnnn,4,2024-11-22T13:57:59Z,NCTDREAM_WhenImWithYou,True,nct dreammmmm congratulatiooooonnnnn,nct dreammmmm congratulatiooooonnnnn
B1qq8IvzSz4,happy 23rd birthday chenle,4,2024-11-22T13:00:34Z,NCTDREAM_WhenImWithYou,True,happy rd birthday chenle,happi birthday chenl
B1qq8IvzSz4,"There is a feeling of happiness that cannot be described when we successfully bring home the trophy for 7DREAM.

So, let's gather our energy again! Fight as hard as you can, so that the regrets are as minimal as possible.

Congratulations 7DREAM & DREAMzens!

Happy birthday our angel, CHENLE!",6,2024-11-22T12:37:32Z,NCTDREAM_WhenImWithYou,True,there is a feeling of happiness that cannot be described when we successfully bring home the trophy for dream so lets gather our energy again fight as hard as you can so that the regrets are as minimal as possible congratulations dream dreamzens happy birthday our angel chenle,feel happi describ success bring home trophi dream let gather energi fight hard regret minim possibl congratul dream dreamzen happi birthday angel chenl
B1qq8IvzSz4,"When I'm with you, day and night
Mujigaereul daleun neon, nal binnage hae
When I'm with you, I'm so blind
Nan neoman boyeo eoneusae, eojireowo, babe

Neoui du nuneul bomyeon saljjak meomchithae
Akka junbihaetdeon maldo itge dwae
Seollemi jeomjeom deo keojyeo kkumeul bon deuthae
Nae mame ilgop gaji jangmyeon damanae

Mallo da pyohyeon mot hal gamjeong sok
Keojineun kkeullim
On sesangi black and white, neoman ppaego
Ppeonhan neukkim (Yeah, yeah, yeah)

When I'm with you, day and night
Mujigaereul daleun neon, nal binnage hae
When I'm with you, I'm so blind
Du nune beonjyeoganeun saek, neora bureullae
When I'm with you

I'm not myself
When I'm with you
I'm not myself

Bulge muldeuneun feelings, nae mameul piwonae
Modeun gamgakdeureul kkaewo your scent
Sigyetbaneuldo meomchwo, goyohaejin place
Keuge ullyeo peojin simjang sorie

Eodinga cheoeum bon deuthan jangmyeon sok
Sinbiroun neukkim
Deo yoksimna make you mine
Tumyeonghi nal dameun ne nunbit (Yeah, yeah, yeah)

When I'm with you, day and night
Mujigaereul daleun neon, nal binnage hae
When I'm with you, I'm so blind
Du nune beonjyeoganeun saek, neora bureullae
When I'm with you

Honjabodan duri joa, duri bodan neoga joa
Know what I mean (I mean)
Honjabodan duri joa, duri bodan neoga joa
Know what I mean (I mean)
Joa boda joeun geon love
I know you know what I mean (Yeah, yeah)
Honjabodan duri joa, duri bodan neoga joa
Know what I mean (I mean)

I'm satisfied, matdaeun eyes
So shining bright, nal seollege hae
Nal kkumkkuge hae, yeah
Yegodo eopsi neon
Naegero ssodajyeo on geoya
Deo wanjeonhaejyeo 'cause I am with you

When I'm with you, day and night (And night)
Mujigaereul daleun neon, nal binnage hae
When I'm with you (When I'm with you)
I'm so blind (Ooh, I'm so blind)
Du nune beonjyeoganeun saek neora bureullae
When I'm with you

Honjabodan duri joa, duri bodan neoga joa
Know what I mean (I mean)
Honjabodan duri joa, duri bodan neoga joa
Know what I mean (I mean)
I'm not myself (I'm not myself with you)
When I'm with you
Honjabodan duri joa, duri bodan neoga joa
Know what I mean (I mean)
Honjabodan duri joa, duri bodan neoga joa
Know what I mean (I mean)
I'm not myself
When I'm with you",4,2024-11-22T12:10:32Z,NCTDREAM_WhenImWithYou,True,when im with you day and night mujigaereul daleun neon nal binnage hae when im with you im so blind nan neoman boyeo eoneusae eojireowo babe neoui du nuneul bomyeon saljjak meomchithae akka junbihaetdeon maldo itge dwae seollemi jeomjeom deo keojyeo kkumeul bon deuthae nae mame ilgop gaji jangmyeon damanae mallo da pyohyeon mot hal gamjeong sok keojineun kkeullim on sesangi black and white neoman ppaego ppeonhan neukkim yeah yeah yeah when im with you day and night mujigaereul daleun neon nal binnage hae when im with you im so blind du nune beonjyeoganeun saek neora bureullae when im with you im not myself when im with you im not myself bulge muldeuneun feelings nae mameul piwonae modeun gamgakdeureul kkaewo your scent sigyetbaneuldo meomchwo goyohaejin place keuge ullyeo peojin simjang sorie eodinga cheoeum bon deuthan jangmyeon sok sinbiroun neukkim deo yoksimna make you mine tumyeonghi nal dameun ne nunbit yeah yeah yeah when im with you day and night mujigaereul daleun neon nal binnage hae when im with you im so blind du nune beonjyeoganeun saek neora bureullae when im with you honjabodan duri joa duri bodan neoga joa know what i mean i mean honjabodan duri joa duri bodan neoga joa know what i mean i mean joa boda joeun geon love i know you know what i mean yeah yeah honjabodan duri joa duri bodan neoga joa know what i mean i mean im satisfied matdaeun eyes so shining bright nal seollege hae nal kkumkkuge hae yeah yegodo eopsi neon naegero ssodajyeo on geoya deo wanjeonhaejyeo cause i am with you when im with you day and night and night mujigaereul daleun neon nal binnage hae when im with you when im with you im so blind ooh im so blind du nune beonjyeoganeun saek neora bureullae when im with you honjabodan duri joa duri bodan neoga joa know what i mean i mean honjabodan duri joa duri bodan neoga joa know what i mean i mean im not myself im not myself with you when im with you honjabodan duri joa duri bodan neoga joa know what i mean i mean honjabodan duri joa duri bodan neoga joa know what i mean i mean im not myself when im with you,day night mujigaereul daleun neon nal binnag hae blind nan neoman boyeo eoneusa eojireowo babe neoui nuneul bomyeon saljjak meomchitha akka junbihaetdeon maldo itg dwae seollemi jeomjeom deo keojyeo kkumeul bon deutha nae mame ilgop gaji jangmyeon damana mallo pyohyeon mot hal gamjeong sok keojineun kkeullim sesangi black white neoman ppaego ppeonhan neukkim yeah yeah yeah day night mujigaereul daleun neon nal binnag hae blind nune beonjyeoganeun saek neora bureulla bulg muldeuneun feel nae mameul piwona modeun gamgakdeureul kkaewo scent sigyetbaneuldo meomchwo goyohaejin place keug ullyeo peojin simjang sori eodinga cheoeum bon deuthan jangmyeon sok sinbiroun neukkim deo yoksimna make mine tumyeonghi nal dameun nunbit yeah yeah yeah day night mujigaereul daleun neon nal binnag hae blind nune beonjyeoganeun saek neora bureulla honjabodan duri joa duri bodan neoga joa know mean mean honjabodan duri joa duri bodan neoga joa know mean mean joa boda joeun geon love know know mean yeah yeah honjabodan duri joa duri bodan neoga joa know mean mean satisfi matdaeun eye shine bright nal seolleg hae nal kkumkkug hae yeah yegodo eopsi neon naegero ssodajyeo geoya deo wanjeonhaejyeo caus day night night mujigaereul daleun neon nal binnag hae blind ooh blind nune beonjyeoganeun saek neora bureulla honjabodan duri joa duri bodan neoga joa know mean mean honjabodan duri joa duri bodan neoga joa know mean mean honjabodan duri joa duri bodan neoga joa know mean mean honjabodan duri joa duri bodan neoga joa know mean mean
B1qq8IvzSz4,happy birthday chenle!🎉,4,2024-11-22T12:06:46Z,NCTDREAM_WhenImWithYou,True,happy birthday chenle,happi birthday chenl
B1qq8IvzSz4,The NCT's songs are very beautiful and wonderful just like the members are so very handsome and very hardworking for their idol career and I like a 7DREAM's concept and song I'm so thankful to haechan and Haechan and Doyoung was the reason why I entered a Neo Culture Technology world as a czennie in 2018 💚✨,3,2024-11-22T12:06:23Z,NCTDREAM_WhenImWithYou,True,the ncts songs are very beautiful and wonderful just like the members are so very handsome and very hardworking for their idol career and i like a dreams concept and song im so thankful to haechan and haechan and doyoung was the reason why i entered a neo culture technology world as a czennie in,nct song beauti wonder like member handsom hardwork idol career like dream concept song thank haechan haechan doyoung reason enter neo cultur technolog world czenni
B1qq8IvzSz4,"WIWY 2nd Win
MAMA fan’s choice
Congrats Dreamies
And happy birthday uri Chenle",10,2024-11-22T11:54:48Z,NCTDREAM_WhenImWithYou,True,wiwy nd win mama fans choice congrats dreamies and happy birthday uri chenle,wiwi win mama fan choic congrat dreami happi birthday uri chenl
B1qq8IvzSz4,Congratulations for the 2nd win with WIWY,4,2024-11-22T11:22:09Z,NCTDREAM_WhenImWithYou,True,congratulations for the nd win with wiwy,congratul win wiwi
B1qq8IvzSz4,Happy birthday chenle,2,2024-11-22T11:21:31Z,NCTDREAM_WhenImWithYou,True,happy birthday chenle,happi birthday chenl
B1qq8IvzSz4,"aa dreamies second wins, congrats dreamiess",2,2024-11-22T11:14:13Z,NCTDREAM_WhenImWithYou,True,aa dreamies second wins congrats dreamiess,dreami second win congrat dreamiess
B1qq8IvzSz4,Fighting 💪 💪 💪,2,2024-11-22T10:55:07Z,NCTDREAM_WhenImWithYou,True,fighting,fight
B1qq8IvzSz4,Congrats Dream and Happy Birthday Chenle,8,2024-11-22T10:27:19Z,NCTDREAM_WhenImWithYou,True,congrats dream and happy birthday chenle,congrat dream happi birthday chenl
B1qq8IvzSz4,"congrats dreamies, happy birthday chenle!!",11,2024-11-22T10:18:59Z,NCTDREAM_WhenImWithYou,True,congrats dreamies happy birthday chenle,congrat dreami happi birthday chenl
B1qq8IvzSz4,"TDS4 IN LIMA, PERU 2025",1,2024-11-22T10:17:21Z,NCTDREAM_WhenImWithYou,True,tds in lima peru,td lima peru
B1qq8IvzSz4,Congratulations on your 2nd win,2,2024-11-22T10:07:23Z,NCTDREAM_WhenImWithYou,True,congratulations on your nd win,congratul win
B1qq8IvzSz4,My Dreams,1,2024-11-22T10:07:04Z,NCTDREAM_WhenImWithYou,True,my dreams,dream
B1qq8IvzSz4,Chenle Happy Birthday,3,2024-11-22T10:06:40Z,NCTDREAM_WhenImWithYou,True,chenle happy birthday,chenl happi birthday
B1qq8IvzSz4,Yeah yeah yeah when i'm with you,2,2024-11-22T10:04:04Z,NCTDREAM_WhenImWithYou,True,yeah yeah yeah when im with you,yeah yeah yeah
B1qq8IvzSz4,Congrats for the 2nd win dreammm!!!,2,2024-11-22T09:57:14Z,NCTDREAM_WhenImWithYou,True,congrats for the nd win dreammm,congrat win dreammm
B1qq8IvzSz4,"MusicBank【１位】NCT DREAM☆!!
我々のドリムが勝ちました(泣)
#WhenImWithYou2ndWin #HappyCHENLEday",6,2024-11-22T09:54:41Z,NCTDREAM_WhenImWithYou,True,musicbanknct dream,musicbanknct dream
B1qq8IvzSz4,2nd win! Congrats Dreamies:)),4,2024-11-22T09:37:00Z,NCTDREAM_WhenImWithYou,True,nd win congrats dreamies,win congrat dreami
B1qq8IvzSz4,Today 2nd win is meaningful :'),7,2024-11-22T09:32:11Z,NCTDREAM_WhenImWithYou,True,today nd win is meaningful,today win meaning
B1qq8IvzSz4,Congrats Dream ....,3,2024-11-22T09:31:10Z,NCTDREAM_WhenImWithYou,True,congrats dream,congrat dream
B1qq8IvzSz4,Love you Dream,1,2024-11-22T09:30:43Z,NCTDREAM_WhenImWithYou,True,love you dream,love dream
B1qq8IvzSz4,"happy birthday chenle
Congratulations 1st on Music Bank",4,2024-11-22T09:30:07Z,NCTDREAM_WhenImWithYou,True,happy birthday chenle congratulations st on music bank,happi birthday chenl congratul music bank
B1qq8IvzSz4,2nd win 🎉,4,2024-11-22T09:29:48Z,NCTDREAM_WhenImWithYou,True,nd win,win
B1qq8IvzSz4,"Deserve 100M views, deserve 1000 win music show, deserve SOTY",50,2024-11-22T09:05:10Z,NCTDREAM_WhenImWithYou,True,deserve m views deserve win music show deserve soty,deserv view deserv win music show deserv soti
B1qq8IvzSz4,don't forget to vote dreamies on mnet+ guys,5,2024-11-22T08:59:41Z,NCTDREAM_WhenImWithYou,True,dont forget to vote dreamies on mnet guys,dont forget vote dreami mnet guy
B1qq8IvzSz4,11M on chenle's birthday please,10,2024-11-22T08:14:54Z,NCTDREAM_WhenImWithYou,True,m on chenles birthday please,chenl birthday pleas
B1qq8IvzSz4,"Happiest birthday my baby chenleee
i wish you all the best :*",5,2024-11-22T07:03:00Z,NCTDREAM_WhenImWithYou,True,happiest birthday my baby chenleee i wish you all the best,happiest birthday babi chenlee wish best
B1qq8IvzSz4,This is honestly the best NCT song since Neozone came out in 2020. INCREDIBLE.,15,2024-11-22T07:01:18Z,NCTDREAM_WhenImWithYou,True,this is honestly the best nct song since neozone came out in incredible,honestli best nct song sinc neozon came incred
B1qq8IvzSz4,fighting guysss,3,2024-11-22T06:54:03Z,NCTDREAM_WhenImWithYou,True,fighting guysss,fight guysss
B1qq8IvzSz4,is the best 🩵🩵🩵🩵🩵🩵🩵,3,2024-11-22T06:46:12Z,NCTDREAM_WhenImWithYou,True,is the best,best
B1qq8IvzSz4,Hbd Chenle!! Love this song so much let’s go NCT Dreammm!! 💚💚,4,2024-11-22T06:30:43Z,NCTDREAM_WhenImWithYou,True,hbd chenle love this song so much lets go nct dreammm,hbd chenl love song much let nct dreammm
B1qq8IvzSz4,I LOVE YOU NCT DREAM💚💚💚💚✨✨✨,3,2024-11-22T06:28:02Z,NCTDREAM_WhenImWithYou,True,i love you nct dream,love nct dream
B1qq8IvzSz4,i love myself when i'm with you,1,2024-11-22T06:18:15Z,NCTDREAM_WhenImWithYou,True,i love myself when im with you,love
B1qq8IvzSz4,Let's give 2nd win for our Dreamies on MuBank today!!!,3,2024-11-22T05:52:09Z,NCTDREAM_WhenImWithYou,True,lets give nd win for our dreamies on mubank today,let give win dreami mubank today
B1qq8IvzSz4,let's give our dream another trophy :),2,2024-11-22T05:44:05Z,NCTDREAM_WhenImWithYou,True,lets give our dream another trophy,let give dream anoth trophi
B1qq8IvzSz4,Guys let’s stream more.. We still have a chance of winning for next week mushow..,7,2024-11-22T05:13:41Z,NCTDREAM_WhenImWithYou,True,guys lets stream more we still have a chance of winning for next week mushow,guy let stream still chanc win next week mushow
B1qq8IvzSz4,Haven't these guys been a group for almost 10 years? At this point I'd expect something with more personality or at least a more mature concept,0,2024-11-22T04:35:28Z,NCTDREAM_WhenImWithYou,True,havent these guys been a group for almost years at this point id expect something with more personality or at least a more mature concept,havent guy group almost year point expect someth person least matur concept
B1qq8IvzSz4,Really addicted to this song,3,2024-11-22T04:25:45Z,NCTDREAM_WhenImWithYou,True,really addicted to this song,realli addict song
B1qq8IvzSz4,Happy birthday chenle,1,2024-11-22T04:04:02Z,NCTDREAM_WhenImWithYou,True,happy birthday chenle,happi birthday chenl
B1qq8IvzSz4,cuyyy stuck 10M:(((,1,2024-11-22T04:02:10Z,NCTDREAM_WhenImWithYou,True,cuyyy stuck m,cuyyy stuck
B1qq8IvzSz4,"Czennies love dreamies 
When I'm with you is perfect!! Love from Brazil",6,2024-11-22T03:46:59Z,NCTDREAM_WhenImWithYou,True,czennies love dreamies when im with you is perfect love from brazil,czenni love dreami perfect love brazil
B1qq8IvzSz4,"Happy birthday, 천러! Hope you have the best birthday ever!",8,2024-11-22T03:41:52Z,NCTDREAM_WhenImWithYou,True,happy birthday hope you have the best birthday ever,happi birthday hope best birthday ever
B1qq8IvzSz4,Lets get the win at music bank today! Super excited for the encore stage from our dreamies!,7,2024-11-22T03:41:13Z,NCTDREAM_WhenImWithYou,True,lets get the win at music bank today super excited for the encore stage from our dreamies,let get win music bank today super excit encor stage dreami
B1qq8IvzSz4,Let's go Dream!!!,2,2024-11-22T03:33:48Z,NCTDREAM_WhenImWithYou,True,lets go dream,let dream
B1qq8IvzSz4,Happy birthday Chenle!!!!,3,2024-11-22T03:03:07Z,NCTDREAM_WhenImWithYou,True,happy birthday chenle,happi birthday chenl
B1qq8IvzSz4,streaming guyssss,0,2024-11-22T02:55:16Z,NCTDREAM_WhenImWithYou,True,streaming guyssss,stream guyssss
B1qq8IvzSz4,lets pray together for luck to be on dream side guyss,3,2024-11-22T02:37:46Z,NCTDREAM_WhenImWithYou,True,lets pray together for luck to be on dream side guyss,let pray togeth luck dream side guyss
B1qq8IvzSz4,Im fallin' in love with this song❤,1,2024-11-22T02:32:40Z,NCTDREAM_WhenImWithYou,True,im fallin in love with this song,fallin love song
B1qq8IvzSz4,happy birthday lele ^^,3,2024-11-22T02:07:06Z,NCTDREAM_WhenImWithYou,True,happy birthday lele,happi birthday lele
B1qq8IvzSz4,Happy birthday chenle,2,2024-11-22T02:01:44Z,NCTDREAM_WhenImWithYou,True,happy birthday chenle,happi birthday chenl
B1qq8IvzSz4,Start the morning by listening to this song...let's cheer everyone up and give 7dream lots of wins,5,2024-11-22T01:10:50Z,NCTDREAM_WhenImWithYou,True,start the morning by listening to this songlets cheer everyone up and give dream lots of wins,start morn listen songlet cheer everyon give dream lot win
B1qq8IvzSz4,happy birthday chenle....,2,2024-11-22T01:09:09Z,NCTDREAM_WhenImWithYou,True,happy birthday chenle,happi birthday chenl
B1qq8IvzSz4,"TDS4 IN LIMA, PERU",1,2024-11-22T01:06:52Z,NCTDREAM_WhenImWithYou,True,tds in lima peru,td lima peru
B1qq8IvzSz4,Happy birthday tuan muda chenle,3,2024-11-22T01:05:02Z,NCTDREAM_WhenImWithYou,True,happy birthday tuan muda chenle,happi birthday tuan muda chenl
B1qq8IvzSz4,Happy Birthday Chenle,2,2024-11-22T00:50:21Z,NCTDREAM_WhenImWithYou,True,happy birthday chenle,happi birthday chenl
B1qq8IvzSz4,"TDS4 IN LIMA PLEASE
NCT DREAM COME BACK TO PERU",1,2024-11-22T00:46:14Z,NCTDREAM_WhenImWithYou,True,tds in lima please nct dream come back to peru,td lima pleas nct dream come back peru
B1qq8IvzSz4,Streaming terus gayssss,4,2024-11-22T00:34:12Z,NCTDREAM_WhenImWithYou,True,streaming terus gayssss,stream teru gayssss
B1qq8IvzSz4,Happy birthday chenleee,4,2024-11-22T00:33:39Z,NCTDREAM_WhenImWithYou,True,happy birthday chenleee,happi birthday chenlee
B1qq8IvzSz4,"when the views just stuck, but i keep streaming............idk until when wkwk",4,2024-11-22T00:31:49Z,NCTDREAM_WhenImWithYou,True,when the views just stuck but i keep streamingidk until when wkwk,view stuck keep streamingidk wkwk
B1qq8IvzSz4,Happy Birthday Chenle,5,2024-11-22T00:10:55Z,NCTDREAM_WhenImWithYou,True,happy birthday chenle,happi birthday chenl
B1qq8IvzSz4,Happy birthday chenle..,2,2024-11-22T00:03:48Z,NCTDREAM_WhenImWithYou,True,happy birthday chenle,happi birthday chenl
B1qq8IvzSz4,morning,1,2024-11-21T23:50:03Z,NCTDREAM_WhenImWithYou,True,morning,morn
B1qq8IvzSz4,where are you guys 😭,3,2024-11-21T23:13:24Z,NCTDREAM_WhenImWithYou,True,where are you guys,guy
B1qq8IvzSz4,happy chenle dayyy,6,2024-11-21T22:55:08Z,NCTDREAM_WhenImWithYou,True,happy chenle dayyy,happi chenl dayyy
B1qq8IvzSz4,"Congratulations NCT DREAM This Come Back Third Win In Show Champion , Music Bank And Music Core.",34,2024-11-21T21:35:09Z,NCTDREAM_WhenImWithYou,True,congratulations nct dream this come back third win in show champion music bank and music core,congratul nct dream come back third win show champion music bank music core
B1qq8IvzSz4,Today is Chenle's birthday. Happy birthday Chenle.(⁠•⁠‿⁠•⁠),8,2024-11-21T21:34:35Z,NCTDREAM_WhenImWithYou,True,today is chenles birthday happy birthday chenle,today chenl birthday happi birthday chenl
B1qq8IvzSz4,ill never get enough of jisung singing ‼,7,2024-11-21T19:53:45Z,NCTDREAM_WhenImWithYou,True,ill never get enough of jisung singing,ill never get enough jisung sing
B1qq8IvzSz4,guys i think we need mass s+reaming !! this deserves so much more than i can express,6,2024-11-21T19:25:49Z,NCTDREAM_WhenImWithYou,True,guys i think we need mass sreaming this deserves so much more than i can express,guy think need mass sream deserv much express
B1qq8IvzSz4,Let's not stop streaming just because we hit 10M guys!,6,2024-11-21T18:54:06Z,NCTDREAM_WhenImWithYou,True,lets not stop streaming just because we hit m guys,let stop stream hit guy
B1qq8IvzSz4,nct dream best boys!! <33,1,2024-11-21T18:19:43Z,NCTDREAM_WhenImWithYou,True,nct dream best boys,nct dream best boy
B1qq8IvzSz4,When im with you~,3,2024-11-21T18:15:10Z,NCTDREAM_WhenImWithYou,True,when im with you,
B1qq8IvzSz4,Guys we need to make them win tomorrow at music bank! Chenle’s birthday and jaemin is a special mc!!,23,2024-11-21T17:17:25Z,NCTDREAM_WhenImWithYou,True,guys we need to make them win tomorrow at music bank chenles birthday and jaemin is a special mc,guy need make win tomorrow music bank chenl birthday jaemin special
B1qq8IvzSz4,One of the best albums ❤,2,2024-11-21T16:47:15Z,NCTDREAM_WhenImWithYou,True,one of the best albums,one best album
B1qq8IvzSz4,streaming terus guys,0,2024-11-21T16:36:31Z,NCTDREAM_WhenImWithYou,True,streaming terus guys,stream teru guy
B1qq8IvzSz4,I love Chenle's bridge so much,4,2024-11-21T16:23:07Z,NCTDREAM_WhenImWithYou,True,i love chenles bridge so much,love chenl bridg much
B1qq8IvzSz4,2:45 the iconic chenle bridge,5,2024-11-21T15:37:33Z,NCTDREAM_WhenImWithYou,True,the iconic chenle bridge,icon chenl bridg
B1qq8IvzSz4,1:21 the puzzle pieces omg,0,2024-11-21T15:36:04Z,NCTDREAM_WhenImWithYou,True,the puzzle pieces omg,puzzl piec omg
5OflOlcHLb8,Not interested in a love call,6,2024-11-28T23:34:16Z,ATEEZ_IceOnMyTeeth,True,not interested in a love call,interest love call
5OflOlcHLb8,Oh my goodness FINEEE….I’ll stan them! 🖤,7,2024-11-28T23:32:39Z,ATEEZ_IceOnMyTeeth,True,oh my goodness fineeeill stan them,good fineeeil stan
5OflOlcHLb8,Yunho is breathtaking,5,2024-11-28T23:26:08Z,ATEEZ_IceOnMyTeeth,True,yunho is breathtaking,yunho breathtak
5OflOlcHLb8,they're so cool,3,2024-11-28T23:25:51Z,ATEEZ_IceOnMyTeeth,True,theyre so cool,theyr cool
5OflOlcHLb8,what a masterpiece,3,2024-11-28T23:25:15Z,ATEEZ_IceOnMyTeeth,True,what a masterpiece,masterpiec
5OflOlcHLb8,I think it would make sense if they actually had ice in their teeth like a diamond grill,4,2024-11-28T23:20:21Z,ATEEZ_IceOnMyTeeth,True,i think it would make sense if they actually had ice in their teeth like a diamond grill,think would make sens actual ice teeth like diamond grill
5OflOlcHLb8,"Last one for today, soon 14 days  keep fighting atinies :)",6,2024-11-28T22:59:33Z,ATEEZ_IceOnMyTeeth,True,last one for today soon days keep fighting atinies,last one today soon day keep fight atini
5OflOlcHLb8,Happy 32M GOOD MORNING 🌞🌄🎉🎉🎉,4,2024-11-28T22:42:31Z,ATEEZ_IceOnMyTeeth,True,happy m good morning,happi good morn
5OflOlcHLb8,"Yeayyy 32M!
Good morning!",4,2024-11-28T22:35:23Z,ATEEZ_IceOnMyTeeth,True,yeayyy m good morning,yeayyy good morn
5OflOlcHLb8,"Happy 32M ☆
JAM♡",9,2024-11-28T21:55:09Z,ATEEZ_IceOnMyTeeth,True,happy m jam,happi jam
5OflOlcHLb8,"I hate this
Like why are they so f handsome , hot and fine?
They make me go crazy omg",2,2024-11-28T21:38:25Z,ATEEZ_IceOnMyTeeth,True,i hate this like why are they so f handsome hot and fine they make me go crazy omg,hate like handsom hot fine make crazi omg
5OflOlcHLb8,Happy Thanksgiving to all Atinys who celebrate :-),10,2024-11-28T21:24:42Z,ATEEZ_IceOnMyTeeth,True,happy thanksgiving to all atinys who celebrate,happi thanksgiv atini celebr
5OflOlcHLb8,"I need to get diamonds from my dentist stat, so San can slap me like that ❤🥲🤭🤤",4,2024-11-28T21:13:34Z,ATEEZ_IceOnMyTeeth,True,i need to get diamonds from my dentist stat so san can slap me like that,need get diamond dentist stat san slap like
5OflOlcHLb8,"Did you know about (S)ong (M)ingi punchline here? - ""Ice on my neck, draw a line on the name and take won and dollars"":
-W- - M upside down
$ - S + | on his necklace
P.S. from video 'mv review pirates searching for values that shine like diamonds' 😉",12,2024-11-28T21:06:37Z,ATEEZ_IceOnMyTeeth,True,did you know about song mingi punchline here ice on my neck draw a line on the name and take won and dollars w m upside down s on his necklace ps from video mv review pirates searching for values that shine like diamonds,know song mingi punchlin ice neck draw line name take dollar upsid necklac video review pirat search valu shine like diamond
5OflOlcHLb8,Only 2k left for Wonderland to reach 136M gooooo,6,2024-11-28T20:58:10Z,ATEEZ_IceOnMyTeeth,True,only k left for wonderland to reach m gooooo,left wonderland reach gooooo
5OflOlcHLb8,Lets move on to 33 million soon! Fighting!,7,2024-11-28T20:56:09Z,ATEEZ_IceOnMyTeeth,True,lets move on to million soon fighting,let move million soon fight
5OflOlcHLb8,I hope they continue in this path,3,2024-11-28T20:29:30Z,ATEEZ_IceOnMyTeeth,True,i hope they continue in this path,hope continu path
5OflOlcHLb8,This mv is so beautiful and well produced,2,2024-11-28T20:29:15Z,ATEEZ_IceOnMyTeeth,True,this mv is so beautiful and well produced,beauti well produc
5OflOlcHLb8,I can’t wait,2,2024-11-28T20:28:59Z,ATEEZ_IceOnMyTeeth,True,i cant wait,cant wait
5OflOlcHLb8,I can feel their performance is going to be crazy,2,2024-11-28T20:28:54Z,ATEEZ_IceOnMyTeeth,True,i can feel their performance is going to be crazy,feel perform go crazi
5OflOlcHLb8,Ateez are going to perform on Saturday at Melon music awards ! Let’s support them,6,2024-11-28T20:28:37Z,ATEEZ_IceOnMyTeeth,True,ateez are going to perform on saturday at melon music awards lets support them,ateez go perform saturday melon music award let support
5OflOlcHLb8,Best K-pop song of the year ❤️‍🔥,4,2024-11-28T20:24:44Z,ATEEZ_IceOnMyTeeth,True,best kpop song of the year,best kpop song year
5OflOlcHLb8,#54 top trending MV,6,2024-11-28T20:18:52Z,ATEEZ_IceOnMyTeeth,True,top trending mv,top trend
5OflOlcHLb8,If you'd like to know about a possible interpretation of IOMT check MV REVIEW Pirates searching for values that shine like diamonds,4,2024-11-28T20:16:24Z,ATEEZ_IceOnMyTeeth,True,if youd like to know about a possible interpretation of iomt check mv review pirates searching for values that shine like diamonds,youd like know possibl interpret iomt check review pirat search valu shine like diamond
5OflOlcHLb8,"Theres something so intruiging about this group. I don't listen to kpop anymore, but they're making me get into it again",8,2024-11-28T20:11:55Z,ATEEZ_IceOnMyTeeth,True,theres something so intruiging about this group i dont listen to kpop anymore but theyre making me get into it again,there someth intruig group dont listen kpop anymor theyr make get
5OflOlcHLb8,Choi San im in love with you,3,2024-11-28T20:10:08Z,ATEEZ_IceOnMyTeeth,True,choi san im in love with you,choi san love
5OflOlcHLb8,Wow!!! You guys are fantastic!!! Congrats!!! 🥰,5,2024-11-28T19:33:28Z,ATEEZ_IceOnMyTeeth,True,wow you guys are fantastic congrats,wow guy fantast congrat
5OflOlcHLb8,EXO-L here to support these amazing boys <3 Kinda reminded me of exo honestly ^^,15,2024-11-28T19:21:45Z,ATEEZ_IceOnMyTeeth,True,exol here to support these amazing boys kinda reminded me of exo honestly,exol support amaz boy kinda remind exo honestli
5OflOlcHLb8,Ateez's mansion,2,2024-11-28T19:15:42Z,ATEEZ_IceOnMyTeeth,True,ateezs mansion,ateez mansion
5OflOlcHLb8,Finally 32M,7,2024-11-28T18:25:45Z,ATEEZ_IceOnMyTeeth,True,finally m,final
5OflOlcHLb8,Yes! Happy 32M🎉,4,2024-11-28T18:16:49Z,ATEEZ_IceOnMyTeeth,True,yes happy m,ye happi
5OflOlcHLb8,"32M and + , We keep moving forward and taking this ship to the right destination, ATEEZ BREAKS THE LIMITS IN A BIG WAY EVERY TIME, cheer up Atiny",14,2024-11-28T18:11:42Z,ATEEZ_IceOnMyTeeth,True,m and we keep moving forward and taking this ship to the right destination ateez breaks the limits in a big way every time cheer up atiny,keep move forward take ship right destin ateez break limit big way everi time cheer atini
5OflOlcHLb8,32 million is almost here!,8,2024-11-28T17:41:41Z,ATEEZ_IceOnMyTeeth,True,million is almost here,million almost
5OflOlcHLb8,This song deserves more likes please. This is a fucking GREAT SONG,8,2024-11-28T17:38:58Z,ATEEZ_IceOnMyTeeth,True,this song deserves more likes please this is a fucking great song,song deserv like pleas fuck great song
5OflOlcHLb8,Carat passing by ~,8,2024-11-28T17:34:38Z,ATEEZ_IceOnMyTeeth,True,carat passing by,carat pass
5OflOlcHLb8,Eyes on my ATEEZ....,2,2024-11-28T17:26:49Z,ATEEZ_IceOnMyTeeth,True,eyes on my ateez,eye ateez
5OflOlcHLb8,"Good night IOMT! 
See you in the morning! <3",5,2024-11-28T17:26:24Z,ATEEZ_IceOnMyTeeth,True,good night iomt see you in the morning,good night iomt see morn
5OflOlcHLb8,This is one of ateez's best mvs ever,10,2024-11-28T17:25:50Z,ATEEZ_IceOnMyTeeth,True,this is one of ateezs best mvs ever,one ateez best mv ever
5OflOlcHLb8,*------Atiny Fighting!!!!!-*,5,2024-11-28T17:24:34Z,ATEEZ_IceOnMyTeeth,True,atiny fighting,atini fight
5OflOlcHLb8,ATEEZ in their Mafia era !,5,2024-11-28T17:23:03Z,ATEEZ_IceOnMyTeeth,True,ateez in their mafia era,ateez mafia era
5OflOlcHLb8,Mannnnn this is the soty,5,2024-11-28T17:20:27Z,ATEEZ_IceOnMyTeeth,True,mannnnn this is the soty,mannnnn soti
5OflOlcHLb8,Who's doing that background vocals. Goes hard asl,5,2024-11-28T17:19:59Z,ATEEZ_IceOnMyTeeth,True,whos doing that background vocals goes hard asl,who background vocal goe hard asl
5OflOlcHLb8,32 million coming soon!,7,2024-11-28T17:19:41Z,ATEEZ_IceOnMyTeeth,True,million coming soon,million come soon
5OflOlcHLb8,Wow. Love this song and the violin sounds sooo cool❤,6,2024-11-28T17:11:13Z,ATEEZ_IceOnMyTeeth,True,wow love this song and the violin sounds sooo cool,wow love song violin sound sooo cool
5OflOlcHLb8,kq know what are the best group they have,3,2024-11-28T17:10:04Z,ATEEZ_IceOnMyTeeth,True,kq know what are the best group they have,know best group
5OflOlcHLb8,"Ice on my teeth❌
Ice om ATEEZ✅",3,2024-11-28T17:01:05Z,ATEEZ_IceOnMyTeeth,True,ice on my teeth ice om ateez,ice teeth ice ateez
5OflOlcHLb8,keep streaming atiny ! <3,7,2024-11-28T16:52:24Z,ATEEZ_IceOnMyTeeth,True,keep streaming atiny,keep stream atini
5OflOlcHLb8,"I mentioned it when the mv came out but I repeat it because even today I can't get over this part 
0:24 *-Yunho hits differently literally-* , I love how he does that movement simulating playing tennis and how he moves, I don't know, I simply LOVE IT!!!.",13,2024-11-28T16:51:25Z,ATEEZ_IceOnMyTeeth,True,i mentioned it when the mv came out but i repeat it because even today i cant get over this part yunho hits differently literally i love how he does that movement simulating playing tennis and how he moves i dont know i simply love it,mention came repeat even today cant get part yunho hit differ liter love movement simul play tenni move dont know simpli love
5OflOlcHLb8,"It's confirmed. Seonghwa has a duck snow shaper. 
Just saw his insta posts. 😊🌟🦆",8,2024-11-28T16:19:04Z,ATEEZ_IceOnMyTeeth,True,its confirmed seonghwa has a duck snow shaper just saw his insta posts,confirm seonghwa duck snow shaper saw insta post
5OflOlcHLb8,san this era is INSANE,6,2024-11-28T16:14:50Z,ATEEZ_IceOnMyTeeth,True,san this era is insane,san era insan
5OflOlcHLb8,"ATEEZ❤
🖤🖤🖤🖤🖤🖤🖤🖤    LA GRANDE CLASSE 💯💢💥👋🫶👍👏👏👏👏👏👏",3,2024-11-28T16:10:22Z,ATEEZ_IceOnMyTeeth,True,ateez la grande classe,ateez grand class
5OflOlcHLb8,"Sorry I'm not their fan, but I want to know who they are?
0:59 and 2:23",8,2024-11-28T15:53:33Z,ATEEZ_IceOnMyTeeth,True,sorry im not their fan but i want to know who they are and,sorri fan want know
5OflOlcHLb8,"938☆
Here from Jongho's Tell Me That You Love Me cover",9,2024-11-28T15:52:04Z,ATEEZ_IceOnMyTeeth,True,here from jonghos tell me that you love me cover,jongho tell love cover
5OflOlcHLb8,"XG are amazing! Kard have more of the fusion, ATEEZ have loads of bangers, bouncy, guerilla fireworks, Taemin is a solo artist from a 2nd gen group called Shinee",3,2024-11-28T15:47:37Z,ATEEZ_IceOnMyTeeth,True,xg are amazing kard have more of the fusion ateez have loads of bangers bouncy guerilla fireworks taemin is a solo artist from a nd gen group called shinee,amaz kard fusion ateez load banger bounci guerilla firework taemin solo artist gen group call shine
5OflOlcHLb8,"THIS DRIPPP THO 
KILLAZ TO MY HEART 💁💁💁",4,2024-11-28T15:42:41Z,ATEEZ_IceOnMyTeeth,True,this drippp tho killaz to my heart,drippp tho killaz heart
5OflOlcHLb8,I think i am gonna stan ateez should i ????,10,2024-11-28T15:40:57Z,ATEEZ_IceOnMyTeeth,True,i think i am gonna stan ateez should i,think gon stan ateez
5OflOlcHLb8,1:47 nd 1:56  names ??,5,2024-11-28T15:34:35Z,ATEEZ_IceOnMyTeeth,True,nd names,name
5OflOlcHLb8,"DAMN I WAS NEVER INTO ATEEZ, BUT I GUESS I AM NOW???!!!!!???",11,2024-11-28T15:31:28Z,ATEEZ_IceOnMyTeeth,True,damn i was never into ateez but i guess i am now,damn never ateez guess
5OflOlcHLb8,"Let's go for those 32M and +, cheer up Atiny",13,2024-11-28T15:30:18Z,ATEEZ_IceOnMyTeeth,True,lets go for those m and cheer up atiny,let cheer atini
5OflOlcHLb8,Your comeback this time made me excited. and felt strange at the same time But of course I really liked it. It's a comeback that I probably liked the most and will like even more,17,2024-11-28T15:15:30Z,ATEEZ_IceOnMyTeeth,True,your comeback this time made me excited and felt strange at the same time but of course i really liked it its a comeback that i probably liked the most and will like even more,comeback time made excit felt strang time cours realli like comeback probabl like like even
5OflOlcHLb8,this song is so good,6,2024-11-28T15:06:58Z,ATEEZ_IceOnMyTeeth,True,this song is so good,song good
5OflOlcHLb8,32M fighting,6,2024-11-28T15:06:40Z,ATEEZ_IceOnMyTeeth,True,m fighting,fight
5OflOlcHLb8,"31.9M

ateez can still win wins",9,2024-11-28T14:58:56Z,ATEEZ_IceOnMyTeeth,True,m ateez can still win wins,ateez still win win
5OflOlcHLb8,ICE ON MY TEETH,6,2024-11-28T14:57:55Z,ATEEZ_IceOnMyTeeth,True,ice on my teeth,ice teeth
5OflOlcHLb8,Carat passing by ~,9,2024-11-28T14:54:30Z,ATEEZ_IceOnMyTeeth,True,carat passing by,carat pass
5OflOlcHLb8,It's giving СЛОВО ПАЦАНА,3,2024-11-28T14:52:46Z,ATEEZ_IceOnMyTeeth,True,its giving,give
5OflOlcHLb8,Almost 2 weeks since this song and MV came out and I am still obsessed !!!!,15,2024-11-28T14:34:56Z,ATEEZ_IceOnMyTeeth,True,almost weeks since this song and mv came out and i am still obsessed,almost week sinc song came still obsess
5OflOlcHLb8,Hongjoong and Yunho winked 😍 They make my heart flutter. ~,15,2024-11-28T14:18:45Z,ATEEZ_IceOnMyTeeth,True,hongjoong and yunho winked they make my heart flutter,hongjoong yunho wink make heart flutter
5OflOlcHLb8,a carat passing by! i have NO idea whats going on w the mv storyline bc idk the lore but this is a crazy good song and am definitely gonna be listening to it a LOT,224,2024-11-28T14:12:11Z,ATEEZ_IceOnMyTeeth,True,a carat passing by i have no idea whats going on w the mv storyline bc idk the lore but this is a crazy good song and am definitely gonna be listening to it a lot,carat pass idea what go storylin idk lore crazi good song definit gon listen lot
5OflOlcHLb8,I mean its a masterpiece alright ❤❤❤,6,2024-11-28T14:09:23Z,ATEEZ_IceOnMyTeeth,True,i mean its a masterpiece alright,mean masterpiec alright
5OflOlcHLb8,They so smooth with it,5,2024-11-28T14:09:19Z,ATEEZ_IceOnMyTeeth,True,they so smooth with it,smooth
5OflOlcHLb8,"Hello❤Atinys
Ice on my teeth🧊
JAM here",10,2024-11-28T14:04:20Z,ATEEZ_IceOnMyTeeth,True,helloatinys ice on my teeth jam here,helloatini ice teeth jam
5OflOlcHLb8,"Baby atinies have you checked their debut songs  Pirate king and Treasure ??? When they had nothing but passion and determination !!! Go and check, you'll see their growth",13,2024-11-28T13:53:10Z,ATEEZ_IceOnMyTeeth,True,baby atinies have you checked their debut songs pirate king and treasure when they had nothing but passion and determination go and check youll see their growth,babi atini check debut song pirat king treasur noth passion determin check youll see growth
5OflOlcHLb8,but the mv is very goooodddd!!!!,5,2024-11-28T13:45:13Z,ATEEZ_IceOnMyTeeth,True,but the mv is very goooodddd,goooodddd
5OflOlcHLb8,emm yunho...is bias wrecking me.. help,5,2024-11-28T13:44:39Z,ATEEZ_IceOnMyTeeth,True,emm yunhois bias wrecking me help,emm yunhoi bia wreck help
5OflOlcHLb8,Violin heaven,5,2024-11-28T13:37:17Z,ATEEZ_IceOnMyTeeth,True,violin heaven,violin heaven
5OflOlcHLb8,Choice back again ♡,7,2024-11-28T13:30:31Z,ATEEZ_IceOnMyTeeth,True,choice back again,choic back
5OflOlcHLb8,"825☆
Here from Wooyoung & Choha's IOMT challenge reel. It has one of the highest, if not the highest, number of views on YT. Wished that people stop being lazy and just find out for themselves who she is (hello! Hashtags exist for a reason. Google is free) and then leave nice comments appropriate for her age. Atinys pls dont be dumb. 😤",9,2024-11-28T13:25:21Z,ATEEZ_IceOnMyTeeth,True,here from wooyoung chohas iomt challenge reel it has one of the highest if not the highest number of views on yt wished that people stop being lazy and just find out for themselves who she is hello hashtags exist for a reason google is free and then leave nice comments appropriate for her age atinys pls dont be dumb,wooyoung choha iomt challeng reel one highest highest number view wish peopl stop lazi find hello hashtag exist reason googl free leav nice comment appropri age atini pl dont dumb
5OflOlcHLb8,Love Ateez so much!!!,6,2024-11-28T13:07:57Z,ATEEZ_IceOnMyTeeth,True,love ateez so much,love ateez much
5OflOlcHLb8,I AM LIVING FOR THIS AESTHETIC 😭 IT MAKES MY CHEST TINGLE,7,2024-11-28T13:01:38Z,ATEEZ_IceOnMyTeeth,True,i am living for this aesthetic it makes my chest tingle,live aesthet make chest tingl
5OflOlcHLb8,Today~Ice on my path~❤,5,2024-11-28T12:39:11Z,ATEEZ_IceOnMyTeeth,True,todayice on my path,todayic path
5OflOlcHLb8,Cub is passing by. Good evening!,7,2024-11-28T12:38:14Z,ATEEZ_IceOnMyTeeth,True,cub is passing by good evening,cub pass good even
5OflOlcHLb8,My white tee :),6,2024-11-28T12:32:19Z,ATEEZ_IceOnMyTeeth,True,my white tee,white tee
5OflOlcHLb8,The best song of ATEEZ in my mind,6,2024-11-28T12:29:02Z,ATEEZ_IceOnMyTeeth,True,the best song of ateez in my mind,best song ateez mind
5OflOlcHLb8,THEY'RE ALWAYS KILLED IT,5,2024-11-28T12:20:53Z,ATEEZ_IceOnMyTeeth,True,theyre always killed it,theyr alway kill
5OflOlcHLb8,I LOVE THE INSTRUMENT,5,2024-11-28T12:19:08Z,ATEEZ_IceOnMyTeeth,True,i love the instrument,love instrument
5OflOlcHLb8,im not fine yall,5,2024-11-28T12:18:45Z,ATEEZ_IceOnMyTeeth,True,im not fine yall,fine yall
5OflOlcHLb8,Happy Thursday! Starting my Thanksgiving with Ateez as the main course. Many thanks to Atiny and friends helping stream IOMT. ♥️🥂,11,2024-11-28T12:16:42Z,ATEEZ_IceOnMyTeeth,True,happy thursday starting my thanksgiving with ateez as the main course many thanks to atiny and friends helping stream iomt,happi thursday start thanksgiv ateez main cours mani thank atini friend help stream iomt
5OflOlcHLb8,Love chocolate too ^^,6,2024-11-28T12:12:29Z,ATEEZ_IceOnMyTeeth,True,love chocolate too,love chocol
5OflOlcHLb8,Hace mucho fríooooo,2,2024-11-28T11:55:51Z,ATEEZ_IceOnMyTeeth,True,hace mucho frooooo,hace mucho frooooo
5OflOlcHLb8,I love very this song ❤,3,2024-11-28T11:49:51Z,ATEEZ_IceOnMyTeeth,True,i love very this song,love song
5OflOlcHLb8,[1:17] ICE ON MY TEETH CENTRE JUNG WOOYOUNG🌡,3,2024-11-28T11:46:50Z,ATEEZ_IceOnMyTeeth,True,ice on my teeth centre jung wooyoung,ice teeth centr jung wooyoung
5OflOlcHLb8,"[2:40] SH!!TT the whispered ""SMACK IT"" AND ""YOU'RE THE ONE I'M TRYING TO FINISH"" with SAN shoulders scene....DAWG!! ATEEZ! 🛐🛐",3,2024-11-28T11:40:47Z,ATEEZ_IceOnMyTeeth,True,shtt the whispered smack it and youre the one im trying to finish with san shoulders scenedawg ateez,shtt whisper smack your one tri finish san shoulder scenedawg ateez
5OflOlcHLb8,[2:50] THE POWER THEY HOLD IS INSANE!,3,2024-11-28T11:35:02Z,ATEEZ_IceOnMyTeeth,True,the power they hold is insane,power hold insan
5OflOlcHLb8,"Ice on my teeth,ice on my tee
Ice on my teeth, on my white tee",3,2024-11-28T11:32:13Z,ATEEZ_IceOnMyTeeth,True,ice on my teethice on my tee ice on my teeth on my white tee,ice teethic tee ice teeth white tee
5OflOlcHLb8,[0:16] NOW THIS IS HOW YOU START A SONG!,4,2024-11-28T11:31:09Z,ATEEZ_IceOnMyTeeth,True,now this is how you start a song,start song
5OflOlcHLb8,"753k
Have a wonderful Thursday, Atiny. Jensetter here!💙
Mantra x Ice On My Teeth",4,2024-11-28T11:22:36Z,ATEEZ_IceOnMyTeeth,True,k have a wonderful thursday atiny jensetter here mantra x ice on my teeth,wonder thursday atini jensett mantra ice teeth
5OflOlcHLb8,Join stationhead for streeming party Atinys🥰,4,2024-11-28T11:17:16Z,ATEEZ_IceOnMyTeeth,True,join stationhead for streeming party atinys,join stationhead streem parti atini
5OflOlcHLb8,"I found out that ATEEZ was a finalist for BBMAs! ✨✨
I v0ted for them ☺❤ (JAM♡）",12,2024-11-28T11:17:16Z,ATEEZ_IceOnMyTeeth,True,i found out that ateez was a finalist for bbmas i vted for them jam,found ateez finalist bbma vted jam
5OflOlcHLb8,THIS MV IS ACTUALLY FANTASTIC & MAGNIFICENT!,3,2024-11-28T11:04:15Z,ATEEZ_IceOnMyTeeth,True,this mv is actually fantastic magnificent,actual fantast magnific
5OflOlcHLb8,Ice on My teeth,3,2024-11-28T10:58:27Z,ATEEZ_IceOnMyTeeth,True,ice on my teeth,ice teeth
5OflOlcHLb8,we are SO back❤❤,3,2024-11-28T10:53:39Z,ATEEZ_IceOnMyTeeth,True,we are so back,back
5OflOlcHLb8,"742☆
Here from today's visit to Leemujin service with San",4,2024-11-28T10:53:33Z,ATEEZ_IceOnMyTeeth,True,here from todays visit to leemujin service with san,today visit leemujin servic san
5OflOlcHLb8,Ateez always having the most stylistically satisfying mvs!,7,2024-11-28T10:45:06Z,ATEEZ_IceOnMyTeeth,True,ateez always having the most stylistically satisfying mvs,ateez alway stylist satisfi mv
5OflOlcHLb8,Loved it ♡♡♡,9,2024-11-28T10:31:14Z,ATEEZ_IceOnMyTeeth,True,loved it,love
5OflOlcHLb8,Love from Greece ❤️,6,2024-11-28T10:18:52Z,ATEEZ_IceOnMyTeeth,True,love from greece,love greec
5OflOlcHLb8,Ok atinys go crazy and tell me about the guy here 0:51,9,2024-11-28T10:14:08Z,ATEEZ_IceOnMyTeeth,True,ok atinys go crazy and tell me about the guy here,atini crazi tell guy
5OflOlcHLb8,"JAM here to get Ice On My Teeth 
JO1 ICY x ATEEZ Ice On My Teeth",7,2024-11-28T10:08:48Z,ATEEZ_IceOnMyTeeth,True,jam here to get ice on my teeth jo icy x ateez ice on my teeth,jam get ice teeth ici ateez ice teeth
5OflOlcHLb8,Let's keep streaming Atiny 💪🔥. Thank you and love you ❤❤,6,2024-11-28T10:03:24Z,ATEEZ_IceOnMyTeeth,True,lets keep streaming atiny thank you and love you,let keep stream atini thank love
5OflOlcHLb8,"visit on snow covered day 
Ice On My Teeth × I like the way 
ATEEZ × Kim Woojin",6,2024-11-28T09:49:04Z,ATEEZ_IceOnMyTeeth,True,visit on snow covered day ice on my teeth i like the way ateez kim woojin,visit snow cover day ice teeth like way ateez kim woojin
5OflOlcHLb8,I have currently contributed to about 500 views out of the 31 million...and there's no stopping me. 😂😂,6,2024-11-28T09:42:19Z,ATEEZ_IceOnMyTeeth,True,i have currently contributed to about views out of the millionand theres no stopping me,current contribut view millionand there stop
5OflOlcHLb8,"Not interested in a love call
Chew 'em up and keep' em shut
Ooooooooo",6,2024-11-28T09:36:12Z,ATEEZ_IceOnMyTeeth,True,not interested in a love call chew em up and keep em shut ooooooooo,interest love call chew keep shut ooooooooo
5OflOlcHLb8,aye #96 global top music,2,2024-11-28T09:24:14Z,ATEEZ_IceOnMyTeeth,True,aye global top music,aye global top music
5OflOlcHLb8,"708☆
Here from Answer ♥︎ 94M --> 100M",4,2024-11-28T09:21:59Z,ATEEZ_IceOnMyTeeth,True,here from answer m m,answer
5OflOlcHLb8,"2:50  note the ""ICE "" in his teeth ?",1,2024-11-28T09:09:45Z,ATEEZ_IceOnMyTeeth,True,note the ice in his teeth,note ice teeth
5OflOlcHLb8,Whoever convinced ateez to sing abt money n dime did a great job,1,2024-11-28T09:05:11Z,ATEEZ_IceOnMyTeeth,True,whoever convinced ateez to sing abt money n dime did a great job,whoever convinc ateez sing abt money dime great job
5OflOlcHLb8,ayyy I'm still here atinys,8,2024-11-28T08:19:26Z,ATEEZ_IceOnMyTeeth,True,ayyy im still here atinys,ayyy still atini
5OflOlcHLb8,Good morning Atinys and friends❤32M coming soon.Have fun while swimming 🥰Fighting!,7,2024-11-28T08:01:03Z,ATEEZ_IceOnMyTeeth,True,good morning atinys and friendsm coming soonhave fun while swimming fighting,good morn atini friendsm come soonhav fun swim fight
5OflOlcHLb8,lawd have mercy- 🔥,3,2024-11-28T07:59:17Z,ATEEZ_IceOnMyTeeth,True,lawd have mercy,lawd merci
5OflOlcHLb8,let’s go atiny!!!❤❤,7,2024-11-28T07:55:01Z,ATEEZ_IceOnMyTeeth,True,lets go atiny,let atini
5OflOlcHLb8,hit that booty and shake it is a violation,3,2024-11-28T07:38:52Z,ATEEZ_IceOnMyTeeth,True,hit that booty and shake it is a violation,hit booti shake violat
5OflOlcHLb8,Yunho really shined in this cb,4,2024-11-28T07:36:39Z,ATEEZ_IceOnMyTeeth,True,yunho really shined in this cb,yunho realli shine
5OflOlcHLb8,Wish everyone a great day :),5,2024-11-28T07:36:08Z,ATEEZ_IceOnMyTeeth,True,wish everyone a great day,wish everyon great day
5OflOlcHLb8,Morning ^^,6,2024-11-28T07:08:27Z,ATEEZ_IceOnMyTeeth,True,morning,morn
5OflOlcHLb8,A work of art very pleasant to both the eye and ear,4,2024-11-28T06:55:29Z,ATEEZ_IceOnMyTeeth,True,a work of art very pleasant to both the eye and ear,work art pleasant eye ear
5OflOlcHLb8,Kq is not good at advertising. Ateez's music gets known because of Ateez and Atinys. Imagine if Kq puts 💯 effort into advertising? That'll be huuggee 😮,2,2024-11-28T06:54:46Z,ATEEZ_IceOnMyTeeth,True,kq is not good at advertising ateezs music gets known because of ateez and atinys imagine if kq puts effort into advertising thatll be huuggee,good advertis ateez music get known ateez atini imagin put effort advertis thatll huugge
5OflOlcHLb8,3:00 Take a bear to work day.,4,2024-11-28T06:34:58Z,ATEEZ_IceOnMyTeeth,True,take a bear to work day,take bear work day
5OflOlcHLb8,Morning!!! Happy Thursday and keep working :),8,2024-11-28T06:25:35Z,ATEEZ_IceOnMyTeeth,True,morning happy thursday and keep working,morn happi thursday keep work
5OflOlcHLb8,I love them. I will keep rooting for Ateez!,4,2024-11-28T06:09:00Z,ATEEZ_IceOnMyTeeth,True,i love them i will keep rooting for ateez,love keep root ateez
5OflOlcHLb8,"I’m always by your side 
Ice on my teeth",5,2024-11-28T05:50:55Z,ATEEZ_IceOnMyTeeth,True,im always by your side ice on my teeth,alway side ice teeth
5OflOlcHLb8,They just get cuntier everybody comeback,5,2024-11-28T05:37:58Z,ATEEZ_IceOnMyTeeth,True,they just get cuntier everybody comeback,get cuntier everybodi comeback
5OflOlcHLb8,That OT8 bridge is crazy!! SO GOOD,8,2024-11-28T05:30:56Z,ATEEZ_IceOnMyTeeth,True,that ot bridge is crazy so good,bridg crazi good
5OflOlcHLb8,-----Again and again here I insist my mind will have to pay rent because it lives 24/7 WITH THIS ANTHEM!!!---,7,2024-11-28T05:16:17Z,ATEEZ_IceOnMyTeeth,True,again and again here i insist my mind will have to pay rent because it lives with this anthem,insist mind pay rent live anthem
5OflOlcHLb8,Let's all have fun today ~!! 💖,6,2024-11-28T05:09:29Z,ATEEZ_IceOnMyTeeth,True,lets all have fun today,let fun today
5OflOlcHLb8,Yeosang is so beautiful it almost hurts,7,2024-11-28T04:57:49Z,ATEEZ_IceOnMyTeeth,True,yeosang is so beautiful it almost hurts,yeosang beauti almost hurt
5OflOlcHLb8,the chess reference is 🤌🤌,5,2024-11-28T04:48:08Z,ATEEZ_IceOnMyTeeth,True,the chess reference is,chess refer
5OflOlcHLb8,The one in black is mine,4,2024-11-28T04:34:18Z,ATEEZ_IceOnMyTeeth,True,the one in black is mine,one black mine
5OflOlcHLb8,Road to 32M let's goooo,8,2024-11-28T04:13:35Z,ATEEZ_IceOnMyTeeth,True,road to m lets goooo,road let goooo
5OflOlcHLb8,RECONTRA LIKE!! TEMAZOOO,4,2024-11-28T04:00:34Z,ATEEZ_IceOnMyTeeth,True,recontra like temazooo,recontra like temazooo
5OflOlcHLb8,GLAM SLAM LIKE TENIS,6,2024-11-28T04:00:18Z,ATEEZ_IceOnMyTeeth,True,glam slam like tenis,glam slam like teni
5OflOlcHLb8,"I'm a moa and I'm giving all my love to this song, congratulations 🌟💯",14,2024-11-28T03:38:29Z,ATEEZ_IceOnMyTeeth,True,im a moa and im giving all my love to this song congratulations,moa give love song congratul
5OflOlcHLb8,Keep streaming ATINY !!! GO GO to 100Milions,8,2024-11-28T03:27:41Z,ATEEZ_IceOnMyTeeth,True,keep streaming atiny go go to milions,keep stream atini milion
5OflOlcHLb8,"Ice On My Teeth, Ice On My Teeth ~",7,2024-11-28T02:58:41Z,ATEEZ_IceOnMyTeeth,True,ice on my teeth ice on my teeth,ice teeth ice teeth
5OflOlcHLb8,Are the views frozen again?? Keep going atiny!,5,2024-11-28T02:52:05Z,ATEEZ_IceOnMyTeeth,True,are the views frozen again keep going atiny,view frozen keep go atini
5OflOlcHLb8,San can defo smack me like that 😏😏😏,7,2024-11-28T02:26:51Z,ATEEZ_IceOnMyTeeth,True,san can defo smack me like that,san defo smack like
5OflOlcHLb8,Asians rapping is so silly to me. It’s like British people rapping. If you take all of the violence and emotion of American rap and made it solely sex appeal you’d have every single male kpop rapper.,4,2024-11-28T02:20:31Z,ATEEZ_IceOnMyTeeth,True,asians rapping is so silly to me its like british people rapping if you take all of the violence and emotion of american rap and made it solely sex appeal youd have every single male kpop rapper,asian rap silli like british peopl rap take violenc emot american rap made sole sex appeal youd everi singl male kpop rapper
5OflOlcHLb8,They deserve 100M 😭💔,13,2024-11-28T02:19:53Z,ATEEZ_IceOnMyTeeth,True,they deserve m,deserv
5OflOlcHLb8,risking my exam prep to stream this.,5,2024-11-28T02:03:14Z,ATEEZ_IceOnMyTeeth,True,risking my exam prep to stream this,risk exam prep stream
5OflOlcHLb8,"Still here, love them",3,2024-11-28T01:48:49Z,ATEEZ_IceOnMyTeeth,True,still here love them,still love
5OflOlcHLb8,32.449 and Rising......,4,2024-11-28T01:47:27Z,ATEEZ_IceOnMyTeeth,True,and rising,rise
5OflOlcHLb8,Back for more,4,2024-11-28T01:14:18Z,ATEEZ_IceOnMyTeeth,True,back for more,back
5OflOlcHLb8,Swimming by CARAT !,8,2024-11-28T00:52:31Z,ATEEZ_IceOnMyTeeth,True,swimming by carat,swim carat
5OflOlcHLb8,"434☆
Good morning!
Rhyming tennis with tennis is okay bc we fishy fishy like 😂",7,2024-11-28T00:50:09Z,ATEEZ_IceOnMyTeeth,True,good morning rhyming tennis with tennis is okay bc we fishy fishy like,good morn rhyme tenni tenni okay fishi fishi like
5OflOlcHLb8,They definitely put their money where their mouth is😁🏴‍☠️,7,2024-11-28T00:49:42Z,ATEEZ_IceOnMyTeeth,True,they definitely put their money where their mouth is,definit put money mouth
5OflOlcHLb8,Back to show support to Ice on my teeth! <3,6,2024-11-28T00:26:42Z,ATEEZ_IceOnMyTeeth,True,back to show support to ice on my teeth,back show support ice teeth
5OflOlcHLb8,"CONGRATULATIONS 31M 🎊 
LET'S GO ATINY!!!
ICE ON MY TEETH ~",2,2024-11-28T00:26:34Z,ATEEZ_IceOnMyTeeth,True,congratulations m lets go atiny ice on my teeth,congratul let atini ice teeth
5OflOlcHLb8,It's never enough when it comes to these 8 pirates,4,2024-11-28T00:24:17Z,ATEEZ_IceOnMyTeeth,True,its never enough when it comes to these pirates,never enough come pirat
5OflOlcHLb8,first KATSEYE and now ATEEZ?? what did the chandeliers do to y'all?,1,2024-11-28T00:16:46Z,ATEEZ_IceOnMyTeeth,True,first katseye and now ateez what did the chandeliers do to yall,first katsey ateez chandeli yall
5OflOlcHLb8,the day (i think) i become atiny,2,2024-11-28T00:08:58Z,ATEEZ_IceOnMyTeeth,True,the day i think i become atiny,day think becom atini
5OflOlcHLb8,Morning Atiny. Still vote for Ice On My Teeth 1st Win and success. Support our gorgeous Pirate Kings Ateez till the end. Gajja!!!,9,2024-11-27T23:48:07Z,ATEEZ_IceOnMyTeeth,True,morning atiny still vote for ice on my teeth st win and success support our gorgeous pirate kings ateez till the end gajja,morn atini still vote ice teeth win success support gorgeou pirat king ateez till end gajja
5OflOlcHLb8,"I'm so happy they sing in their lower register, I love deep voices that's why I prefer boy groups",28,2024-11-27T22:42:04Z,ATEEZ_IceOnMyTeeth,True,im so happy they sing in their lower register i love deep voices thats why i prefer boy groups,happi sing lower regist love deep voic that prefer boy group
5OflOlcHLb8,"Even down to the beat 

Please I'm in love with this song literally 🤩",7,2024-11-27T22:37:51Z,ATEEZ_IceOnMyTeeth,True,even down to the beat please im in love with this song literally,even beat pleas love song liter
5OflOlcHLb8,"Speechless 😶 



Dammmmmmmnnnnnnnnnn❤❤❤❤❤

This is the first ateez mv that forced me to comment and even look for it on YouTube like seriously Damn❤

Please keep this up I love the mv and song every thing 😻",4,2024-11-27T22:36:26Z,ATEEZ_IceOnMyTeeth,True,speechless dammmmmmmnnnnnnnnnn this is the first ateez mv that forced me to comment and even look for it on youtube like seriously damn please keep this up i love the mv and song every thing,speechless dammmmmmmnnnnnnnnnn first ateez forc comment even look youtub like serious damn pleas keep love song everi thing
5OflOlcHLb8,Who's watching this in 2024?,4,2024-11-27T22:24:26Z,ATEEZ_IceOnMyTeeth,True,whos watching this in,who watch
5OflOlcHLb8,Wonderland & Work close to the next million :),4,2024-11-27T22:19:45Z,ATEEZ_IceOnMyTeeth,True,wonderland work close to the next million,wonderland work close next million
5OflOlcHLb8,"Finally, a company placed advertisements on it. You should have done this while returning",5,2024-11-27T22:15:56Z,ATEEZ_IceOnMyTeeth,True,finally a company placed advertisements on it you should have done this while returning,final compani place advertis done return
5OflOlcHLb8,I kinda wished they had another music video made for one of the b-sides in this album- Man on Fire for example -just imagine the choreography for that track <3,7,2024-11-27T22:08:28Z,ATEEZ_IceOnMyTeeth,True,i kinda wished they had another music video made for one of the bsides in this album man on fire for example just imagine the choreography for that track,kinda wish anoth music video made one bside album man fire exampl imagin choreographi track
5OflOlcHLb8,Last time around today.See you again tomorrow.Let`s keep up the good work❤Good night😊,4,2024-11-27T22:02:46Z,ATEEZ_IceOnMyTeeth,True,last time around todaysee you again tomorrowlets keep up the good workgood night,last time around todayse tomorrowlet keep good workgood night
5OflOlcHLb8,Haters are back,3,2024-11-27T21:46:22Z,ATEEZ_IceOnMyTeeth,True,haters are back,hater back
5OflOlcHLb8,"My god...face, hair, the song! Aghases show up!🎉❤",3,2024-11-27T21:42:02Z,ATEEZ_IceOnMyTeeth,True,my godface hair the song aghases show up,godfac hair song aghas show
5OflOlcHLb8,Yooo ATEEZ are at #1 on *BILLBOARD ARTIST 100* 😭😭😭✋🎉🎉🎉🎉 I AM CRYING BYEE,11,2024-11-27T21:37:08Z,ATEEZ_IceOnMyTeeth,True,yooo ateez are at on billboard artist i am crying byee,yooo ateez billboard artist cri byee
5OflOlcHLb8,My heart stopped here ❤️‍🔥2:35,4,2024-11-27T21:28:18Z,ATEEZ_IceOnMyTeeth,True,my heart stopped here,heart stop
5OflOlcHLb8,Your joking this song is released on my birthday 😮❤,6,2024-11-27T20:58:24Z,ATEEZ_IceOnMyTeeth,True,your joking this song is released on my birthday,joke song releas birthday
5OflOlcHLb8,"You're the one I'm tryna finish>>>3 







As we are alive?
They totally did",4,2024-11-27T20:58:23Z,ATEEZ_IceOnMyTeeth,True,youre the one im tryna finish as we are alive they totally did,your one tryna finish aliv total
5OflOlcHLb8,"You're the one I'm tryna finish>>>3 







As we are alive?
They totally did",3,2024-11-27T20:57:35Z,ATEEZ_IceOnMyTeeth,True,youre the one im tryna finish as we are alive they totally did,your one tryna finish aliv total
5OflOlcHLb8,Who's watching this in 2024?,3,2024-11-27T20:55:07Z,ATEEZ_IceOnMyTeeth,True,whos watching this in,who watch
5OflOlcHLb8,This mv is so beautiful,4,2024-11-27T20:49:50Z,ATEEZ_IceOnMyTeeth,True,this mv is so beautiful,beauti
5OflOlcHLb8,The ending is amazing,5,2024-11-27T20:49:43Z,ATEEZ_IceOnMyTeeth,True,the ending is amazing,end amaz
5OflOlcHLb8,They are so cool,4,2024-11-27T20:49:28Z,ATEEZ_IceOnMyTeeth,True,they are so cool,cool
5OflOlcHLb8,"I’m totally obsessed by this MV. The song, the flow, the rythm, their stunning visuals and the so synchro dance. Everything is so cool and I don’t give a damn about the lyrics, cause i’m french and didn’t understood anything 😂",30,2024-11-27T20:37:54Z,ATEEZ_IceOnMyTeeth,True,im totally obsessed by this mv the song the flow the rythm their stunning visuals and the so synchro dance everything is so cool and i dont give a damn about the lyrics cause im french and didnt understood anything,total obsess song flow rythm stun visual synchro danc everyth cool dont give damn lyric caus french didnt understood anyth
5OflOlcHLb8,Make it rain,4,2024-11-27T20:28:37Z,ATEEZ_IceOnMyTeeth,True,make it rain,make rain
5OflOlcHLb8,"This whole MV has me on my knees, this song is being on repeat since it came out GOOD LORD",71,2024-11-27T20:25:34Z,ATEEZ_IceOnMyTeeth,True,this whole mv has me on my knees this song is being on repeat since it came out good lord,whole knee song repeat sinc came good lord
5OflOlcHLb8,Lets move on to 32 million soon! Fighting!,12,2024-11-27T20:12:22Z,ATEEZ_IceOnMyTeeth,True,lets move on to million soon fighting,let move million soon fight
5OflOlcHLb8,OMG.I really love this song 😭🙏🏻,9,2024-11-27T20:09:55Z,ATEEZ_IceOnMyTeeth,True,omgi really love this song,omgi realli love song
5OflOlcHLb8,"---I hope you win, we have to unite, come on Atiny, if possible, every grain of sand counts----- .",5,2024-11-27T20:03:24Z,ATEEZ_IceOnMyTeeth,True,i hope you win we have to unite come on atiny if possible every grain of sand counts,hope win unit come atini possibl everi grain sand count
5OflOlcHLb8,"A complete 10/10 videography! Loved the song, the beats, dance, their style, video aesthetic - everything is on point",11,2024-11-27T19:49:55Z,ATEEZ_IceOnMyTeeth,True,a complete videography loved the song the beats dance their style video aesthetic everything is on point,complet videographi love song beat danc style video aesthet everyth point
5OflOlcHLb8,Fighting,6,2024-11-27T19:36:59Z,ATEEZ_IceOnMyTeeth,True,fighting,fight
5OflOlcHLb8,We can win this,6,2024-11-27T19:36:55Z,ATEEZ_IceOnMyTeeth,True,we can win this,win
5OflOlcHLb8,Vote on mubeat for music core !!,6,2024-11-27T19:36:45Z,ATEEZ_IceOnMyTeeth,True,vote on mubeat for music core,vote mubeat music core
5OflOlcHLb8,"When Mingi says chocolate, why do I think of the song ""Work"" while dressing like Willy Wonka? 😂❤",4,2024-11-27T19:25:59Z,ATEEZ_IceOnMyTeeth,True,when mingi says chocolate why do i think of the song work while dressing like willy wonka,mingi say chocol think song work dress like willi wonka
5OflOlcHLb8,It’s crazy because when finish this video and then go to another ateez video but the universe said I’m not finished listening to this song so I gotta do what the God say and listen to this song another 300 times,9,2024-11-27T18:51:01Z,ATEEZ_IceOnMyTeeth,True,its crazy because when finish this video and then go to another ateez video but the universe said im not finished listening to this song so i gotta do what the god say and listen to this song another times,crazi finish video anoth ateez video univers said finish listen song got god say listen song anoth time
5OflOlcHLb8,keep yunho opening ateez songs always because he amazing,5,2024-11-27T18:31:55Z,ATEEZ_IceOnMyTeeth,True,keep yunho opening ateez songs always because he amazing,keep yunho open ateez song alway amaz
5OflOlcHLb8,This is such an ear worm I love it,4,2024-11-27T18:26:30Z,ATEEZ_IceOnMyTeeth,True,this is such an ear worm i love it,ear worm love
5OflOlcHLb8,"Good Night, See ya' in morning ♡",7,2024-11-27T18:14:59Z,ATEEZ_IceOnMyTeeth,True,good night see ya in morning,good night see morn
5OflOlcHLb8,Fantasy entering Atiny airspace! 💫,3,2024-11-27T18:08:05Z,ATEEZ_IceOnMyTeeth,True,fantasy entering atiny airspace,fantasi enter atini airspac
5OflOlcHLb8,I just don't have words to describe how do I feel about this song is just so PERFECT!,6,2024-11-27T17:51:00Z,ATEEZ_IceOnMyTeeth,True,i just dont have words to describe how do i feel about this song is just so perfect,dont word describ feel song perfect
5OflOlcHLb8,"Here supporting the pirates with everything possible, cheer up Atiny",12,2024-11-27T17:40:43Z,ATEEZ_IceOnMyTeeth,True,here supporting the pirates with everything possible cheer up atiny,support pirat everyth possibl cheer atini
5OflOlcHLb8,atiny please dont support the ai fancalls! <33,2,2024-11-27T17:37:32Z,ATEEZ_IceOnMyTeeth,True,atiny please dont support the ai fancalls,atini pleas dont support fancal
5OflOlcHLb8,MINGI GUAPO ♡♡♡ ICE ON MY TEETH,1,2024-11-27T17:36:26Z,ATEEZ_IceOnMyTeeth,True,mingi guapo ice on my teeth,mingi guapo ice teeth
5OflOlcHLb8,"cried watching this masterpiece, love u ateez",3,2024-11-27T17:35:36Z,ATEEZ_IceOnMyTeeth,True,cried watching this masterpiece love u ateez,cri watch masterpiec love ateez
5OflOlcHLb8,31 261... Enough!,0,2024-11-27T17:22:40Z,ATEEZ_IceOnMyTeeth,True,enough,enough
5OflOlcHLb8,I bought diamonds at my dentist ~,2,2024-11-27T17:13:15Z,ATEEZ_IceOnMyTeeth,True,i bought diamonds at my dentist,bought diamond dentist
5OflOlcHLb8,It’s good man,1,2024-11-27T16:52:28Z,ATEEZ_IceOnMyTeeth,True,its good man,good man
5OflOlcHLb8,It’s good man🎉,0,2024-11-27T16:51:48Z,ATEEZ_IceOnMyTeeth,True,its good man,good man
5OflOlcHLb8,missed opportunity coulda put them on some grill,0,2024-11-27T16:49:46Z,ATEEZ_IceOnMyTeeth,True,missed opportunity coulda put them on some grill,miss opportun coulda put grill
5OflOlcHLb8,"❤❤❤❤❤❤ lots of love from India

Love u ateez ❤❤❤",1,2024-11-27T16:45:20Z,ATEEZ_IceOnMyTeeth,True,lots of love from india love u ateez,lot love india love ateez
5OflOlcHLb8,Please atiny vote on mubeat,2,2024-11-27T16:43:22Z,ATEEZ_IceOnMyTeeth,True,please atiny vote on mubeat,pleas atini vote mubeat
5OflOlcHLb8,"Plz tell me ""you're the one i'm tryna finish""  It means?? I'm sorry....i don't get it🙏",0,2024-11-27T16:41:21Z,ATEEZ_IceOnMyTeeth,True,plz tell me youre the one im tryna finish it means im sorryi dont get it,plz tell your one tryna finish mean sorryi dont get
5OflOlcHLb8,My ateez,0,2024-11-27T16:37:15Z,ATEEZ_IceOnMyTeeth,True,my ateez,ateez
5OflOlcHLb8,We are doing great with the mv ;),1,2024-11-27T16:33:48Z,ATEEZ_IceOnMyTeeth,True,we are doing great with the mv,great
5OflOlcHLb8,Let’s give them at least one win this comeback !,1,2024-11-27T16:33:31Z,ATEEZ_IceOnMyTeeth,True,lets give them at least one win this comeback,let give least one win comeback
5OflOlcHLb8,Atinys please help us vote on mubeat for music core !! We need you,2,2024-11-27T16:33:19Z,ATEEZ_IceOnMyTeeth,True,atinys please help us vote on mubeat for music core we need you,atini pleas help vote mubeat music core need
5OflOlcHLb8,I love the mv so much,1,2024-11-27T16:33:02Z,ATEEZ_IceOnMyTeeth,True,i love the mv so much,love much
5OflOlcHLb8,Catchy song,1,2024-11-27T16:32:56Z,ATEEZ_IceOnMyTeeth,True,catchy song,catchi song
5OflOlcHLb8,"THE BEST FK MV EVER, LOVE THIS¡¡¡¡¡¡¡¡¡¡¡¡¡!!!!!!!!!!!!",0,2024-11-27T16:32:51Z,ATEEZ_IceOnMyTeeth,True,the best fk mv ever love this,best ever love
5OflOlcHLb8,Carat passing by ~,5,2024-11-27T16:05:23Z,ATEEZ_IceOnMyTeeth,True,carat passing by,carat pass
5OflOlcHLb8,theyre crazy good,6,2024-11-27T15:54:13Z,ATEEZ_IceOnMyTeeth,True,theyre crazy good,theyr crazi good
5OflOlcHLb8,Koreans have finally entered their trill era. #paulwall,2,2024-11-27T15:47:25Z,ATEEZ_IceOnMyTeeth,True,koreans have finally entered their trill era,korean final enter trill era
5OflOlcHLb8,"215k
Fighting ♡",5,2024-11-27T15:40:09Z,ATEEZ_IceOnMyTeeth,True,k fighting,fight
5OflOlcHLb8,Wow just as expected from ateez 🫶 seonghwa part really choked me fr  😳,3,2024-11-27T15:35:15Z,ATEEZ_IceOnMyTeeth,True,wow just as expected from ateez seonghwa part really choked me fr,wow expect ateez seonghwa part realli choke
5OflOlcHLb8,Terngiang ngiang ice on my teeth..,2,2024-11-27T15:32:13Z,ATEEZ_IceOnMyTeeth,True,terngiang ngiang ice on my teeth,terngiang ngiang ice teeth
5OflOlcHLb8,Why is this video 10hours long🥵😩,2,2024-11-27T15:24:54Z,ATEEZ_IceOnMyTeeth,True,why is this video hours long,video hour long
5OflOlcHLb8,If you can still get the album please buy in person! We’re free falling off the BB chart,4,2024-11-27T15:13:22Z,ATEEZ_IceOnMyTeeth,True,if you can still get the album please buy in person were free falling off the bb chart,still get album pleas buy person free fall chart
5OflOlcHLb8,hi boss dito n nmn em,2,2024-11-27T14:36:59Z,ATEEZ_IceOnMyTeeth,True,hi boss dito n nmn em,boss dito nmn
5OflOlcHLb8,Love it no no like love this no no iam obsessed with this ✨,2,2024-11-27T14:29:53Z,ATEEZ_IceOnMyTeeth,True,love it no no like love this no no iam obsessed with this,love like love iam obsess
5OflOlcHLb8,Why i cannot watch only this song in Russia???,2,2024-11-27T14:23:59Z,ATEEZ_IceOnMyTeeth,True,why i cannot watch only this song in russia,watch song russia
5OflOlcHLb8,but ateez the best 🧡🎻,2,2024-11-27T14:21:53Z,ATEEZ_IceOnMyTeeth,True,but ateez the best,ateez best
5OflOlcHLb8,PLEASE ATINY VOTE FOR ATEEZ'S ATINY FOR TOP KPOP FAN ARMY POLLS  ON BBMAs please please vote there !!!!,5,2024-11-27T14:16:46Z,ATEEZ_IceOnMyTeeth,True,please atiny vote for ateezs atiny for top kpop fan army polls on bbmas please please vote there,pleas atini vote ateez atini top kpop fan armi poll bbma pleas pleas vote
5OflOlcHLb8,bro they look like mafias,2,2024-11-27T13:59:02Z,ATEEZ_IceOnMyTeeth,True,bro they look like mafias,bro look like mafia
5OflOlcHLb8,"Good night❤Atinys
Thank you for all your support😊
JAM here",6,2024-11-27T13:58:19Z,ATEEZ_IceOnMyTeeth,True,good nightatinys thank you for all your support jam here,good nightatini thank support jam
5OflOlcHLb8,I'm not Atiny but the vibe got me here. It's so good it's the vibe yeah 🎉❤👍,10,2024-11-27T13:36:13Z,ATEEZ_IceOnMyTeeth,True,im not atiny but the vibe got me here its so good its the vibe yeah,atini vibe got good vibe yeah
5OflOlcHLb8,"As dentist assistant, the part ""i bought diamonds  at my dentist "" I agree  with cause getting  thouse is really really expensive 😂😂😂😂😂😂😂",3,2024-11-27T13:29:39Z,ATEEZ_IceOnMyTeeth,True,as dentist assistant the part i bought diamonds at my dentist i agree with cause getting thouse is really really expensive,dentist assist part bought diamond dentist agre caus get thous realli realli expens
5OflOlcHLb8,I like the ballet,3,2024-11-27T13:29:28Z,ATEEZ_IceOnMyTeeth,True,i like the ballet,like ballet
5OflOlcHLb8,"I watched a reaction by 2 Korean girls (they have English subs) , I really liked their reaction but mentioned they didn't know Ateez had debuted 6 years ago because they had never heard of them before Bouncy. So I thought if we visited their channel and asked them to react to their Killing voice maybe more Korean people would get to know about them. It's just a thought. In case you want to see their reaction the channel is MUMUTO .",7,2024-11-27T13:10:34Z,ATEEZ_IceOnMyTeeth,True,i watched a reaction by korean girls they have english subs i really liked their reaction but mentioned they didnt know ateez had debuted years ago because they had never heard of them before bouncy so i thought if we visited their channel and asked them to react to their killing voice maybe more korean people would get to know about them its just a thought in case you want to see their reaction the channel is mumuto,watch reaction korean girl english sub realli like reaction mention didnt know ateez debut year ago never heard bounci thought visit channel ask react kill voic mayb korean peopl would get know thought case want see reaction channel mumuto
5OflOlcHLb8,Omg I love you all 😅😢🎉❤,3,2024-11-27T13:09:06Z,ATEEZ_IceOnMyTeeth,True,omg i love you all,omg love
5OflOlcHLb8,"Wow, 'Ice on my teeth' is one of the best solo amazing 😍 K-pop (ATEEJ) I love it.🎉💓♥️❤️😍",4,2024-11-27T13:06:30Z,ATEEZ_IceOnMyTeeth,True,wow ice on my teeth is one of the best solo amazing kpop ateej i love it,wow ice teeth one best solo amaz kpop ateej love
5OflOlcHLb8,YESSSS THE LEADER IS BACK 💚🐥🔥,4,2024-11-27T12:58:00Z,ATEEZ_IceOnMyTeeth,True,yessss the leader is back,yessss leader back
5OflOlcHLb8,Nice song love it,4,2024-11-27T12:48:28Z,ATEEZ_IceOnMyTeeth,True,nice song love it,nice song love
5OflOlcHLb8,"As a hip hop lover, rhyming tennis with tennis is LAZY!!! Its such a good song and the chorus rhyme scheme needs to match that! Great visuals as always though 🤌👍",5,2024-11-27T12:47:06Z,ATEEZ_IceOnMyTeeth,True,as a hip hop lover rhyming tennis with tennis is lazy its such a good song and the chorus rhyme scheme needs to match that great visuals as always though,hip hop lover rhyme tenni tenni lazi good song choru rhyme scheme need match great visual alway though
5OflOlcHLb8,Good morning and yay 31 million!,9,2024-11-27T12:46:09Z,ATEEZ_IceOnMyTeeth,True,good morning and yay million,good morn yay million
5OflOlcHLb8,ateez what's 4+4?,6,2024-11-27T12:35:59Z,ATEEZ_IceOnMyTeeth,True,ateez whats,ateez what
5OflOlcHLb8,"111k. Happy 31million!🎊
Have a beautiful Wednesday, Atiny. Jensetter here!💙
Mantra x Ice On My Teeth",5,2024-11-27T12:29:21Z,ATEEZ_IceOnMyTeeth,True,k happy million have a beautiful wednesday atiny jensetter here mantra x ice on my teeth,happi million beauti wednesday atini jensett mantra ice teeth
5OflOlcHLb8,"People keep searching for lucinta luna in the comments. 🤭
Someone did a pirate work by making an edit of her and this mv, lured everyone here.
P.S. Indonesian atiny, my respects to you. 😸",5,2024-11-27T12:24:36Z,ATEEZ_IceOnMyTeeth,True,people keep searching for lucinta luna in the comments someone did a pirate work by making an edit of her and this mv lured everyone here ps indonesian atiny my respects to you,peopl keep search lucinta luna comment someon pirat work make edit lure everyon indonesian atini respect
5OflOlcHLb8,"Have a great day, Atiny! Choice here :)",3,2024-11-27T12:23:26Z,ATEEZ_IceOnMyTeeth,True,have a great day atiny choice here,great day atini choic
5OflOlcHLb8,SANNNN ITS BEEN 2 WEEKSSS WHAT IM STILL ATTACEHDJDKNDKSJ,2,2024-11-27T12:15:47Z,ATEEZ_IceOnMyTeeth,True,sannnn its been weeksss what im still attacehdjdkndksj,sannnn weeksss still attacehdjdkndksj
5OflOlcHLb8,"What's the cutest thing you saw today?
Video of IOMT mansion made with animal crossing. 😊",5,2024-11-27T12:12:54Z,ATEEZ_IceOnMyTeeth,True,whats the cutest thing you saw today video of iomt mansion made with animal crossing,what cutest thing saw today video iomt mansion made anim cross
5OflOlcHLb8,"FANTASY comes to check if the diamonds are still in place. Have a great day, ATINY friends.
🎶ICE ON MY TEETH x DWBH🎶
ATEEZ x SF9",4,2024-11-27T12:09:14Z,ATEEZ_IceOnMyTeeth,True,fantasy comes to check if the diamonds are still in place have a great day atiny friends ice on my teeth x dwbh ateez x sf,fantasi come check diamond still place great day atini friend ice teeth dwbh ateez
5OflOlcHLb8,Ice on my teeth ❤,3,2024-11-27T11:45:20Z,ATEEZ_IceOnMyTeeth,True,ice on my teeth,ice teeth
5OflOlcHLb8,Ohhhh so hot😮,3,2024-11-27T11:44:29Z,ATEEZ_IceOnMyTeeth,True,ohhhh so hot,ohhhh hot
5OflOlcHLb8,I’M OBSESSED,2,2024-11-27T11:34:00Z,ATEEZ_IceOnMyTeeth,True,im obsessed,obsess
5OflOlcHLb8,Kpop Peaky Blinders ahh vibe,4,2024-11-27T11:31:21Z,ATEEZ_IceOnMyTeeth,True,kpop peaky blinders ahh vibe,kpop peaki blinder ahh vibe
5OflOlcHLb8,I need another like button. I would like to press it million times ❤❤❤,8,2024-11-27T11:13:57Z,ATEEZ_IceOnMyTeeth,True,i need another like button i would like to press it million times,need anoth like button would like press million time
5OflOlcHLb8,"What a refreshing concept.

Bad boys ❌
Villainous mafia CEO ✅

Need to see more mature Men concepts in K-pop",4,2024-11-27T11:11:07Z,ATEEZ_IceOnMyTeeth,True,what a refreshing concept bad boys villainous mafia ceo need to see more mature men concepts in kpop,refresh concept bad boy villain mafia ceo need see matur men concept kpop
5OflOlcHLb8,"31M! Congrats! Atinys🎉
So addictive ❤ (JAM♡）",9,2024-11-27T11:05:46Z,ATEEZ_IceOnMyTeeth,True,m congrats atinys so addictive jam,congrat atini addict jam
5OflOlcHLb8,It is a crime that we don't have a studio choom version of this,7,2024-11-27T11:01:30Z,ATEEZ_IceOnMyTeeth,True,it is a crime that we dont have a studio choom version of this,crime dont studio choom version
5OflOlcHLb8,They have the best vocals and rap line❤️🔥,3,2024-11-27T10:54:35Z,ATEEZ_IceOnMyTeeth,True,they have the best vocals and rap line,best vocal rap line
5OflOlcHLb8,"Carat right heree>_<

Ateez 'Ice On My Teeth' x Seventeen 'Love Money Fame'",9,2024-11-27T10:53:39Z,ATEEZ_IceOnMyTeeth,True,carat right heree ateez ice on my teeth x seventeen love money fame,carat right here ateez ice teeth seventeen love money fame
5OflOlcHLb8,"GUYS GET ON MUBEAT NOW, WIDEN THE GAP MORE!!! GOGOGO!!",8,2024-11-27T10:52:16Z,ATEEZ_IceOnMyTeeth,True,guys get on mubeat now widen the gap more gogogo,guy get mubeat widen gap gogogo
5OflOlcHLb8,Join ststionhead Atinys for streeming party🥰,5,2024-11-27T10:46:03Z,ATEEZ_IceOnMyTeeth,True,join ststionhead atinys for streeming party,join ststionhead atini streem parti
5OflOlcHLb8,Swimming by CARAT !,7,2024-11-27T10:45:30Z,ATEEZ_IceOnMyTeeth,True,swimming by carat,swim carat
5OflOlcHLb8,"Don't forget to visit Answer, only 6M left for 100M :)",9,2024-11-27T10:40:36Z,ATEEZ_IceOnMyTeeth,True,dont forget to visit answer only m left for m,dont forget visit answer left
5OflOlcHLb8,Eat more chocolate according to Mingi 😂,7,2024-11-27T10:13:33Z,ATEEZ_IceOnMyTeeth,True,eat more chocolate according to mingi,eat chocol accord mingi
5OflOlcHLb8,Their visuals for this comeback just crazily good❤ happy 31M🎉,20,2024-11-27T10:13:22Z,ATEEZ_IceOnMyTeeth,True,their visuals for this comeback just crazily good happy m,visual comeback crazili good happi
5OflOlcHLb8,Eyes on Hong Joong's white teeth 🪥😂,5,2024-11-27T10:12:54Z,ATEEZ_IceOnMyTeeth,True,eyes on hong joongs white teeth,eye hong joong white teeth
5OflOlcHLb8,Swing by Answer ❤,6,2024-11-27T10:11:58Z,ATEEZ_IceOnMyTeeth,True,swing by answer,swing answer
5OflOlcHLb8,Yall i can proudly say that I am probably 100 of the 31 million views on this mv. In the spirit of thanksgiving...  i am very grateful for this piece of art lol,55,2024-11-27T10:05:24Z,ATEEZ_IceOnMyTeeth,True,yall i can proudly say that i am probably of the million views on this mv in the spirit of thanksgiving i am very grateful for this piece of art lol,yall proudli say probabl million view spirit thanksgiv grate piec art lol
5OflOlcHLb8,"Congrats on 31M
Ice On My Teeth × What U say 
ATEEZ × Kim Woojin",7,2024-11-27T10:03:28Z,ATEEZ_IceOnMyTeeth,True,congrats on m ice on my teeth what u say ateez kim woojin,congrat ice teeth say ateez kim woojin
5OflOlcHLb8,CONTINUE UNTIL THE END,4,2024-11-27T09:48:54Z,ATEEZ_IceOnMyTeeth,True,continue until the end,continu end
5OflOlcHLb8,cant get it out of my head😅 ❤❤,3,2024-11-27T09:39:42Z,ATEEZ_IceOnMyTeeth,True,cant get it out of my head,cant get head
5OflOlcHLb8,its like chocolate??? they so purposely gave that TO MINGIIII😭❤,4,2024-11-27T09:25:43Z,ATEEZ_IceOnMyTeeth,True,its like chocolate they so purposely gave that to mingiiii,like chocol purpos gave mingiiii
5OflOlcHLb8,Mubeat voting music core ongoing 🏃🏻‍♀️,5,2024-11-27T09:19:11Z,ATEEZ_IceOnMyTeeth,True,mubeat voting music core ongoing,mubeat vote music core ongo
5OflOlcHLb8,Morning!!! Let's do our best today too :),7,2024-11-27T09:06:34Z,ATEEZ_IceOnMyTeeth,True,morning lets do our best today too,morn let best today
5OflOlcHLb8,little by little Ateez will get there,8,2024-11-27T09:01:08Z,ATEEZ_IceOnMyTeeth,True,little by little ateez will get there,littl littl ateez get
5OflOlcHLb8,"""Ice On My Teeth, Ice On My Teeth for my white tee"" we say in unison☝",5,2024-11-27T08:59:04Z,ATEEZ_IceOnMyTeeth,True,ice on my teeth ice on my teeth for my white tee we say in unison,ice teeth ice teeth white tee say unison
5OflOlcHLb8,Hello atiny! Midzy here to support!! Let's get 32M!!! Ice on my teeth x gold!!,6,2024-11-27T08:54:44Z,ATEEZ_IceOnMyTeeth,True,hello atiny midzy here to support lets get m ice on my teeth x gold,hello atini midzi support let get ice teeth gold
5OflOlcHLb8,Ateez won the Music Bank Pre voting. I hope they'll receive their 1st ever win for this comeback this coming Friday.,73,2024-11-27T08:54:44Z,ATEEZ_IceOnMyTeeth,True,ateez won the music bank pre voting i hope theyll receive their st ever win for this comeback this coming friday,ateez music bank pre vote hope theyll receiv ever win comeback come friday
5OflOlcHLb8,Good morning Atinys and friends❤Wish you all a wounderful wednesday❤,4,2024-11-27T08:54:35Z,ATEEZ_IceOnMyTeeth,True,good morning atinys and friendswish you all a wounderful wednesday,good morn atini friendswish wounder wednesday
5OflOlcHLb8,3:17 San why that look SCARES me?🙂🙂🙂🙂,0,2024-11-27T08:35:23Z,ATEEZ_IceOnMyTeeth,True,san why that look scares me,san look scare
0P0aQreFs8w,The only bad thing about the song is that it doesn't last long ༎ຶ⁠‿⁠༎ຶ,5,2024-08-01T23:55:56Z,StrayKids_ChkChkBoom,True,the only bad thing about the song is that it doesnt last long,bad thing song doesnt last long
0P0aQreFs8w,i keep coming back to this music video literally changed lives,19,2024-08-01T23:54:01Z,StrayKids_ChkChkBoom,True,i keep coming back to this music video literally changed lives,keep come back music video liter chang live
0P0aQreFs8w,My sister showed me this mv yesterday I didn't watch it but I been listening to it since it came out. I was in for a world of happiness. Seeing Ryan and Hugh be in a Stray Kids mv is just wholesome because of the friendship  through sns.,169,2024-08-01T23:41:10Z,StrayKids_ChkChkBoom,True,my sister showed me this mv yesterday i didnt watch it but i been listening to it since it came out i was in for a world of happiness seeing ryan and hugh be in a stray kids mv is just wholesome because of the friendship through sns,sister show yesterday didnt watch listen sinc came world happi see ryan hugh stray kid wholesom friendship sn
0P0aQreFs8w,"everyone try searching ""stray kids"" in google theres a new feature!!!!",4,2024-08-01T23:38:02Z,StrayKids_ChkChkBoom,True,everyone try searching stray kids in google theres a new feature,everyon tri search stray kid googl there new featur
0P0aQreFs8w,Love you changbin!!!! 🐷🐖💗💗💗,2,2024-08-01T23:36:08Z,StrayKids_ChkChkBoom,True,love you changbin,love changbin
0P0aQreFs8w,HAPPY BIRTHDAY STAY!!!!!! I'M PROUD OF YOU,7,2024-08-01T23:22:15Z,StrayKids_ChkChkBoom,True,happy birthday stay im proud of you,happi birthday stay proud
0P0aQreFs8w,"It's so sad that I only discovered them now for me. I heard a few songs in the past, but I fell in love with them with Ate.
I feel a bit sad because I lost so much time and precious moments!!",1,2024-08-01T23:10:44Z,StrayKids_ChkChkBoom,True,its so sad that i only discovered them now for me i heard a few songs in the past but i fell in love with them with ate i feel a bit sad because i lost so much time and precious moments,sad discov heard song past fell love ate feel bit sad lost much time preciou moment
0P0aQreFs8w,You know that stray kids is the best,3,2024-08-01T23:09:15Z,StrayKids_ChkChkBoom,True,you know that stray kids is the best,know stray kid best
0P0aQreFs8w,Lets go for 70M (⁠♡⁠ω⁠♡⁠ ⁠)⁠ ⁠~⁠♪,4,2024-08-01T23:06:48Z,StrayKids_ChkChkBoom,True,lets go for m,let
0P0aQreFs8w,100 M STAYS,0,2024-08-01T23:02:21Z,StrayKids_ChkChkBoom,True,m stays,stay
0P0aQreFs8w,"""How many times have you played this?""
Me: ""Stray kids""",0,2024-08-01T23:02:19Z,StrayKids_ChkChkBoom,True,how many times have you played this me stray kids,mani time play stray kid
0P0aQreFs8w,yup im just a fan from ccb news,0,2024-08-01T23:01:19Z,StrayKids_ChkChkBoom,True,yup im just a fan from ccb news,yup fan ccb news
0P0aQreFs8w,they ate this comeback,0,2024-08-01T22:59:22Z,StrayKids_ChkChkBoom,True,they ate this comeback,ate comeback
0P0aQreFs8w,"CALM, WE WILL GIVE YOU THAT 100M THAT YOU DESERVE",7,2024-08-01T22:56:55Z,StrayKids_ChkChkBoom,True,calm we will give you that m that you deserve,calm give deserv
0P0aQreFs8w,their talent is insane!!!,0,2024-08-01T22:56:46Z,StrayKids_ChkChkBoom,True,their talent is insane,talent insan
0P0aQreFs8w,Happy bd STAYS❕❤️🖤,0,2024-08-01T22:50:34Z,StrayKids_ChkChkBoom,True,happy bd stays,happi stay
0P0aQreFs8w,Stay fighting!,0,2024-08-01T22:42:20Z,StrayKids_ChkChkBoom,True,stay fighting,stay fight
0P0aQreFs8w,"No one:
Lee Know: aing aing",3,2024-08-01T22:27:42Z,StrayKids_ChkChkBoom,True,no one lee know aing aing,one lee know a a
0P0aQreFs8w,70M COMING SOON,2,2024-08-01T22:22:20Z,StrayKids_ChkChkBoom,True,m coming soon,come soon
0P0aQreFs8w,omg this is my favorite enhypen mv EVER!,0,2024-08-01T22:19:14Z,StrayKids_ChkChkBoom,True,omg this is my favorite enhypen mv ever,omg favorit enhypen ever
0P0aQreFs8w,Didn’t JYP give they ADs?,0,2024-08-01T22:14:15Z,StrayKids_ChkChkBoom,True,didnt jyp give they ads,didnt jyp give ad
0P0aQreFs8w,woooooow stary kids bangchang chanbin lee know han hyunjin sungmin felix In ı love the song so much  and ı love you 8th and I am 11 years old  my birthday is 28 August    I love you guys you are so cool and a cute and handsome,0,2024-08-01T22:12:47Z,StrayKids_ChkChkBoom,True,woooooow stary kids bangchang chanbin lee know han hyunjin sungmin felix in love the song so much and love you th and i am years old my birthday is august i love you guys you are so cool and a cute and handsome,woooooow stari kid bangchang chanbin lee know han hyunjin sungmin felix love song much love year old birthday august love guy cool cute handsom
0P0aQreFs8w,Yesterday I spent the whole day listening to this song on STAY day kskqjqkak,3,2024-08-01T22:09:33Z,StrayKids_ChkChkBoom,True,yesterday i spent the whole day listening to this song on stay day kskqjqkak,yesterday spent whole day listen song stay day kskqjqkak
0P0aQreFs8w,"these bros literally saved this summer.🙏🏻
 that’s why the song has a special aura, and when you hear it, you immediately want to dance.🤲🏻
 let's get to 100 million!)",6,2024-08-01T21:58:44Z,StrayKids_ChkChkBoom,True,these bros literally saved this summer thats why the song has a special aura and when you hear it you immediately want to dance lets get to million,bro liter save summer that song special aura hear immedi want danc let get million
0P0aQreFs8w,Stray kids world domination!! :),3,2024-08-01T21:57:38Z,StrayKids_ChkChkBoom,True,stray kids world domination,stray kid world domin
0P0aQreFs8w,Cecilia was the first to go,0,2024-08-01T21:54:28Z,StrayKids_ChkChkBoom,True,cecilia was the first to go,cecilia first
0P0aQreFs8w,YALLLL GOT RYAN REINOLDS,1,2024-08-01T21:50:21Z,StrayKids_ChkChkBoom,True,yallll got ryan reinolds,yallll got ryan reinold
0P0aQreFs8w,of chan cok atwslisin,0,2024-08-01T21:48:12Z,StrayKids_ChkChkBoom,True,of chan cok atwslisin,chan cok atwslisin
0P0aQreFs8w,Stray Kids music videos are addictive. 😍🤩,9,2024-08-01T21:48:06Z,StrayKids_ChkChkBoom,True,stray kids music videos are addictive,stray kid music video addict
0P0aQreFs8w,should I stay or should I go 😭🤏🏻,0,2024-08-01T21:44:13Z,StrayKids_ChkChkBoom,True,should i stay or should i go,stay
0P0aQreFs8w,HAYIR ELEVEN YA DA WILL OLEMEZ AMA TEORILER MIKEIN OLECEGINI BAS BAS BAĞIRIYOR MIKE OLURSE AGLARIM AMA STEVE DE BÜYÜK IHTIMALLE OLECEKMIS AMA UMARIM OLMEZ YOKSA DEPRESYONE HIRERIM AMA EN COK OLMASINI ISTEDIGIM SEY EDDIENIN GERI GELMESI 🫂,0,2024-08-01T21:42:11Z,StrayKids_ChkChkBoom,True,hayir eleven ya da will olemez ama teoriler mikein olecegini bas bas bairiyor mike olurse aglarim ama steve de byk ihtimalle olecekmis ama umarim olmez yoksa depresyone hirerim ama en cok olmasini istedigim sey eddienin geri gelmesi,hayir eleven olemez ama teoril mikein olecegini ba ba bairiyor mike olurs aglarim ama steve byk ihtimal olecekmi ama umarim olmez yoksa depresyon hirerim ama cok olmasini istedigim sey eddienin geri gelmesi
0P0aQreFs8w,"I love you Stray Kids, I just want to say this is an awesome comeback and you all blew our minds especially me. You never disappoint ❤😂",1,2024-08-01T21:37:17Z,StrayKids_ChkChkBoom,True,i love you stray kids i just want to say this is an awesome comeback and you all blew our minds especially me you never disappoint,love stray kid want say awesom comeback blew mind especi never disappoint
0P0aQreFs8w,I'm streaming while I do skincare HAHAHA,2,2024-08-01T21:28:14Z,StrayKids_ChkChkBoom,True,im streaming while i do skincare hahaha,stream skincar hahaha
0P0aQreFs8w,Not only did they eat this up but Ryan fooled us,0,2024-08-01T21:23:29Z,StrayKids_ChkChkBoom,True,not only did they eat this up but ryan fooled us,eat ryan fool
0P0aQreFs8w,"Even after 13 days, I still continue to listen without getting bored. You made a legendary song Skz",2,2024-08-01T21:21:11Z,StrayKids_ChkChkBoom,True,even after days i still continue to listen without getting bored you made a legendary song skz,even day still continu listen without get bore made legendari song skz
0P0aQreFs8w,This song is the best song I've ever heard,3,2024-08-01T21:18:48Z,StrayKids_ChkChkBoom,True,this song is the best song ive ever heard,song best song ive ever heard
0P0aQreFs8w,Amazing you guys! Loved it,0,2024-08-01T20:58:04Z,StrayKids_ChkChkBoom,True,amazing you guys loved it,amaz guy love
0P0aQreFs8w,we need points for more mushows please remember and don't give up,3,2024-08-01T20:56:46Z,StrayKids_ChkChkBoom,True,we need points for more mushows please remember and dont give up,need point mushow pleas rememb dont give
0P0aQreFs8w,"OMG, the spanish!!?!? The Ryan cameo!?!? ATE",4,2024-08-01T20:48:11Z,StrayKids_ChkChkBoom,True,omg the spanish the ryan cameo ate,omg spanish ryan cameo ate
0P0aQreFs8w,ofsenaof,0,2024-08-01T20:47:42Z,StrayKids_ChkChkBoom,True,ofsenaof,ofsenaof
0P0aQreFs8w,Simply incredible ❤,2,2024-08-01T20:45:27Z,StrayKids_ChkChkBoom,True,simply incredible,simpli incred
0P0aQreFs8w,Can’t get over this mv….. i love it,3,2024-08-01T20:45:06Z,StrayKids_ChkChkBoom,True,cant get over this mv i love it,cant get love
0P0aQreFs8w,"0:31 Stray kids secret boyfriends
I think they cute but I’m so sad 

https://youtu.be/rGx6BqCKbqg?si=GN1JuAqzkUaRHhhE",1,2024-08-01T20:42:26Z,StrayKids_ChkChkBoom,True,stray kids secret boyfriends i think they cute but im so sad,stray kid secret boyfriend think cute sad
0P0aQreFs8w,tin tin TINTINTINTIN chk chk boom,1,2024-08-01T20:38:09Z,StrayKids_ChkChkBoom,True,tin tin tintintintin chk chk boom,tin tin tintintintin chk chk boom
0P0aQreFs8w,"Song is bang on not their boiled faces, doesn't look normal Korean.   Are they representing Korea with over makeup shit. Toxic culture it seems",0,2024-08-01T20:29:19Z,StrayKids_ChkChkBoom,True,song is bang on not their boiled faces doesnt look normal korean are they representing korea with over makeup shit toxic culture it seems,song bang boil face doesnt look normal korean repres korea makeup shit toxic cultur seem
0P0aQreFs8w,I love how the word catastrophic sounds we don't hear it often so it's even more impactful in a song,2,2024-08-01T20:28:54Z,StrayKids_ChkChkBoom,True,i love how the word catastrophic sounds we dont hear it often so its even more impactful in a song,love word catastroph sound dont hear often even impact song
0P0aQreFs8w,İn 2.59 he said do you need an older groupmate?İ think they mean there is a new groupmate is can came in stray kids?guys pls ı can be .... just say it what it means or thats a joke?,0,2024-08-01T20:26:20Z,StrayKids_ChkChkBoom,True,in he said do you need an older groupmatei think they mean there is a new groupmate is can came in stray kidsguys pls can be just say it what it means or thats a joke,said need older groupmatei think mean new groupmat came stray kidsguy pl say mean that joke
0P0aQreFs8w,K pop is taking over for the right reasons,0,2024-08-01T20:25:18Z,StrayKids_ChkChkBoom,True,k pop is taking over for the right reasons,pop take right reason
0P0aQreFs8w,"Stray kids thank you for everything you do for us
Channie thanks to make our beautiful name
Minho thanks for your good job
Binnie thanks for the power the effort
Hyunnie thanks for the emotional feelings
Hannie thanks for your songs your lyrics for your smile
Lixi thanks our sunshine for your sweet messages
Minnie thanks for your diamond voice and your support for us
innie thanks for telling us the beautiful words your smile in stag your cutest face
WE love you our 8 moon",4,2024-08-01T20:20:04Z,StrayKids_ChkChkBoom,True,stray kids thank you for everything you do for us channie thanks to make our beautiful name minho thanks for your good job binnie thanks for the power the effort hyunnie thanks for the emotional feelings hannie thanks for your songs your lyrics for your smile lixi thanks our sunshine for your sweet messages minnie thanks for your diamond voice and your support for us innie thanks for telling us the beautiful words your smile in stag your cutest face we love you our moon,stray kid thank everyth channi thank make beauti name minho thank good job binni thank power effort hyunni thank emot feel hanni thank song lyric smile lixi thank sunshin sweet messag minni thank diamond voic support inni thank tell beauti word smile stag cutest face love moon
0P0aQreFs8w,Happy anniversary my dear STAY and every year we and our members are together be well and take care of you selves ilove you I'm proud of you STAYYYYY,4,2024-08-01T20:15:12Z,StrayKids_ChkChkBoom,True,happy anniversary my dear stay and every year we and our members are together be well and take care of you selves ilove you im proud of you stayyyyy,happi anniversari dear stay everi year member togeth well take care selv ilov proud stayyyyy
0P0aQreFs8w,I’M ADDICTED TO THISSSNKDKDN,5,2024-08-01T20:09:17Z,StrayKids_ChkChkBoom,True,im addicted to thisssnkdkdn,addict thisssnkdkdn
0P0aQreFs8w,"I love them, I love them, they are my life, May it be eternal ATE
Me muero hablaron español",1,2024-08-01T20:08:27Z,StrayKids_ChkChkBoom,True,i love them i love them they are my life may it be eternal ate me muero hablaron espaol,love love life may etern ate muero hablaron espaol
0P0aQreFs8w,Stray kids world domination!,0,2024-08-01T20:06:51Z,StrayKids_ChkChkBoom,True,stray kids world domination,stray kid world domin
0P0aQreFs8w,STAYS KEEP STR3AM1NG UNTIL 70M!! WE'RE THERE SOON,4,2024-08-01T19:58:31Z,StrayKids_ChkChkBoom,True,stays keep stramng until m were there soon,stay keep stramng soon
0P0aQreFs8w,I still cant believe how well Skz have done... from Gods Dududu thats Deadpool themed to having Deadpool and Wolverine in their MV... Im so proud,2,2024-08-01T19:56:49Z,StrayKids_ChkChkBoom,True,i still cant believe how well skz have done from gods dududu thats deadpool themed to having deadpool and wolverine in their mv im so proud,still cant believ well skz done god dududu that deadpool theme deadpool wolverin proud
0P0aQreFs8w,Suit with green vest giving LOKIIII (sorry they’re all moving too fast for me to see who it is) 1:36 💚,0,2024-08-01T19:51:38Z,StrayKids_ChkChkBoom,True,suit with green vest giving lokiiii sorry theyre all moving too fast for me to see who it is,suit green vest give lokiiii sorri theyr move fast see
0P0aQreFs8w,ceylis nbrr 💞💞,0,2024-08-01T19:50:38Z,StrayKids_ChkChkBoom,True,ceylis nbrr,ceyli nbrr
0P0aQreFs8w,Platinum blond Felix is giving major Hector from Castlevania vibes at 1:33 🤍🥹🩵,1,2024-08-01T19:48:08Z,StrayKids_ChkChkBoom,True,platinum blond felix is giving major hector from castlevania vibes at,platinum blond felix give major hector castlevania vibe
0P0aQreFs8w,Stray Kids made revolutionary special amazing albums!!!,1,2024-08-01T19:45:15Z,StrayKids_ChkChkBoom,True,stray kids made revolutionary special amazing albums,stray kid made revolutionari special amaz album
0P0aQreFs8w,Ugh they songs just be so damn good,0,2024-08-01T19:39:07Z,StrayKids_ChkChkBoom,True,ugh they songs just be so damn good,ugh song damn good
0P0aQreFs8w,"Danceracha outdid themselfs this time, i cant believe such talented People exist. Rap line, and vocals? What is goin on??!!! How?",1,2024-08-01T19:37:16Z,StrayKids_ChkChkBoom,True,danceracha outdid themselfs this time i cant believe such talented people exist rap line and vocals what is goin on how,danceracha outdid themself time cant believ talent peopl exist rap line vocal goin
0P0aQreFs8w,"OMG THIS MV GOT ME SOO EMOTIONAL, LIKE THE END OF MV. DAMNNN",0,2024-08-01T19:36:15Z,StrayKids_ChkChkBoom,True,omg this mv got me soo emotional like the end of mv damnnn,omg got soo emot like end damnnn
0P0aQreFs8w,THIS IS CHEF KISS,1,2024-08-01T19:33:30Z,StrayKids_ChkChkBoom,True,this is chef kiss,chef kiss
0P0aQreFs8w,You are best,0,2024-08-01T19:29:45Z,StrayKids_ChkChkBoom,True,you are best,best
0P0aQreFs8w,It's so good amazing well done stray kids i came to support my fellow stays  well now going back to brought the heat back being engene😅,2,2024-08-01T19:28:22Z,StrayKids_ChkChkBoom,True,its so good amazing well done stray kids i came to support my fellow stays well now going back to brought the heat back being engene,good amaz well done stray kid came support fellow stay well go back brought heat back engen
0P0aQreFs8w,"Bcs this cheap trick is so obv. If they are here to stream then just silently stream instead of flaunting that they are not their fan but just working as a charity. Idk if you know it but its some fandoms begging other active group fandoms for views ""JuSt bcS tHEy hElPeD thEm sTr3aM"" and also bcs xyz group only get successful bcs ""OtHer fAndOmS weRe hElpInG tHem"" its like a tricking mafia behind it. If you are a new stan you would understand this whole scenario after lots of these types of comments. Hope you understand what im trying to say",4,2024-08-01T19:25:09Z,StrayKids_ChkChkBoom,True,bcs this cheap trick is so obv if they are here to stream then just silently stream instead of flaunting that they are not their fan but just working as a charity idk if you know it but its some fandoms begging other active group fandoms for views just bcs they helped them stram and also bcs xyz group only get successful bcs other fandoms were helping them its like a tricking mafia behind it if you are a new stan you would understand this whole scenario after lots of these types of comments hope you understand what im trying to say,bc cheap trick obv stream silent stream instead flaunt fan work chariti idk know fandom beg activ group fandom view bc help stram also bc xyz group get success bc fandom help like trick mafia behind new stan would understand whole scenario lot type comment hope understand tri say
0P0aQreFs8w,Happy STAY day for the last time today y'all!!,3,2024-08-01T19:23:44Z,StrayKids_ChkChkBoom,True,happy stay day for the last time today yall,happi stay day last time today yall
0P0aQreFs8w,Back here after watching the Stray Kids MV cause my heart can't take it. They have grown so much. I am so proud of them! Happy STAY day for the last time today y'all! Logging off after this.,6,2024-08-01T19:22:00Z,StrayKids_ChkChkBoom,True,back here after watching the stray kids mv cause my heart cant take it they have grown so much i am so proud of them happy stay day for the last time today yall logging off after this,back watch stray kid caus heart cant take grown much proud happi stay day last time today yall log
0P0aQreFs8w,a freakin' bombshell,0,2024-08-01T19:17:07Z,StrayKids_ChkChkBoom,True,a freakin bombshell,freakin bombshel
0P0aQreFs8w,How could anyone beat Stray kids,0,2024-08-01T19:16:34Z,StrayKids_ChkChkBoom,True,how could anyone beat stray kids,could anyon beat stray kid
0P0aQreFs8w,I love this song,0,2024-08-01T19:15:33Z,StrayKids_ChkChkBoom,True,i love this song,love song
0P0aQreFs8w,Stray kids handsome perceft mv and my bias Jeongin❤,0,2024-08-01T19:10:15Z,StrayKids_ChkChkBoom,True,stray kids handsome perceft mv and my bias jeongin,stray kid handsom perceft bia jeongin
0P0aQreFs8w,Soon YouTube will be blocked in Russia😭😭😭😭😭😭,1,2024-08-01T19:08:31Z,StrayKids_ChkChkBoom,True,soon youtube will be blocked in russia,soon youtub block russia
0P0aQreFs8w,Stray kids leaders of the fourth generation 😍,1,2024-08-01T19:07:59Z,StrayKids_ChkChkBoom,True,stray kids leaders of the fourth generation,stray kid leader fourth gener
0P0aQreFs8w,Do a Collab with jyp please❤❤,1,2024-08-01T19:06:59Z,StrayKids_ChkChkBoom,True,do a collab with jyp please,collab jyp pleas
0P0aQreFs8w,"our boys grow up well, STAY❤",1,2024-08-01T19:06:22Z,StrayKids_ChkChkBoom,True,our boys grow up well stay,boy grow well stay
0P0aQreFs8w,everytime i watch Stray Kids MV 😭,0,2024-08-01T18:59:59Z,StrayKids_ChkChkBoom,True,everytime i watch stray kids mv,everytim watch stray kid
0P0aQreFs8w,I might be stupid but does CCB news stand for CHK CHK BOOK news 😀 coz I only know BBC news,7,2024-08-01T18:57:03Z,StrayKids_ChkChkBoom,True,i might be stupid but does ccb news stand for chk chk book news coz i only know bbc news,might stupid ccb news stand chk chk book news coz know bbc news
0P0aQreFs8w,Hyunjin and leeknow last part is one for tge history,1,2024-08-01T18:54:39Z,StrayKids_ChkChkBoom,True,hyunjin and leeknow last part is one for tge history,hyunjin leeknow last part one tge histori
0P0aQreFs8w,"41k. Happy 62million <3
Goodnight, Stay ~
Jensetter here!♡
Spot x Chk Chk Boom",3,2024-08-01T18:48:30Z,StrayKids_ChkChkBoom,True,k happy million goodnight stay jensetter here spot x chk chk boom,happi million goodnight stay jensett spot chk chk boom
0P0aQreFs8w,Boom boom chk chk... BOOM surpassed 62M!🎯👌🤗,0,2024-08-01T18:39:42Z,StrayKids_ChkChkBoom,True,boom boom chk chk boom surpassed m,boom boom chk chk boom surpass
0P0aQreFs8w,"I am utterly and completely obsessed with this video and song. 
God’s Menu you finally have a competitor for 1st place in my heart.",8,2024-08-01T18:38:58Z,StrayKids_ChkChkBoom,True,i am utterly and completely obsessed with this video and song gods menu you finally have a competitor for st place in my heart,utterli complet obsess video song god menu final competitor place heart
0P0aQreFs8w,Boom  boom.   Chk. Chk❤❤❤❤.   Boom,0,2024-08-01T18:24:37Z,StrayKids_ChkChkBoom,True,boom boom chk chk boom,boom boom chk chk boom
0P0aQreFs8w,Stray kids your amazing,1,2024-08-01T18:23:56Z,StrayKids_ChkChkBoom,True,stray kids your amazing,stray kid amaz
0P0aQreFs8w,THIS REFERENCES😭😭 I LOVE YOU SKZZZ,1,2024-08-01T18:18:59Z,StrayKids_ChkChkBoom,True,this references i love you skzzz,refer love skzzz
0P0aQreFs8w,"Fantasy here. 
Bibora x IT IS LOVE x Chk chk boom",0,2024-08-01T18:17:57Z,StrayKids_ChkChkBoom,True,fantasy here bibora x it is love x chk chk boom,fantasi bibora love chk chk boom
0P0aQreFs8w,why did this make me sob,0,2024-08-01T18:16:11Z,StrayKids_ChkChkBoom,True,why did this make me sob,make sob
0P0aQreFs8w,I arrived before a week aee chk chk boom😊,1,2024-08-01T18:15:38Z,StrayKids_ChkChkBoom,True,i arrived before a week aee chk chk boom,arriv week aee chk chk boom
0P0aQreFs8w,"BANG CHRISTOPHER CHAN LOOKING GOOD
DAMN U LOOK GOOD
edit thx so much for 1 like I liked it myself 😭
omg 3 likes in 5 secs????",2,2024-08-01T18:13:55Z,StrayKids_ChkChkBoom,True,bang christopher chan looking good damn u look good edit thx so much for like i liked it myself omg likes in secs,bang christoph chan look good damn look good edit thx much like like omg like sec
0P0aQreFs8w,COOLEST MV EVER,0,2024-08-01T18:07:28Z,StrayKids_ChkChkBoom,True,coolest mv ever,coolest ever
0P0aQreFs8w,I love you bangchan i wish i could get an autograph from you i wish😢❤,0,2024-08-01T18:07:26Z,StrayKids_ChkChkBoom,True,i love you bangchan i wish i could get an autograph from you i wish,love bangchan wish could get autograph wish
0P0aQreFs8w,So beautiful🙂🥺,0,2024-08-01T18:07:15Z,StrayKids_ChkChkBoom,True,so beautiful,beauti
0P0aQreFs8w,you can feel how much effort they spent on each comeback and this one they ATE for realll,1,2024-08-01T18:05:16Z,StrayKids_ChkChkBoom,True,you can feel how much effort they spent on each comeback and this one they ate for realll,feel much effort spent comeback one ate realll
0P0aQreFs8w,My first time watching this👁👄👁💅💅💅💅💅,0,2024-08-01T18:04:11Z,StrayKids_ChkChkBoom,True,my first time watching this,first time watch
0P0aQreFs8w,Even youtube thinks this shit ATE!!!! 🔥🔥🔥🔥🔥🩷🩷🩷🩷🩷🩷,0,2024-08-01T18:01:13Z,StrayKids_ChkChkBoom,True,even youtube thinks this shit ate,even youtub think shit ate
0P0aQreFs8w,This music video is insane. I can't get enough of it,2,2024-08-01T17:56:28Z,StrayKids_ChkChkBoom,True,this music video is insane i cant get enough of it,music video insan cant get enough
0P0aQreFs8w,"Filling up my truck yeah you want that riiiiiiiide ❤❤❤❤ Boom
Hit you like a truck I'mma make you flyyyyy   💓💓💓",0,2024-08-01T17:55:34Z,StrayKids_ChkChkBoom,True,filling up my truck yeah you want that riiiiiiiide boom hit you like a truck imma make you flyyyyy,fill truck yeah want riiiiiiiid boom hit like truck imma make flyyyyi
0P0aQreFs8w,Lets make this 100M real quick,0,2024-08-01T17:54:22Z,StrayKids_ChkChkBoom,True,lets make this m real quick,let make real quick
0P0aQreFs8w,STRAY KIDS ARE THE BEST IN THE WORLD 🔥🌍,0,2024-08-01T17:48:15Z,StrayKids_ChkChkBoom,True,stray kids are the best in the world,stray kid best world
0P0aQreFs8w,OHA LAN KİMSE YOK ORTAM NERDE,0,2024-08-01T17:46:48Z,StrayKids_ChkChkBoom,True,oha lan kimse yok ortam nerde,oha lan kims yok ortam nerd
0P0aQreFs8w,"I WAS AFRAID OF WHAT THE SUMMER WOULD BE LIKE, BUT THEY ARE HERE!",0,2024-08-01T17:45:10Z,StrayKids_ChkChkBoom,True,i was afraid of what the summer would be like but they are here,afraid summer would like
0P0aQreFs8w,"RAP, VOCALS, VISUAL, CHOREOGRAPHY AND MORE... WHY IS IT SO PERFECT?",1,2024-08-01T17:44:15Z,StrayKids_ChkChkBoom,True,rap vocals visual choreography and more why is it so perfect,rap vocal visual choreographi perfect
0P0aQreFs8w,why does felix during changbin's rrrrrrra part gives me newton vibes like uhh what am i even saying #science student me but really the song is more attracting than gravity,0,2024-08-01T17:43:25Z,StrayKids_ChkChkBoom,True,why does felix during changbins rrrrrrra part gives me newton vibes like uhh what am i even saying student me but really the song is more attracting than gravity,felix changbin rrrrrrra part give newton vibe like uhh even say student realli song attract graviti
0P0aQreFs8w,NO BECAUSE THIS THING WILL BE IN MY BRAIN FOREVER,0,2024-08-01T17:42:56Z,StrayKids_ChkChkBoom,True,no because this thing will be in my brain forever,thing brain forev
0P0aQreFs8w,"ATE? NO, THEY SWALLOWED IT AND DID NOT LEAVE A CRUMB!",0,2024-08-01T17:41:07Z,StrayKids_ChkChkBoom,True,ate no they swallowed it and did not leave a crumb,ate swallow leav crumb
0P0aQreFs8w,The whole song is 10 but this part.....1:35,3,2024-08-01T17:37:18Z,StrayKids_ChkChkBoom,True,the whole song is but this part,whole song part
0P0aQreFs8w,This song 🥰,1,2024-08-01T17:36:40Z,StrayKids_ChkChkBoom,True,this song,song
0P0aQreFs8w,"Stay, let’s work hard for music core and inkiyago! We can win!!",2,2024-08-01T17:24:37Z,StrayKids_ChkChkBoom,True,stay lets work hard for music core and inkiyago we can win,stay let work hard music core inkiyago win
0P0aQreFs8w,Chk chk boom,1,2024-08-01T17:17:03Z,StrayKids_ChkChkBoom,True,chk chk boom,chk chk boom
0P0aQreFs8w,Come on 62Mヽ(*≧ω≦)ﾉ,3,2024-08-01T17:16:43Z,StrayKids_ChkChkBoom,True,come on m,come
0P0aQreFs8w,The most beautiful mv ever seen,4,2024-08-01T17:16:37Z,StrayKids_ChkChkBoom,True,the most beautiful mv ever seen,beauti ever seen
0P0aQreFs8w,"Stray kids  kids everywhere All around the world you make stray kids stay 

Our life our choice our fandom our light our house our spark our hellavator our hug..our know...our dwekki...our jinnie...our quokka...our chicken..our puppy..our baby bread....our world whom we can't hurt ...if we r be there sheild if we will there sword they will our home......we will protect you don't worry just go on ur way....pur wing will never whatever happens just go on and on ....love you stay love you stray kids 😊😊😊",3,2024-08-01T17:08:34Z,StrayKids_ChkChkBoom,True,stray kids kids everywhere all around the world you make stray kids stay our life our choice our fandom our light our house our spark our hellavator our hugour knowour dwekkiour jinnieour quokkaour chickenour puppyour baby breadour world whom we cant hurt if we r be there sheild if we will there sword they will our homewe will protect you dont worry just go on ur waypur wing will never whatever happens just go on and on love you stay love you stray kids,stray kid kid everywher around world make stray kid stay life choic fandom light hous spark hellav hugour knowour dwekkiour jinnieour quokkaour chickenour puppyour babi breadour world cant hurt sheild sword homew protect dont worri waypur wing never whatev happen love stay love stray kid
0P0aQreFs8w,That was my favorite music video ever oh my gosh you guys make the best music ❤😊,0,2024-08-01T16:59:59Z,StrayKids_ChkChkBoom,True,that was my favorite music video ever oh my gosh you guys make the best music,favorit music video ever gosh guy make best music
0P0aQreFs8w,This song is soooo fckggg gowdddddd,1,2024-08-01T16:51:08Z,StrayKids_ChkChkBoom,True,this song is soooo fckggg gowdddddd,song soooo fckggg gowdddddd
0P0aQreFs8w,Stray Kids is forever my favorite group. Stray Kids everywhere all around the world ❤,3,2024-08-01T16:49:22Z,StrayKids_ChkChkBoom,True,stray kids is forever my favorite group stray kids everywhere all around the world,stray kid forev favorit group stray kid everywher around world
0P0aQreFs8w,"Stray Kids’ “Chk Chk Boom” is now the highest charting 4th generation boy group song on Circle Weekly Global Chart!

#2 Chk Chk Boom 🆕🥠
#3 MANIAC
#4 S-Class
#5 Good Boy Gone Bad, LALALALA
#6 Sugar Rush Ride",4,2024-08-01T16:46:28Z,StrayKids_ChkChkBoom,True,stray kids chk chk boom is now the highest charting th generation boy group song on circle weekly global chart chk chk boom maniac sclass good boy gone bad lalalala sugar rush ride,stray kid chk chk boom highest chart gener boy group song circl weekli global chart chk chk boom maniac sclass good boy gone bad lalalala sugar rush ride
0P0aQreFs8w,Lee know,4,2024-08-01T16:44:15Z,StrayKids_ChkChkBoom,True,lee know,lee know
0P0aQreFs8w,This was cool 😂😊,3,2024-08-01T16:40:52Z,StrayKids_ChkChkBoom,True,this was cool,cool
0P0aQreFs8w,I never understand the feeling of loving someone you never met until i found Stray Kids. They helped me during the toughest moment in my life and im forever grateful,17,2024-08-01T16:40:02Z,StrayKids_ChkChkBoom,True,i never understand the feeling of loving someone you never met until i found stray kids they helped me during the toughest moment in my life and im forever grateful,never understand feel love someon never met found stray kid help toughest moment life forev grate
0P0aQreFs8w,Happy birthday STAYY 🔥‼️,8,2024-08-01T16:39:41Z,StrayKids_ChkChkBoom,True,happy birthday stayy,happi birthday stayi
0P0aQreFs8w,how long have you been watching this?                                           me: chk chk boom,4,2024-08-01T16:37:04Z,StrayKids_ChkChkBoom,True,how long have you been watching this me chk chk boom,long watch chk chk boom
0P0aQreFs8w,We well always here for you ❤️❤️❤️❤️❤️❤️❤️❤️❤️❤️😊,0,2024-08-01T16:32:34Z,StrayKids_ChkChkBoom,True,we well always here for you,well alway
0P0aQreFs8w,Who will support Stray kids forever?,2,2024-08-01T16:30:03Z,StrayKids_ChkChkBoom,True,who will support stray kids forever,support stray kid forev
0P0aQreFs8w,"Guys, come on let's get that 65M soon!",1,2024-08-01T16:29:28Z,StrayKids_ChkChkBoom,True,guys come on lets get that m soon,guy come let get soon
0P0aQreFs8w,Best release of 2024 mannnn,4,2024-08-01T16:22:13Z,StrayKids_ChkChkBoom,True,best release of mannnn,best releas mannnn
0P0aQreFs8w,THANKS HUGH AND RYAN ❤,4,2024-08-01T16:15:40Z,StrayKids_ChkChkBoom,True,thanks hugh and ryan,thank hugh ryan
0P0aQreFs8w,all the members shine this comeback❤❤,5,2024-08-01T16:13:19Z,StrayKids_ChkChkBoom,True,all the members shine this comeback,member shine comeback
0P0aQreFs8w,"Forever proud to be a STAY. I'm so grateful that I found you at the right time, my Stray Kids :"")",12,2024-08-01T16:12:34Z,StrayKids_ChkChkBoom,True,forever proud to be a stay im so grateful that i found you at the right time my stray kids,forev proud stay grate found right time stray kid
0P0aQreFs8w,i so want to see felix in a drama,3,2024-08-01T16:11:55Z,StrayKids_ChkChkBoom,True,i so want to see felix in a drama,want see felix drama
0P0aQreFs8w,Stray Kids Everywhere all around the world,1,2024-08-01T15:59:03Z,StrayKids_ChkChkBoom,True,stray kids everywhere all around the world,stray kid everywher around world
0P0aQreFs8w,"""CHK CHK, BOOM!💥🔫""",2,2024-08-01T15:58:48Z,StrayKids_ChkChkBoom,True,chk chk boom,chk chk boom
0P0aQreFs8w,At the very first day...I was the only one who can sing along with my kings....but now my whole family can sing along.....ayeeee Chk Chk Boom!!! 🤭❤️‍🔥,4,2024-08-01T15:56:26Z,StrayKids_ChkChkBoom,True,at the very first dayi was the only one who can sing along with my kingsbut now my whole family can sing alongayeeee chk chk boom,first dayi one sing along kingsbut whole famili sing alongayeee chk chk boom
0P0aQreFs8w,Stray Kids is HOME❤,1,2024-08-01T15:51:54Z,StrayKids_ChkChkBoom,True,stray kids is home,stray kid home
0P0aQreFs8w,A bit late but Happy Birthday STAY!!!,2,2024-08-01T15:50:19Z,StrayKids_ChkChkBoom,True,a bit late but happy birthday stay,bit late happi birthday stay
0P0aQreFs8w,Stay fighting!,3,2024-08-01T15:45:37Z,StrayKids_ChkChkBoom,True,stay fighting,stay fight
0P0aQreFs8w,"As always, a great comeback! 
Stray Kids leaders of the K-pop industry!",8,2024-08-01T15:45:28Z,StrayKids_ChkChkBoom,True,as always a great comeback stray kids leaders of the kpop industry,alway great comeback stray kid leader kpop industri
0P0aQreFs8w,"The second man is already an actor, and I watched more than six series of him",1,2024-08-01T15:40:19Z,StrayKids_ChkChkBoom,True,the second man is already an actor and i watched more than six series of him,second man alreadi actor watch six seri
0P0aQreFs8w,watching this to lighten the mood after watching Stray Kids mv,2,2024-08-01T15:40:11Z,StrayKids_ChkChkBoom,True,watching this to lighten the mood after watching stray kids mv,watch lighten mood watch stray kid
0P0aQreFs8w,"The crossover
The song 
The video
The dance 
Thats what that we want😎😎😎",0,2024-08-01T15:36:05Z,StrayKids_ChkChkBoom,True,the crossover the song the video the dance thats what that we want,crossov song video danc that want
0P0aQreFs8w,Who’s here before the sound goes viral?,1,2024-08-01T15:32:55Z,StrayKids_ChkChkBoom,True,whos here before the sound goes viral,who sound goe viral
0P0aQreFs8w,"858k
""Lobos, we cannot stop hunting""~
Jensetter here!♡
Spot x Chk Chk Boom",2,2024-08-01T15:31:58Z,StrayKids_ChkChkBoom,True,k lobos we cannot stop hunting jensetter here spot x chk chk boom,lobo stop hunt jensett spot chk chk boom
