id,subreddit,text,score,created_utc,comeback
m6ufimb,IVE,one of the best,5,1736730250,IVE_RebelHeart
m6usdgg,IVE,Does this mean they'll disband after they fill all those colours up?,1,1736734656,IVE_RebelHeart
m6uz20b,IVE,"It's comeback day, can't believe omggg",7,1736737034,IVE_RebelHeart
m6v1egl,IVE,"Have subscribed to melon music for more than a year now. How does this work? Yes, I'm living in Korea as a foreigner and also has residence card. I wanted to try these music shows.",4,1736737885,IVE_RebelHeart
m6v1ge1,IVE,"late but shall jump in this thread:-

Eleven --> just take take it (still my fav IVE song)

Love Dive --> Love Dive

After Like --> My Satisfaction (didn't like it at first on the flow of the track, grew upon it and went to their concert with wonyoung giving everyone chills with her mirror intro 🥺)

Eleven(Jap ver) --> Queen of Hearts

I've IVE --> 섬찟(Hypnosis) (2nd: I AM, 3rd: Mine/Shine with Me)

Wave --> W A V E I see you're falling deep for me~

1st Pepsi Collab --> I WANT (my SECOND fav song of IVE, really happy when they play this in encore)

I've Mine --> off the record night~ (2nd: Either Way, 3rd: Holy Moly)

IVE Switch --> Accendio/Ice Queen (can't choose)

2nd Pepsi Collab --> drink~ drink~ you can drink your heart out~ (Summer Fiesta is the song if anyone doesn't know)

Alive --> Crush

Can't wait for IVE Empathy :'D

p.s. just wanna add that I have been stanning starship groups [Sistar, Boyfriend/BF (still my ALL TIME FAV boy group), Monsta X and Cravity] and solo like Kwill so my view point might be different. ok thx bye :D",2,1736737904,IVE_RebelHeart
m6vho21,IVE,"they have guidelines in the fancafe, you can check them out [he](https://m.cafe.daum.net/IVEstarship/Y1rZ/46)[re](https://m.cafe.daum.net/IVEstarship/Y1rZ/47). these are for IVE switch though, they're prob gonna update it in the next couple of days for rebel heart",3,1736744303,IVE_RebelHeart
m6vkugt,IVE,"I am so giddy with myself. Netflix's XO, Kitty, Season 2 spoiler just dropped and BAM, I AM is the first K-pop song out of the gate! I had had hoped that the song would be used in the soundtrack.",5,1736745801,IVE_RebelHeart
m6vo39v,IVE,Oh damn it's you the prediction guy lol. Any predictions for this song and the main tt?,1,1736747421,IVE_RebelHeart
m6vo42h,IVE,"no, it’s just a strum pattern",3,1736747433,IVE_RebelHeart
m6vou83,IVE,This sounds a lot like I AM - just with different visuals,3,1736747813,IVE_RebelHeart
m6vuni0,IVE,"It's like ""I AM"" mixed with the visuals of ""Either Way"" MV. I love both songs and MVs, so I'm excited for this!",3,1736751010,IVE_RebelHeart
m6vw8i2,IVE,I’m stuck too. Was trying to see if I can help them by ordering on there to help with billboard but I just give up and order on starship square instead 😪,12,1736751941,IVE_RebelHeart
m6w03ns,IVE,I'm so excited for Rebel Heart to drop. I guess little work will be done today... My boss will just have to understand that it's IVE's comeback day🙈,9,1736754294,IVE_RebelHeart
m6w3z1m,IVE,"It is about 35min to go. Smart IVE releases a song on Monday, definitely makes my Monday less blue. I have been in a good mood since I got up knowing that we are expecting a new song 🤩🤩🤩",7,1736756747,IVE_RebelHeart
m6w52tv,IVE,Tune in for Redjin! ❤️,3,1736757477,IVE_RebelHeart
m6w7pv4,IVE,IVE proving once again that they're one of the best of this generation.,15,1736759235,IVE_RebelHeart
m6w7yha,IVE,"👏👏👏 I really loved this. I have no complaints, the song, the MV, everything looks good . It wasn’t what I was expecting but I really like it. I hope promotions go smoothly 🎉🎉",9,1736759396,IVE_RebelHeart
m6w81of,IVE,THE MV????? ITS SO GOOD 😩😩,10,1736759456,IVE_RebelHeart
m6w83x3,IVE,"Usually when I watch kpop MVs, I get distracted by the music video and have to listen again to pick up the song but this is the first time a song completely overpowered the music video and I can't even remember what I watched, only what I heard (and this isn't to say the music video isn't good, it's just the song is so overwhelmingly good and stands out). 

This is like a catchier I Am, literally every section of this song is sooo good!",2,1736759499,IVE_RebelHeart
m6w8bdw,IVE,"the mv is amazingly beautiful, the cinematography is top notch. i absolutely enjoyed rei’s scenes a lot, as well as the fire in wony’s scenes. the song is also amazing, loveeee the prechorus!",6,1736759636,IVE_RebelHeart
m6w8f72,IVE,I love the Mv but the instrumental kinda disappointing. 7/10 hopefully it has replay value,6,1736759706,IVE_RebelHeart
m6w8i1m,IVE,Who's singing at 2:18?,1,1736759761,IVE_RebelHeart
m6w8p36,IVE,Sounds like WY,0,1736759895,IVE_RebelHeart
m6w8qok,IVE,Bridge was lacking and repetitive - not their best but definitely not their worst,1,1736759924,IVE_RebelHeart
m6w8rfg,IVE,I've been trying to find it toooo,9,1736759938,IVE_RebelHeart
m6w8rmj,IVE,Daebak! It’s very cheerful and uplifting! Great cinematography on the MV. Now I can’t wait to see the full choreo for this!,6,1736759942,IVE_RebelHeart
m6w8vlt,IVE,"this is really an 8/10. I loved the rock vibes but the songs bridge kinda fell a but flat and I wish it was more lyrical instead of repeating ""rebels in our hearts""

guess love dive will always be 11/10",7,1736760015,IVE_RebelHeart
m6w8x0m,IVE,is it just me but I couldn't tell who was singing?,2,1736760042,IVE_RebelHeart
m6w8ypp,IVE,"IVE will always deliver. Since day 1, always. Not what I'm expecting, coz I thought it will have I AM vibes. But I'm loving this.. All their title tracks may sound different, but there's one common denominator.. All of their songs carry messages of empowerment, motivation, positivity, encouragement, etc. To me this is a statement for the haters coz they don't care if you love or hate them, and to all the Dives to just be ourselves no matter what other people say. 🤍🤍🤍",6,1736760075,IVE_RebelHeart
m6w8z23,IVE,sorry but this is so mid,6,1736760081,IVE_RebelHeart
m6w94dn,IVE,I like this its a fun little bop!,7,1736760179,IVE_RebelHeart
m6w95uh,IVE,"PERFECTTT they ate down with this - I personally loved the bridge since it showed off their lower vocal range and had such a different tone compared to the rest of the song and made it really stand out. The energy also just kept going throughout and I could totally see myself jamming to this on the highway at night. I was personally the biggest I AM enjoyer so that might play into bias, but I think this is one of their best recent releases yet. Can't wait to see the choreo and the full album!!!",8,1736760206,IVE_RebelHeart
m6w965b,IVE,"I'm shocked by the mixed reactions bc I acctually rlly love the song. My only nitpick is a more meaningful chorus but overall 9.5/10. I really like the song and all the different parts to it, it's very exciting and I can't wait to see it performed live!",18,1736760212,IVE_RebelHeart
m6w9gku,IVE,Loved the visual feast MV,8,1736760405,IVE_RebelHeart
m6w9jcs,IVE,"I'm confused by the comments. The instrumental is my favourite part. The build up is magnificent. And leave it to IVE to give us a magical bridge. My only nitpick would be to have less repetition of rebels in our heart, but overall, I think it's a great song.",13,1736760457,IVE_RebelHeart
m6w9qvo,IVE,I watched this whole thing and I dont speak korean,10,1736760595,IVE_RebelHeart
m6w9szq,IVE,"I really don’t like it🫣. Actually, the bridge and ending chorus is nice but it’s just it my kind of song.",2,1736760634,IVE_RebelHeart
m6w9utv,IVE,altho def agree with the other comments that having rebels in our heart repeat a million times in the chorus could be better...,6,1736760668,IVE_RebelHeart
m6w9v4m,IVE,"I feel like REBEL HEART is a better version of I AM. The song's message is so goood, I felt kind of catharsis.. Did I only get choked up..? I can see my future, which is me crying at IVE's concert.",0,1736760674,IVE_RebelHeart
m6w9vv7,IVE,Literally perfect. This is going to be A HIT 👏🏻,6,1736760687,IVE_RebelHeart
m6w9y0n,IVE,It's a good song but not my close to one of my favourites which is totally fine. I see what they wanted to do and I think it will be succesful in that regard. But I highly doubt this song will break any of their records.,1,1736760727,IVE_RebelHeart
m6wa0sw,IVE,"Pretty sure that's done of purpose, to make it sound more unified.",4,1736760780,IVE_RebelHeart
m6wa1hk,IVE,"I wish the production of the song wasn’t as bright, some heavier guitar would have given it more impact because the high guitar with the high vocals feels a little…juvenile?

It’s also too repetitive and chanty for me. I really hope does well, I think people will like it🤷‍♀️",7,1736760793,IVE_RebelHeart
m6wa2mt,IVE,Same here.🙂,5,1736760814,IVE_RebelHeart
m6wa6op,IVE,"So far the best MV IVE ever as has, the concept and visuals are breathtaking. the song is chill yet impactful just like IVE,  the diverse arrangement and progression is very good i must say. Its getting better the more you listen. I feel like the song has lot more potential and room to tap that i wonder if its achievable if the song was produced by other people than Ryan S Jhun especially the lyrics ( it feel too generic  for such genre and concept nothing really iconic and memorable) ,

  
My early prediction the song will be just okay domestically due to the generic korean lyrics. (could be wrong) , i hope the main comeback title track will be more impactful and iconic.",5,1736760890,IVE_RebelHeart
m6wa7px,IVE,"I’m a but disappointed too, I thought it’d be okay if it was an EP but turns out it’s a single…",0,1736760909,IVE_RebelHeart
m6wabey,IVE,"I think it’s a pre-release? 

Hopefully…",2,1736760977,IVE_RebelHeart
m6wac9h,IVE,is this the main single or just a precomeback? it’s a nice song but doesn’t feel like a main imo,5,1736760994,IVE_RebelHeart
m6waff1,IVE,"Love me, hate me, you’ll never be never be me 🗣️🗣️🗣️",29,1736761051,IVE_RebelHeart
m6wahg0,IVE,"Wait, this isnt the title track?!?!",2,1736761088,IVE_RebelHeart
m6wahg5,IVE,My exact thoughts,1,1736761088,IVE_RebelHeart
m6wajxj,IVE,"I really hope so, my heart broke when I saw no other videos coming, I’m on YouTube since 9h50",-3,1736761134,IVE_RebelHeart
m6walic,IVE,"love me , hate me, you'll never be me, really loved the whole concept of this song, also it blends well with the mv",12,1736761163,IVE_RebelHeart
m6wan5i,IVE,This line went so hard,9,1736761193,IVE_RebelHeart
m6wansr,IVE,Me encanta 😍,7,1736761204,IVE_RebelHeart
m6waoo2,IVE,"Same, wonys wedding dress scene with the transition to the burning playground was insane",8,1736761220,IVE_RebelHeart
m6war4c,IVE,EP comes out February 3rd so new songs coming don’t worry🫶🫶🫶,9,1736761264,IVE_RebelHeart
m6wayz9,IVE,"Suddenly most people become a music/video critic. 🤷🏻‍♀️

Love the song nevertheless. It will be on repeat until the new albums comes in early Feb 💙",15,1736761405,IVE_RebelHeart
m6wb1tw,IVE,atp i really think ryan s jhun has some serious beef with Gaeul like she really got less lines than Liz In kitsch 😭,14,1736761457,IVE_RebelHeart
m6wb4ks,IVE,Okay thank you so much !,1,1736761506,IVE_RebelHeart
m6wb8z1,IVE,"just the song is still okay, although not the best at all from them. this is their worst mv as well. it’s like either way but not as pretty.

im just not into this concept overall. the whole rebel in out hearts or whatever they’re repeating 500 times in the song feels so corny. 

early to say this but if the rest of the EP is like this, i think this cb is gonna be a skip for me. the whole sad emotional theme should’ve just ended at either way. i want my pop queens back 😭",2,1736761587,IVE_RebelHeart
m6wbfnk,IVE,"My interpretation on the meaning and references so far (based on Rei saying the hint about the MV was ""her dream came true""):  
\-Yujin's dream: driving (achieved last year; reference to Love Dive car?; city scenes = reference to Either Way MV)  
\-Gaeul's: learning to swim (reference to Accendio MV; her Marigold MV)  
\-Rei's: perform at Tokyo Dome (subway = reference to I WANT MV; her crown and tie = Love Dive reference)  
\-Wonyoung's: not being anyone's ""wifey"" (reference to Off the Record MV?)  
\-Liz's: own pets and teddy bears (blue watery vibes = reference to Either Way MV)  
\-Leeseo's: graduating? (her tie = Love Dive reference)

Carousel = HEYA MV reference; fire/fireworks = KITSCH?  
  
The randoms dancing to IVE's previous choreography = they have a loyal fanbase despite the haters

These are just random guesses! Curious to know what everyone else thinks!",24,1736761709,IVE_RebelHeart
m6wbhmi,IVE,"Listened to it 5 times in a row. I can say for certainty this is one of my favourite Singles on release. It might not have the instant ""catchiness"" of other releases, but the message and their voices are so beautiful. This is gonna be my 2025 anthem.

Love the Annyeongz pre-chorus and the Youngliz bridge the most. Rei's outfit is amazing and Wony, Yujin & Leeseo especially have some stellar acting. All the extras in the video are beautiful and love the overall MV direction too.",21,1736761744,IVE_RebelHeart
m6wbm4n,IVE,"Those concept pics had me worried as well, none of it seemed cohesive. I can’t do this generic chanty rebel thing, feels disingenuous and played out.


I’m just hoping the budget and creativity went to that second single🙏",2,1736761825,IVE_RebelHeart
m6wbp3a,IVE,"Gaeul's visuals are 🔥🔥🔥

Wish we saw more of her in this one!

https://preview.redd.it/b86v8qpqgqce1.jpeg?width=1716&format=pjpg&auto=webp&s=4bf09c21e914b1546687acc1f880e4c4eb9006f0",32,1736761878,IVE_RebelHeart
m6wbrv1,IVE,"Wonyoung in a wedding dress with the house on fire in the back is a fucking shot.

Song is, as always, my taste. I mean I'm not obsessed but I like it enough to put it on my playlist.",16,1736761927,IVE_RebelHeart
m6wbzmp,IVE,"I think it's pretty catchy for a chanty anthem track. I've already kind of warmed up to the chorus, but the prechorus really does a lot of the heavy lifting to make it work.",10,1736762068,IVE_RebelHeart
m6wc6ou,IVE,"Right??😅 I understand the song not being everyone's cup of tea since everyone has different tastes, but I wish everyone could hold on to their line distribution complaints until the other TT and the album is out. We made such a fuss about Liz in Kitsch for her to have most of the lines in I AM and I've IVE. Similar thing happened with Gaeul in Heya only for her to be the main character in Accendio. Plus, their title tracks always have different vibes. I'm just happy they are promoting both.",12,1736762195,IVE_RebelHeart
m6wcben,IVE,"Wow, early Feb release already? That's so fast!",8,1736762282,IVE_RebelHeart
m6wcckr,IVE,she literally sang 1 solo lines and disappeared lmao,16,1736762302,IVE_RebelHeart
m6wcgmr,IVE,"I know, I'm a Gaeul bias so this was extra painful 😭",9,1736762376,IVE_RebelHeart
m6wcj5y,IVE,One of my least favorite IVE songs on first listen. Hopefully it grows on me. That song that apparently interpolated Whitney Houston sounded awesome so I can’t wait for that one.,7,1736762421,IVE_RebelHeart
m6wcou8,IVE,"[ **Jump to 02:18 @** IVE 아이브 'REBEL HEART' MV](https://www.youtube.com/watch?v=g36q0ZLvygQ&t=0h2m18s)
 
 ^(Channel Name: STARSHIP, Video Length: [03:13])^, [^Jump ^5 ^secs ^earlier ^for ^context ^@02:13](https://www.youtube.com/watch?v=g36q0ZLvygQ&t=0h2m13s) 
 
----------------------------------------------------------------------------- 
 
 ^^Downvote ^^me ^^to ^^delete ^^malformed ^^comments. [^^Source ^^Code](https://github.com/ankitgyawali/reddit-timestamp-bot) ^^| [^^Suggestions](https://www.reddit.com/r/timestamp_bot)",0,1736762527,IVE_RebelHeart
m6wctcq,IVE,"[Source Link](https://www.instagram.com/p/DEwvsClz45E)

>Rebel heart is out now 💔",6,1736762607,IVE_RebelHeart
m6wcwmo,IVE,"Rebel Heart is very good, I've got it on repeat on Apple Music 🥰",7,1736762665,IVE_RebelHeart
m6wd2c2,IVE,"Yes. It is 3rd Feb according to the schedule 🤩💙

[announcement last week](https://www.reddit.com/r/IVE/s/VmkYNxfyvT)",7,1736762770,IVE_RebelHeart
m6wd93q,IVE,"Ooh, thank you!",5,1736762893,IVE_RebelHeart
m6wdaaj,IVE,Line distribution also doesn't always reflect center time. They could still give Gaeul lot's of it during the shared chorus part or a dance break. Judging it just by the audio is too early imo.,1,1736762915,IVE_RebelHeart
m6wdkmr,IVE,Considering the possibility of REBEL HEART and I AM mashup,16,1736763100,IVE_RebelHeart
m6wdxkt,IVE,"We Gaeul stans will never know peace, will never experience more Gaeul lines. This is freaking torture 😭",11,1736763335,IVE_RebelHeart
m6wdyu5,IVE,"Yes I agree, what other reason could there be for Gaeul's lack of lines? This is outrageous!!! Justice for Gaeul!!!",5,1736763359,IVE_RebelHeart
m6we4rf,IVE,"I LOVE IT! 

Anthemic, uplifting, so catchy, so IVE",13,1736763467,IVE_RebelHeart
m6we5dw,IVE,Well at least she have more words than Heya 😭😭,7,1736763478,IVE_RebelHeart
m6we5fa,IVE,It's catchy. I like it. The vocals are really strong from all of them. I love their voices but particularly Liz's lines at the beginning. Definitely going into my playlist.,10,1736763479,IVE_RebelHeart
m6we8b9,IVE,"9.5/10 song on first listen.  IVE starting this year off strong!

Also, Idk if I would even consider myself a Dive, but seeing so many of you complain is really disheartening.  Would just be better if you didnt say anything at all.",13,1736763532,IVE_RebelHeart
m6weeiw,IVE,"Makes me wanna run over a bridge in a busy city, one of my favorite IVE songs and videos already",14,1736763646,IVE_RebelHeart
m6wf1vw,IVE,I reallyyyy like the bridge,12,1736764070,IVE_RebelHeart
m6wf6o3,IVE,And wow that shot of Rei on the Shibuya crossing with the firework 😭❤️,18,1736764156,IVE_RebelHeart
m6wfegc,IVE,What's up with IVE and classic Swedish cars lately? The girls and SSE got taste choosing classic Saabs and Volvos for their MVs.,4,1736764296,IVE_RebelHeart
m6wffv4,IVE,For me better then „I Am“.  Really nice melodies in verse and bridge. Chorus is a fun scream along. I imagining a Stadium shouting „we are are rebells in our heart“. ,1,1736764323,IVE_RebelHeart
m6wg6uj,IVE,"Gives me a really nostalgic feeling about my youth! 

  
For me, Rebel Heart feels like a prequel to both Either Way and I Am. Rebel Heart was how I felt when I was in my teens to early 20s, when I was still finding my identity and not being just my parents' child. 

  
I Am is my mid-20s to early 30s, creating a reputation and building a career, while dreaming of bigger things.

Now that I'm in my mid 30s, I relate more to Either Way. I'm now confident in who I am and have accepted that all the different versions in people's minds are me. But, either way, I'm good.",25,1736764802,IVE_RebelHeart
m6wglmr,IVE,"this is awesome. the girls all look amazing, i enjoyed the MV overall. the pre-chorus slaps",12,1736765061,IVE_RebelHeart
m6wgmlq,IVE,"I notice that Starship seems to have sent Rebel Heart to other singers for a vocal band cover instead of the usual dance challenge. This is such a cool and unique way to promote. The song sounds so good with a band too, I hope IVE uses a live band for their music show promos.

[10 cm cover](https://x.com/10cm_Akaa/status/1878744147139645513?t=0oXNB_FHOh_0tpMUi4934A&s=19)

[Yudabin Band](https://x.com/yudabinband/status/1878744816986808765?t=7DNVuIhVgjh5wl25LXGcHg&s=19)

[Soran](https://x.com/band_SORAN/status/1878736656997716159?t=E4Xd8GAhFKQcCTLUz-kxOA&s=19)

[Jeong Sewoon](https://x.com/jeongsewoon_twt/status/1878743849050452315?t=gYh0GW0TMY2ncb6c29Mymg&s=19)",18,1736765078,IVE_RebelHeart
m6whibb,IVE,Yea having bands cover the song right away shows how much more dynamic it could have been,2,1736765625,IVE_RebelHeart
m6whmot,IVE,"i think for me it's giving a niche coming of age song. which i love specifically because if it's done right, it will give me nostalgic feelings, again which i love.

overall 9.5/10. a wholesome experience for me on my first listen. that 0.5 deduction was for Gaeul's distribution of line, it's not worse, but it can be better.

other than that, IVE started 2025 with such a strong track. as if the soty spot has already secured. I'm manifesting 🤌🏻

![gif](giphy|l9RMjN3IXC0MpwtVvq)",21,1736765698,IVE_RebelHeart
m6wi1y3,IVE,"https://preview.redd.it/wcjpw8vusqce1.jpeg?width=1440&format=pjpg&auto=webp&s=7c320f843bcdaf2fbafa88ff4640486a115145d2

Debuted at no.6 on Melon Hot 100.",23,1736765952,IVE_RebelHeart
m6wixmy,IVE,The lyrics really suit wonyoung tbh! Plus liz and wonyoung vocals.❤️,12,1736766480,IVE_RebelHeart
m6wj45b,IVE,"Can we change Casting Accendio into Rebels or Rebels in their hearts?

https://preview.redd.it/620kmcqquqce1.jpeg?width=4320&format=pjpg&auto=webp&s=a3334c6b65845bb2c784238038d5c47a04c81fdc",8,1736766588,IVE_RebelHeart
m6wk2t5,IVE,"I really liked rebel heart but I hope title is dance number. We need crazy fun music. It was same with either way. Rebel heart has a mood for me, I want some fun nonsense music from IVE, please 🙏

Also not very sure about choreo coz rei said it's difficult this time but point choreo seems very simple again, I wonder if title has more difficult choreo 🤔",18,1736767151,IVE_RebelHeart
m6wl3ub,IVE,"the song’s amaaazing. its emotional its vocally powerful and the endings just beautiful. however the mv doesnt do it justice at all and is actually quite mid. its aesthetics are generic, its story is vague, and the shots of randoms dont feel cohesive at all. i had to listen to the song without the mv to fully feel its impact.",16,1736767742,IVE_RebelHeart
m6wm5pr,IVE,Yay or nay?,3,1736768342,IVE_RebelHeart
m6wmave,IVE,"I liked it a lot. It’s not my favorite release of theirs, but feels like a solid release. I actually like it more than Heya and I AM.",12,1736768419,IVE_RebelHeart
m6wmqvn,IVE,definitely a yay,11,1736768663,IVE_RebelHeart
m6wn32g,IVE,"Ngl, its like the lyrics were made for every idol out there who gets hate from others for the silliest reasons (LOVE ME, HATE ME, YOU WILL NEVER BE ME)

i just keep singing that one line over and over again in my head for some reason",20,1736768845,IVE_RebelHeart
m6wn4mc,IVE,That shot of Rei with the firework wow!,12,1736768868,IVE_RebelHeart
m6wnfqw,IVE,Yay it fucking is then.,13,1736769033,IVE_RebelHeart
m6wnotp,IVE,LOVE IT JDIBIUEBEUIEB,16,1736769165,IVE_RebelHeart
m6wnpwe,IVE,"https://i.redd.it/r51t2ueg2rce1.gif

This stunning lady. 👆🏻",34,1736769181,IVE_RebelHeart
m6wnre8,IVE,"There are 2 title tracks. This is a pre-release, and then they will probably release another title track usually seen as the main title track together with the full EP on 3rd Feb.",4,1736769202,IVE_RebelHeart
m6wnvi3,IVE,She went back to rapping and I love it. 🫰,5,1736769263,IVE_RebelHeart
m6wobjh,IVE,"Thank you, I'm gonna check that out. Hope I can watch any music show where IVE will perform.",1,1736769494,IVE_RebelHeart
m6wp5vt,IVE,THIS IS SO GOOD. THE MELODY. THE MUSIC VIDEO. THE LYRICS. EVERYTHING IS SO GOOOOOODDDDD. LOVE ME. HATE ME. YOU WILL NEVER BE ME.,19,1736769933,IVE_RebelHeart
m6wp9sl,IVE,"i’m a bit late but personally i really liked the song, played it on repeat now a couple of times and it’s great!! the girls acting skills are so good too love to see it! as always they never disappoint",22,1736769989,IVE_RebelHeart
m6wpcn2,IVE," [post link](https://www.instagram.com/p/DEw9X4pvAZi/) | caption:

>Rebels in our heart ❤️‍🔥",1,1736770029,IVE_RebelHeart
m6wrdg5,IVE,Amazing lyrics and song. The visuals and production were spot on. “Love me hate me” will be an iconic message… truly pure wonyoungism! However I feel rebel heart was damaged by the repeating chorus. It may be a preference but repeating the “rebels in our heart” could have been replaced with something else that would end up making this song a 10/10.,41,1736771016,IVE_RebelHeart
m6wrltj,IVE,Gaeul looked absolutely stunning in this MV,9,1736771130,IVE_RebelHeart
m6wtyga,IVE,My queen fr,5,1736772223,IVE_RebelHeart
m6wub3c,IVE,"[post link](https://x.com/ive_twt/status/1878784881972637859?s=46) | caption:

>the miracle of rebel heart~🤍🪽ྀི",4,1736772381,IVE_RebelHeart
m6wujwc,IVE,"[post link](https://www.instagram.com/liz.yeyo/p/DExComKyAwu/) | caption:

>thanks to you it was a fun shoot my babies 💋💋",3,1736772492,IVE_RebelHeart
m6wuu0e,IVE,you call mouthing 3 words then literally disappear rapping?,1,1736772618,IVE_RebelHeart
m6wvlvh,IVE,"[post link](https://vm.tiktok.com/ZNeKQVjWB/) | caption:

>REBEL HEART 💘",7,1736772959,IVE_RebelHeart
m6wzj6j,IVE,Studio Choom and IVE are such a great combo! Always a great promotion! Look how pretty they look. ❤️,13,1736774631,IVE_RebelHeart
m6x0jgy,IVE,Annyeongz winking together is lethal,15,1736775040,IVE_RebelHeart
m6x1hav,IVE,"[post link](https://vt.tiktok.com/ZS6xfJDcM/) | caption:

>✧₊⁎ shoot up 𝑹𝑬𝑩𝑬𝑳 𝑯𝑬𝑨𝑹𝑻 🏹",2,1736775413,IVE_RebelHeart
m6x3tyi,IVE,"Rebel Heart MV views jumped and has surpassed 4m views and now trending #5. Seems like YT holding back views before. Lot of of band and singers already released cover of this song.

Btw is any of the girls mentioned about their favorite song in the album ?? i dont think ive seen one yet.",8,1736776325,IVE_RebelHeart
m6x3z96,IVE,Second rebel this !,6,1736776382,IVE_RebelHeart
m6x5033,IVE,it's like a middle eastern wedding,1,1736776767,IVE_RebelHeart
m6x5f6o,IVE,"So agree, i feel like it’s become more of a trend now just to repeat lines in songs and it makes them feel really stale and uncreative. Rest of the song is great but chorus is so important",8,1736776923,IVE_RebelHeart
m6x5hzm,IVE,Lmao what tops those songs for you then?,2,1736776953,IVE_RebelHeart
m6x5o2u,IVE,"True, Rebel Heart is kind of anthemic but doesn’t quite reach that height, if the other title is more lowkey it’s gotta be really unique then",2,1736777018,IVE_RebelHeart
m6x682j,IVE,First official Anneyongz challenge since their IVE debut if I’m not mistaken? WOW,18,1736777227,IVE_RebelHeart
m6x68g9,IVE,"[post link](https://vt.tiktok.com/ZS6xPyGyY/) | caption:

>do it like IVE 🖤",1,1736777231,IVE_RebelHeart
m6x6cxa,IVE,"[post link](https://vt.tiktok.com/ZS6xPyGyY/) | caption:

>do it like IVE 🖤",4,1736777278,IVE_RebelHeart
m6x6x4y,IVE,"Theye look so cute in this new song 😭😭😭😭😭 
I really love IVE's songs they NEVER disappoint 🤍⭐",13,1736777489,IVE_RebelHeart
m6x968p,IVE,"Amazing the song was cute but I wish there was more to the chorus, felt like the MV teaser spoiled all the material of the song. Not my fav IVE release but I still like it",10,1736778310,IVE_RebelHeart
m6x9agz,IVE,"Now just take a second to imagine this song with a live band at a concert....the crowd's gonna go absolutely insane. Entire stadium of dives chanting ""LOVE ME, HATE ME, YOU WILL NEVER BE ME"" and ""WE ARE REBELS IN OUR HEART"". 

I need to seriously consider going to Lollapalooza Paris now, knowing this will be in the setlist.",21,1736778352,IVE_RebelHeart
m6x9j4z,IVE,[source](https://x.com/eveliz_1121/status/1876672543211614525?s=46),1,1736778439,IVE_RebelHeart
m6x9osd,IVE,"I'm calling it, this is the beginning of IVE hard choreo era. Haters that claim IVE can't dance will need to shut up after this performance lol",10,1736778496,IVE_RebelHeart
m6x9so9,IVE,"I think this is probably a pre release, they've done prereleases for all of their mini albums",2,1736778534,IVE_RebelHeart
m6xa11e,IVE,never wanted to be a guinea pig in my life but here we are,13,1736778617,IVE_RebelHeart
m6xa8rl,IVE,"Elsa vibes🤍

![gif](giphy|shJoaSf7VpGnu)",7,1736778695,IVE_RebelHeart
m6xaw8a,IVE,"I'm loving everything about this. The song is so catchy, lyrics are powerful, bridge is chef's kiss and them keeping it over 3 mins is appreciated! The music video is also eye catching, matches the vibes of the song and helps push the narrative along. So excited for this album!",9,1736778931,IVE_RebelHeart
m6xbemc,IVE,"Eleven and either way.

![gif](giphy|6uGhT1O4sxpi8)",3,1736779115,IVE_RebelHeart
m6xc4d5,IVE,"I can't listen to it yet because I'm at work, what vibe does it give?",1,1736779367,IVE_RebelHeart
m6xc5n9,IVE,"It's a banger, thank god.

So glad to see them move in a direction I enjoy.

It has a strong anthemic feel to it, which they nail.

There's a bit in the production that is Ryan Jhun's staple, and it's definitely the ""weakest"" part, but even that works. 

All in all it seems like they wanted a ""safe"" release, which it is, but still managed to give us a solid song.",19,1736779380,IVE_RebelHeart
m6xctow,IVE,"I Am and My Satisfaction musically, Either Way in the melancholic lyrics/vibe to me",14,1736779612,IVE_RebelHeart
m6xdfnw,IVE,This song is going to be some *crazy* experience singing along in IVE's next tour.,19,1736779821,IVE_RebelHeart
m6xdqdk,IVE,[Source Link](https://www.instagram.com/p/DEwvrY7zqDw/),1,1736779922,IVE_RebelHeart
m6xexp6,IVE,"Genuinely stunned at how bad this is, never felt this with an IVE song. It's nothing, there's nothing here, they shelve DEAR CUPID but release this cringe, what the fuck",-23,1736780322,IVE_RebelHeart
m6xfbnm,IVE,wait did they release the tracklist?,1,1736780451,IVE_RebelHeart
m6xklpt,IVE,So stoked to hear so many covers for this. The bass from Jeong Sewoon’s version is chef kiss. Definitely looking forward to the live band version 🤩🤩,6,1736782175,IVE_RebelHeart
m6xkwub,IVE,"Why do you give a shit what haters say? 

Just enjoy the content, mate. Other people's opinions shouldn't be coloring yours",17,1736782272,IVE_RebelHeart
m6xllls,IVE,I can't blame you for wanting more lines.,3,1736782489,IVE_RebelHeart
m6xmy2g,IVE,i LOVE this 🤍,10,1736782905,IVE_RebelHeart
m6xqz5c,IVE,Very good song,7,1736784135,IVE_RebelHeart
m6xr3kq,IVE,This is so good omg,12,1736784173,IVE_RebelHeart
m6xrzbq,IVE,"I love anthemic IVE and this one more or less ticks all the boxes for me. Interesting to see Loreen co-writers in the credits, which contributes to the vibe. I love the verses and the “so you can love me, hate me” chorus lead-in (perhaps more than the refrain and outro, a minor quibble). An instant fave still!",11,1736784442,IVE_RebelHeart
m6xs4qo,IVE,I'm loving the rock sound,12,1736784488,IVE_RebelHeart
m6xu2hr,IVE,"Dives, pleaaaase, let's give the girls some wins on music shows this comeback 😭

The minimum we should do is at least give them a win on Inkigayo so Leeseo can give the girls the trophy 🥺",9,1736785072,IVE_RebelHeart
m6xu72o,IVE,"They are pushing Annyeongz this time. 1,2,3 IVE and You Quiz on the Block later.",9,1736785110,IVE_RebelHeart
m6xzen5,IVE,"Download Mubeat and Higher.  
Watch ads and vote when the shows are on. 

We can do it!",5,1736786650,IVE_RebelHeart
m6xzhs2,IVE,"I like it

it a bop 

the girls are pretty  
MV is great 

beat or pace of the song is upbeat and  catchy 

while lyrics  is ok or good enough",7,1736786675,IVE_RebelHeart
m6y4osg,IVE,"Ah man this is a bit of a miss for me. I like the verses and prechorus, but the chorus is so repetitive and sounds a bit childish. Feels like a song called Rebel Heart should have more edge—they could’ve gone full rock!

BUT excited to see the BTS of the MV with Liz and those animals I just know she was freaking out lol.",9,1736788194,IVE_RebelHeart
m6y4umq,IVE,I love this song! I love rock songs so this is fire! I might become a dive after this 🤭,18,1736788242,IVE_RebelHeart
m6y9xmv,IVE,"I like the versions with drums more so my favourites are 10 cm, Soran and Yudabin. Yudabin in particular has excellent vocals. I hope to see more vocal covers.

I'm so amused by the closed captions though. What do you mean ""we are rappers in the hood"". Lol.",5,1736789716,IVE_RebelHeart
m6yagze,IVE,You'll really like the vocal covers done by bands then. You can find them linked in my comment [here](https://www.reddit.com/r/IVE/s/UnNYbg9jVL),5,1736789870,IVE_RebelHeart
m6yf81o,IVE,Rei said rebel heart in her bubble or live I don't remember,3,1736791234,IVE_RebelHeart
m6yfxwk,IVE,"I know IVE members have really distinct dancing styles and lines individually but they need to work on it to minimize it atleast for group dancing, it's just....outta synch 😭🙏",6,1736791444,IVE_RebelHeart
m6yg36f,IVE,"It's still showing it needs a password for me too. I can't be sure, but I've seen this before for shops who haven't made it public due to a vacation or updating the site. So only the owners can get into it. Perhaps that's what they are doing",5,1736791487,IVE_RebelHeart
m6yk7ki,IVE,"I’m so curious for the second title track…

Is that confirmed by the way???💀💀💀 Because an announcement for that can’t t be very far into the future 👀",4,1736792673,IVE_RebelHeart
m6ypsow,IVE,"Yeah i had no idea haters are saying that, or even the fact that there are haters in the first place!",6,1736794290,IVE_RebelHeart
m6z0790,IVE,"I like it enough.  It's fine.  Sounds like a bit of a throwaway, b side.  It's kinda thin lyrically.  The track is bouncy fun.  Mouth watering for the full ep.",6,1736797309,IVE_RebelHeart
m6z0r5t,IVE,"Feels like one of those 25% 75% 100% tik toks... personally prefer Gaeul's more powerful approach, but they need to sync up more",5,1736797469,IVE_RebelHeart
m6z2j6g,IVE,"No, they'll always throw other stuff in there. You need premium for it.",11,1736797980,IVE_RebelHeart
m6z31gf,IVE,"I really loved the Liz parts, want a full Paramore or Avril cover from her now.",7,1736798127,IVE_RebelHeart
m6z4rw6,IVE,"I took 4 listens for me to love it. I felt the same way with ""Either Way"", it wasn't what I expected, but it was undeniable great and emotional. My understanding of the song is ""Something worth saying, is worth repeating"", until you understand it completely and is stuck within you, ""We are Rebels in our Heart"", yes they are, yes WE are.

  
Love the styling, love the cinematography, love-LOVE-love the acting, specially Lesseo, love how punchy the sound is. It felt for me like a natural progression of the ""Of the Record"", a mom in one youtube show with Yujin and Rei playing Mother-Daughter said ""I like that their music talks about loving themselves"", this song encapsulates that feeling perfectly.

  
Looking forward for the full album.",9,1736798632,IVE_RebelHeart
m6z8ile,IVE,Ahhh that's so cool thanks,3,1736799739,IVE_RebelHeart
m6z9knt,IVE,"Is Wonyoung wearing galoshes (old-timey rain boots)? If she is, it will be amazing to see galoshes become the hot new fashion trend.",5,1736800047,IVE_RebelHeart
m6zbh70,IVE,"Everyone’s entitled to their own opinion but MAN Reddit dives are so picky! This song is amazing lyrically, it’s like the aftermath of I AM, even Wonyoung’s prechorus mirrors the lyrics of her bridge in I AM. The song is also in the same key as I AM and has the same chord progression. I love how there’s no rap in this song, I think that would throw the vibe off, and their vocals sound great! Especially Leeseo in the last chorus. Wonyoung’s voice also sounds more mature in this one compared to their other tracks. The repetitive chorus fits the theme of the song since it’s mimicking an affirmation that you’d repeat to yourself in the mirror. This is peak IVE and I can’t wait to see the stage performances!",20,1736800602,IVE_RebelHeart
m6zdx84,IVE,https://www.youtube.com/live/oFKiFw7xI5E,5,1736801317,IVE_RebelHeart
m6zg4lz,IVE,does Starship not have the budget for a second take lol they’re so out of sync,17,1736801954,IVE_RebelHeart
m6zi653,IVE,"Love me, hate me, you will never be never be never be me \~",10,1736802547,IVE_RebelHeart
m6zj4jx,IVE,"This rock sound is different for them (the closest we got is their pop-rock anthem I AM) so I understand the polarizing reactions (myself included) but, I can see it being a grower for me. 

Music video is fun and I love the city night aesthetic — I think IVE showed a new color to their group artistry and they did it excellently. 

I was looking forward to another classic pop IVE record, but Rebel Heart makes a comeback that tastefully pushes the boundaries of their overall group image to me 🥳",12,1736802820,IVE_RebelHeart
m6zmgmp,IVE,"It’s interesting you mention Either Way and Off the Record, two of my favorite Ive B sides. And btw, nice flair.",5,1736803790,IVE_RebelHeart
m6zmmn8,IVE,yeah I went into liking it but by the end it just got to receptive I will listen to it but as soon as the rest of the album drops I won't listen to it as much and probably won't find myself coming back to it unless to watch the mv as I do like how's its filmed,2,1736803838,IVE_RebelHeart
m6znguj,IVE,like I understand her coming last in distribution especially when the song doesn't have much if any rap but u we rlly couldn't give her more than one line and apparently she is looking forward to the dance so maybe they actually gave her something there but idk I feel it will be more centred to whose singing,3,1736804081,IVE_RebelHeart
m6zpdnh,IVE,"If you want to stream, you can ask [Stationhead](https://www.stationhead.com/c/dive) if they can give you a premium account to stream with them from it",11,1736804640,IVE_RebelHeart
m6zt8j7,IVE,Make a playlist and put only I've on it? That's what I do to stream,11,1736805770,IVE_RebelHeart
m6zv5yj,IVE,"I find interesting that the affirmation works, some extras are alone at the beginning, but find friends and community at the end, where they're accepted and happy. Also, this is the risk of doing different things every comeback, your audience needs time to process. Is a very rewarding experience.",6,1736806357,IVE_RebelHeart
m6zvqtt,IVE,"Thank you ñ\_ñ



I like their songs that ask ""How can I overcome my teenage angst?"" I think no one does it better.",2,1736806534,IVE_RebelHeart
m7018jr,IVE,"I know a lot of people on here are going to get offended but maybe stop being so parasocial?

IVE doesn't need you to artificially inflate their streaming numbers, they are one of the biggest kpop groups. Just listen to their music when you want to and move on with your life when doing other things.

Obsessing over views and streams is honestly so sad. Just enjoy the music. The fact you feel the need to help celebrities, who at this point are most likely all millionaires, is just depressing.",-14,1736808228,IVE_RebelHeart
m703wfv,IVE,"Im not being parasocial.  Trust me I listen to things when I want to.  I got annoyed with the way Spotify worked so I gave up on listening there and went back to listening on Amazon music.  It’s not artificially inflating their numbers, it’s me wanting to listen to them on a platform that contributes more. Unfortunately Spotify in general doesn’t work with me for any of the artists that I like so I came to seek solutions.

Also I find it funny that you say I’m obsessing over helping these celebrities, if I was obsessing I would just bite the bullet and pay for a Spotify account.  Not to be “no you” person, but I feel it’s sad for you to come at someone so aggressively for simply asking a question. :)",14,1736809075,IVE_RebelHeart
m706b7s,IVE,anyone know if there's any subbed version anywhere,3,1736809862,IVE_RebelHeart
m706zxr,IVE,"You are the one that said you ""want to help IVEs spotify streams""

You have Amazon music AND you dislike Spotify, yet you want to use an app you dislike just so you can ""help"" a celebrity. The fact that you feel the need to help IS parasocial. Just listen to music on your preferred platform.

I guarantee you they make more money than you in a couple months that you do in a year. They don't need your help.

Again I'm just pointing out this parasocial relationship that's normalized in kpop circles isn't healthy.",-14,1736810084,IVE_RebelHeart
m707wco,IVE,"Not a huge fan of the first part of the bridge (I dunno if there's a better way to describe it, but the part after the second chorus sounds sort of choppy to me), but I'm obsessed with the song as a whole and it feels like a combination of ""I Am"" and ""Crush"" and ""My Satisfaction."" It definitely gets better after the first few listens, so if you're a skeptic, I can't promise anything, but it might be worth some more testing.

I had really high expectations because Heya was probably my favorite IVE song yet when it came out. Though I doubt this will come close to that level, it's great enough to raise my hopes even more for the EP.",9,1736810380,IVE_RebelHeart
m708b44,IVE,"I appreciate what your saying however I said I wanted to “contribute” to Ives Spotify streaming.  Like your said they are one of the most popular groups, they don’t need my help.  However as a fan I want my to be able to show my support.
Also I’ve been on the internet a long time and I’ve had my fair share of feeling parasocial and there definitely is an issue with parasocial however assuming everyone who wants to be able to show their support is parasocial isn’t super productive.",8,1736810516,IVE_RebelHeart
m709q94,IVE,You do you bud. But no you can't use free Spotify to just stream IVE. That's their whole marketing model to incentivize people to switch to premium.,-10,1736810990,IVE_RebelHeart
m70byzr,IVE,"i agreeee, all night was super fun at the concert even though a lot of people complained about it",41,1736811751,IVE_RebelHeart
m70dsdb,IVE,"I love the instrumental overall, the mv’s vibe & the “you will never be never be never be me” line! ❤️",9,1736812366,IVE_RebelHeart
m70lp8b,IVE,I had that exact same thought when I heard Rebel Heart!,28,1736815010,IVE_RebelHeart
m70q2d5,IVE,"Never thought I'll be seeing Tyler The Creator and YE's name on IVE's sub, but either way it's a good take.",41,1736816461,IVE_RebelHeart
m70znov,IVE,"[Playlist 1](https://open.spotify.com/playlist/6ZueCUfybznIhH0s81rDyn?si=9839efea6a7841be)

[Playlist 2](https://open.spotify.com/playlist/6ZueCUfybznIhH0s81rDyn?si=9949cd1748f64324)

You can use these playlists. They're from Dive's streaming group.",12,1736819597,IVE_RebelHeart
m712ljd,IVE,"I can already imagine listening to Rebel Heart while waiting for Ive to appear. Dude the transition from Leeseos verse to Wonyoungs is the perfect lower to sudden increase of volume to hype you up while waiting. 

[like this one with Heya, my heart just about left me when they did this (ToT)](https://vm.tiktok.com/ZMkatUtRD/)",37,1736820528,IVE_RebelHeart
m717n4x,IVE,"But... if we don't ""love"" them, then what are we fans?",1,1736822143,IVE_RebelHeart
m718qsx,IVE,"My bad, I constructed the sentence incorrectly. I meant they don't care if other people hate them. Of course they care about all their fans that love them. Actually, at least for me, they're really great on fan service. They genuinely love Dives. 🥰",3,1736822487,IVE_RebelHeart
m718w8u,IVE,Thank you!,6,1736822535,IVE_RebelHeart
m71rm5u,IVE,I think the response is more positive now than with Baddie and Heya!,3,1736829272,IVE_RebelHeart
m71rqzc,IVE,"Can’t believe ppl didn’t like it, took me 1 listen to love it, I thought everybody would, guess I was wrong. 

Probably in my top TT from IVE, but not really in their songs in general. Still, pretty song.",9,1736829327,IVE_RebelHeart
m71wf36,IVE,"since the album hasnt drop yet, its pretty much confirmed.",7,1736831397,IVE_RebelHeart
m71xsz7,IVE,[Source Link](https://www.tiktok.com/@ive.official/video/7459631537034726674),6,1736832043,IVE_RebelHeart
m71y7jg,IVE,"so only rei did, thanks !",3,1736832234,IVE_RebelHeart
m71ys24,IVE,This is brilliant,3,1736832506,IVE_RebelHeart
m724rl6,IVE,i kinda agree. i started appreciating heya a lot more after seeing how fun the live performances of it are,23,1736835577,IVE_RebelHeart
m724x82,IVE,excited the see this! the preview looks fun,2,1736835663,IVE_RebelHeart
m72758u,IVE,I don't like it as much as Switch but I'm definitely gonna be hunting pink hair Leeseo cards,1,1736836908,IVE_RebelHeart
m727erh,IVE,"Finally, choreo for us old guys!",7,1736837060,IVE_RebelHeart
m729nkt,IVE,Your commitment to bashing Ryan Jhun is the kind of commitment I hope to achieve just once in my life 🙏🙏🙏😩😩😩,4,1736838353,IVE_RebelHeart
m72bsfj,IVE,No 😅,1,1736839641,IVE_RebelHeart
m72gmoe,IVE,Manifesting Taeyeon-Liz song 🙏,7,1736842662,IVE_RebelHeart
m72i4bt,IVE,starship is back with the winning formula. I'm sure the girls will get at least a win at the music shows. Is it just me that the soundtrack sounds like its clipping,8,1736843639,IVE_RebelHeart
m72l9yb,IVE,"[post link](https://vt.tiktok.com/ZS6Q2tuVY/) | caption:

>Do it, move it, do it 🏫⋆.ㅡ⭑",2,1736845731,IVE_RebelHeart
m72m9w6,IVE,"Gaeul just said other TT has completely different atmosphere from rebel hearts, hopefully a dance number is Comingggggg

Anddd....I need gaeul leeseo variety appearance like inkigayo can't be the only thing leeseo is having, I am hoping she would be on daechwinso or whatever that mcountdown show or nopogy or like that mubank yt show, send her anywhere omg please 🙏",8,1736846400,IVE_RebelHeart
m72mu6c,IVE,Gaeul just confirmed in her bubble that there is another title track (and she thinks it suits her better and is very different from Rebel Heart).,8,1736846786,IVE_RebelHeart
m72n2ya,IVE,"And she also mentioned she thinks the next title track suits her better. Really curious about how it’s gonna sound. Anyways, glad to know there’s a lot more to be excited about this comeback !",7,1736846950,IVE_RebelHeart
m72q7g2,IVE,"[post link](https://vt.tiktok.com/ZS6QMQNNT/) | caption:

>in my own way 💎🎀",2,1736849012,IVE_RebelHeart
m72qcn9,IVE,[Source Link](https://x.com/cosmokorea/status/1879106192678715776),1,1736849106,IVE_RebelHeart
m72r5cp,IVE,"Aye aye aye. Her facial expressions are improving. She is exuding more confidence too. Way to go, Liz 🥰🥰",6,1736849628,IVE_RebelHeart
m72rh2g,IVE,"After having gone to IVE, aespa, TWICE, Le sserafim, and Kep1er in 2024 (all in Japan), IVE also had by far the best integration of lightstick-enabled visuals during the show. I had the absolute worst seats for IVE, but that allowed me to see the entire stadium — and IVE was the only show that had complex images/words as well as any significant lightstick patterns used to accompany the songs as visualizers (other groups just had the typical 2 colors flashing, or big chunks of seats colored differently, etc.). 

Might be different since I’m not sure if other countries have as much lightstick integration since Japan concerts tend to have I assume >70% of attendees owning lightsticks, but IVE’s system of using actual individual seat locations as a canvas was pretty crazy (and should be done in all other shows across Kpop!)",26,1736849837,IVE_RebelHeart
m72vdvv,IVE,"The band covers keep on coming

[Touched](https://x.com/band_touched/status/1879106156066648398?t=P4XvP-ztiMpEt4TQ4pqchw&s=19)",11,1736852248,IVE_RebelHeart
m72w5kt,IVE,Lmao why does this look like an ad for election campaign of your local city council  😭😂,13,1736852708,IVE_RebelHeart
m72x0vp,IVE,Any news of them performing at minor music show like Show Champion or The Show ??? I want them to at least win something and do encore for REBEL HEART. Starship better send them performing there and not repeat another mistake.,2,1736853221,IVE_RebelHeart
m72xo7f,IVE,Seeing how all this band killed it with  arrangement of REBEL HEART and think Starship should give any of them produce the song instead of Ryan S Jhun.,1,1736853595,IVE_RebelHeart
m72z03k,IVE,"[REBEL HEART OVERNIGHT PLAYLIST 1](https://open.spotify.com/playlist/6ADMdEMzKCTXd1ziyovgnF?si=4542bd2b27d24983)

[REBEL HEART OVERNIGHT PLAYLIST 2](https://open.spotify.com/playlist/7l6vwvHbNKAqIGRyWPeDeI?si=8f91406674fc4d94)

Here are 2 longer playlists that you can stream. 🙂",5,1736854345,IVE_RebelHeart
m72z180,IVE,[post link](https://vt.tiktok.com/ZS6QSgUV5/),1,1736854363,IVE_RebelHeart
m73d4n1,IVE,Definitely one of their more dynamic choreographies. Still not exactly memorable though?,10,1736860898,IVE_RebelHeart
m73d6t4,IVE,Panorama walk is back!!,17,1736860921,IVE_RebelHeart
m73d76p,IVE,Cho Saeho exudes that Asian local politician energy,7,1736860926,IVE_RebelHeart
m73e9ht,IVE,The center part where they lift up Leeseo is so cute. Her and her pink hair really draws the eye during the whole thing.,27,1736861340,IVE_RebelHeart
m73fnh3,IVE,Not sure about this choreo,8,1736861874,IVE_RebelHeart
m73hwhx,IVE,totally lol,4,1736862721,IVE_RebelHeart
m73obso,IVE,"At this point, we have to accept that IVE just isn't a dance-focused group, and that's OK because they're not sloppy dancers by any means. It's just that their group identity doesn't include high-impact and very technical choreography.",27,1736865052,IVE_RebelHeart
m73oeoj,IVE,My favourite part too!,7,1736865080,IVE_RebelHeart
m73oh6z,IVE,Can’t wait to see this on the stage,23,1736865104,IVE_RebelHeart
m73osdp,IVE,I love that there was more movement this time and less posing and just arm movement. They are also a bit more co-ordinated than usual. Though some movements would look much better if they put more strength into them and I can still see some members skipping some moves but I'll take the improvements. Baby steps just like they improved their vocals. They all look so gorgeous though and I love the outfits. Baddie meets I AM.,27,1736865215,IVE_RebelHeart
m73osv2,IVE,Desperately need some variety content for Gaeul!,5,1736865219,IVE_RebelHeart
m73pbux,IVE,Someone pointed out that their earlier choreography which had more killing parts was done by  Dasom of Freemind and not Lachica. In order to change some of these things they would have to change the performance director but IVE members seem to have such a good relationship with Simeez so it will be hard to make a change. Starship seems to really value relationships in the industry.,21,1736865402,IVE_RebelHeart
m73qg6z,IVE,"Their stylist took the day off, huh? The music and the song doesn’t quite work. Choreo is meh.",-44,1736865787,IVE_RebelHeart
m73rii6,IVE,"The harsh truth is: that’s no way to run a business. Sacrifice the relationships for the growth of the group😭😭😭 good choreography can take a song a long way. We know the girls are capable.

I’m holding out hope for that second single.  🤞🤞🤞The rumours were that this was some of their hardest choreography but…it doesn’t reflect that. It’s just arm movement with them walking in circles.",11,1736866147,IVE_RebelHeart
m73w2sv,IVE,"I am leaving this sub. Just my take, but some people here are too negative. Moving and acting just like haters. This shouldnt be the vibe here. Sad, but I would rather enjoy in a better enviroment.",10,1736867632,IVE_RebelHeart
m73w723,IVE,"[post link](https://x.com/ivestarship/status/1879185021979983923?s=46)

[studio choom performance](https://youtu.be/pY7Kzkpbll0)",1,1736867670,IVE_RebelHeart
m73ygf8,IVE,"It's weird, I'm at a point that I think some fans won't ever be happy with anything that IVE do.",10,1736868385,IVE_RebelHeart
m740q1a,IVE,Even twitter and the main kpop sub seems more positive than this sub. I don't know what people want anymore.,10,1736869092,IVE_RebelHeart
m745qf9,IVE,NEed to be committed as hard as Starship holding onto that old man,2,1736870610,IVE_RebelHeart
m74adp5,IVE,":O 

Where? I've only seen positive posts here??",2,1736872012,IVE_RebelHeart
m74awl7,IVE,Love them,3,1736872168,IVE_RebelHeart
m74j78a,IVE,I hope the blurry POB previews drop soon i cant decide which ver/company to order from!,3,1736874614,IVE_RebelHeart
m74o2t6,IVE,"I get your point, but the IVE girls are always talking about how nice Simeez is to them and the way she gives them encouraging advice and buys them little gifts to cheer them up. The Lolla behind the scenes videos just warmed my heart. I agree that it's not business savvy but honestly I'd rather see that kind of relationship in this harsh idol world than sacrifice it for a choreo.

The choreo is hard in the sense that there are a lot of different changes and movements. Heya was basically just standing and making a circle movement, so this choreo was a big improvement imo.",9,1736876035,IVE_RebelHeart
m74ofmu,IVE,"Oooh I realllly liked the choreo for a change, def see a lot of people doing the point choreo :')",12,1736876139,IVE_RebelHeart
m74p4m0,IVE,"Who made the post about voting apps during Heya era? I can't find it anymore, and our IVE girlies need the wins this era🙂",8,1736876339,IVE_RebelHeart
m74pdug,IVE,"There are several negative comments in the MV post and other posts. Thankfully, most of them are being downvoted to hell :)",5,1736876413,IVE_RebelHeart
m74r6t2,IVE,[Source Link](https://www.instagram.com/p/DEzRBrfTtZv/),4,1736876932,IVE_RebelHeart
m74t0tb,IVE,Brain... overload... with happiness... can't think straight...,8,1736877454,IVE_RebelHeart
m74teyl,IVE,"Lyric is one thing that I thought was 1000% perfect with Rebel Heart.

우린 따로 이유를 묻지 않고
서로가 필요할 때가 있어
그런 맘이 어떤 건지 잘 알기에
영원을 바라는 사이보단
지금을 이해해주고 싶어

This part⬆️ made me tear up while listening for the first time.",12,1736877566,IVE_RebelHeart
m74ucm4,IVE,"Is this the bridge part? If so , then yes I agree as it’s my favorite part.",3,1736877834,IVE_RebelHeart
m74vjob,IVE,"Yep!

The whole song is basically a more confident, fast paced, rocky, and more cheerful Either Way.  It is rapidly climbing my list of favorite IVE songs.",4,1736878182,IVE_RebelHeart
m74w328,IVE,"Video is good and the choreo is better than Heya and Baddie imo!

Still praying they drop Lachica.

We need simple and memorable point choreo. Not the directionless mishmash of dance moves that define the 4th and 5th gen GG choreo. 

Choreo that's forgettable and exhausting is just the worst kind.",10,1736878338,IVE_RebelHeart
m74w9du,IVE,"Yeah, it's like 2 posts out of 100 though. 

How can someone say the sub is negative lmao.",1,1736878389,IVE_RebelHeart
m74wt1t,IVE,Right? I'm also a big fan of Tyler and Ye (before he went fruitloops),1,1736878547,IVE_RebelHeart
m752pvc,IVE,"wdym, the styling is excellent… they’re not super matchy-matchy but each girl is clearly fitted to a specific theme while still letting their own individuality shine.",11,1736880249,IVE_RebelHeart
m7539or,IVE,"I get what you’re coming from. I really do. But I’d say the majority of dives here are still very positive and helpful. Hear me out for just a second.

My way of dealing with strange negativity is just to block those few accounts that are forever doom posting. You’ll know which if you lurk on here long enough. Not too many.

Also I noticed quite a few weird accounts with no previous engagement in this sub suddenly making strange negative comments in recent posts. Be aware of those and disregard them, or even better, downvote them into oblivion like I do lol. We can keep this sub happy and constructive.",6,1736880406,IVE_RebelHeart
m753ihh,IVE,"wonyoung looks incredible 🥹 radiant and glowing, and the part of the song where she uses her deep voice??? we’re really watching these girls grow up as artists in real time 🥹",1,1736880477,IVE_RebelHeart
m75468w,IVE,all the girls look so good ❣️❣️❣️ i especially like Rei’s outfit. and wonyoung looks incredible 🥹 radiant and glowing. the part of the song where she uses her deep voice??? we’re really watching these girls grow as artists in real time,15,1736880666,IVE_RebelHeart
m757c26,IVE,I absolutely love this choreography I’m so excited to see what the Title track choreo will be cause this is up their with Love dive and Eleven for me 🤩‼️,2,1736881576,IVE_RebelHeart
m75culw,IVE,Diva Liz 😧,2,1736883183,IVE_RebelHeart
m75dl4g,IVE,"It’s ugly.

In b4 -10,000 downvotes.",-14,1736883399,IVE_RebelHeart
m75f7tj,IVE,well aren’t you rude.,7,1736883874,IVE_RebelHeart
m75gg8s,IVE,Obviously. Rudeness? It’s an opinion as tame as its opposite “it’s pretty”.,-9,1736884231,IVE_RebelHeart
m75hgmt,IVE,"if you actually don’t think that’s rude, i encourage you to go around in real life telling people their outfits are ugly. see how that fares.",1,1736884519,IVE_RebelHeart
m75i4jl,IVE,"it seems you lack common sense since I’m not saying it to the stylist’s face. People critique outfits ALL the time. Maybe you missed the days when uggs were called ugly, for instance.

lol you asked and I answered but guess what? You don’t have to like my answer and that’s fine, but if you don’t, keep scrolling👋",-8,1736884709,IVE_RebelHeart
m75jblt,IVE,Liz also said its more fun,1,1736885060,IVE_RebelHeart
m75tk0y,IVE,"love the styling, love the choreo,love the song !!  i'm loving everything abt this, and i'm so excited to hear the title and rest of the album",10,1736888531,IVE_RebelHeart
m75wjd5,IVE,"I really do love the energy of the song, it really is a feel good song i think.",15,1736889439,IVE_RebelHeart
m75xc8v,IVE,i always love when my interests collide :O,2,1736889678,IVE_RebelHeart
m75xpx1,IVE,"Agree, Idk why but dives are very negative. The other day someone said that if Ive didn't release 2 albums this year ""we were done"" and he got a few upvotes lol

A very successful world tour, Ive switch selling like 2M, getting a few end of year awards, releasing a new season of 123 Ive, pepsi collab, lollapalooza, a great japanese comeback (I think top 3 in 2024, kpop girl groups), etc.  

And some dives still think 2024 wasn't good for Ive. They are just delusional",13,1736889790,IVE_RebelHeart
m75zejv,IVE,"You love IVE but came here this one time to talk shit. 
Impressive!",10,1736890281,IVE_RebelHeart
m7600l4,IVE,I am so ready to scream this song on top of my lungs when I see them in concert again!!,7,1736890462,IVE_RebelHeart
m760i5v,IVE,I was just thinking this!! I am so excited to see them in concert again. I am excited for Heya and Rebel Heart the most!,8,1736890608,IVE_RebelHeart
m760xdt,IVE,You just got me so hyped thinking about it!!,2,1736890732,IVE_RebelHeart
m7658on,IVE,"I can picture this song playing as the encore, like when we are about to say goodbye to them and they’re like “LETS SING THIS ONE MORE TIME!!!”",15,1736891989,IVE_RebelHeart
m76cmgx,IVE,"'Ive Universe' shared this on twitter:

https://preview.redd.it/ttewigu5e1de1.png?width=1069&format=png&auto=webp&s=c14ec80befe7c5736ab79d8fcae9e9a9b7ca81ec

Good luck everyone, let's get some wins",5,1736894220,IVE_RebelHeart
m76e5vh,IVE,did u end up getting them?,1,1736894696,IVE_RebelHeart
m76hl9h,IVE,Practicing fan chants starting today 😂,3,1736895784,IVE_RebelHeart
m76n35k,IVE,"I don't think it's fair to doompost based on one song's performance. It's important to remember that not every release can be a record-breaking hit.
Also they haven't even promoted it fully yet. They might get some music show wins at the end, who knows. 

IVE has already established themselves as one of the leading groups and their overall popularity and strong discography speak for themselves. Success isn’t just about one song—it’s about consistency and growth.

Anyway stream and vote Rebel Heart 🧡",8,1736897609,IVE_RebelHeart
m76n684,IVE,"Right now can [pre-vote on Diggus app](https://x.com/hexhezz/status/1879199385701187930) (for Inkigayo).

Keep collecting points on Higher (Inkigayo), Mubeat (Music Core), Allchart (Music Bank).

Don't think they will go to Show Champion, if got time can collect rubies too. Still got chance to win even if they didn't go.

Can follow [IVE VOTING TEAM](https://x.com/IVEvote) and [KPOP Music Show Analysis](https://x.com/KshowAnalysis) to see the chances of winning, so that won't waste the points collected.

Another [guide on the music shows done by Midzy](https://www.reddit.com/r/ITZY/comments/1fy3uqs/a_guide_to_music_show_voting_for_midzys/).",7,1736897637,IVE_RebelHeart
m76tuhv,IVE,"Absolutely amazing choreo, I liked this one way more than Heya choreo.

Also, I love the video, Studio Choom really did a great job with the editing in this one, I didn't liked the Heya video cause they did some weird cuts and I couldn't understand the choreography in that one.

This one though, it's amazing.

Also 2, loved these outfits.",9,1736899850,IVE_RebelHeart
m76ucyb,IVE,He'll make songs for IVE for 50 more years 🙏🏻♥️😍,0,1736900021,IVE_RebelHeart
m76wijr,IVE,I’m sure there some sports team you can go support if that’s all you care about?,6,1736900735,IVE_RebelHeart
m76xadp,IVE,"You should check OPs comment history whenever you see a doompost like this. Almost all downvoted statements mainly at kpopthoughts. 

Claiming proudly to be a NewJeans fan while boasting to not own any albums, slamming members of both IVE and aespa for being ""boring"" while saying they are fans of their music.

What's that quote, ""some people just want to see the world burn."" Not liking a song is fine, saying it is fine, but you'd expect a half decent troll to at least hide their bias  comment history and make it less obvious.",10,1736900994,IVE_RebelHeart
m76zohn,IVE,"in the words of IVE Rebel Heart

Love me, hate me, you will never be never be never be me \~",4,1736901794,IVE_RebelHeart
m7702rf,IVE,They need a big hit. If they loss the general public right now it will be impossible for them to come back. 5th generation has already started and means that interest will go to them. They need to solidify their position. Itzy is an example of what happens when you lose the general public.,-6,1736901926,IVE_RebelHeart
m770xfv,IVE,Every comeback matters for a girl group. They can say that don’t have a big fanbase to carry their careers or company Stans.,-4,1736902214,IVE_RebelHeart
m771pbv,IVE,Dives who wants more of Wonyoung's lower voice in My Satisfaction finally got it in this title track! 🔥,3,1736902474,IVE_RebelHeart
m7724qm,IVE,"The chorus for ""I AM"" has been stuck in my head all day and *nothing* has worked to stop it.",6,1736902620,IVE_RebelHeart
m7725ee,IVE,It’s not one song heya and accedio did not chart well globally. Daily streams are at 1.8 million today while Aespa is at 5million and Enhypen who have also flopped last year are at 4.5 million because engenes listen to b sides and are loyal. Gg Stans are mostly multi that is why they have higher high but lose popularity quickly.,-1,1736902626,IVE_RebelHeart
m773vt5,IVE,Ha? They clearly had a huge fanbase. I agree it’s too early for IVE to underperform in the charts. They keep making this youthful rebel shtick when the people want some glamorous bops from them.,0,1736903230,IVE_RebelHeart
m776ue5,IVE,"At 1.8 million streams with a new release is not a big fanbase. Enhypen is an example of a group which has a large fanbase even when flopping in the general public. Enhypen bsides are 21 million, 53 million, 18 million and two tracks with 16 million from romance untold. XO has 87 million and heya has 73 million. Accedio has 38million compared to bth has 53 million. Switch album doesn’t have other bsides that surpass 8 million streams. Enhypen is showing fanbase power more, the general public doesn’t listen to boy group unless they are extremely good. I’ve are more popular among the general public than Enhypen by far.",-6,1736904255,IVE_RebelHeart
m777il5,IVE,The tour attendance and the album sales say otherwise.,2,1736904488,IVE_RebelHeart
m777wbd,IVE,"This is a troll post from an obvious troll (check his comment history).

Block and move on.",6,1736904620,IVE_RebelHeart
m778aa5,IVE,Being out streamed by Enhypen right now is derogatory.,-5,1736904755,IVE_RebelHeart
m77cm7c,IVE,I’m sure there’s a sports team you can go support if that’s all you care about?,2,1736906248,IVE_RebelHeart
m77fspi,IVE,Do these 3 have a group name?,1,1736907359,IVE_RebelHeart
m77gexs,IVE,"Source Link:

* [Group](https://www.instagram.com/cosmopolitankorea/p/DE01sC0zIOY/)
* [Yujin](https://www.instagram.com/cosmopolitankorea/p/DE01yhoznKR/)
* [Gaeul](https://www.instagram.com/cosmopolitankorea/p/DE011P4TebE/)
* [Rei](https://www.instagram.com/cosmopolitankorea/p/DE014sITF-9/)
* [Wonyoung](https://www.instagram.com/cosmopolitankorea/p/DE017PPTsOq/)
* [Liz](https://www.instagram.com/cosmopolitankorea/p/DE01-UCTU1v/)
* [Leeseo](https://www.instagram.com/cosmopolitankorea/p/DE02Ar0Tp6P/)",6,1736907578,IVE_RebelHeart
m77gvze,IVE,Nice to see Rei smile!,3,1736907745,IVE_RebelHeart
m77igny,IVE,"Sojang finally got what she deserves 👏 

>!watch kpop fans now flipping sides and sympathizing with her and saying it's too harsh just because it's Wonyoung winning!<",12,1736908304,IVE_RebelHeart
m77itjb,IVE,"Love the mv. 11/10. Love the choreo. The girls did great, they just get better and better. Specially, Wonyoung and Liz -  both in the acting, choreo, and the vocals.

The song? It's okay. Not as bas people say, just not as good as heya, ott, and either way. Loved that they tried a rock angle, but they never really recovered after Baddie. And they just had to double down on baddie for some reason.

This song is going to do well in concerts, though. They won't have to take it out of rotation like Either Way(awesome song, not great for dancing around with). Also, less polarizing as Baddie.

I love how they're trying to recreate the old formula, but felt that they overcompensated? It's not a checklist they have to check off. They're parameters to guide the song creation process. They really just need to find the momentum right now, after they lost it.

Heya, was great, though. It's just people were more critical and have developed a confirmation bias because of how baddie went😓. Didn't help that people started narratives about the origin of the folktales. But it was a solid song.

Heya and Rebel Heart don't feel manufactured, that's good. There's this interview with Sting by Rick Beato that seems to encapsulate what I'm trying to say a lot better.

The next song seems to sample a song I really like, from a version I really like. It has a light rock vibe with an Either Way feel. I'm just going to wait for that instead. Seems like a solid song-song. Crossing fingers.

I hope they don't try to bury it down and try to make people forget about it, like Either Way, just so it wouldn't overshadow a baddie-like song.",3,1736908429,IVE_RebelHeart
m77iwdd,IVE,"* [Me, You, And us ver. (Regular)](https://cafe.daum.net/IVEstarship/Y1rM/152)
* [LOVED IVE ver.](https://cafe.daum.net/IVEstarship/Y1rM/153)
* [DIGIPACK ver.](https://cafe.daum.net/IVEstarship/Y1rM/154)
* [PLVE ver.](https://cafe.daum.net/IVEstarship/Y1rM/155)
* [MD ver.](https://cafe.daum.net/IVEstarship/Y1rM/157)

STARSHIP SQAURE POB Photocard:

* One regular album (regardless of versions): 2 random out of 12 photocards
* 3 regular albums (all 3 versions) + LOVED IVE Ver.: 4 random out of 6 photocards
* 3 regular albums (all 3 versions) + DIGIPACK Ver. (all 6 versions): 6 out of 6 photocards ver. A + 3 random out of 6 photocards ver. B
* LOVED IVE Ver.: 1 random out of 6 photocards
* DIGIPACK Ver. (1 version): 1 random out of 6 photocards
* DIGIPACK Ver. (all 6 versions): 6 out of 6 photocards",9,1736908457,IVE_RebelHeart
m77lesj,IVE,YOU WILL NEVER BE NEVER BE NEVER BE ME,7,1736909354,IVE_RebelHeart
m77m9u9,IVE,Liz and Gaeul omg,13,1736909659,IVE_RebelHeart
m77naas,IVE,who cares.  where are the songs?,-20,1736910018,IVE_RebelHeart
m77ntyr,IVE,"Ahh, I thought Leesel was Rei, I’m used to pink haired Rei lol

![gif](giphy|A7UL2qubTtbwFQYqqD|downsized)",8,1736910213,IVE_RebelHeart
m77r4f3,IVE,Finally. Been waiting for this,6,1736911426,IVE_RebelHeart
m77rl9o,IVE,"Omg what is that MD version?


Will we really get a real wallet?",9,1736911601,IVE_RebelHeart
m77tq67,IVE,"woah, where to get the md version? i don't think i saw it before",6,1736912416,IVE_RebelHeart
m77u1ya,IVE,Loving this choreography so much! And Liz is *shining* during those ending poses. 😍 Our ladies are the coolest and prettiest! Our Rebels. ❤,3,1736912544,IVE_RebelHeart
m77uzm9,IVE,what is the outbox? is it like a cd player or is it storage for photocards?,4,1736912904,IVE_RebelHeart
m77wkmk,IVE,it looks gorgeous,9,1736913526,IVE_RebelHeart
m77yltc,IVE,"Joke on you! I love it in my first listening, well, maybe second. 

The repetition confused me too in my first but the outro kicked in, and then it is just magical. I re-listened and Rebel Heart is 100% top 3 if not top 1 best IVE song for me at the moment.",2,1736914356,IVE_RebelHeart
m780p7c,IVE,An outbox is the box that everything arrives in 👍.,9,1736915236,IVE_RebelHeart
m78cqyt,IVE,[Source Link](https://www.instagram.com/p/DE1buKWyDHD/),3,1736920931,IVE_RebelHeart
m78dj12,IVE,it will be less cuz starship would go bankrupt and him being the reason of their downfall,0,1736921350,IVE_RebelHeart
m78hv6i,IVE,"Kpop is ruthless as it is, so some humanity and sentimentality is appreciated.",2,1736923773,IVE_RebelHeart
m78ikp0,IVE,"The album design is some of the best I've seen.

Starship redemption era???",11,1736924179,IVE_RebelHeart
m78iv4o,IVE,[Source Link](https://www.tiktok.com/@ive.official/video/7460018179033533703),2,1736924344,IVE_RebelHeart
m78kw9i,IVE,Wait the card wallet is so cute,6,1736925561,IVE_RebelHeart
m78l9gg,IVE,"Love the styling, legendary short bangs.",7,1736925782,IVE_RebelHeart
m78lg01,IVE,[Source Link](https://x.com/STARSHIPent/status/1879428303100280852),6,1736925893,IVE_RebelHeart
m78m8z8,IVE,what has happened?,10,1736926381,IVE_RebelHeart
m78mxnd,IVE,"To be fair, I didn’t even know what was happening until I read the posts here. That’s because I don’t have X, TikTok or Weibo. Do I need them? Nope. 

Kudos for Starship for putting out this apology. Yujin deserves this apology.",27,1736926811,IVE_RebelHeart
m78nd5j,IVE,I can’t choose so my only solution is to buy them all. Not my fault because our girls are simply too stunning 🤩,5,1736927081,IVE_RebelHeart
m78nn42,IVE,A staff reposted a deepfake porn post of her.,-20,1736927256,IVE_RebelHeart
m78qm67,IVE,I've been saying fuck starship since 2019 and this doesn't change that,1,1736929143,IVE_RebelHeart
m78rhng,IVE,A person of culture I see,3,1736929710,IVE_RebelHeart
m78rpb5,IVE,i dont think thats what happened? yes its hate post made by famous yujin hater which has deepfake photo of her but not porn...and they claim attempting to report the post but somehow got it reposted,21,1736929851,IVE_RebelHeart
m78savv,IVE,"One of the staff reposted a photoshopped image of Yujin with a fashion guy. The image was spread by haters in the comments and the staff reposted it, claiming that they actually wanted to report it.",15,1736930253,IVE_RebelHeart
m78sdsf,IVE,"Some justice is better than no justice. 

The person should obviously have been fired, but oh well.",26,1736930306,IVE_RebelHeart
m78tq4b,IVE,"Which company, in your company, isn’t shit these days? 

I would say SSE is trying and they have been improving based on comments. What happens to empathy these days?",20,1736931193,IVE_RebelHeart
m78tr3m,IVE,[Source Link](https://www.tiktok.com/@ive.official/video/7460056762335464722),2,1736931211,IVE_RebelHeart
m78ttda,IVE,"I agree it can be really tiring being here sometimes, I have taken a step back from posting myself because of it.  

This is meant to be a place where fans can come together and talk about IVE, not obsess over numbers or what they feel IVE aren’t doing right (or constantly talk about how much they hate their producer in literally every post)",9,1736931252,IVE_RebelHeart
m78ui7u,IVE,"Ikr, I was surprised he/she was just reassigned. Ain’t no way you’re a social media handler of a well-known company yet you’re not that attentive when clicking something on social media. I’m still in doubt this is an accident.",8,1736931707,IVE_RebelHeart
m78v0vp,IVE,"Well, better late than never. 

This crap shouldn’t have happened in the first place but at least now they know dives are serious about these issues. Fingers crossed SSE can actually do better in the future! Personally I’d give them a chance.",21,1736932054,IVE_RebelHeart
m78v24w,IVE,finallyyyyyy🙄,16,1736932076,IVE_RebelHeart
m78vpmr,IVE,"God im so excited for their variety show guestings. Please can we get atleast Liz in workfol, and maybe ot6 for kstar next door. PLS STARSHIP",6,1736932508,IVE_RebelHeart
m78w0rb,IVE,People aren’t obliged to like everything,1,1736932715,IVE_RebelHeart
m78xeg7,IVE,Glad to know the staff responsible for that has been fired.,11,1736933652,IVE_RebelHeart
m78xfq1,IVE,"[post link](https://vt.tiktok.com/ZS6CBDa4u/) | caption:

>i’ll leave it to the killerz 🏹🩶 with aespa karina",9,1736933675,IVE_RebelHeart
m78zy4r,IVE,"Other companies are just as bad, but they don't repost deepfakes of their employees",-4,1736935313,IVE_RebelHeart
m793dkx,IVE,"I have X and tiktok but just tend to stay away from drama. I mostly use it for pics for my wallpapers and for funny idol moments lol. You're right. You really don't need them and it keeps you focused on idols and their craft. 

Yujin is one of my favourite all rounder idols so I'm also happy she got this formal apology and hope she is okay.",6,1736937497,IVE_RebelHeart
m79448s,IVE,So you think it was intentional?,11,1736937955,IVE_RebelHeart
m7964vz,IVE,"I don't think they've been fired.

""Re-assigned from relevant responsibilities"" maybe means no more managing any social media accounts. Also the classic vague PR jargen: took the ""most stringent"" disciplinary actions.

Just hope Yujin doesn't feel too bad when in the building and interacting with staff. Sounds like she might have to still see this person? 😔",26,1736939182,IVE_RebelHeart
m7977dj,IVE,"There are still being photoshopped photos being spread in the comments of the apology on Weibo, so it's done nothing at this point to discourage anyone. :(",33,1736939811,IVE_RebelHeart
m797h2q,IVE,"Well, if you are not focus on Chinese market, maybe you can close that account. If you want to stay, please manage it better and that includes hiring proper staff.",48,1736939966,IVE_RebelHeart
m797vu0,IVE,They are so adorable please...🫠,15,1736940202,IVE_RebelHeart
m797zb5,IVE,Just another IVE album where I end up buying every version isn't it? 😌,4,1736940257,IVE_RebelHeart
m798vkv,IVE,"I hate this whole argument of ""they have a Chinese spy on their team"" versus ""you think it was intentional? give the employee a break and just ignore it so we can have an issue-free coneback""

I'm sorry but the employee screwed up big time. First of all, I feel so bad for Yujin. It's one thing to know disgusting hate is floating around you versus your company reposting it. Do you know how many headlines popped up talking about it? Think about how embarrassed and annoyed Yujin must feel. Even my friends who don't really follow IVE heard about it and asked me about it. Imagine being as pretty, talented, and hardworking as Yujin and your first huge breakthrough in the Western world is people talking about your dumb ass company posting an AI Deepfake of you.... Second, I know some people are like ""well it wasn't that BAD"" well, would you like it if someone did that to you and your school or if you work, your company did that to you? Then think about the fans. People who follow a kpop group's official socials are people who care for the group and want to keep up with their activities. So imagine following a group's account just to open up your sm and see a AI Deepfake of one of the members calling that member a derogatory term. Which worsened the fanwars even more and caused so much issues right before a long-awaited comeback. 

Intention is irrelevant here, the employee screwed up regardless and definetly deserves a punishment. Ive worked 2 internships now and if I made this level of a mistake at either one of those companies, I would have been let go or put on a PIP to being fired. Even if a higher level employee with a bunch of backing did this, they would face some sort of severe reprimanding and the thing is when you mess up this bad, you know you deserve it.",5,1736940767,IVE_RebelHeart
m7993go,IVE,They weren’t fired. They were re-assigned & disciplined.,27,1736940890,IVE_RebelHeart
m79af30,IVE,I can't even begin to imagine how violating something like this would feel,1,1736941606,IVE_RebelHeart
m79an70,IVE,"Intention is relevant here because mistakes happen in the ordinary course of life. Name me one company that has never made a mistake before. In fact, tell me that you, the almighty one, have never made a mistake in your entire life.

Even investment banks make mistakes. Even governments frequently make mistakes.

No one is denying the employee screwed up. What is more important is that the proper corrective actions were taken to resolve the mistake and prevent a recurrence of the mistake.

Endlessly repeating ""starship sucks omg"" is  just silly and unproductive. Even worse are those who engage in wild conspiracy theories that they are deliberately trying to destroy her.",3,1736941723,IVE_RebelHeart
m79c9r7,IVE,"Unfortunately fans acting like that on Weibo is nothing new, I’ve seen countless deepfakes and edits made about artists they don’t like. The reason this blew up is because starship reposted it. Fans have been reporting these actions for years but I doubt they can do anything to stop it.",20,1736942560,IVE_RebelHeart
m79crar,IVE,"I'm not exactly sure what was the point of your response when it doesn't really have to do anything to do with what I said, minus the first sentence and as I already stated, intention DOES NOT matter in the WORKPLACE when you screw up THIS BAD.",-3,1736942804,IVE_RebelHeart
m79d3fk,IVE,"This is similar to calling a company bad and horrible if one of their employees, found a loophole (consumed by greed), embezzled money from the company.",1,1736942972,IVE_RebelHeart
m79e117,IVE,What happened exactly?,1,1736943422,IVE_RebelHeart
m79e21t,IVE,"like sorry but I just really don't buy the story that a social media manager of some sort will use an official account to ""report"" such post. clicking the repost button isn't immediately going to repost a post. the repost and report buttons are far from each other and obviously both have very different ui. it doesn't help the fact that she has been getting harrassed/slut shamed over there (with those posts getting hundreds to five-digit likes) since heya era and starship didn't do anything up until the staff slipped up. it's not like a staff mistreating an idol and being rude to fans is new to kpop. doesn't also help the fact that switching accounts in that app is so easy and forgetting to switch accounts before reposting a hate post is not out of the picture.

https://preview.redd.it/qyijequlg5de1.jpeg?width=1080&format=pjpg&auto=webp&s=f8c4373287f79d3d889f6bfd3cfd0614ce624173",5,1736943436,IVE_RebelHeart
m79e3g1,IVE,"For someone who has worked two internships, it seems odd that you cannot understand this simple point.

There is a clear difference to your boss between ""I deleted the files because I hate this company"" and ""I deleted the files accidentally because I thought they were no longer needed"".

Sigh.",-1,1736943454,IVE_RebelHeart
m79egzt,IVE,samesies,2,1736943633,IVE_RebelHeart
m79f7ot,IVE,I dont know why you keep responding saying the same thing over and over but I'm not going to keep arguing since im talking about impact and you're talking about intention.,1,1736943985,IVE_RebelHeart
m79j4zz,IVE,"I know it was reposted. It just makes the apology empty when you add the context of what they said and now the new deep fakes being spread in the same dang post of the apology. It means nothing and SSE won't actually do anything.

They've turned off comments for posts before, but thought this was the one to leave them open on. It's just wild honestly lol.",2,1736945740,IVE_RebelHeart
m79n3oe,IVE,"Congratulations to IVE for the continuous partnership with Papa John's! 🎉

They all look stunningly unreal. 🤍",6,1736947353,IVE_RebelHeart
m79nml1,IVE,"Oh so you just want to say ""impact is biggie"". Ok got it 😄",0,1736947559,IVE_RebelHeart
m79q8na,IVE,Just amazing,3,1736948553,IVE_RebelHeart
m79rbtg,IVE,[source](https://x.com/IVEstarship/status/1879476218015412278),2,1736948958,IVE_RebelHeart
m79s4fy,IVE,[source](https://x.com/IVEstarship/status/1879522038584639530),3,1736949251,IVE_RebelHeart
m79s8rw,IVE,An angel,3,1736949295,IVE_RebelHeart
m79u2f6,IVE,Gaeul is in the center 🤩,15,1736949966,IVE_RebelHeart
m7a03px,IVE,this was so interesting! can’t wait for full subs then i can watch the whole ep. been seeing translated clips on twitter,7,1736952081,IVE_RebelHeart
m7a5maq,IVE,loved ive concepts are always so slay 😭,4,1736953896,IVE_RebelHeart
m7a5nna,IVE,this was sooo good <3,6,1736953908,IVE_RebelHeart
m7a5xdm,IVE,oh woah woah so pretty!!!!!!,2,1736953993,IVE_RebelHeart
m7a62oa,IVE,"Just realised there are 3 leeseo MC episodes missing, will find time and post them soon :')",12,1736954039,IVE_RebelHeart
m7aauhn,IVE,GUYS WONYOUNG WROTE FOR IVE EMPATHY TITLE TRACK AHHHHH 🤩🙏🏽‼️‼️‼️,15,1736955512,IVE_RebelHeart
m7ajvnh,IVE,"on the MD ver. is there a bow attached to it? It kinda just looks like it’s just the drawing but it would be so cute with it…ah they are all too pretty, I can’t decide",3,1736958227,IVE_RebelHeart
m7ataar,IVE,"OH MY GOD THAT STRAWBERRY CLIP IS SO CUTE.

Also funny considering how hated she was for both eating a strawberry and singing about a strawberry. She probably internalized all of that and now LOOK AT HER.",10,1736960978,IVE_RebelHeart
m7atbi3,IVE,Where do you watch it?,2,1736960988,IVE_RebelHeart
m7b9gnx,IVE,I’m jealous Karina got a sneak peek.,6,1736965615,IVE_RebelHeart
m7ba2jd,IVE,"Yujin calling Rei ""Monchhichi"" because the haircut is so funny to me. 

  
The BTS must be really good, they had fun and there's too many scenes cut short.",10,1736965788,IVE_RebelHeart
m7bb62y,IVE,"If you wanted to watch it live, it was broadcasted on tvN. Or you can watch it on Tving if i'm not mistaken. (However, both are pretty hard to get access to if you're not in Korea).

Though, if you don't need subtitles, some fans have already reposted the full episode: 

* [https://x.com/LizTopaz1121/status/1879517187029045745](https://x.com/LizTopaz1121/status/1879517187029045745)
* [https://x.com/BLOOM\_IZ12/status/1879518862577897637](https://x.com/BLOOM_IZ12/status/1879518862577897637)",7,1736966102,IVE_RebelHeart
m7bzj40,IVE,"The boxing scene wasn't ""one of them"" per Wonyoung/Liz's comment? So surprised! I thought that was Yujin 😅",8,1736973064,IVE_RebelHeart
m7bznd2,IVE,Yeah I hope they spent more time at the amusement park,7,1736973096,IVE_RebelHeart
m7bznyr,IVE,Their face card never decline,1,1736973101,IVE_RebelHeart
m7c9cyc,IVE,The strawberry Bape shirt 🥹,3,1736975785,IVE_RebelHeart
m7ceubz,IVE,"The Hangout with Yoo episode was very insightful from translated quotes. Sending Annyeongz virtual hugs for all they've been through and still are

🫳🫳  
🐶🐰",10,1736977328,IVE_RebelHeart
m7cietm,IVE,"and i hate to keep saying, but i wished we got that same energy for the MV and line distrubtion, Gaeul is consistently on the lower end and i dont like that for her D:",3,1736978333,IVE_RebelHeart
m7cj8wn,IVE,i would like to see more interactions D:,3,1736978570,IVE_RebelHeart
m7cm6v1,IVE,"I’m so excited for this episode! I loved the interviews with Sana, Kazuha, and Haewon. HOPEFULLY THIS GOES JUST AS WELL!!!!

(I also want Yujin to go on this showwwwww)",2,1736979437,IVE_RebelHeart
m7cmz3t,IVE,Omg HOW FUN!!!,3,1736979674,IVE_RebelHeart
m7culzv,IVE,Cuties💕💖🥰,2,1736982021,IVE_RebelHeart
m7cwn3m,IVE,The memes from this episode will feed families,5,1736982673,IVE_RebelHeart
m7d2ehx,IVE,"Wonyoung is so strong, she keeps slaying! She’ll love strawberries the same. She is also here to remind us that “guys it’s not that deep 💀💀💀”. I’m rooting for her, always.",1,1736984575,IVE_RebelHeart
m7d2jlz,IVE,Man I wished they brought over the collaboration to Canada. We have a couple Papa Johns here!,5,1736984622,IVE_RebelHeart
m7d2o4j,IVE,"Same here. 😅 And the funny thing is the caption on Yujin’s response, “I don’t think so.”. Made it look none of them is sure. 😅",1,1736984664,IVE_RebelHeart
m7dayxc,IVE,"Thank you!! Hopefully, somebody uploads a translation",2,1736987458,IVE_RebelHeart
m7drg1b,IVE,"The 'love me, hate me' sections ARE the chorus, 'rebels in our heart' is just the 2nd half of it.",1,1736993067,IVE_RebelHeart
m7ds19m,IVE,"You realize the 'love me, hate me' sections ARE part of the chorus, right? The 'rebels in our heart' is just the 2nd half of it.  And its not that repetitive.",1,1736993271,IVE_RebelHeart
m7dzb3r,IVE,Its a guaranteed bop!!,5,1736995835,IVE_RebelHeart
m7e66g9,IVE,liz is so shy lmao,1,1736998330,IVE_RebelHeart
m7eb0wu,IVE,"We are free of question marks and it's so pretty my god, starship really upped their game 💞",1,1737000196,IVE_RebelHeart
m7ebgja,IVE,"Could be anything from rebelling against: beauty standards, being the perfect daughter, behaving a certain way, not being able to express your uniqueness, and then doing non-girly things or things not acceptable for a girl, even just using one’s voice as opposed to stating quiet. Doesn’t need to be a clearly defined archetype for each girl though I agree the two you wrote about are pretty obvious because of the way they’re both styled and Leeseo’s classroom scenes.",10,1737000371,IVE_RebelHeart
m7ecl9l,IVE,I just watched this. Liz looks so nervous my poor girl haha,1,1737000830,IVE_RebelHeart
m7eembh,IVE,"Yujin has a lot of racecar themes in her solo shots so maybe something related to her bold presence in a fast paced industry? 


I think Rei, Gaeul, and Liz might be ""rebels"" in expressing their individuality. Rei's unique styling stands out in the bustling city scenes, so it could be related to showing her colorful personality as a foreign idol. Liz is surrounded by soft, comforting blankets and animals, so I think it could show her journey from being extremely shy at debut to the kindhearted, confident artist we see today. Gaeul I'm not as sure about but maybe the unique items featured in her scenes show her versatility?


These are all just ideas so feel free to debate :)",2,1737001681,IVE_RebelHeart
m7eeyx7,IVE,I thought Liz's character was a bit hikikomori. She'd rather stay in her room with her pets instead of interacting with people.,30,1737001829,IVE_RebelHeart
m7ekb4r,IVE,"This song reminds me of an Avicii song. It’s meant to be euphoric and connect with the listener through a few parts that sound like a crowd of people are singing together. I think the idea is to bring people together more than anything, especially with the concept of the song. Avicii was great at that too.",1,1737004194,IVE_RebelHeart
m7enbs0,IVE,"Yesss people will finally see Wonyoung’s PEN GAME 🖊️cause everyone checks out the amazing bsides like Blue Heart,Mine,Shine With Me!!!",5,1737005617,IVE_RebelHeart
m7eofao,IVE,Forever iconic Rei moment!!!,1,1737006164,IVE_RebelHeart
m7er11o,IVE,"[Source Link](https://www.tiktok.com/@ive.official/video/7460388994619116807)

>𝘞𝘦 𝘢𝘳𝘦 𝘳𝘦𝘣𝘦𝘭𝘴 𝘪𝘯 𝘰𝘶𝘳 𝘩𝘦𝘢𝘳𝘵 🌌🏹✨",1,1737007496,IVE_RebelHeart
m7es3u8,IVE,Wony blonde?!? 😮,8,1737008059,IVE_RebelHeart
m7ete62,IVE,I WAS NOT PREPARED FOR BLONDE VICKY,9,1737008752,IVE_RebelHeart
m7ev4e1,IVE,"[Source Link](https://www.instagram.com/p/DE4GABjvj-d)

>Lucky Vicky 🍀",5,1737009706,IVE_RebelHeart
m7ew4kj,IVE,">The outline of the new season of 'Crime Scene' in partnership with Netflix has been revealed.

>According to the broadcasting industry, director Jang Jin, broadcaster Park Ji-yoon, comedian Jang Dong-min, actor Kim Ji-hoon, and Ive Ahn Yu-jin will be working together for the new season of 'Crime Scene'

>Jang Jin, Park Ji-yoon, and Jang Dong-min are career players who are the symbol of the program. Ahn Yu-jin joined the show last season and showed more than expected performance. Kim Ji-hoon received favorable reviews from season 2, and there were many requests for his return. As elite members, they will lead the new season of 'Crime Scene' and meet viewers around the world through Netflix.

>'Crime Scene' is Korea's first role-playing mystery game where each player takes on the role of a detective and suspect in a meticulously designed setting and uncovers the culprit. It gained popularity for its solid storyline, the players' extraordinary mystery war unfolding on a well-organized and detailed stage, and the interesting relationships that provide pleasure. It won the New York TV & Film Festival Grand Prize, the Asian Television Awards Grand Prize, and the Houston International Film Festival Gold Award.

>'Crime Scene', which aired seasons 1 to 3 (2014 to 2017) on JTBC, made a comeback after 7 years with 'Crime Scene Returns' released on Tving last year, delighting fans. After the season ended, it announced the production of a fifth season through the global OTT Netflix, increasing expectations.",10,1737010269,IVE_RebelHeart
m7ew8z2,IVE,Blondeyoung is alive and she is perfect,12,1737010339,IVE_RebelHeart
m7ex6eg,IVE,"I think Yujin's character might be rebelling against the expectation to dress ""girly"" (hence the multiple ""men's shirts"" + skirt combo).",14,1737010873,IVE_RebelHeart
m7exdc0,IVE,the doomposting on the main kpop subs is a bit ridiculous.. people care about numbers way too much,5,1737010986,IVE_RebelHeart
m7exfzp,IVE,[Source Link](https://www.tiktok.com/@ive.official/video/7460404911608433927),2,1737011030,IVE_RebelHeart
m7ey8hp,IVE,"Maybe! Shes also around cars and is seen boxing which are typically ""men"" things",3,1737011495,IVE_RebelHeart
m7eyc3c,IVE,Exactly!,3,1737011553,IVE_RebelHeart
m7eyqw5,IVE,"Gaeul, maybe she's trespassing in an abandoned area, lol",15,1737011792,IVE_RebelHeart
m7ez4hd,IVE,"Wonyoung and Strawberry pt2

Also dex looks really good in glasses 0_0",1,1737012015,IVE_RebelHeart
m7ezpaq,IVE,Really saved her for the finale,3,1737012359,IVE_RebelHeart
m7f1z3b,IVE,Rei really stood out to me!,2,1737013745,IVE_RebelHeart
m7f5sex,IVE,yay!! she did great last season,10,1737016068,IVE_RebelHeart
m7f5xif,IVE,[Soompi Link](https://www.soompi.com/article/1716815wpp/netflix-confirms-cast-lineup-for-new-season-of-crime-scene),5,1737016157,IVE_RebelHeart
m7f7odo,IVE,[Source](https://twitter.com/MnetMcountdown/status/1879812331808673969),1,1737017277,IVE_RebelHeart
m7f7qj8,IVE,[Source](https://x.com/MnetMcountdown/status/1879812331808673969?t=8LKeBCNt3pFW67o4ybegDQ&s=19),6,1737017316,IVE_RebelHeart
m7f8ggy,IVE,Your post is later by 4 seconds,3,1737017782,IVE_RebelHeart
m7f9ao2,IVE,Blondeyoung & Redjin on the same day? 🫠,13,1737018325,IVE_RebelHeart
m7fbc5b,IVE,Blondeyoung 😍,15,1737019651,IVE_RebelHeart
m7fbiqw,IVE,Oh yes. My favourite outfits from this comeback 😍😍,8,1737019773,IVE_RebelHeart
m7fdhxe,IVE,REI is so cute.,5,1737021063,IVE_RebelHeart
m7fdn4r,IVE,Rei eating an orange on the train is probably the ultimate act of rebellion by Japanese standards.,17,1737021155,IVE_RebelHeart
m7fdp7s,IVE,"Where are you seeing these? I only saw a single doompost on kpopthoughts, let's not focus on the negatives now...",6,1737021192,IVE_RebelHeart
m7fgogp,IVE,Gaeuling for you 💖😂,1,1737023071,IVE_RebelHeart
m7fh2b8,IVE,[post link](https://x.com/ivestarship/status/1879837784380416232?s=46),1,1737023313,IVE_RebelHeart
m7fh5mu,IVE,[post link](https://x.com/ivestarship/status/1879837784380416232?s=46),2,1737023371,IVE_RebelHeart
m7fhahq,IVE,[story link](https://www.instagram.com/stories/for_everyoung10/) (available 24 hrs),2,1737023456,IVE_RebelHeart
m7fik15,IVE,[story link](https://www.instagram.com/stories/reinyourheart/) (available 24 hrs),2,1737024239,IVE_RebelHeart
m7fil54,IVE,I want Blondie Wonyoung and Blondie Liz in one frame,22,1737024257,IVE_RebelHeart
m7fjdjy,IVE,"I like this song, maybe the chorus is a bit empty, but still I'm listening it when I have time",2,1737024730,IVE_RebelHeart
m7fkzdq,IVE,"[FULL CAM](https://www.youtube.com/watch?v=mDKguve0q0E)

FanCams:

[GAEUL](https://www.youtube.com/watch?v=RCG7stmRjXY) | [YUJIN](https://www.youtube.com/watch?v=wuzOYjY1_v4) | [REI](https://www.youtube.com/watch?v=2kLyi2p-5dk) | [WONYOUNG](https://www.youtube.com/watch?v=g03gHLUCluM) | [LIZ](https://www.youtube.com/watch?v=pNM_WWdr4oA) | [LEESEO](https://www.youtube.com/watch?v=KaE0matBpS0)",6,1737025672,IVE_RebelHeart
m7fltyu,IVE,[post link](https://www.youtube.com/shorts/FxfwdPPFUGw),3,1737026160,IVE_RebelHeart
m7flws3,IVE,Love all the Kpop x Culinary Class Wars interactions we are getting!,8,1737026205,IVE_RebelHeart
m7fm9kx,IVE,source [1](https://x.com/sunset_ge/status/1878817838422798828?s=46) + [2](https://x.com/sunset_ge/status/1878817775336255983?s=46),1,1737026406,IVE_RebelHeart
m7fmhnf,IVE,What is happening? There's one million things dropping at the same time 😱😱😱 So much content and news in a single day 🥰,10,1737026530,IVE_RebelHeart
m7fnwj7,IVE,[post link](https://vt.tiktok.com/ZS6XyJjj3/),1,1737027302,IVE_RebelHeart
m7fpg1o,IVE,"[post link](https://www.instagram.com/fallingin__fall/p/DE4qImyyUMP/) | caption:

>young prince👑",0,1737028110,IVE_RebelHeart
m7fqb1y,IVE,"Honestly if I don t think much of charts (I have hope it will eventually rise) and do not think about leeseo-gaeul unemployment era till now, i am really enjoying this era, music is great, choreo is good, styling is pretty, today's set was BEAUTIFUL, spoiler for next song also sounds good

Hyped to see we have good chances over MCD, Mucore and Inkigayo win next week, lets work hard especially for inkigayo, I need to see leeseo handing over trophy to her unnies and much awaited IVE encore on music shows! Lets enjoy what we can 🥰🥰🥰",12,1737028543,IVE_RebelHeart
m7fqjfy,IVE,Wonyoung on wedding dress  🔥,5,1737028660,IVE_RebelHeart
m7frtlf,IVE,[post link](https://vt.tiktok.com/ZS6XfkMRV/),2,1737029289,IVE_RebelHeart
m7ft2ae,IVE,"[post link](https://x.com/ive_twt/status/1879865407760458239?s=46) | caption:

>meow🙂‍↕",1,1737029879,IVE_RebelHeart
m7fwnmb,IVE,[Source Link](https://x.com/ivestarship/status/1879871996860989600),2,1737031495,IVE_RebelHeart
m7fxvv1,IVE,[Source Link](https://x.com/studioTEUK/status/1879842614473855313/),4,1737032012,IVE_RebelHeart
m7fz1ob,IVE,I'm happy there's a high chance of winning on Mnet and Inkigayo. Let's get going with the votes😊💪Now I just need to figure out Diggus and Higher so I can see Leeseo giving IVE the trophy,7,1737032484,IVE_RebelHeart
m7g2m4a,IVE,"[An Yujin](https://www.youtube.com/watch?v=L1xZAtnw9oE)

[Gaeul](https://youtu.be/l6kR3ccABHc?si=M64SBbYcJUY8aBBu)

[Rei](https://youtu.be/8y2AluSRSt8?si=QV9asg0EIcaKYrce)

[Jang Wonyoung ](https://youtu.be/4Qwp7J9b-zc?si=LdKmV8pHIkylugiZ)

[Liz](https://youtu.be/l-MPUO8rWZI?si=uqqF26FlWJ2fNLY5)

[Leeseo](https://youtu.be/yWCbbJQZ3d0?si=LNaOz5zAOaHPtR6A)",2,1737033866,IVE_RebelHeart
m7g2yy1,IVE,i mean just bc u didnt see them doesnt mean they didnt happen...? there were multiple ones that got deleted for being hateful..,-1,1737033998,IVE_RebelHeart
m7g34mf,IVE,Their [episode](https://youtu.be/a6L3uQf1LGU?si=XhRBOtsc2uVn3ni4) also got subs now!,6,1737034056,IVE_RebelHeart
m7g36di,IVE,oh this is so fun,2,1737034075,IVE_RebelHeart
m7g5mfh,IVE,Yujin again mentioned on Haewon’s Workdol! Hope she’ll make an appearance there at some point their dynamic could be pretty funny,9,1737034974,IVE_RebelHeart
m7g8q0n,IVE,"I'm just saying it's better not to overly focus on the negative stuff. I mean you are literally proving a comment from yesterday right, why is this sub so negative? You are free to rant of course, but this sub already has the tendency to be a bit too negative sometimes(imo) and every little rant is making it just a tad more negative.",4,1737036085,IVE_RebelHeart
m7g8x7e,IVE,"[post link](https://x.com/ivestarship/status/1879891356086415363?s=46)

wonyoung on the title track we won",16,1737036156,IVE_RebelHeart
m7g93em,IVE,"Wonyoung Lyrics on the Title Track and Liz on Thank U! Exy credits too on You Wanna Cry! Oh its gonna be another amazing release from them.

Also cant believe Nietzsche was an alias of a lyricist LOL",57,1737036217,IVE_RebelHeart
m7g9dwn,IVE,oh wow i missed that liz was there too!! our songwriters will kill it for sure can’t wait,12,1737036320,IVE_RebelHeart
m7gaj78,IVE,Liz lyricist debut LFGGGG!,21,1737036722,IVE_RebelHeart
m7gaoqn,IVE,lmfaooooooooooooooooooooooooo you genuinely cant say anything on this sub... i was basically saying the doomposting is ridiculous and i cant say that either like damn,1,1737036775,IVE_RebelHeart
m7gb0m5,IVE,"Already knew it was a Toms Dinner sample based on Leeseos hint, Suzanne Vega confirms it",14,1737036890,IVE_RebelHeart
m7gb86b,IVE,does anyone know what TKO means?,7,1737036961,IVE_RebelHeart
m7gbaxs,IVE,Total knock out,8,1737036988,IVE_RebelHeart
m7gbdi2,IVE,Whoops *technical knock out lol,10,1737037011,IVE_RebelHeart
m7gce7h,IVE,Let’s goooo,8,1737037356,IVE_RebelHeart
m7gdh2k,IVE,Very exciting. Quite a few Norwegians involved too.,22,1737037723,IVE_RebelHeart
m7gdiin,IVE,"Already loved You Wanna Cry the snippet from the trailer, looking forward to it the most.",10,1737037736,IVE_RebelHeart
m7gemnj,IVE,"Damn, i like baddie song a lot. Sad to see so many people hate it",1,1737038112,IVE_RebelHeart
m7gh63y,IVE,let’s fucking goooo,11,1737038958,IVE_RebelHeart
m7gh8ml,IVE,Northern Europeans know pop 😫,19,1737038980,IVE_RebelHeart
m7ghtgc,IVE,"Dude...it's not like I'm a mod, I'm just giving my opinion. You can rant all you want if you truly want to.",3,1737039168,IVE_RebelHeart
m7gi0a0,IVE,Vocal queens,7,1737039228,IVE_RebelHeart
m7gj5pt,IVE,So is Attitude getting an MV or any promo leading up to album release? Or is it going all in on Rebel Heart?,5,1737039592,IVE_RebelHeart
m7glimm,IVE,"pre release will only get this week and atmost next week promos, attitude will be getting everything",15,1737040328,IVE_RebelHeart
m7gokkh,IVE,omg so liz participated in the lyrics for the song in that first teaser 🥹,14,1737041267,IVE_RebelHeart
m7gotiy,IVE,"It turns out that their next EP will have DOUBLE title tracks this time as its pre-release track titled “Rebel Heart” is just really one of them.  And so, ummmm……we will soon have a MV release for the latter title track called “Attitude”, ladies and gentlemen.",4,1737041342,IVE_RebelHeart
m7gszxa,IVE,Looking forward to Attitude just off the track name alone 🩷,13,1737042595,IVE_RebelHeart
m7gted9,IVE,this is gonna be so good!! i’m getting impatient omgg😭,9,1737042712,IVE_RebelHeart
m7gu48h,IVE,"Attitude will be the main single from this album. This is how IVE normally does things. A pre-release single gets a small push (like Kitsch & Off The Record) before the main single (I AM & Baddie) get the real push.

Switch was kind of weird because neither HEYA nor Acdendio were pre-releases and they both got pushed pretty equally, although Heya was clearly their focus early on before it became evident that Accendio was the one that would stick around and win awards.",26,1737042922,IVE_RebelHeart
m7gujmx,IVE,"Yeah, I'm so curious about how this song will sound",4,1737043044,IVE_RebelHeart
m7gvvjc,IVE,"Looking forward to ""You wanna cry""",10,1737043429,IVE_RebelHeart
m7gx2vo,IVE,"Yeah but not really the important ones. 
Missing Audun Guldbrandsen in particular.",4,1737043779,IVE_RebelHeart
m7gzbex,IVE,I think everyone gets a chance to show what they’ve got 🤩 my fingers are crossed too.,3,1737044431,IVE_RebelHeart
m7h0vma,IVE,I'm kinda annoyed because this is such a good picture of the girls but Wonyoungs wig is soo noticeable and I feel like she does look good in blonde but not this shade 😭,2,1737044884,IVE_RebelHeart
m7h3ppd,IVE,how to vote for mcount down for ive i created an account but don't seem to get where to vote,3,1737045707,IVE_RebelHeart
m7hc1r5,IVE,"It's not necessarily disastrous if Rebel Hearts does poorly on the charts, as it's only a pre-release.  
Charts numbers are pretty bleak but hopefully we have a real banger coming!",2,1737048102,IVE_RebelHeart
m7hghdk,IVE,"this album is going to be so emotional, im sure 🥹",9,1737049376,IVE_RebelHeart
m7hiz91,IVE,Nietzsche came back to life AND learned Korean just so he could write an IVE tt? IVE’s impact…,33,1737050086,IVE_RebelHeart
m7hkqnp,IVE,Please avoid including Hangul (Korean Language) in the title next time. Read subreddit rules and guidelines for more information.,1,1737050585,IVE_RebelHeart
m7hktcu,IVE,"Your post has unfortunately been removed due to the title format including Hangul (Korean Language), which is not allowed and against the community guidelines.",1,1737050607,IVE_RebelHeart
m7hm02b,IVE,Your post has unfortunately been removed as it is better suited for our Weekly Discussion Thread instead. Feel free to discuss your thoughts and opinions with our community on r/IVE.,1,1737050949,IVE_RebelHeart
m7hmz3t,IVE,So excited!!!,9,1737051227,IVE_RebelHeart
m7hoi8e,IVE,I see. That makes me feel better. I only asked because of this promo schedule post I saw and I didn't see anything for Attitude on it. [https://www.reddit.com/r/IVE/comments/1htuv87/250105\_ive\_the\_3rd\_ep\_ive\_empathy\_new\_schedule/](https://www.reddit.com/r/IVE/comments/1htuv87/250105_ive_the_3rd_ep_ive_empathy_new_schedule/),1,1737051663,IVE_RebelHeart
m7hpf2f,IVE,I was jamming to this song while I was busy working. It helps me to focus 🥹💙,3,1737051922,IVE_RebelHeart
m7hpp1q,IVE,Ah. I cannot get enough of [today’s group fancam](https://youtu.be/mDKguve0q0E?si=-gmxkdnHBUPcpPBE). The stage. The performance. The vocals. Perfection 😍,11,1737052001,IVE_RebelHeart
m7hs7u3,IVE,Nietzsche collating With Wonyoung and the writer of Love Dive this song is gonna be A HITTTTT🤩‼️,22,1737052721,IVE_RebelHeart
m7hswyy,IVE,im so excited !!! rebel heart was so good,12,1737052921,IVE_RebelHeart
m7i0pjq,IVE,"Wonder if this means its going to sample the hip-hop instrumental or its just the ""do do do's """,3,1737055165,IVE_RebelHeart
m7i3amz,IVE,excited for wonyoung and liz lyrics and exy too!,25,1737055914,IVE_RebelHeart
m7i4j8n,IVE,Yujin looks soooo pretty 😍,1,1737056272,IVE_RebelHeart
m7i4odi,IVE,Fallderz look so mature and they're both sooo pretty 🐶 🐿,1,1737056314,IVE_RebelHeart
m7iezw2,IVE,GG INTERACTIONS 🩷🩷,4,1737059331,IVE_RebelHeart
m7ik6vt,IVE,Wonyoung writing credits in a title named Attitude is so spot on! And Liz first writing credits for Thank U!!,27,1737060836,IVE_RebelHeart
m7ilg1l,IVE,"In hindsight, Psick show really was a bit weird....",17,1737061198,IVE_RebelHeart
m7ilwwu,IVE,Why?,2,1737061335,IVE_RebelHeart
m7itdcl,IVE,lucky vicky,4,1737063486,IVE_RebelHeart
m7iu6zp,IVE,is that a wig on wonyoung,7,1737063723,IVE_RebelHeart
m7iuq8p,IVE,true they were lowkey downbad tryna get her to break her image but their Americana so it makes sense,13,1737063878,IVE_RebelHeart
m7iww1q,IVE,My 2 wreckers omg,1,1737064489,IVE_RebelHeart
m7j5xhg,IVE,"Can't believe we learned Wony's MBTI, that was like at the bottom of the IVE iceberg 😮",10,1737067183,IVE_RebelHeart
m7j6a3d,IVE,"Gaeul is perfect. PERFECT.

  
And I think I die for a second with Yujin's ending fairy.",9,1737067293,IVE_RebelHeart
m7j9n6p,IVE,Gaeul fashion looks lit.,8,1737068352,IVE_RebelHeart
m7jihpl,IVE,"![gif](giphy|3oz8xtu7GFYQmBnWlG)

as a huge wizone during their active days, seeing how some wizones act right now towards annyeongz and IVE is genuinely so unfortunate",13,1737071271,IVE_RebelHeart
m7jm3a7,IVE,"A lot of kpop fans are just (dumb) haters tbh

And it's not really a surprise, most of the izone girls get hate every time they are active with anything",0,1737072471,IVE_RebelHeart
m7jmgva,IVE,"I personally think she decided to reveal it so that people actually stop talking about this 😂. Like she said in the interview, when she didn't want to reveal it at first, she had no idea this would become a hot topic and that people would be even more curious. She was probably tired of everyone asking about her MBTI and said 'Screw it let's just say it once and for all so people stop bothering me with this shit' 🤣",7,1737072598,IVE_RebelHeart
m7jn60x,IVE,What happened?!,3,1737072830,IVE_RebelHeart
m7jvpn6,IVE,Only a few minutes in but she looks stunning 😭 and so does Dex lol,12,1737075685,IVE_RebelHeart
m7jy7nf,IVE,"Wow I like these outfits! They suit each member well and look very cohesive,",2,1737076541,IVE_RebelHeart
m7k6uze,IVE,was it not a bunch of 40 year olds ‘jokingly’ trying to spit game and get at a teenager?,7,1737079545,IVE_RebelHeart
m7k6vzl,IVE,"there is a recent post on izone subreddit abt how starship are not allowing annyeongz to talk about izone (u know, basically the same thing since 2021). the comments by some wizones there are so weird.",7,1737079554,IVE_RebelHeart
m7kby63,IVE,"damn I was just thinking I wasn't crazy about REBEL when the hook echoed through my sodden mind.  Wow, IVE, you got me.",10,1737081365,IVE_RebelHeart
m7kh4mn,IVE,Stylists deserve a bonus.,5,1737083243,IVE_RebelHeart
m7kjuin,IVE,That’s so sad!😞I notice that dives and wizones seem to be fighting a lot in general. I thought they would be friends but it seems not the case. Is there any particular reason for this? I am a new dive since this April so I feel I am missing something 🤔,5,1737084250,IVE_RebelHeart
m7kq0so,IVE,"Random Observations.

Gaeul's height difference is now noticeable more than over. IVE is now on a 3-2-1 state. Someone will inevitably be on heels when they line up.

Finished Dex Fridge Interview with WY. Saw the top Korean comment (has 91 replies and 1.4k thumbs up) saying (paraphrasing) ""Dex will return his appearance fee. Please don't hate Wony fans."" Left the tab open for an hour. Return to it saying There was a problem with your request. Refreshed the tab to know that the comment disappeared. lol.

On the same vein, somehow I always forgot that there are certain sections in the fandom that are unhinged. Like how those fans believe WY is asexual. Or the microanalysis of WY's words in Dex Fridge was about Yujin. etc.

Seeing Yujin accepting the Crime Scene makes it feel like more or less confirmed no World Tour for this year.

The Annyeongz push is interesting. Multiple videos are in trending section (as of right now its the Mnet, Yoo Quiz highlights, Studio Choom, MV). However the only one I saw on the youtube trending shorts is the Karina x Yujin.",8,1737086601,IVE_RebelHeart
m7kqydm,IVE,"this drama is from 2021 when izone disbanded. korean wizones did something called “parallel universe project” and they have a twitter account for it. basically this project is to convince the companies to extend izone’s contract but it failed. 

there is an extensive report that they have posted on this twitter account. u can read it on this [link](https://x.com/iz_pu_project/status/1419272297848791043?s=46) if interested. 

basically this report reveals some companies are not agreeing with the extension. the japanese company, verna/AKS which is for izone’s japanese line (produce48 was a collab between 48groups and kpop companies), did not even respond to this PUP project. however for some weird reason, wizones are hyper focused on starship and blames starship extensively for izone’s disbandment. 

a certain part of the fandom boycotted IVE’s debut and it was more obvious on the korean side as kwizones sent a protest truck outside of starship’s building. since a large part of the fandom have been coming up with conspiracy theories that starship is preventing annyeongz from interacting with izone members when that is just not true. 

and if u noticed, they are also the ones who acts like wonyoung is so depressed in IVE. anytime wonyoung smiles or laughs nowadays, they will always comment something like “izone wonyoung is back!!” as if she’s miserable in IVE or something like that.",7,1737086974,IVE_RebelHeart
m7krtcm,IVE,i saw the comment on that dex fridge vid. i don’t understand what it means.,3,1737087321,IVE_RebelHeart
m7ksoe9,IVE,Another tour so early would be the most obvious of cash grabs. They need at least another 2/3 comebacks before that👀,8,1737087679,IVE_RebelHeart
m7kxj4n,IVE,"Ironically, rumours of Sakura joining HYBE started less than a day after IZONE announced disbandment and she graduated immediately after landing in Japan and started preparing for graduation while still in Korea. Woollim's CEO pretended to help PUP and immediately it ended Eunbi debuted (she had been preparing for her album all along) and Chaewon moved to HYBE. Guess which group is boycotted for not extending IZONE and which one has the most wizone support. Lol.

I'm a huge wizone since day 1 but wizones are massive hypocrites.",9,1737089773,IVE_RebelHeart
m7kzjl3,IVE,exactly like hybe was already poaching their contracts before izone even disbanded and it’s so obvious! but oh no let’s only boycott IVE because hybe freely capitalises on izone’s name LOL,3,1737090683,IVE_RebelHeart
m7l3006,IVE,"

[Source Link](https://www.instagram.com/p/DE6L6HKvaC-/)",2,1737092333,IVE_RebelHeart
m7l4qtn,IVE,"I have to admit I don't understand the poor charting though.

Our Melon ULs were halfed for Baddie/Heya and are now halfed again. Why? 

It's not like IVE had any scandals. Annyeongz are still as popular as ever.",1,1737093200,IVE_RebelHeart
m7l6y2a,IVE,"I agree, but curious why you commented this in relation to Dex's Fridge. (Haven't seen the episode yet)",2,1737094340,IVE_RebelHeart
m7lc667,IVE,From my experience if it requires a password it usually means it’s not ready or closed at the moment. Forgot the name of the supplier but they do this with every artist they provide merch for.,6,1737097209,IVE_RebelHeart
m7lcq41,IVE,"Honestly is very disappointing. That’s why I started moving away from the fandom and why I don’t blame dives that don’t want to interact with them. I remember when you could still view twitter likes, a lot of wizones would like wony hate tweets and the only time they ever mention her is for “crumbs”.",10,1737097534,IVE_RebelHeart
m7ldfg9,IVE,[Source](https://www.instagram.com/p/DE6s04Ayyrt/?img_index=8&igsh=NTc4MTIwNjQ2YQ==),1,1737097946,IVE_RebelHeart
m7ley8l,IVE,Wonyoung seems much more comfortable here.,9,1737098861,IVE_RebelHeart
m7lf0bp,IVE,Ah that's good to hear,3,1737098896,IVE_RebelHeart
m7lg7wf,IVE,Stunning,2,1737099637,IVE_RebelHeart
m7lghbr,IVE,[Source Link](https://www.tiktok.com/@ive.official/video/7460775712274910471),1,1737099798,IVE_RebelHeart
m7lnnom,IVE,i cant wait for the whole album!!,2,1737104487,IVE_RebelHeart
m7lo6tm,IVE,I feel like you could use the do do do dos for a-ti-tu-de.,1,1737104851,IVE_RebelHeart
m7lp8um,IVE,"[Imgur Post](https://imgur.com/a/250117-mcs-yujin-zerobaseone-leeseo-ive-moon-seonghyun-250112-pd-note-photos-sbs-inkigayo-Ua9fUds)

Source from SBS Play:

[with Seonghyun & Yujin](https://programs.sbs.co.kr/enter/gayo/visualboard/54795?cmd=view&page=1&board_no=463128)

[Leeseo focused](https://programs.sbs.co.kr/enter/gayo/visualboard/54795?cmd=view&page=1&board_no=463130)",1,1737105566,IVE_RebelHeart
m7lpoio,IVE,[Source Link](https://x.com/cosmokorea/status/1880182200253182101),2,1737105857,IVE_RebelHeart
m7lun6f,IVE,"[FULL CAM](https://www.youtube.com/watch?v=Yy5W59zJn_A)

FanCams:

[GAEUL](https://www.youtube.com/watch?v=UTTyXyZmDcI) | [YUJIN](https://www.youtube.com/watch?v=JSkaAk4uB6g) | [REI](https://www.youtube.com/watch?v=Ygoz9hFJbPQ) | [WONYOUNG](https://www.youtube.com/watch?v=kbxwX9IJEeM) | [LIZ](https://www.youtube.com/watch?v=ce32qOWgC04) | [LEESEO](https://www.youtube.com/watch?v=vomvoq2WrZY)",2,1737109143,IVE_RebelHeart
m7lutmi,IVE,[post link](https://x.com/ivestarship/status/1880198338789929402?s=46),1,1737109256,IVE_RebelHeart
m7lvq1w,IVE,Source Link: [1](https://www.instagram.com/stories/fallingin__fall/3547446099562091190?utm_source=ig_story_item_share&igsh=MW85NGs4MjBqNWJhMw==) | [2](https://www.instagram.com/stories/fallingin__fall/3547446089848102879?utm_source=ig_story_item_share&igsh=MWhrcGNlemhjNGwzOA==),3,1737109827,IVE_RebelHeart
m7lw0wr,IVE,Bro recently had a cooking session with Winter and now with Wonyoung uff,7,1737110014,IVE_RebelHeart
m7lxkjr,IVE,"wait what, I thought HEYA was clearly the main single. Its music video is much more expensive and fancy",2,1737110970,IVE_RebelHeart
m7lz1un,IVE,Fake maknae gaeul today,13,1737111857,IVE_RebelHeart
m7mdsri,IVE,ive seen the hostility ever since IVE’s debut. the same topic over and over again,4,1737119055,IVE_RebelHeart
m7mdts9,IVE,Omg this is so illit insta coded,7,1737119067,IVE_RebelHeart
m7me6mg,IVE,I love how their LIVE VOCALS🤩were turned up so loud on this stage really can’t live without IVE🤣🤭,10,1737119212,IVE_RebelHeart
m7mffje,IVE,"It's just the song failed to click with GP and it's okay, I am seeing majorly divided opinions on kforums with some people calling it one of the best of all time but other stating that though individual popularity of all members have gone up, quality of music has gown down, seems like people have been craving happy pop from IVE more than anthemic single, which is alright as well. 

For me rebel heart is good, it's grabbing eyes for IVE's next title, very much what is needed from a pre release. Ive really had too big of a hiatus, they were bound to take damage in number of listeners plus melon declining in popularity is also an issue. 

Hopefully melon will also rise, rest all of the charts are pretty fine 💕",3,1737119702,IVE_RebelHeart
m7mg6qe,IVE,"Do you have a link by any chance?

![gif](giphy|sDcfxFDozb3bO)",1,1737119996,IVE_RebelHeart
m7mkpho,IVE,"I really like Rebel Heart's direction, though I disagree with it being a good pre-release. It's a really safe song imo. The polar opposite of Kitsch. Interesting to see Knets being divided on it.  

I expect that the GP, who were disappointed with both Baddie and Heya aren't going to give IVE a third chance.",2,1737121661,IVE_RebelHeart
m7mms6c,IVE,[Source Link](https://www.instagram.com/p/DE6gfiGSUlD/),1,1737122395,IVE_RebelHeart
m7n54jy,IVE,Yeah I think at the very least they should release another full album (around 11 songs) before going on another world tour...my guess is probably somewhere early 2026 ? For this year they might still do a few fan meetings in Korea though.,3,1737128299,IVE_RebelHeart
m7nj6vf,IVE,"I got into annyeongz few years after IVE debuted, so I was never really familiar with IZ\*ONE (I was vaguely aware of them, but never cared to check them out), but holy shit the way their fans act towards IVE made me believe that the annyeongz being a part of that group was a hoax, because how are you so bitter towards the girls you used to stan. Then I found out about the boycott and that was it. The only time some wiz\*ones would acknowledge IVE was when fearnots and dives were fighting, just so they could act like some holy mediator and call us ""cousins"" or something. They never showed up for IVE during their hatetrain and that just made me believe that they just naturally gravitated towards LSF and that would be fine if they weren't weirdly condescending towards IVE.

The group is gone and it's never coming back. They need to accept it. Annyeongz wasn't the cause of that, the group was temporary anyway.",9,1737132372,IVE_RebelHeart
m7nmsq0,IVE,[Source Link](https://www.instagram.com/p/DE7LyGMT874/),1,1737133402,IVE_RebelHeart
m7nnsk5,IVE,The thing is although I really can't stand YE's stances and eccentric behavior but I still listen to his music in regular basis 😭😭😭,1,1737133692,IVE_RebelHeart
m7npi8t,IVE,"Is this that bad for all the doomposting I'm seeing. Genuine question bc I'm not a huge stats fan

https://preview.redd.it/gbojnhnt7lde1.jpeg?width=1080&format=pjpg&auto=webp&s=6724bc7bdce6f741e073442cad4e5048920c0cab",3,1737134191,IVE_RebelHeart
m7nvgm3,IVE,"It's bad but it's not disastrous.

Their top songs and other top songs typically sit at around 400k ULs.",2,1737135906,IVE_RebelHeart
m7nyxyp,IVE,i wonder if Follow Rei has the same production team as 123 IVE since they had no idea that special episode with the chef was a prank,3,1737136897,IVE_RebelHeart
m7o3c3g,IVE,"Ok got it! I just saw that the song is top 15 on all charts and still rising so I was kind of confused. 

One more question, I feel like I remember people saying that ULs on Melon are down for all groups. Is this true or am I confusing it with something else?",3,1737138154,IVE_RebelHeart
m7o5li9,IVE,"ULs on Melon are down for most groups, since Spotify is taking up a larger share of the market.

In our case however Rebel Heart is our lowest debut on Spotify as well.",0,1737138798,IVE_RebelHeart
m7o6q8t,IVE,Why IVE mods always MIA,5,1737139122,IVE_RebelHeart
m7o8xms,IVE,"its not even bad tho...its doing okay. IVE has multiple releases between HEYA and REBEL HEART (altho not official comeback) which isnt managed to climb into the chart, so they has to re-gain some momentum purely on promotional..without any prior comebacks hype.

 Im actually expecting them to keep dropping after leaving the TOP 30 but they managed to switched things around and i give credit to their amazing performance in music shows Mcountdown and Music Bank today which help the GP re-discover their talents especially those live vocals with Rebel Hearts and made people tuning into the song.",5,1737139753,IVE_RebelHeart
m7o9utr,IVE,"rest assure than those ""wizones"" are the same ""wizones"" who has beef with anyeongz since IZONE days, they were never IZONE fans in the first place...especially Sakura fans they known to be lot of akgaes since day 1 in IZONE.",4,1737140018,IVE_RebelHeart
m7oaati,IVE,"100% sure those who hate annyeongz are the akgaes especially sakura. They always hate em since IZONE days its not exclusive to what happened thats why lesserafim has less hate from wizones during debut cuz most of ""wizones"" are skr fans",1,1737140147,IVE_RebelHeart
m7oaawa,IVE,"Why would Supernova Love or Crush enter the charts? Their Japanese or English songs never do. 

If they peak at 100k ULs then their song would rank somewhere it the 300s in the year-end. That is not ""okay"". 

Why would you expect them to drop out of 30? How are your expectations so low?

That would be a historical drop in popularity, unseen in Melon history.",1,1737140147,IVE_RebelHeart
m7ol3mp,IVE,"Yeah, I can't really stop following him either. He has an addictive personality like that 😵",1,1737143302,IVE_RebelHeart
m7pprj3,IVE,"IVE has made this week so fun! I've been listening to Rebel Heart so much, I know responses are super polarized but I LOVE IT! The lyrics are soo good and I love listening to it while driving to and during work the most! 

Also all the content has been really fun to watch. I usually don't watch too much kpop content so the fact that I watched Wonyoung for a whole hour is crazy. 

I also love the live performances and can't wait for more stages.",23,1737155781,IVE_RebelHeart
m7pq1wj,IVE,"I agree with you. It's not bad AT ALL. Not every comeback must be #1 in the charts to be successful

We still need to wait and see the other title track, all the other songs in the album, the sales, etc.",2,1737155876,IVE_RebelHeart
m7purzs,IVE,"For those interested, dewywon (youtube Ive content Creator) returned with another video of ""[ive moments to watch when you’re bored](https://www.youtube.com/watch?v=9YmokmQlq2I)"", I'm a fan of their work. I don't understand the policy of sharing this type of content directly.

  
Still digesting Wonyoung's interview in Dex's Fridge and Rebel Heart Stage in MCountdown.",16,1737157481,IVE_RebelHeart
m7pxp99,IVE,"Yeah everyday is a happy day for me 🤩 Highlight of performance will be the [head bobbing part](https://x.com/4orrei/status/1879839854495940711), so cute, such a happy song. 

Since Rebel Heart is a ""pre-release"", I wonder if they are going to perform again next week. Last era Heya promotions was 2 weeks, Accendio 1 week. There's upcoming Lunar New Year holiday too.

Anyway [pre-vote for Mcountdown](https://x.com/IVEvote/status/1880285008298234079) is open, [high chance to win next week](https://x.com/KshowAnalysis/status/1879844760053260535) let's go\~",10,1737158483,IVE_RebelHeart
m7pzvma,IVE,"How Gaeul looked typing the caption

![gif](giphy|LHZyixOnHwDDy)",8,1737159226,IVE_RebelHeart
m7q0ska,IVE,"im ngl i think so too. i rmb when i first became interested in izone. i watched a violeta stage for the first time on youtube and wonyoung was not present due to exam or something. i see the comments were so happy that she was not there and praising hitomi for taking her parts. as if they like it better without wonyoung. i didn’t know anything abt the group at the time and i didnt know wonyoung was center or maknae, so i was taken aback.",2,1737159540,IVE_RebelHeart
m7q16un,IVE,"i’ve seen that too many times on twitter. then they always bring up this line: “annyeongz would burn you for ssamkkura” or something like that. and the funniest part is it’s almost always them replying this to a dive that is defending annyeongz/IVE members from some fearnot that starts shit up unprovoked. 

like, they not gonna quote the fearnot that started it but they will quote the dive that’s defending the girls? LOL",3,1737159676,IVE_RebelHeart
m7q3obb,IVE,this looks so fun!,1,1737160532,IVE_RebelHeart
m7q3vt0,IVE,Exactly. Just be a fan of LSF instead of policing dives and stop acting like our superior.,3,1737160604,IVE_RebelHeart
m7q7e7z,IVE,"on that recent interview, Wony talked her ""Lucky Vicky"" alias and that the reasoning behind it was her english name. if she has one, then I guess she is christian since usually korean christians receive one when baptized. thats pretty cool imo. but what puzzled me is that I guess her name then is Victoria? because Vicky is more like a nickname, right?",-2,1737161829,IVE_RebelHeart
m7qcieq,IVE,"[she chose it herself,](https://x.com/yeoksiyujin/status/1120212173672706049?s=21&mx=2) i believe because she attended an english kindergarten",12,1737163663,IVE_RebelHeart
m7qeoc3,IVE,"Yea. Wonyoung seemed so uncomfortable there. Here, she was lowkey flirting with him ngl",2,1737164444,IVE_RebelHeart
m7qjeb7,IVE,Vicky can also be just a name too,7,1737166174,IVE_RebelHeart
m7r7n92,IVE,"Still 2 weeks left till the TT drops.

Do we know if they've got a break planned?

Or are they going to do music shows/promos for 7 weeks straight? 🤔",6,1737175954,IVE_RebelHeart
m7r7w6x,IVE,"lot of em are from AKB48 stans, being akgaes are part of their stanning culture",1,1737176066,IVE_RebelHeart
m7r87b5,IVE,i think they gonna has 1 week break in between? next week will be the last promotion for RH so they can get the prize and do an encore,4,1737176208,IVE_RebelHeart
m7r89ft,IVE,yeahsss lets get that first encore !!,3,1737176234,IVE_RebelHeart
m7r8kge,IVE,That makes sense. Important to save up for the CB 💪🔥,1,1737176375,IVE_RebelHeart
m7rlpyh,IVE,Ideally it should be 2 weeks promo for RH but lots of speculations that it's just this week promo so don't know but it's def atmost next week for RH,4,1737183259,IVE_RebelHeart
m7rrust,IVE,[Source Link](https://x.com/IVEstarship/status/1880522208092778868),1,1737186984,IVE_RebelHeart
m7rrxvr,IVE,[source](https://x.com/IVEstarship/status/1880522208092778868),1,1737187035,IVE_RebelHeart
m7rua6c,IVE,"[Source Link](https://www.instagram.com/p/DE9aWkHxe_Y/)

>🐈🍦☁️🪽🤍🫧",4,1737188509,IVE_RebelHeart
m7ruguo,IVE,"Oh Vicky Jang, from Los Angles, California!

![gif](giphy|f5lShVzFKjvlJ1nFsN)",-1,1737188629,IVE_RebelHeart
m7rw31x,IVE,Let's go Gaeul!,1,1737189673,IVE_RebelHeart
m7ry13p,IVE,"I still can't believe that there are people who think she's ugly. ARE THEY BLIND?!?!?!?!?!?!

![gif](giphy|elEBK7JJL9gQ4FeWDE|downsized)",0,1737190925,IVE_RebelHeart
m7s2nlc,IVE,"Their most recent comeback has been like that. They start low then start to go up once the promotion starts. 

They just no longer the trendy group like 2022 and 2023. Love Dive, After Like, Kitsch and I AM basically explode from the beginning. They cant pull something like that anymore.",3,1737193919,IVE_RebelHeart
m7s8jnq,IVE,"I really like full cam [LIKE THIS](https://youtu.be/1gLeB7FPRT0?si=nYB2nwg7iWUh7pOB&t=3m7s) 

The link is timed to their ending fairy and I thought they are super cuteeee! I really enjoyed today’s stage, performance (as usual) and outfits 🥰🥰",3,1737197608,IVE_RebelHeart
m7s8kdc,IVE,"[post link](https://www.instagram.com/eeseooes/p/DE9tYUmy7B0/) | caption:

>look look look, look at me",9,1737197620,IVE_RebelHeart
m7sc1qj,IVE,"Like I said, relative to their most successful era.

I think it'd be weird for IVE to not even be top 10 for GG songs though.",-2,1737199646,IVE_RebelHeart
m7secdo,IVE,She's so baby. Gahhh🥹🤏,9,1737200915,IVE_RebelHeart
m7sfsl2,IVE,"[FULL CAM](https://www.youtube.com/watch?v=1gLeB7FPRT0)

FanCams:

[GAEUL](https://www.youtube.com/watch?v=93_U8ti2bHw) | [YUJIN](https://www.youtube.com/watch?v=8pnrOI77UWo) | [REI](https://www.youtube.com/watch?v=F8ErPtQoWdM) | [WONYOUNG](https://www.youtube.com/watch?v=myUO55PGkOo) | [LIZ](https://www.youtube.com/watch?v=mX3qIf-krtE) | [LEESEO](https://www.youtube.com/watch?v=cVv8qbIKmGw)",1,1737201678,IVE_RebelHeart
m7sid8u,IVE,"[post link](https://www.instagram.com/liz.yeyo/p/DE93miCymSt/) | caption:

>round, round, round, round, round, round, round, round, round, round, round, round, round, round, round, round, round, round, round, round, round, round, round, round, round, royal chestnut bread

so pretty, love her hat",1,1737202989,IVE_RebelHeart
m7sj41l,IVE, The last picture is so precious!!!,2,1737203358,IVE_RebelHeart
m7sl44l,IVE,seventeen does seat syncing as well! is that not standard for kpop concerts? i had no idea it wasn’t common,2,1737204314,IVE_RebelHeart
m7st43s,IVE,"No tiktok promotions for rebel heart....I thought after Karina, there would be some challenges atleast but oh well....",10,1737207671,IVE_RebelHeart
m7t0ps6,IVE,IVE was the only show I’ve seen have had seat-specific mapping so that they had actual words/pictures with the lights - not sure about other groups outside Le Sserafim/ Twice/ aespa/ Kep1er since those are only only shows I’ve seen in Japan (US shows for Twice Blackpink also just had the super basic whole stadium level of light stick use),1,1737210525,IVE_RebelHeart
m7t1zpy,IVE,Could be because Tiktok is 1 day away from being nuked in United States... holding off until that gets resolved I guess?,3,1737210988,IVE_RebelHeart
m7t2a49,IVE,"Yeah, it's like I AM part 2 and I'm loving it!  The Choom, music show performances... all amazing. 😄",3,1737211078,IVE_RebelHeart
m7t2mkw,IVE,Rebel Heart is now top 10 on all music charts🥳🥳She may not have the flashy ULs but she's a fighter,17,1737211201,IVE_RebelHeart
m7t3snu,IVE,"I’m from NYC I’m planning to go to see them again in Paris, this would be my first time in Europe!",1,1737211608,IVE_RebelHeart
m7t3wrk,IVE,"NGL, when I first watched the MV and saw that Liz was holding that iguana, I was anticipating her freaking out while holding it with multiple NGs 😂😂 Kinda shocked that she was just like ""oh, this feels weird... 😖"" and calm otherwise 😄😄😄",6,1737211648,IVE_RebelHeart
m7t5769,IVE,"Rise!! 

![gif](giphy|aodBzgYJvu1p6kMs4y)",23,1737212092,IVE_RebelHeart
m7t7u78,IVE,"I think they're testing out their band promotions and seeing how it works 

Also last time they really did tiktok promotions was Baddie but they didn't do it for either way and off the record so if they're going to do tiktok promotions, it'll probably be for attitude.",6,1737212990,IVE_RebelHeart
m7t7v2e,IVE,Rebel Heart has been as high as [#5 on the Circle Global K-pop Chart](https://circlechart.kr/page_chart/global.circle?termGbn=day&yyyymmdd=20250114) and is currently [#7](https://circlechart.kr/page_chart/global.circle?termGbn=day). Keep streaming DIVE and pre-order Empathy!,21,1737212998,IVE_RebelHeart
m7tdxfq,IVE,mhm seventeen does shapes and things like that! like diamonds etc. — they have been for at least a couple of years now. probably not everyone does this level though and it’s nice to know IVE does! it’s so nice when a group clearly puts a lot of thought and time into this sort of thing,2,1737214956,IVE_RebelHeart
m7tfbhw,IVE,you are too negative,1,1737215391,IVE_RebelHeart
m7tgj6a,IVE,"How so? 

It's not the end all be all.

It's just that the song is performing below expectation for me.",0,1737215767,IVE_RebelHeart
m7th2lx,IVE,an organic hit!,16,1737215934,IVE_RebelHeart
m7tjbfg,IVE,Please vote for them make sure they get a win! :),16,1737216623,IVE_RebelHeart
m7tjube,IVE,"You don't even know the sales or the performance of the other title track and you still calling it ""the worst IVE has ever performed"". 

Well, you can have your opinion",1,1737216781,IVE_RebelHeart
m7tl0fo,IVE,Thank you for this.  I was confused on voting before this.,2,1737217134,IVE_RebelHeart
m7tqm2d,IVE,"I'm simply responding to a picture of Rebel Heart' charts 5 days in.

That is all I'm talking about. 

Attitude and the album might do much better or worse.

Rebel Heart is their worst charting Korean song, that is all.",0,1737218808,IVE_RebelHeart
m7tzwco,IVE,Leeseo being jealous of all of the couples and friends while she was alone was pretty cute.,3,1737221566,IVE_RebelHeart
m7u2j76,IVE,Check [here](https://www.reddit.com/r/koreanvariety/s/yOAW3qUISC) for some options but nothing official,6,1737222349,IVE_RebelHeart
m7u2sgt,IVE,Thx,2,1737222423,IVE_RebelHeart
m7u7urb,IVE,I finally had time to watch the dex fridge interview and I didn’t even realize it was over an hour long!! The influx of content from this comeback is so awesome!! 🤯,7,1737223922,IVE_RebelHeart
m7vc10v,IVE,[source](https://x.com/leexs21/status/1880654462580363463?s=46),1,1737236418,IVE_RebelHeart
m7vooxq,IVE,🥺,2,1737240317,IVE_RebelHeart
m7w6ani,IVE,"I’m so proud, keep doing good!",1,1737245924,IVE_RebelHeart
m7w7ufu,IVE,Gaeul! She’s so sweet and always makes me smile 💕,1,1737246403,IVE_RebelHeart
m7wbeq9,IVE,"https://preview.redd.it/gs0fccezkude1.jpeg?width=1440&format=pjpg&auto=webp&s=aaf2b599079e4a00835569a55c79c3cfd418d341

My melon streams : 1,273 as of now",7,1737247580,IVE_RebelHeart
m7x1awo,IVE,"[post link](https://www.instagram.com/reinyourheart/p/DE_csvKyBq8/) | caption:

>long time ♡♡TD🎀*. ﾟ✧︎*。",1,1737256248,IVE_RebelHeart
m7xcvv9,IVE,tiktok is now officially banned ☹️ (in america),4,1737260053,IVE_RebelHeart
m7xkcbl,IVE,[Source](https://twitter.com/kpop_sbs/status/1880839767463702809),2,1737262603,IVE_RebelHeart
m7xklj0,IVE,Review monolithic life-styles with the present day:),1,1737262696,IVE_RebelHeart
m7xmxnp,IVE,"its not just Supernova love, or Crush but Summer Festa too barely made it.

I'm expecting it to drop due to its lyrics and some bad traits of ryan s jhun songs aka his vocal direction and mixing. Its not tht good so im expecting knetz didnt like it tht much + knetz dives complained bout the lyrics . Still remember how Ryan S Jhun works on HAngout with Yoo and butchered the original song demo [SAY YES](https://youtu.be/ioIMYkCRVkQ?si=MuT2f1SqGEPR0wcl&t=33) even with great vocalist like [DAY 6 Young K](https://youtu.be/KHGmi-9o2rk?si=rZKivOaQQc6a0Pae&t=504) to make the[ final version](https://youtu.be/mcYoaE38Qgg?si=x64O3Cn2HOHwhlwa&t=7) sounds boring and lose its personality with tht heavily autotune and processing + the mediocre korean lyrics. .",1,1737263606,IVE_RebelHeart
m7xnewk,IVE,"I hope all groups get on it, because it was amazing!",1,1737263794,IVE_RebelHeart
m7xtts8,IVE,LEGEND,3,1737266429,IVE_RebelHeart
m7xwhkj,IVE,You can watch it on Twitter [here](https://x.com/ihave_ivez/status/1880618615013298254?s=46&t=6m_FKPkcNoVm_wPV50PYjg) it’s been fan subbed,3,1737267651,IVE_RebelHeart
m7xwzvv,IVE,lets hope for main title....,2,1737267896,IVE_RebelHeart
m7y654h,IVE,"Rei's side job in danger 😬😬😬

(On a serious note, we'll see if IVE will be hugely impacted by this. I don't know if US was the primary audience of their Tiktoks? In any case, it's going to take a serious hit... It also applies to any group though.)",6,1737272786,IVE_RebelHeart
m7y7bpe,IVE,[source](https://x.com/IVEstarship/status/1880886767055994957),1,1737273465,IVE_RebelHeart
m7yap09,IVE,Jaw droped every slide,2,1737275460,IVE_RebelHeart
m7yceb2,IVE,"Even if you are a non-wizone dive, you have to agree it is very weird how starship is still forcing annyeongz to pretend izone doesn't exist in most situations. That you quiz in the block interview literally tried to tell their life story from trainee period, then tiptoes around PD48 and izone, and skips to their I've achievements. How can you be satisfied with this?

Imagine if LeBron James goes on an interview which is basically a retrospective of his career, and they simply skip his Miami heat years where he won his first two championships! Yeah the 2016 NBA championship was his biggest achievement, just like annyeongz biggest achievements are with I've, but how can you be a fan and simply pretend a crucial part of their career does not exist?",-12,1737276491,IVE_RebelHeart
m7ydpve,IVE,[Source](https://www.instagram.com/p/DFAD78NP9AW/?img_index=9&igsh=NTc4MTIwNjQ2YQ==),2,1737277284,IVE_RebelHeart
m7ye3ra,IVE,">Imagine if LeBron James goes on an interview which is basically a retrospective of his career, and they simply skip his Miami heat years where he won his first two championships!

The vibe on the show not really them showcasing their career. It is to highlight 'lucky vicky' mindset n even Yujin part bit less n not that highlighted.

+heck they only got time to perform 2 IVE song

Why suddenly us Wizone wanted to force them to say IZONE on one of the premier Korean show, 

ALSO THEY BEEN ACKNOWLEDGING IZONE MORE N MORE N BEEN SEEING TO BE WITH IZONE MEMBERS, So I'm satisfied already",16,1737277520,IVE_RebelHeart
m7yehyf,IVE,[source](https://vt.tiktok.com/ZS6q2jnh3/),1,1737277759,IVE_RebelHeart
m7yetid,IVE,"They were there to promote IVE (the group that’s  having a comeback ) the interview was mainly about their experiences in IVE and how they’ve matured over the years. The only reason PD 48 was brought up was because they shared a moment from it. It was a 35 minute interview not a biopic. 

I don’t know why wizones are hell bent on always wanting Annyeongz to mention Izone everywhere. If starship was truly preventing it, we wouldn’t have Yujin doing challenges with them or posting pics of their hangout, or them playing together during award shows. 

You guys keep pushing this narrative and are one of the biggest reasons Annyeongz keep getting hate for silly things like this. It’s like y’all forget how WonYoung took most of the hate for the rigging scandal and you want her to mention it gladly everywhere she goes.


They didn’t mention Izone in an interview, it doesn’t change anything.",24,1737277956,IVE_RebelHeart
m7yf4ka,IVE,"> The vibe on the show not really them showcasing their career. It is to highlight 'lucky vicky' mindset n even Yujin part bit less n not that highlighted

Did you watch the whole thing? They told stories about auditioning for starship and their trainee days. Then they tell the story as if they went on ""some unnamed survival show"" and suddenly debuted as I've. You don't think that's weird?",-5,1737278143,IVE_RebelHeart
m7yf8rv,IVE,"Maybe they couldn't talk about this topic in the camera due to the undisclosed policy, but based on how Yujin still hangs out with former members from time to time, how Wonyoung interacted with Yuri at award show, everything is fine. Surely it's weird that you aren't able to talk about your early achievements in your career as if it didn't exist at all. 

On the side note, correct me if I'm wrong, but I'm pretty certain Sakura and Chaewon don't really talk about IZ*ONE much as well?",6,1737278215,IVE_RebelHeart
m7yfzcu,IVE,"With lesserafim it is an entirely different world. Eunchae freely asks questions about izone all the time in her Star Diary episodes with izone members. The only time I heard leeseo mention izone was she said she was a Yuri bias, during eleven era. The lesserafim documentaries clearly show Sakura's and chaewon's story of growth from izone. Meanwhile literally all of the izone crumbs from annyeongz are non-TV and off-camera, except wonyo reading off the script in the recent gayo.",0,1737278665,IVE_RebelHeart
m7yg0f6,IVE,"i stanned izone since violeta until disbandment. im fine that they dont talk abt izone because i dont care for crumbs 😭

also they didn’t tiptoe around pd48. yoo jaesuk asked about the audition program and they answered about their experiences. maybe neither mcs asked about izone after that in which case why would annyeongz talk abt izone suddenly if not asked LOL",12,1737278684,IVE_RebelHeart
m7yg69m,IVE,Yeah I guess this boils down to do you care for crumbs or not. But surely you agree right that someone you admire pretends some of their life achievements don't exist?,-2,1737278783,IVE_RebelHeart
m7ygd71,IVE,does not matter at all. they were on limited time and weren’t the only guests and I’d rather they talk about IVE more.,12,1737278902,IVE_RebelHeart
m7ygkhc,IVE,"not really because i think a lot of wizones are just extra sensitive about crumbs and makes up conspiracy theories when they don’t get what they want. i genuinely think it is not that deep. 

contrary to wizones’ belief, annyeongz do not pretend izone doesn’t exist. in fact there are tiktok challenges with izone members yujin has done 😭 

wonyoung always approaches izone members if she sees them in end of year events. like in recent years during aaa she approaches yuri, sakura, eunbi. or kbs gayo where she approached yena and sakura.",13,1737279028,IVE_RebelHeart
m7yhjdw,IVE,[source](http://vt.tiktok.com/ZS6qjkWQW/),1,1737279625,IVE_RebelHeart
m7yhpho,IVE,The point is not to demand that annyeongz mention izone all the time. I just wish they would acknowledge izone when it is appropriate. Point of comparison: the lesserafim documentaries proudly tell the story of Sakura's and chaewon's growth from izone. They don't walk around saying izone all the time. But when telling the story of their life there's no boogeyman the way starship pretends it.,-5,1737279730,IVE_RebelHeart
m7yi481,IVE,"Even I know that annyeongz are still close with their unnies. I'm not one of those people that accuse Wonyoung of stupid things. She is clearly just introverted and a homebody.

I celebrate all of the crumbs. But all of those interactions are off-camera or non-TV. Starship is clearly still instructing them.",0,1737279983,IVE_RebelHeart
m7yi7nn,IVE,[source](http://vt.tiktok.com/ZS6Vw8x3a/),1,1737280041,IVE_RebelHeart
m7yibju,IVE,"As a PD48 wizone myself, I really don't care, and I don't know why people are making it a bigger deal than it is. Wonyoung and Yujin were on one on the biggest variety shows that most idols don't even get to go on to, to promote IVE's cb. Though they debuted very young, they have also now spent more time as IVE than IZONE. Why would they waste precious airtime talking about a disbanded group? And even though I love IZONE, we have to admit that it's a controversial group in Korea due to the rigging scandal. 

This is not the same as Eunchae asking about IZONE in a youtube show that only fans watch. They were on a prime-time tv show that the public watches.",17,1737280106,IVE_RebelHeart
m7yik4r,IVE,"> This is not the same as Eunchae asking about IZONE in a youtube show that only fans watch. They were on a prime-time tv show that the public watches.

Good point",4,1737280252,IVE_RebelHeart
m7yixw6,IVE,"IVE should be the top group that is the LEAST affected by this.

SSE didn't even prepare a tik tok video for Rebel Heart, lol.",9,1737280486,IVE_RebelHeart
m7yk99e,IVE,"I am an ex-wizone since predebut to predebut dive and I don’t care if they didn’t mention izone.

I was all for their extension but the wizone in me has withered away because of my own ex fandom blaming the girls and wishing for their failure since debut as a gotcha moment to sse. 

All the rumors and accusations about them being ungrateful when rigging their way in, coworkers, changes to be a different person, industry-plant, scripted under the pretense of blaming sse but guess who got hate? Open r/izone with a similar post complaining about sse and here comes the same ‘shade’ like you cannot reason it being make up. I don’t talk with most of the wizones I know anymore because guess what? None of them give af about IVE nor not hating them in private! The only one survived after the great sse blaming tragedy as a predebut dive is 100% annyeongz bias list and maybe Minju.

You should be grateful that the girls only talk about PD48 being hell and not their pre-debut period between post IZONE and pre IVE. The girls still contacted behind the scene and not everything needs to be public. It was a good past and we move on. Next!",20,1737281286,IVE_RebelHeart
m7yko2s,IVE,So much coziness and love in this one ❤️,1,1737281539,IVE_RebelHeart
m7ylgk7,IVE,">Then they tell the story as if they went on ""some unnamed survival show"" and suddenly debuted as I've.

Ok so you know P48 are tarnish and on the fact that IZONE are also relate to that. So literally not beneficial to yap about them - bcuz you don't know what major GP will relate to that in political climate of Korea.


Why don't you just focused on members of IZONE that uselessly being shoved IZONE mention everytime when in reality that just not beneficial to current comeback",9,1737282024,IVE_RebelHeart
m7ylqn8,IVE,"Does Japanese TV count? [NHK Songs 221208](https://www.bilibili.com/video/BV1JV4y1P7xi/?share_source=copy_web&vd_source=6e536d94b8833ecd01bdc29bb9da0e6c). Maybe SSE has no control over Japanese media.

https://preview.redd.it/sqxqnha17xde1.jpeg?width=1410&format=pjpg&auto=webp&s=d01a7d6ec39dec274a40ee852a2c0916c05e8d5f

[Youngji mentioned Izone](https://youtu.be/i3jpejz-PPc?si=bRtz-jQVR9CT6yqF&t=445) when Yujin went to her show. If SSE is really that shady they would have request them to cut off that part before airing.

Leeseo also sang Panorama in one of the fancall.

Anyway, up till 123IVE Season 5, people kept saying that SSE ""gatekeeping"" annyeongz, now it doesn't seem like it anymore. Different people view things differently I guess. 

At the end of the day, they still interact freely with each other ([my fave moment is Rei x Yena x Yujin](https://x.com/godchoiyena/status/1602671437541740546)), unlike some other groups who can't even mention member's name/ignore each other for a long time.",7,1737282196,IVE_RebelHeart
m7ynkh5,IVE,"> Open r/izone with a similar post complaining about sse and here comes the same ‘shade’ like you cannot reason it being make up

Nah, I will not let you accuse me as an I've hater or annyeongz hater. I'm a long time participant in this subreddit - [proof, I even say wonyo probably likes the ivegirls than izgirls](https://www.reddit.com/r/IVE/s/v9pumpyjKA) You accuse me of writing ""shade"" but where did I write such a thing in this entire thread? 

My entire point is I hate that starship is instructing annyeongz to pretend izone doesn't exist IN TV SHOWS. You are too combative and being emotional and angry here lol. I already said let's avoid bringing fandom toxicity into the discussion",-3,1737283317,IVE_RebelHeart
m7yo37l,IVE,"Yo, thanks for engaging with me on my actual point of starship's actions! 

I missed the leeseo singing panorama 😅  yeah you're right, practically speaking none of this matters because starship already loosened their grip. I was just disturbed by the youquiz interview.",2,1737283630,IVE_RebelHeart
m7yo6us,IVE,">  P48 are tarnish and on the fact that IZONE are also relate to that. So literally not beneficial to yap about them

But HYBE allows lesserafim to do so?",0,1737283691,IVE_RebelHeart
m7ypbel,IVE,"they don’t have to be forced to talk about izone for crumbs. again, maybe the mcs didn’t ask about izone. the reality is, u and i genuinely don’t know. which is why i call it conspiracy theory because there is no basis at all.",9,1737284355,IVE_RebelHeart
m7yprka,IVE,"i think hybe capitalise on this actually. they know wizones are desperate for crumbs. it is a strategy that works, because from the recent izone sub thread, wizones can go so far to accuse annyeongz of being rigged and spew lies about them but mention chaewon being rigged in the same thread and it’s immediate downvotes although woollim was also one of the companies involved in the scandal and her ranking are much more suspicious than annyeongz",10,1737284626,IVE_RebelHeart
m7yykko,IVE,[story link](https://www.instagram.com/stories/for_everyoung10/) (available 24 hrs),3,1737289571,IVE_RebelHeart
m7z7rgo,IVE,"[FULL CAM](https://www.youtube.com/watch?v=FbybbLyDcAE)

FanCams:

[GAEUL](https://www.youtube.com/watch?v=WMwWCmCjSck) | [YUJIN](https://www.youtube.com/watch?v=F8sxMyO6kJk) | [REI](https://www.youtube.com/watch?v=prRWF48KX9c) | [WONYOUNG](https://www.youtube.com/watch?v=szHrhSimwAI) | [LIZ](https://www.youtube.com/watch?v=SzFVqBNTR38) | [LEESEO](https://www.youtube.com/watch?v=D34WMJEJU_s)",5,1737293734,IVE_RebelHeart
m7z8ltc,IVE,"That was actually super fun to watch! Just watching Wonyoung eating well is somehow *healing* 🥰*.* And looks like we're gonna get 1 more episode 🤗, next week(?) i guess.",8,1737294071,IVE_RebelHeart
m7zaive,IVE,[source](https://x.com/IVEstarship/status/1880976141273776256),2,1737294817,IVE_RebelHeart
m7zbi7o,IVE,">. I already said let's avoid bringing fandom toxicity into the discussion

Fandom toxicity is literally the reason ""starship is instructing annyeongz to pretend izone doesn't exist IN TV SHOWS"".  Ignoring that in this discussion is like ignoring someone's experience in a uranium mine while talking about their cancer.

Look at that r/izone post and the comments.  Whatever remains of that subreddit is full of wizones regurgitating the exact same hate Annyeongz experienced post-Izone.

I just feel so bad for Annyeongz - Izone and Wizones should have been a great, beautiful memory for them.  Instead, it's one of the core foundation of hatred that they experience to this day.",13,1737295193,IVE_RebelHeart
m7zg972,IVE,Another day another vicky slay,4,1737296904,IVE_RebelHeart
m7zk2t9,IVE,"Hybe... who was not involved in Izone and never received associated hatred, with 2 members who were never hated nor blamed for ""breaking up Izone""?

Hybe, Sakura, and Chaewon are actually fantastic juxtaposition to Starship, Yujin & Wonyoung when it comes to understanding post-Izone hate and its impact.",9,1737298198,IVE_RebelHeart
m7zk7vd,IVE,Anticipating watching this episode later today is literally what's carrying me through work right now 😭😭,2,1737298244,IVE_RebelHeart
m7znw0n,IVE,rei said 'see you next week' in her ig story so we'll prob have at least 3 weeks' more worth of promos. prob a break after that aside from yujin who has to go film jiraksil?,3,1737299409,IVE_RebelHeart
m7zr4va,IVE,"Wait, they re-edited the video to change the part where we could see Yujin coughing hard in the middle of the performance 😥

Not sure, it could probably be Yujin herself who requested this after monitoring, or starship. Anyway, i hope she gets well soon and doesn't push herself too hard... You need plenty of rest 😟🫳🫳🫳",12,1737300403,IVE_RebelHeart
m7zsvb6,IVE,"i think rather than SSE specifically instructing them, it might not have really been all that relevant like... what DO you want them to talk about if they did talk about izone? 

i haven't been able to watch the full episode, but the pd48 mention was specifically them talking about their struggles being thrust into the public eye as kids, and them talking about IVE is a given as it's their current group. 

their most relevant experience to the general public as part of izone is being at the center of the rigging scandal, and obviously that isn't something you could bring up without a slew of hate directed at them.

plus as others have mentioned, there were other guests on the show so their time was limited - there's only so much content you could edit into half an hour.",9,1737300929,IVE_RebelHeart
m7zytpf,IVE,"IVE has been active more than Izone was, I genuinely want to advice wizones to move on, for your own and everyone else's sake. Annyeongz arent forbidden to interact and mention former members at all rather I like they dont use izone and its members name for clout chasing or hit tweets, they both are very private individuals and wish well to girls behind the scenes, I prefer it that way.",15,1737302663,IVE_RebelHeart
m7zzv9y,IVE,Move on.,6,1737302959,IVE_RebelHeart
m7zzw1b,IVE,"https://youtu.be/9YmokmQlq2I

And basically 1,2,3 IVE.",8,1737302965,IVE_RebelHeart
m802inp,IVE,I dont really like a lot of IVE content (or honestly kpop content in general) but I think [dewywon](https://youtube.com/@dewywon?si=-haJBW9CZVNHGh8C) on YouTube is really funny if youre interested.,1,1737303717,IVE_RebelHeart
m803hvs,IVE,Looking forward to watching Wony on Chef & My Fridge when it reaches Netflix! But from what I see from my country it's probably coming in February 😒,7,1737304000,IVE_RebelHeart
m809i7e,IVE,"Agreed, plus tiktok is not the only social media out there",6,1737305688,IVE_RebelHeart
m80azts,IVE,The [IVEy daeng YouTube](https://www.youtube.com/@IVEydaeng) channel has lots of good edits.,12,1737306109,IVE_RebelHeart
m80e0g4,IVE,That All Night ‘promotion’ tiktok (the slideshow of staric images) haunts me.,3,1737306960,IVE_RebelHeart
m80evt1,IVE,"It depends on your brand of funny.. I don't like fake funny antics and loud hahaha behavior.. find them annoying.. IVE brand of funny suits me, though, because it's more subtle and natural flowing",35,1737307207,IVE_RebelHeart
m80f3ki,IVE,What content is this from?,3,1737307268,IVE_RebelHeart
m80ka8t,IVE,"my brand is more like doing or saying dumb things and unintentional and out of context moments. In short moments that kinda make u look stupid. Maybe the other 3 are just more quiet or the cameras are rolling so they arent like willing to risk damaging image for some humour,which is why i kinda dont find them as funny(no hate) 

I just kinda wanna see them loosen up a bit yk they deserve it",1,1737308722,IVE_RebelHeart
m80llgi,IVE,"Don't worry.. I don't find it hateful at all.. it's just as I said people find different things funny, no shame in that. I pause 123 IVE many times because I'm laughing. And in a friend's group, not everyone is as funny as the rest.. that's how I find it more real. They're not competing for the lols.


Tbh, the sort of dumb funny things I find more hilarious from boys (because irl I always thought boys are the ones doing dumber things and so it feels more real coming from them 😅)",4,1737309082,IVE_RebelHeart
m80mcck,IVE,not the most funny but very entertaining,1,1737309288,IVE_RebelHeart
m80mgw5,IVE,thx :),1,1737309323,IVE_RebelHeart
m80s161,IVE,"Lots of leeseo thumbnail praise in comments, oh what a time to be alive",12,1737310869,IVE_RebelHeart
m80sgdx,IVE,123IVD 5 ep 3 was pretty funny,10,1737310988,IVE_RebelHeart
m80vztd,IVE,Fr i nearly passed out,3,1737311976,IVE_RebelHeart
m80xzx7,IVE,"They’re not a loud group. I tend to watch other groups shows, izone and snsd are the funniest. No one is as funny as those groups anymore, some groups are loud but it’s kinda fake sometimes. 

i got used to IVE’’s humor the last 2 years. Yujin tries but she understands if she gets too loud or too good at games, it gets boring so she tones it down. 

They’re getting funnier each year though,  IVE 123 S3 and S5 are the best seasons. 

Watch Earth Arcade if you want loud and funny.",18,1737312539,IVE_RebelHeart
m810udj,IVE,Liz and Gaeul are very funny on variety shows ,3,1737313339,IVE_RebelHeart
m812sm8,IVE,"it is funny when they tease her for being short(can relate) 
She is very fun to watch tho",4,1737313893,IVE_RebelHeart
m818muk,IVE,"TBH i never found any idols to be funny if i want to watch people who actually good at humor and making jokes i rather watch variety show MCS and comedians which are much funnier.

i watch idols for funny moments from them being themselves having natural reactions and interactions and IVE is just like that. I dont need em to be comedians.",13,1737315561,IVE_RebelHeart
m819xhf,IVE,"thats fair, not everyone needs to be funny and with the camera and the way the atmosphere is in kpop these days i respect any idol whos willing to be more natural instead of faking a persona. Its more likr i cant relate to them as hard which is mwhy it may seem this way for me",3,1737315938,IVE_RebelHeart
m81aply,IVE,"wonyoung on psick show kinda surprised me didnt expect her to not keep up the princess vibe, was really refreshing",18,1737316166,IVE_RebelHeart
m81b9dr,IVE,"Yujin is for sure one of the funniest members from Izone and the whole group was known for being hilarious. Wonyoung too, she has her moments especially when she’s being like sarcastic. Gaeul is funny in a subtle way which to me is the best. I think they’re a funny group for sure.

Although I find the suggestion that idols who fans often call “comedians” are “faking” but oh well that’s Kpop fans for you.",2,1737316327,IVE_RebelHeart
m81dboe,IVE,fun was equal to FROMIS\_9,2,1737316930,IVE_RebelHeart
m81fhth,IVE,">I like they dont use izone and its members name for clout chasing or hit tweets

Im sorry, are we saying it’s “clout chasing” when best friends like Yena and Chaewon take a photo together and post it on instagram?",-1,1737317563,IVE_RebelHeart
m81g3rr,IVE,wonyoung’s episode on Please Take of my Fridge was so fun! she always so charming it’s my favorite show appearance of hers so far,11,1737317739,IVE_RebelHeart
m81kbg9,IVE,"I don't think it's fair to say Sakura did more to end IZONE. Though there is a double standard in the way LSFM and IVE ex-IZONE members are treated due to th disbandment, PUP, and the never-ending search for crumbs, IZONE ended because their contract came to an end. It's as simple as that. Some companies wanted their idols back. Some wanted to continue because they had no long-term plans, and some 3rd party companies were interested in buying out contracts to form their own group.

I do agree that people need to move on and let these non-issues and constant back and forth between wizones and dives die.",5,1737318957,IVE_RebelHeart
m81om86,IVE,"Liz and Yujin are two of the funniest KPop idols imo lol 😂.  
Unfortunately Liz has a more reactive humor than proactive and Yujin really needs someone like Eunji/Youngji (from Earth Arcade) or Yena (from iz one) to be at her funniest.",23,1737320160,IVE_RebelHeart
m81p8ke,IVE,😱you work on Sundays?,2,1737320338,IVE_RebelHeart
m81qgzi,IVE,"This isn’t true at all and it’s sad to see you getting upvotes here, the Japanese members all left Korea at the same time. We have video of it happening. Sakura signed with Hybe five months later.

None of the members are responsible. None of the individual labels are responsible. Izone was a temporary group, the only reason fans were even given “hope” of an extension was due to covid. 

I fully understand and respect why so many dives feel a certain way about Wizone considering everything that happened, but this comment is low and unnecessary.",3,1737320686,IVE_RebelHeart
m81sjvh,IVE,Omw to watch 🤭,2,1737321274,IVE_RebelHeart
m81wzaa,IVE,[source](https://leehs-for-leeseo.tistory.com/55),12,1737322523,IVE_RebelHeart
m81zx21,IVE,She's incredible,16,1737323369,IVE_RebelHeart
m82672e,IVE,the pink hair looks amazing on her,18,1737325191,IVE_RebelHeart
m827krq,IVE,This one has to do with the… “Refrigerator” show (NOT dex fridge interview). I forgot what it was called but it’s with Lee Eunji who also stars in Earth Arcade.,4,1737325600,IVE_RebelHeart
m827rcd,IVE,"Every IVE member is very funny imo, at least i find their content very fun and entertaining to watch. Yes, the humor differs for each member and i love that personally. People are just so used to other groups where idols are overly chaotic and all over the place that they don't find IVE's reserved humor funny smh... if you watch their behind the scenes, 'IVE on' and especially '123 IVE' they're always joking with each other. Now if that's not enough for you, they're not comedians, there's always other groups ig 🤷🏻‍♀️",4,1737325654,IVE_RebelHeart
m828icf,IVE,"Princess 🥰💕 

P.S. The chair arms look like it could be her arms 😂 I had to do a double take",8,1737325884,IVE_RebelHeart
m82aznk,IVE,The hair and eye colors are so good,17,1737326626,IVE_RebelHeart
m82fh5a,IVE,"this hairstyle and color works so well for her, she looks cool !",20,1737327978,IVE_RebelHeart
m82koa5,IVE,Even if Starship want to skip the whole izone thing (which they didnt completely) its understandable why considering the controversy surrounding the produce show and IZONE in order to protect annyeongz. its time to move on and focus on their current presence.,8,1737329641,IVE_RebelHeart
m82l5d4,IVE,"I love it when fancams lose track of the idol they are following. It’s just funny to watch the quick “oh, no, where are they” as the camera searches for the idol. 

Just so I understand… they are *not* being booed, right?",1,1737329799,IVE_RebelHeart
m82mft8,IVE,this is like the ultimate look for her,24,1737330228,IVE_RebelHeart
m82tkcl,IVE,"i think they’re funny sometimes i see other supposedly funny kpop idols and cringe at how annoying they are but kpop stans like the overly chaotic personality. i think being too loud is generally annoying. 

i also like how IVE doesn’t have to do the mean jokes to each other be funny. ive seen some other kpop groups where they do fat jokes or colorism jokes to be funny and i just dont see the humour in that, but apparently that’s how “real friends” joke or whatever that means",24,1737332544,IVE_RebelHeart
m82vagz,IVE,"Maybe because they don't overreact a lot, but I'm fine with that I like their kind of humor, I find it natural",13,1737333082,IVE_RebelHeart
m832w9b,IVE,More of a dry sense of humour I’d say. They’re not slapstick funny like NMIXX.,16,1737335509,IVE_RebelHeart
m8339rd,IVE,Yujinnie 😭 Get well soon.,3,1737335636,IVE_RebelHeart
m833k9s,IVE,"Sorry, I was too heated because I saw this post right after the IZONE post. I didn’t accuse you but most “wizones” I know have done nothing but shade the girls since pre-debut, and that is a fact. 

Fandom toxicity cannot be avoided when it is most likely the reason why sse wanted annyeongz to avoid mentioning IZONE, though not everything is a conspiracy because most cases it is a reach if they randomly mentioned IZONE. 

As for the mention of free will as you said from the other group, the only thing can be pulled up is predebut documentary and sse is too broke to create a documentary for IVE so you can’t really compare.

Where else they mentioned IZONE aside from actual variety with IZONE girls? Annyeongz didn’t have any variety nor tiktok with just each other for 2+ years, left alone with IZONE girls. Behinds crumb? That’s what Yujin mentioned in her bubble, same with the other one in weverse. And we all know Wonyoung is private so unless the other girl mentioned first like CY, YJ (in izone) or YN, YR (recently), no one will know.

I will not say that sse didn’t have a talk with annyeongz about IZONE in general but some is a reach because as far as I know, both sides mentioned IZONE equally. However, one is having a rose-tinted glass and the other is being nitpicked in every occasion for crumbs. It’s as simple as that.",6,1737335734,IVE_RebelHeart
m835xfs,IVE,she exudes aura,10,1737336521,IVE_RebelHeart
m837lt4,IVE,"It's a card wallet. It's literally soso cute, i got weak and brought it lol",1,1737337079,IVE_RebelHeart
m83ryf3,IVE,[Source Link](https://www.instagram.com/p/DFApy2HyTRj/),3,1737344180,IVE_RebelHeart
m83s7kt,IVE,"the stylist this time deserves a raise, and it's one of Liz's best stage look",2,1737344280,IVE_RebelHeart
m83ubly,IVE,[Source Link](https://x.com/amuse_kr/status/1881134410113876442),2,1737345117,IVE_RebelHeart
m83xk32,IVE,[IVE VOTING TEAM on X](https://x.com/ivevote?s=21&t=PN1BAwDuxTWYCcZ-_NkfQw),3,1737346451,IVE_RebelHeart
m8421bm,IVE,"[Source Link](https://x.com/IVE_twt/status/1881161931421274217)
> Yujin unnie, why do you keep taking pictures with my cell phone? ՞, ̫, ՞ 🐾 So I decorated it (≖ᴗ≖) ♡",2,1737348384,IVE_RebelHeart
m842mpz,IVE,One of the most beautiful girls in the world,9,1737348648,IVE_RebelHeart
m8496tm,IVE,She was born with pink hair 💕,8,1737351694,IVE_RebelHeart
m84dv0a,IVE,"Ive never watched Paradise Kiss so I never made the Yukari connection to Rei but it's pretty spot on. 

Honestly other than Leeseo and Liz, I wasn't exactly sure what the girls were doing and thought the MV kinda didn't really make sense but now I have a greater appreciation for the MV and I agree with your takes.",13,1737354056,IVE_RebelHeart
m84fc4i,IVE,Even Yujin with Na PD were funny.,3,1737354834,IVE_RebelHeart
m84hzk5,IVE,"I think Liz is more about not being afraid to have unconventional interests, in this case she is a huge pet lover and posts about them a lot online. 

I would know, because I'm the same and I would have a zoo at home if I only had the space hahaha",34,1737356258,IVE_RebelHeart
m84pagb,IVE,Sameeeee. I liked the aesthetics but didn’t get the plot. Now it’s more clear,3,1737360497,IVE_RebelHeart
m84pv5o,IVE,"yes definitely   
IVE girls are funny 

their smiles weather on variety, vlog etc

is enough for me to smile laugh XD



but did you mention funny wonyoung memes

(I really missed the IZ ONE Wonyoung memes 

she have more funnier video or aegyp in IZ ONE back then 

than current IVE)

same can be said from An Yujin maybe both of them are the maknae back then they act (childish) cuter aegyo back then

  
while the best commedian in IVE without even trying is Liz for me 

next is Rei 

followed by  Wonyoung and Yujin 

then Gaeul Leeseo at last",4,1737360855,IVE_RebelHeart
m84sc8p,IVE,[Source Link](https://www.tiktok.com/@ive.official/video/7461913440337136914),1,1737362407,IVE_RebelHeart
m84szel,IVE,"dont know about ive but i found rei extremely funny on running man, maybe it’s just kind of humor",4,1737362813,IVE_RebelHeart
m84tmys,IVE,[Source Link](https://www.instagram.com/p/DFAI1Ziz3Fj/),3,1737363228,IVE_RebelHeart
m84v7mu,IVE,Was it leaked somewhere? I swear I had heard nothing and the episode just dropped. So hyped to watch this later. Best girls with best sunbae 🤍,21,1737364234,IVE_RebelHeart
m84vgcp,IVE,"[Imgur Post](https://imgur.com/a/1PzlGaI)

Source from [SBS Play](https://programs.sbs.co.kr/enter/gayo/visualboard/54795?cmd=view&page=1&board_no=463140)",3,1737364388,IVE_RebelHeart
m84vs9g,IVE,"Wtf is this, dropped from nowhere n no signs at all.

A gift nonetheless tho!!",19,1737364598,IVE_RebelHeart
m84wpcc,IVE,"WHAT Is THIS??????!!!!!!!! This is for ME.

Now I have to finish my work ASAP.

Thank you STARSHIP I love you KAKAO Family 😍😍😍😍😍😍",17,1737365188,IVE_RebelHeart
m84wqm2,IVE,What a pleasant surprise!😮Been waiting for them to be featured in this show for a long time and suddenly came true 💞,18,1737365210,IVE_RebelHeart
m84xirv,IVE,She look so good with pink hair. I’ve been playing Infinity Nikki recently and she reminds me of Nikki. 😭😭💖,5,1737365716,IVE_RebelHeart
m84xpm9,IVE,"Ive providing me lot of content this comeback.

I'm not complaining",25,1737365840,IVE_RebelHeart
m84y3no,IVE,It’s funny that recently Wonyoung was on the Dex’s show and she was asked if she has plans to get married/ideal person to marry. It was awkward for a moment and she only gave a vague answer.,14,1737366093,IVE_RebelHeart
m84z5vp,IVE,What a day to be a DIVE!!,21,1737366781,IVE_RebelHeart
m84z9mz,IVE,leeseo just being school is taking me outt,36,1737366847,IVE_RebelHeart
m84zaum,IVE,"Woooow I went to both of their concerts during their respective world tours, I never would have thought I’d see them together!",27,1737366869,IVE_RebelHeart
m85152f,IVE,"You literally just answered for me as well, been to their respective concerts but never see this happening.",14,1737368033,IVE_RebelHeart
m8516xj,IVE,IU’S cover of eleven 🙏😍,23,1737368066,IVE_RebelHeart
m853hqm,IVE,[Source Link](https://x.com/ivestarship/status/1881288122467791282),2,1737369523,IVE_RebelHeart
m854mal,IVE,"I knew it, the tanghulu thing was a ploy to replace Leeseo! j/k",4,1737370219,IVE_RebelHeart
m8563fh,IVE,why is Yujin rebellion against traditional feminity? i’m not saying it’s not true i’m just wondering why.,14,1737371119,IVE_RebelHeart
m857xrj,IVE,source [1](https://x.com/fall_moon0924/status/1874294109210632210?s=46) + [2](https://x.com/fall_moon0924/status/1878638626655055977?s=46) + [3](https://x.com/fall_moon0924/status/1874635111741997286?s=46) + [4](https://x.com/fall_moon0924/status/1876481249512169641?s=46),1,1737372219,IVE_RebelHeart
m858rax,IVE,"This dropped out of nowhere, what a pleasant surprise!",13,1737372699,IVE_RebelHeart
m858urs,IVE,"I'm getting so good at this [manifestation thing.](https://www.reddit.com/r/IVE/s/zEmIJoNcgm)😭😭 Send your requests dives. I'll manifest them for you.

Can't wait to watch this once I'm home from work.",23,1737372755,IVE_RebelHeart
m859hag,IVE,"they are funny, this question is a bit silly 😭",11,1737373117,IVE_RebelHeart
m85cmx0,IVE,"Just finished the episode. This is very heartwarming. It is a heart to heart talk. I felt like I have know IVE and IU a bit more too. I love how IU would focus on everyone, such an amazing role model 🥰",23,1737374829,IVE_RebelHeart
m85cmy3,IVE,Its easily one of my favourite songs,1,1737374829,IVE_RebelHeart
m85ekf0,IVE,I replayed that Wonyoung into Liz part so many times.,1,1737375816,IVE_RebelHeart
m85fg9f,IVE,"Tbh, as someone who never knew izone and only met Wonyoung and Yujin as IVE members, I'm rather glad they don't explicitly mention izone. I don't wanna feel like I have to go through a long gone and disbanded group to feel like my journey with them is complete. If they keep mentioning them, I'd be constantly reminded of the fact, and I don't wanna waste my time on a group that's no longer there.",3,1737376253,IVE_RebelHeart
m85fwdm,IVE,">Thank you STARSHIP I love you KAKAO Family 😍😍😍😍😍😍 /s


Lol!!! We can be Kakao stans for today😅😅",8,1737376472,IVE_RebelHeart
m85fx3c,IVE,"Hoped to see Rebel Heart on It's Live, so was glad to see this band version. Loved the Wonyoung > Liz part so much.",18,1737376481,IVE_RebelHeart
m85i4tu,IVE,Such a great episode! It was just full of good vibes and everyone honestly looks amazing! Great visuals!,8,1737377508,IVE_RebelHeart
m85jep0,IVE,I've been waiting for this for since 2022,19,1737378067,IVE_RebelHeart
m85losp,IVE,"Gaeul gave a hint yesterday during Inkigayo pre-recording so only Dives who were present (and those who read the leaks) knew 😂. Well, she said something we'll like a lot will drop tomorrow (today), she didn't say what it was 🤭",8,1737379040,IVE_RebelHeart
m85nrdy,IVE,born to be a star,2,1737379883,IVE_RebelHeart
m85rffv,IVE,There's a text I added to the post where I elaborate.,3,1737381289,IVE_RebelHeart
m85rpf5,IVE,"There's a text I added to the post where I elaborate but I thought so because of her attire which has a mix of traditionally masculine and feminine elements and the showcase of a woman (Yujin) in 2 ""male"" sports (racing and fighting).",17,1737381391,IVE_RebelHeart
m85svxx,IVE,"I wished Starship media played this - usually anyone who guest on Palette releases articles but this is a pleasant surprise!

The endless praise for IVE, I just love IU so much. I went to both of their concerts last year and it was both amazing. 

Also, Yujin shooting her shot to both Yujin and Karina back in Christmas huh I see you 👀",10,1737381824,IVE_RebelHeart
m85u3sa,IVE,"I need you to manifest Yujin appearing in Workdol with Haewon, Gaeul to get a guest appearance on the next Crime Scene season, Leeseo to get more variety spot appearances on her own, and Rei to get a TV/Cable variety show cast (not guest) spot please 🙏 

Wonyoung beat me to it by appearing on Take Care of My Fridge *and* doing that with Eunji, and Liz beat me to it with IVE's appearance on IU's Palette. 😂😂",12,1737382269,IVE_RebelHeart
m85ur3f,IVE,[Source Link](https://www.instagram.com/p/DFCxOfXz-H9/),2,1737382499,IVE_RebelHeart
m85v8ep,IVE,MISS LEE HYUNSEO,2,1737382670,IVE_RebelHeart
m85w5m6,IVE,I think we can all disagree.,3,1737382995,IVE_RebelHeart
m85zd7d,IVE,"I really liked IVE Switch, it made my top five last year. Heya especially was so good and Blue Heart was on constant repeat for me.",6,1737384095,IVE_RebelHeart
m8604s3,IVE,Reported.  👋 now.,0,1737384346,IVE_RebelHeart
m863kp6,IVE,"i want the bigger ones, like the one wony is holding in this picture. doesn’t anyone know where i can buy those?",1,1737385440,IVE_RebelHeart
m86501g,IVE,We’re so well fed these days! I think this is the first performance video since After Like era?,5,1737385880,IVE_RebelHeart
m868qzs,IVE,"Hard disagree, Ive Switch was better than Ive Mine. The peak from their first four comebacks has worn off, but they have yet to disappoint me with any full comebacks. Even if I don’t love Rebel heart, it has still grown on me and I think the MV is one of their best. Kpop fans are some of the worst at looking at comebacks from a holistic standpoint, there’s no real reason why two consecutive comebacks should be directly compared to each other.",1,1737386996,IVE_RebelHeart
m86j8lo,IVE,Ive with iu was a combo I never knew I need.Their cover of holssi was just so good.,8,1737390002,IVE_RebelHeart
m86jibo,IVE,my cameo,4,1737390079,IVE_RebelHeart
m86kqr6,IVE,"Is it Wonyoung's first ever comment on an Instagram post? 🤭🤭 

I can't remember anything else where she could have 🤔",6,1737390426,IVE_RebelHeart
m86qc7o,IVE,Same! I was sooo confused at Wony dressed as a bride. Now I'll rewatch the mv with this in mind,3,1737391982,IVE_RebelHeart
m86tnyh,IVE,"Lol. Done. I'm manifesting all your requests now.

https://preview.redd.it/otjuahw2l6ee1.jpeg?width=517&format=pjpg&auto=webp&s=97eebc4cd892bcff2004ea036f4b84005a68549f",5,1737392895,IVE_RebelHeart
m86u35u,IVE,Could not have done this without you😅,3,1737393010,IVE_RebelHeart
m86uhzv,IVE,"oh god just saw 'dives' bitching about leeseo's dancing skills on twitter and her not being part of dance line anymore, I really want people to get their eyes checked or something.

As if non fans aren't enough who nitpick on her all the time, we have a fandom and all those loudest ot6 stans following and participating in all these conversations, I definitely wish the worst of the worst day upon you guys.",1,1737393125,IVE_RebelHeart
m86w23i,IVE,WOOOOOOOOOOW,3,1737393552,IVE_RebelHeart
m86ww20,IVE,stylist is leaving no crumbs this era,13,1737393781,IVE_RebelHeart
m86yb51,IVE,ohh she is FEELIN HERSELF this era i love it,3,1737394167,IVE_RebelHeart
m871a8i,IVE,"Who is Seo Eve?

No Leeseo in the pic?",4,1737394970,IVE_RebelHeart
m8755nu,IVE,keeping us full 😍,6,1737395980,IVE_RebelHeart
m8757xk,IVE,Pink hair Leeseo is soooo good 😍,2,1737395997,IVE_RebelHeart
m875z4m,IVE,"Wow OP, this is amazing!!!",3,1737396199,IVE_RebelHeart
m8762ke,IVE,Thank you so much! 💕,2,1737396224,IVE_RebelHeart
m87737c,IVE,It was not awkward as in weird. It was more a funny moment where she had to look at her manager for approval if she should answer that or not,6,1737396499,IVE_RebelHeart
m878zod,IVE,This song has been stuck in my head for 7 days now.....congrats IVE for another catchy banger! 🔥,1,1737397011,IVE_RebelHeart
m8793gj,IVE,"Same, I love Baddie!",1,1737397040,IVE_RebelHeart
m879fwz,IVE,"Which is crazy, because Baddie, Heya, and Rebel Heart are all great songs, imo!",1,1737397132,IVE_RebelHeart
m879ych,IVE,"They're good.

But I think there's a very noticeable difference in quality.",2,1737397268,IVE_RebelHeart
m87il9v,IVE,our cool maknae 👏🏼,1,1737399562,IVE_RebelHeart
m87nu0q,IVE,One of their best looks,7,1737400984,IVE_RebelHeart
m87pmab,IVE,Im in awe their performance are much better than choom,6,1737401472,IVE_RebelHeart
m87q2nm,IVE,"They sound amazing singing holssi i wish they has songs like that look how good their singing, and from all this live performances its clearly IVE vocals are being hold back from its true potential by the studio producer aka Ryan S Jhun.",6,1737401596,IVE_RebelHeart
m87qkiy,IVE,Legit thought its Gaeul on the third pic,3,1737401731,IVE_RebelHeart
m889kgn,IVE,Just a Queen recognising another Queen 😌,7,1737406874,IVE_RebelHeart
m88ltkt,IVE,this was such a fun episode and i loved the live band version of Rebel Heart so much,11,1737410128,IVE_RebelHeart
m895iuu,IVE,Your post has unfortunately been removed as it is better suited for our Weekly Discussion Thread instead. Feel free to discuss your thoughts and opinions with our community on r/IVE.,1,1737415833,IVE_RebelHeart
m89q6xe,IVE,"Can anyone answer this? Since the other song will be released in Feb, will the promotions last until end of Feb? or just on the third week? Promotions week is entirely unique in a sense because its the company (Starship) actually trying to make efforts to make productions/studios/etc get the girls be chosen for guestings, etc. The production/studio/etc still has the final say. Unless those company owns the studio/production (ex. KB produced by SM C&C).",1,1737422332,IVE_RebelHeart
m89x7m5,IVE,Wonyoung voice covering holssi was soooo freaking goood!,5,1737424535,IVE_RebelHeart
m89xn1u,IVE,"This excerpt has English subtitles.  There are other parts on JTBC youtube channels too, but those do not seem to have English subtitles (yet?).  

2025-01-19  
jUZJICWs8ms  
KR title:  [ENG]💥최현석 셰프 성공은 운빨(?)💥 장원영(JANG WONYOUNG) '소신 발언'에 난리난 촬영장ㅋㅋㅋ🍀｜냉장고를 부탁해｜JTBC 250119 방송  
💥Is Chef Choi Just Lucky?💥 Jang Wonyoung's Take｜Please Take Care of My Refrigerator｜JTBC 250119  
@JTBCvoyage youtube",3,1737424671,IVE_RebelHeart
m8aigw5,IVE,[Source](https://www.instagram.com/p/DFEq2L1yXhR/?img_index=8&igsh=NTc4MTIwNjQ2YQ==),2,1737431543,IVE_RebelHeart
m8aomi7,IVE,[Source Link](https://x.com/innisfree_kr/status/1881524432621248966),2,1737433821,IVE_RebelHeart
m8aul4z,IVE,[Source Link](https://www.tiktok.com/@ive.official/video/7462229517898124562),1,1737436281,IVE_RebelHeart
m8b5k00,IVE,u/savevideo,1,1737441554,IVE_RebelHeart
m8b62f7,IVE,"[post link](https://www.instagram.com/fallingin__fall/p/DFE_N-AvLL_/) | caption:

>it’s been a while since i turned on my macbook",5,1737441825,IVE_RebelHeart
m8ba90c,IVE,[Source Link](https://www.instagram.com/reel/DFFBbaZv4EO),1,1737444114,IVE_RebelHeart
m8bcq6i,IVE,"Based on previous comebacks, any idea of when we'll have previews for the POBs from other vendors (not Starship)? Still haven't decided which POBs to get yet!",2,1737445554,IVE_RebelHeart
m8bcumx,IVE,"As a singer I think IVE are good - when training the powers that be didn’t prioritise vocals because it takes too long, so I won’t judge them on any flaws, they’re fun performers overall and make me happy. 

The thing is you can’t just work hard at singing, you need years of good practise and rest to develop the muscle and higher/lower vocal range. Things like vibrato develop when your body is ready, it isn’t just a case of putting in the work like you can for dance. Work too hard and you’ll damage your voice. So they’re doing a good job, they don’t have to be amazing vocalists.",16,1737445628,IVE_RebelHeart
m8bfgcd,IVE,[Source Link](https://www.tiktok.com/@ive.official/video/7462275528599342343),1,1737447161,IVE_RebelHeart
m8bgpso,IVE,"i know, i’ve been trained as a vocalist in my culture traditional genre. it’s hard and takes years. and even now i still am not consistent in singing with support. 

i agree they’re good at where they are now but my point is they have so much potential. it’s a shame if they’re not trying to improve, although they themselves are saying they take vocal lessons so i’m happy with that. 

with their busy scheds it will take a lot of time, but i don’t mind that. we already see the improvements, no matter how slow it is. wonyoung at debut was still very nasal but the wonyoung now is not. i’m okay to wait longer and as a fan i’m excited to see their vocal growth continue.",9,1737447922,IVE_RebelHeart
m8bh4t8,IVE,"I actually enjoyed the last part of Rebel Heart (especially during performances) where it goes Yujin-Leeseo-Liz-Yujin. It ended so powerfully. 

I agree about the part about Gaeul. She is the best unnie, best person ever (she waved to me during soundcheck) and I love her cover for Marigold. But her voice isn’t ready high paced songs. SSE is probably trying to protect her from backlash if she sings it on the album but cannot perform live on stage. We all know how it is. I am looking forward to her growth in this area. Otherwise, her dances are always on the point.",27,1737448178,IVE_RebelHeart
m8bhc8i,IVE,"She's beautiful, utterly gorgeous",3,1737448306,IVE_RebelHeart
m8bib5y,IVE,"Thank you for the analysis it's a good read, and you made very valid points. Personally I believe Leeseo has good potential to develop into a very strong vocalist too, and yes please give more rap parts to Gaeul...",14,1737448907,IVE_RebelHeart
m8blkoh,IVE,"Your analysis is great for each member and the points you used are valid , though I wanna ask you something, what do you think about Gaeul's cover of marigold ?",12,1737450929,IVE_RebelHeart
m8bnft1,IVE,cuteeee,1,1737452113,IVE_RebelHeart
m8bnjo5,IVE,what,1,1737452181,IVE_RebelHeart
m8bq6n9,IVE,"Hey Sunasoo, 

&nbsp;

This post has been automatically removed. Stage names are all you need in the title (as well as the date and platform).  Family names should be left out to keep things simple. Please correct this and resubmit your post. 

&nbsp;


*I am a bot, and this action was performed automatically. Please [contact the moderators of this subreddit](/message/compose/?to=/r/IVE) if you have any questions or concerns.*",1,1737453837,IVE_RebelHeart
m8bq9t8,IVE,"Bruh!!! Kim Taeho-Pd comes out to greet her n do skit, bruhhhh Kim Taeho-Pd!!!

Yujin got bright 🌞🌞🌞 future in kvariety.",1,1737453891,IVE_RebelHeart
m8bqkzi,IVE,"Bruh!!! Kim Taeho-Pd comes out to greet her n do skit, bruhhhh Kim Taeho-Pd!!!

Yujin got bright 🌞🌞🌞 future in kvariety.",10,1737454086,IVE_RebelHeart
m8bryl4,IVE,That's An DaengDaeng right here 💜,8,1737454930,IVE_RebelHeart
m8bscmc,IVE,I have seen many videos saying that wonyoung is approaching her vocals with a different tecnique and i can see that. We should keep an eye on her vocal development the most,17,1737455170,IVE_RebelHeart
m8bsnm7,IVE,source [1](https://x.com/strawbabbie_wy/status/1878417254192193784?s=46) + [2](https://x.com/strawbabbie_wy/status/1870452365108941128?s=46) + [3](https://x.com/strawbabbie_wy/status/1870133531143532841?s=46),2,1737455356,IVE_RebelHeart
m8btfq8,IVE,"first off i have to mention that it’s a recorded cover, which means it goes through post production, so it is not the raw vocals. it is the same as iu palette as well. my post comes from their live performances (like lolla,concert vids) and also from seeing them live. 

about the cover, as mentioned i think she fits talk singing lines and she sounds good in her lower range and the song is a really good example of that. the melody is not complicated so she’s able to sing the chorus comfortably in her range. 

again, it is a recorded cover so i can hear the pitch correction when she sings a higher note. nonetheless i’m happy that she’s putting out covers and showing off her singing for dives. it’s a great effort and she should continue to do so!",10,1737455831,IVE_RebelHeart
m8btqmc,IVE,What did she comment?,1,1737456010,IVE_RebelHeart
m8bu7b9,IVE,So gorgeous,6,1737456288,IVE_RebelHeart
m8bu9p5,IVE,"[source](https://www.instagram.com/p/DFFZlaeSzb1/)

> Inkigayo maknae princess",3,1737456327,IVE_RebelHeart
m8buwyc,IVE,"On IU's cover of Eleven, she commented 3 blue hearts: 🩵🩵🩵

https://www.instagram.com/reel/DFDGxgyyIRU/ It's the top comment.",3,1737456704,IVE_RebelHeart
m8bwx2o,IVE,Thanks for answering my question !!,1,1737457856,IVE_RebelHeart
m8by2tf,IVE,"it's so overwhelming to see these kids to be excited and nervous knowing they're about to meet ive... i would cry too if i was there. they're extremely lucky
members were very sweet towards the girls, it's so heartwarming",9,1737458511,IVE_RebelHeart
m8byjiw,IVE,"Aww so cute! The girl in black got weak in the knees and I don't blame her. Also, Gaeul hugging them radiated so much big unnie energy.",14,1737458768,IVE_RebelHeart
m8bz0g9,IVE,"they're funny, but i guess their company really wants to uphold their reputation as elegant and beautiful idols so sometimes their moves are very awkward sometimes",2,1737459026,IVE_RebelHeart
m8c0q9b,IVE,"The vocal line for me in IVE is Yujin, Liz and Leeseo, with Rei closest behind and wonyoung behind her. Gaeul is a tiny bit behind, she's not bad by any means but she's fallen behind everyone's improvement.

I think she's a really good rapper however and I hope the give her more rap lines especially since Rei can now hold her own with most of them.

I feel bad for Gaeul always left with the least lines and the least push my SSE.",13,1737459942,IVE_RebelHeart
m8c1z9m,IVE,"Oh my god I love her. She radiates such cool, fun, big sister energy. Seeing her grow from being a cute teenager to the young woman that she is!!!",12,1737460578,IVE_RebelHeart
m8c2d6r,IVE,"I'm probably weird in that I actually really like Leeseo's vocal color. She's not exactly the most technically skilled, but worth noting she's quite young as well. And I think for her age especially, she's pretty good. I also enjoy Gaeul's voice but I do recognize my own bias there.

I personally don't think anyone in IVE is a straight up ""bad"" singer, but I can understand and appreciate your thoughts here.",22,1737460773,IVE_RebelHeart
m8c2eqq,IVE,"Always thought IVE as a collective were a good vocal group, they aren't amazing. Liz & Yujin are clear cut ahead of the other members of the group. That being said I don't think the other members are bad either. Solid all rounders.",3,1737460795,IVE_RebelHeart
m8c7ab1,IVE,"IVE have some of my favourite vocals of all time. For me, I especially love Wonyoung, Gaeul, and Yujin's singing voices. Gaeul is great and unique as a rapper too, but her singing is so beautiful and massively underrated! I AM, Classic, and RESET are some examples that really highlight Gaeul as a singer for me, when her voice shows up I just find it so delightful, it's so soft and sweet sounding.

Wonyoung is amazing as a singer with one of the smoothest most pleasant tones I've ever heard in my life - CRUSH is the latest perfect example of this, her vocal production in verse 2 had me repeating that part over and over again with a big smile!

And Yujin is what I consider objectively skilled and talented, I often find myself blown away by what she manages to accomplish as a vocalist. There are so many examples of this, but Shine With Me is probably my favourite demonstration of her voice just absolutely killing it on a song. These are my thoughts as a singer and music producer myself!",17,1737463077,IVE_RebelHeart
m8cnr80,IVE,"Please I need her to ACT In the future 

But Yujin is so cute here. Im so excited",3,1737469280,IVE_RebelHeart
m8couly,IVE,"People bitching about leeseo's dancing yesterday on twitter only for her to deliver this hard, we love you dancer leeseo 😌👏✨",2,1737469647,IVE_RebelHeart
m8cqw4r,IVE,Im sorry but i feel like Holssi is the best song they ever sing or it might be cuz they sing it in their own way and i blame no one but Ryan S Jhun for this and for holding back their vocal beat potential.,-4,1737470323,IVE_RebelHeart
m8ct9wj,IVE,"I am posting all the backlogs of leeseo MC cut today, kindly do not delete my posts @ mods <3",1,1737471084,IVE_RebelHeart
m8ctlr8,IVE,"Hey HighwaytoHell0, 

&nbsp;

This post has been automatically removed. Stage names are all you need in the title (as well as the date and platform).  Family names should be left out to keep things simple. Please correct this and resubmit your post. 

&nbsp;


*I am a bot, and this action was performed automatically. Please [contact the moderators of this subreddit](/message/compose/?to=/r/IVE) if you have any questions or concerns.*",1,1737471187,IVE_RebelHeart
m8cygic,IVE,Will this be on IVE channel?,5,1737472681,IVE_RebelHeart
m8di74p,IVE,She's glowing in this era ✨,5,1737478311,IVE_RebelHeart
m8dnqiv,IVE,"She's got Na Young Suk, Kum Tae Ho, and Yoo Jae Suk competing for her affection. It's actually insane.",5,1737479844,IVE_RebelHeart
m8dr4os,IVE,depends tbh but they're chill and naturally funny imo,1,1737480774,IVE_RebelHeart
m8dv12q,IVE,"I'm not a vocal expert 

the only thing I can say 

IVE for me among the best good vocal color or vocal tone in KPOP

their vocal is good to the ear 

not irritating 

  
Liz the main vocal and Yujin the supporting vocalist

while Wonyoung 3rd best 



then Rei ,  Leeseo and Gaeul  are good rapper or their vocal for rap is good 

then overall or as a group their vocal have good harmonization resulting a pretty vocal color",8,1737481839,IVE_RebelHeart
m8e0ubf,IVE,"No, TEO channel on YouTube that’s the channel from Salom drip 2 ",2,1737483421,IVE_RebelHeart
m8e0zqi,IVE,"She is amazing, An Yujin is always brilliant and beautiful ❤️",5,1737483462,IVE_RebelHeart
m8em1k4,IVE,https://youtube.com/@teo_universe,3,1737489181,IVE_RebelHeart
m8eunl2,IVE, ive mine photoshoot behind i think? its def from ive mine era,13,1737491543,IVE_RebelHeart
m8evjtj,IVE,"eleven - leeseo, liz

love dive - wonyoung

after like - gaeul

i am - yujin, liz 

kitsch - rei, wonyoung

baddie - leeseo, wonyoung

otr - leeseo, yujin

either way - ot6

heya - leeseo, liz

accendio - yujin, rei",1,1737491787,IVE_RebelHeart
m8evkre,IVE,Loll yes https://youtu.be/tg0EMNuvEXk?si=S07POOhHtlXwyHlZ.  At 15:08,7,1737491794,IVE_RebelHeart
m8ex9v2,IVE,Am I the only one who thought it was Lily from NMIXX,1,1737492254,IVE_RebelHeart
m8f90rr,IVE,How freaking cute 🥹 and Liz’s styling here is insane she looks amazing.,8,1737495412,IVE_RebelHeart
m8f951w,IVE,"i agree i love liz and yujin as a vocal duo! my favorite parts in IVE songs is when they sing one after the other and when they have background adlibs to make the songs sound fuller. Liz’s vocal color is my favorite in the group. 

also, since most IVE songs are very high tone with lots of belts, i kinda wanna see yujin explore her lower register more. i loved how rich her lower voice sounds in her cover of SZA’s Nobody Gets Me. it was so refreshing and i had no idea she had that in her

i think wonyoung and leeseo both have very unique voices and it’s great to see them both get stronger and more confident with singing in each cb. i love it when wonyoung opens a song because her voice makes you wanna pay attention and continue listening. leeseo’s voice is kinda polarizing but i love it. it kinda reminds me of Bol4 and Ben

i think Rei is incredibly flexible in that she’s great at her rap parts and her singing parts. i’m usually not a fan of obligatory rap parts in kpop songs but i love hers because she always makes it sound good. she always exudes such confidence during her parts.

and i love gaeul but unfortunately i agree with what you said. she’s much better at her rap parts than singing. there is a part in I Am where she sings the part “I’m on my way 보이는 그대로야“ right after yujin sings a very similar line  “I’m on my way 너 그냥 미드면돼” and it’s hard not to notice the difference in vocal skill every time i listen to the song. even though i agree it’s unfair she gets so little parts in most songs, i hope she gets her fair share thru more dance time and rap parts",10,1737495445,IVE_RebelHeart
m8fbdsh,IVE,Yujin can really smile with her eyes. It's mesmerising 😂loving her energy as always.,5,1737496051,IVE_RebelHeart
m8ficww,IVE,"On average, I find them slightly less funny than LSFM and NJ, which are the other 2 groups I follow a lot (and I consider myself a multistan so I'm not very biased either way).

But how funny idols are heavily depends on the context. Some idols are really funny even by themselves (i.e NMIXX Haewon), whereas some idols are really funny with other idols but not by themselves (most funny idols fall into this category).

Wonyoung on Psick show is one of the funniest I've seen any idols be. Rei's humour particularly shines in her tik toks and other short form videos where she's very creative. Yujin is really good at teasing the other members. Gaeul is funny when she's being teased by others. Liz is very unpredictable and has a funny intonation/accent when she gets excited. Leeseo I think is still trying to find her way... she has had some funny moments but I think she usually holds herself back because she's the maknae and she doesn't want to come off too strongly.",3,1737497967,IVE_RebelHeart
m8fkc5s,IVE,[source](https://x.com/reismine_0203/status/1880216971134005645?s=46),1,1737498535,IVE_RebelHeart
m8fm0io,IVE,"they will probably spend 2 weeks promoting Rebel Heart and an additional 2/3 weeks promoting the new song on music shows

as for variety shows, for quick guest appearances, it’s probably up to starship how hard they wanna push the cb and for how long. long term fixed castings is mostly up to the show production team (yujin on crime scene/earth arcade)",2,1737499020,IVE_RebelHeart
m8fmxre,IVE,"One of her favorite looks, she was gushing about it on bubble.",4,1737499288,IVE_RebelHeart
m8frecl,IVE,it’s so cute how variety shows veterans are always trying to adopt yujin whenever she appears on their shows. i love jang doyeon too so im excited to see more of their banter together,7,1737500613,IVE_RebelHeart
m8g0s8h,IVE,Omg love her makeup and outfit here!!!,2,1737503535,IVE_RebelHeart
m8g1e97,IVE,Kum taeho🤣,1,1737503729,IVE_RebelHeart
m8g4jzm,IVE,Whoops,1,1737504747,IVE_RebelHeart
m8g4p5r,IVE,"Currently at \#1, \#1, \#2, \#4 Hope I wake up to a REBEL HEART RAK! We are getting our Music Show win(s) this time 😤",10,1737504793,IVE_RebelHeart
m8g912o,IVE,They all improved sososososososo muuch during their world tour it's insaaaneeeee i'm so proud‼‼,5,1737506125,IVE_RebelHeart
m8gj4wm,IVE,What more is there to say except…wow! She manages to glow more and more as time goes on.,10,1737509283,IVE_RebelHeart
m8gjq61,IVE,"Glow is exactly the right word for it. And shine too. I seriously can't wait for more performances, when the album comes out...ive are so captivating",6,1737509469,IVE_RebelHeart
m8gqh8e,IVE,"And there were some very negative dives calling rebel heart ""the worst Ive has ever performed"" or some dumb thing like that lol

Ive proving them wrong in just a few days, love to see it 😀",8,1737511637,IVE_RebelHeart
m8gqx2w,IVE,"Without sounding rude, yes you are. She looks nothing like her 🤣

![gif](giphy|3EZuW2KIDaKUSGplEu|downsized)",19,1737511780,IVE_RebelHeart
m8gub0e,IVE,"They're not Dives, they're success stans",4,1737512893,IVE_RebelHeart
m8gwgbm,IVE,I can’t wait either. IVE really never fail to hit the sweet spot musically!,3,1737513601,IVE_RebelHeart
m8h0uwm,IVE,"i cried when i saw IVE at SWIH, i can't imagine meeting them so close ... i would probably faint 😭😭",2,1737515054,IVE_RebelHeart
m8hloua,IVE,"I assume you're referring to me?

Rebel Heart can do great and still be their worst performing title track.

That's just how big they are.",-3,1737522939,IVE_RebelHeart
m8hua4t,IVE,"i saw on a youtube [short](https://m.youtube.com/shorts/HA4ggPr_6FY) that apparently yujin was seen coughing in the middle of one of their music show performances. i hope she feels better soon..

(also, aren’t these pre-recorded? i’m surprised they didnt re-do it or cut this part out)",3,1737527017,IVE_RebelHeart
m8huhdx,IVE,[Source Link](https://www.tiktok.com/@ive.official/video/7462615829708885266),1,1737527121,IVE_RebelHeart
m8hutzt,IVE,[Source Link](https://www.instagram.com/p/DFG9DY9z4sH/),1,1737527302,IVE_RebelHeart
m8hv9vu,IVE,I don’t know why these stylists are always trying to change the person’s normal look for photo shoots,-1,1737527532,IVE_RebelHeart
m8hvgao,IVE,[Source Link](https://www.instagram.com/p/DFHYhcrzbfg/),2,1737527625,IVE_RebelHeart
m8hvtf7,IVE,[Source Link](https://www.tiktok.com/@tiktok_kr/video/7462555513327242514),1,1737527816,IVE_RebelHeart
m8hx22b,IVE,"This is just absolutely unheard of, my memory goes back to 2nd gen and no other idol has received this kind of attention from big name variety PDs... To be fair Suzy focused on acting not variety. Hope yujin gets more gigs",4,1737528466,IVE_RebelHeart
m8hxnpe,IVE,"Ayt ayt so many people got triggered... yeah I expected it. but y'all are not gonna accuse me of being an ive hater. I got endless receipts. I guess I just gotta shut up about this matter then. And y'all should also recognize people like me exist, who are genuine dives but still yearn for izone crumbs. We just agree to disagree and respectfully move on and focus on the comeback.",-6,1737528785,IVE_RebelHeart
m8hzlkd,IVE,To be fair the debut charting was worse than heya iirc. But it is a pre release so it's an unfair comparison. And this was their first foray into pop rock so I couldn't be any happier,2,1737529844,IVE_RebelHeart
m8i5byj,IVE,[Source Link](https://www.tiktok.com/@ive.official/video/7462631298251640072),1,1737533111,IVE_RebelHeart
m8i8j47,IVE,True,1,1737535054,IVE_RebelHeart
m8i8kda,IVE,Yes you are the only one,3,1737535074,IVE_RebelHeart
m8i981e,IVE,"Just wanted to say that i really like the promotion strategy this time around. Although impacted through the Jeju tradegy, the teaser rollout and quality was great. The concept film was superb. While not a smash impact, RH is steadily rising with good live stages and intensive variety appearances. The band covers were also a creative idea! 

With some wins possible this week, if they use the week after that for a nice teaser rollout for the main title, it should set them up with great momentum for the ep drop.",14,1737535484,IVE_RebelHeart
m8ia394,IVE,"I'm all for crumbs (any gg x IVE), If I remember any previous Izone crumbs on TV I will let you know again 🦾

Not sure if I'm gonna jinx anything since the album has not even drop yet, the fact that I get IU x IVE, for me this era is gotta be the best era. I've watched that episode for 3-4 times already lol, and played Holssi for the 123457th times. 

We have very high chances to get an encore this week (another yes). They started filming Crime Scene 2 yesterday, really hope that YJ can get better soon, seems like they are attending Mcountdown tomorrow but no pre-recording 🧐",4,1737536016,IVE_RebelHeart
m8idnbm,IVE,"I think it's a sensitive issue because a lot of IVE's more vocal haters came from the Izone fandom. 

My impression is that IVE seems to engage very little with other groups 🤔 We were blessed with some Stayc and Nmixx content a few years back but it's been fairly quiet outside of that.

Agree/Disagree?",4,1737538251,IVE_RebelHeart
m8idvgn,IVE,"TRY FOLLOWING THE COUPLES?!?!?!?!

Me being alone -

![gif](giphy|4tMiSiAS9sZDsnkJfV|downsized)",3,1737538398,IVE_RebelHeart
m8iij43,IVE,"omg the kid facing jiwon 😭 

sum chamgo love dive...? 🙅🏻
do you know jang wonyoung? 🙅🏻
do you know an yujin? 🙅🏻

i could only wish to be that offline lmao",13,1737541244,IVE_RebelHeart
m8iqy4o,IVE,"Genuinely one of my fav episodes, han yujin you have come such a long way, three of them being comfortable with each other, oh hope to see them soon together because it doens't seem to be the case anytime soon 😣",1,1737545991,IVE_RebelHeart
m8isxfn,IVE,Leeseo is the maknae of the group and everyone treats her like that but she did grow up after all. 🥹,12,1737546983,IVE_RebelHeart
m8iutor,IVE,[source](https://leehs-for-leeseo.tistory.com/47),5,1737547894,IVE_RebelHeart
m8iwzyu,IVE,Prettiest Maknae!!!,7,1737548890,IVE_RebelHeart
m8izvqx,IVE,"[source](https://www.instagram.com/p/DFIMSkVPi9s/)

> 🩶🏹🐑🤍❤️‍🩹",7,1737550129,IVE_RebelHeart
m8j2h4a,IVE,[source](https://www.instagram.com/p/DFIIZucvCZ6/),3,1737551159,IVE_RebelHeart
m8jiyph,IVE,"To be honest it’s overall not the strongest vocal group (which is perfectly fine) but definitely not one of the weakest either. Especially in comparison to their 4th/5th gen peers. As a collective they are capable of giving a live vocal performance that is good but not outstanding vocally.

They are more of a classic K-pop group structurally, where technique wise the only true stand out in the group is the Main Vocalist Liz. She’s capable of far more than the others and easily can hold her own when compared to Main Vocalists from other groups such as Aespa’s Winter, but not as skilled as Aespa’s Ning Ning.
In relation to the rest of the group, there is a much larger gap in ability between her and Yujin than there is between Yujin and Rei/Wonyoung/Leeseo/Gaeul:

This:
Liz
-
-
Yujin
Rei
Wonyoung
Leeseo
Gaeul

Not this:
Liz
Yujin
-
-
Rei
Wonyoung 
Leeseo
Gaeul

Yujin, Rei, Wonyoung, Leeseo and Gaeul are all fairly close in skill. Yujin just has better volume projection and stability than the other four, especially live. The producers overuse of high notes for her confuses some into thinking she must be stronger than she actually is. (Doing high notes is not an immediate indicator of stronger skill, the strength of the technique while doing them is)

The original post is correct about Rei, despite being utilised as the Main Rapper, she’s been one of the more consistent vocalists in terms of breath control, pitch and tone alongside Liz since debut. Her technique is stronger than Wonyoung and Leeseo despite what vocal part distribution might suggest.

Wonyoung and Leeseo are the most interchangeable, in terms of skill. Both have fairly weak and limited techniques, but shine in terms of tone. I think Leeseo has been getting increased vocal parts lately because they finally identified and decided to lean heavy into her strength which is the sweet/high tone. Wonyoung suffers from being utilised in the wrong ways by the producers a lot of the time. Her strength is her deeper lower range vocals and ‘whispery’ tone. Too often she’s paired alongside Yujin doing overly high vocals which she lacks the range and technique to execute properly, especially live. While she is definitely a weaker vocalist, the parts she’s given makes it seem like she’s worse than she actually is. She’d be better utilised as a rapper to be honest, say like Irene from Red Velvet.

Gaeul is of course the weakest and is that member who in traditional K-pop structure is truly only in the group to be the Lead Rapper and Main Dancer. Her vocals are an afterthought with the producers it seems. It’s a shame really because like I said, she isn’t noticeably weaker than the other 4 non-Main Vocal members. There’s no real reason she can’t be singing as much as them but every comeback she seems to get less lines even, rap parts.

Overall for K-pop they are perfectly fine. They’ve even shown improvement over time with their live vocal performances too. Something that can’t be said of a lot of K-pop groups. Liz is definitely the only vocalist that can be considered good/great in terms of technique. But the others perform live well enough and shine in tone/emotional delivery when used appropriately by the producers.",5,1737556862,IVE_RebelHeart
m8k1n1b,IVE,"Omg, i thought this was like the doll from Squid Game because of her eyes 👀😭",1,1737562248,IVE_RebelHeart
m8kaxya,IVE,Yujin cannot help but let her competitive side take over lmao,11,1737564818,IVE_RebelHeart
m8kbb0u,IVE,"I read somewhere that she has a younger sister so while she's the maknae in IVE, she's also used to hanging out with people younger than her. Also yeah, she's definitely grown up since debuting and improved in all aspects too!",6,1737564916,IVE_RebelHeart
m8klaws,IVE,"I’m gonna be honest as a day one dive 
I think leeseo and rei have such underrated vocals and should definitely be utilized more.  rebel heart shows a different tone from them both and it sounds great!
Liz is honestly my bias and her voice is insanely great her delivery and her high notes are so pleasant to hear and her falsetto just hits so differently when “I AM” came out she was the only one not making faces trying to hit those notes
Yujin is honestly a strong belter and can hold her tone real well she definitely has her strengths in lower register and lower belting but with other IVE songs she has been pushing for higher notes and she’s been improving rapidly
Wonyoung has definitely gotten better but her and gaeul have such soft tones it’s great for the image but skill wise, they haven’t pushed for technique in their vocals and have been sticking to what they’re the best in. I have seen Gaeul singing some lines and I can’t say she isn’t good but definitely has a lot of confidence work to do in her voice because sometimes you can barely hear these two cause of it. (Having confidence in looks never translates to vocals and it’s pretty common to see in K-pop) with a bit more practice they could be just as vocally stable as Red Velvet where all the members shine in their own vocal tone and when put together creates a new, fresh sound 😄",1,1737567621,IVE_RebelHeart
m8knkbw,IVE,"But then you wouldn't know love dive, Jang Wonyoung or yujin and that would be a loss right? 😂🤓",3,1737568223,IVE_RebelHeart
m8ksshb,IVE,Aww each of the kids matched them in a way.,3,1737569621,IVE_RebelHeart
m8l6h9r,IVE,I'm kinda curious what promotions we're going to get for Attitude because we're getting so much for Rebel Heart 😭,16,1737573257,IVE_RebelHeart
m8l94xo,IVE,"The kids that won are amazing, I could never stare so boldly at my bias D:",3,1737573966,IVE_RebelHeart
m8lb1u7,IVE,"Ive have firmly cemented themselves as the ""anthem"" group, and rebel heart really leaned into that concept. No other girl groups execute these anthemic themes as well as ive, repeating chants with simple catchy hooks; if it ain't broke, don't fix it. I get chills, they're so amazing.",29,1737574477,IVE_RebelHeart
m8lcvnb,IVE,"Thought it sounded similar to I AM. Specifically because of the triplet bass in the back. 
Rebel Heart has a lot of rock influence which is why it feels like a nice addition to IVE's discography. At least to me.",26,1737574963,IVE_RebelHeart
m8ld9z5,IVE,Absolutely agree.,6,1737575069,IVE_RebelHeart
m8ldhy9,IVE,This makes sense. Thank you for your explanation.,4,1737575128,IVE_RebelHeart
m8lrycy,IVE,"They re-edited the final version that they posted on youtube to change that part: https://www.reddit.com/r/IVE/s/5DBeyR3WbF

It was only on the original version on the live broadcast that they didn't pay attention and we could see it.",1,1737579019,IVE_RebelHeart
m8mibci,IVE,"There is a signature

But the details are different.... or evolved.

Last chorus for Rebel Heart.... is not the same as previous choruses.   

Also how they changed the atmosphere from upbeat at the start....

Then sadness.... then tears of joy.

The start vibe is Off the Record like

2nd part is IAm

Last chorus is like Either Way.

Production team is crazy.

Love the The Wavys collab again. That breakdown/switchup is likely their touch.",2,1737586400,IVE_RebelHeart
m8mp639,IVE,Somehow I recognized that crush sounds like I am and rebel heart sounds like I am but not that crush and rebel heart sound alike by transitive property then,9,1737588580,IVE_RebelHeart
m8mti1a,IVE,"they are in a  phase.  KItch,I AM, 11 had the arena rock anthem chorus. now they seem to be in the more angelic ABBA  sweet chorus.",7,1737589940,IVE_RebelHeart
m8nmjkq,IVE,[Source Link](https://www.instagram.com/p/DFHz7D6zrRZ),2,1737599230,IVE_RebelHeart
m8ob1r5,IVE,"LOL the competitive kid. How did she do that, I would've folded in a millisecond. I'm assuming they matched her with Wonyoung because she's competitive too?",4,1737608237,IVE_RebelHeart
m8obt1q,IVE,Liz is bias (Gaeul) wrecking bad in this comeback and this video in particular,2,1737608557,IVE_RebelHeart
m8okrxd,IVE,Legit thought its pic of her actually sleeping and thinking wait thats unusual.,1,1737612714,IVE_RebelHeart
m8okvbm,IVE,I’m gonna read everyone’s comments and then listen to everything with it in mind because while I’ve always loved music I don’t have an “ear” for certain things the same way I have an “eye” for things and I’m so interested now!!,2,1737612762,IVE_RebelHeart
m8okztn,IVE,why this 1 hour long,2,1737612826,IVE_RebelHeart
m8ol7k9,IVE,Wonyoung’s smile makes me smile idc how corny it sounds,1,1737612934,IVE_RebelHeart
m8ol7su,IVE,[Source Link](https://www.instagram.com/p/DFJ6g2gyu65/),1,1737612938,IVE_RebelHeart
m8olfc1,IVE,[Source Link](https://www.tiktok.com/@ive.official/video/7462971174021025031),1,1737613047,IVE_RebelHeart
m8olhz9,IVE,"I have a comment that may be controversial and I need to be clear I truly love and respect all the members but while I prefer Liz’s voice in song recordings, Yujin felt the best to me by far when I saw them live (I saw one SWIH show and I attended Lollapalooza for them). Has anyone else had this experience or am I just crazy fr",3,1737613085,IVE_RebelHeart
m8oms0q,IVE,"Yes of course I've rarely interact with other groups. I remember how twitter was excited when they finally did TikTok collabs.

Dives seriously do need to acknowledge the existence of real legitimate dives that spend time and money on ive, and are simultaneously wizones and want crumbs. 

The point of contention is the crumbs lmao. You guys don't want izone crumbs. I do. That's where we differ. But we are still all dives.",1,1737613742,IVE_RebelHeart
m8onszq,IVE,"The 1, 2, 3 IVE show on YT is your best bet imo!

Good variety content and you get to see all the girls.",8,1737614287,IVE_RebelHeart
m8opchd,IVE,Will start watching now. Thank you so much!,1,1737615106,IVE_RebelHeart
m8otjg4,IVE,[Source Link](https://www.tiktok.com/@ive.official/video/7463002696488996103),1,1737617451,IVE_RebelHeart
m8ouajs,IVE,"I second this! 1, 2, 3 IVE really got me to love all of the girls' personalities and you get to see how they work together as a team, it's got a good amount of different variety content and some behind the scenes stuff too. I particularly like the first ""season"" since it shows them preparing for debut!",5,1737617893,IVE_RebelHeart
m8p08yj,IVE,"There's literally a whole subreddit for you to discuss that r/izone 

The fact that multiple people have explained it to you and you've been getting downvoted everytime but you're still too obtuse as to why Dives don't want to hear you complain about your conspiracy theories of Annyeongz being forced to hide that they were in Izone, I doubt my comment will do much but can you please just keep your comments in the relevant subreddit.",5,1737621513,IVE_RebelHeart
m8p09v4,IVE,"Here's a sneak peek of /r/iZone using the [top posts](https://np.reddit.com/r/iZone/top/?sort=top&t=year) of the year!

\#1: [240929 Choi Yena Instagram Update with Kwon Eunbi, Kim Chaewon, Kim Minju & An Yujin](https://www.reddit.com/gallery/1fs3lxk) | [47 comments](https://np.reddit.com/r/iZone/comments/1fs3lxk/240929_choi_yena_instagram_update_with_kwon_eunbi/)  
\#2: [241101 Jo Yuri - Squid Game: Season 2 (Teaser Photos - Netflix)](https://www.reddit.com/gallery/1ggmp8m) | [42 comments](https://np.reddit.com/r/iZone/comments/1ggmp8m/241101_jo_yuri_squid_game_season_2_teaser_photos/)  
\#3: [241122 Kim Minju - IZONE Members Medley Cover Dance](https://v.redd.it/b8cqa7ta8g2e1) | [41 comments](https://np.reddit.com/r/iZone/comments/1gx6z8y/241122_kim_minju_izone_members_medley_cover_dance/)

----
^^I'm ^^a ^^bot, ^^beep ^^boop ^^| ^^Downvote ^^to ^^remove ^^| ^^[Contact](https://www.reddit.com/message/compose/?to=sneakpeekbot) ^^| ^^[Info](https://np.reddit.com/r/sneakpeekbot/) ^^| ^^[Opt-out](https://np.reddit.com/r/sneakpeekbot/comments/o8wk1r/blacklist_ix/) ^^| ^^[GitHub](https://github.com/ghnr/sneakpeekbot)",1,1737621528,IVE_RebelHeart
m8p1ggk,IVE,Lmao imagine cheating on Wony 💀,7,1737622276,IVE_RebelHeart
m8p3bs4,IVE,"[Imgur Post](https://imgur.com/a/RIXt9H3)

Source from SBS Play:

[with Seonghyun & Minhee](https://programs.sbs.co.kr/enter/gayo/visualboard/54795?cmd=view&page=1&board_no=463143)

[Leeseo focused](https://programs.sbs.co.kr/enter/gayo/visualboard/54795?cmd=view&page=1&board_no=463145)",1,1737623474,IVE_RebelHeart
m8p3jjo,IVE,"Try checking out  
\- Weekly Idol episodes 540, 556, and 576   
\- Knowing Bros episodes 347, 379  
\- MMTG episodes  
\- Idol Human Theater episodes  
\- Calm Down Man episode  
\- Gym Jong Kook episode  
\- The Game Caterers 2 x Starship  
\- Running Man episodes  
\- 1, 2, 3 IVE (as others have mentioned)",2,1737623615,IVE_RebelHeart
m8p99d6,IVE,Yup this especially the horror eps lol,2,1737627250,IVE_RebelHeart
m8pasoj,IVE,"Watch ""Follow Rei"" on YouTube! 😆",2,1737628181,IVE_RebelHeart
m8paxs0,IVE,It has been more than a year since their [last win](https://www.reddit.com/r/IVE/comments/189offq/231203_ive_baddie_1st_place_at_inkigayo_baddie/),23,1737628266,IVE_RebelHeart
m8pbb0x,IVE,Yes I’m so happy right now! We did it dives! And look how happy IVE girls are 😭let’s get them even more wins this cb 🙏,2,1737628493,IVE_RebelHeart
m8pbh2z,IVE,![gif](giphy|UvOcKPHrkKSLm),15,1737628596,IVE_RebelHeart
m8pbi1n,IVE,so well deserved and their reactions are so cute! congrats girls many more wins to come,2,1737628612,IVE_RebelHeart
m8pbjm8,IVE,I’m so happy almost in tears 😭😭 we finally did it. Look at the girls jumping up and down in joy made my day💕more wins to follow!!,28,1737628639,IVE_RebelHeart
m8pcprc,IVE,YESSSSS LETS GOOOO🥳🥳🥳🥳🥳 thank u for sharing the good news,18,1737629336,IVE_RebelHeart
m8pd1tl,IVE,LET'S FUCKIN' GOOOOO,18,1737629529,IVE_RebelHeart
m8pdfqc,IVE,Wonyoung's encore??????????????????? The vocals???????????,22,1737629755,IVE_RebelHeart
m8peyjc,IVE,[post link](https://x.com/ivestarship/status/1882384687022375168?s=46),1,1737630628,IVE_RebelHeart
m8pf1g6,IVE,Woohoo lets go!,15,1737630674,IVE_RebelHeart
m8pfcmx,IVE,Finally!!! JUSTICE!!!! 🔥🔥🔥😭😭😭💪💪💪,19,1737630846,IVE_RebelHeart
m8pffgs,IVE,Congrats💕💕💕 dives really worked hard too. The girls were so happy and the encore was amazing too. More wins coming👏🎉,19,1737630890,IVE_RebelHeart
m8pgh1o,IVE,First one of many hopefully! So happy for our girls and well deserved for this great song,21,1737631472,IVE_RebelHeart
m8phfy0,IVE,"ugh im so happy,",17,1737632002,IVE_RebelHeart
m8phwef,IVE,"[post link](https://x.com/ive_twt/status/1882391262504108253?s=46) | caption:

>REBEL HEART 1st place thank you for the gift💝🤭",2,1737632244,IVE_RebelHeart
m8pi2x7,IVE,stans SO hard,20,1737632338,IVE_RebelHeart
m8pi8hk,IVE,"[post link](https://x.com/ive_twt/status/1882392535798370429?s=46) | caption:

>REBEL HEART first, 1st place 🥹🥹 thanks DIVE ❤‍🔥",3,1737632418,IVE_RebelHeart
m8pimcl,IVE,Wow congrats 🥳 I’ve missed their encore always good ,22,1737632616,IVE_RebelHeart
m8pk98c,IVE,Congrats on the first of many wins 🥳,20,1737633424,IVE_RebelHeart
m8pkbwb,IVE,man it’s been too long! so happy for the girls and good job dives!,25,1737633459,IVE_RebelHeart
m8pl9jq,IVE,[post link](https://vt.tiktok.com/ZS6sRScAF/),1,1737633910,IVE_RebelHeart
m8pnd7u,IVE,[source](https://x.com/shinewithrei_23/status/1863091681631035802?s=46),1,1737634894,IVE_RebelHeart
m8pndpk,IVE,"[post link](https://x.com/txenteam1986/status/1882402395633885432?s=46) | caption:

>4th week of january✨
\
🏆 No.1 of the Week! 🏆
\
IVE - REBEL HEART
\
₍ᐢ.ˬ.ᐢ₎🎉Congratulations*:･ﾟ✧",5,1737634900,IVE_RebelHeart
m8pnwg6,IVE,"Um, can you screenshot the post too since Twitter links might get banned on this subreddit in the future…",2,1737635131,IVE_RebelHeart
m8pre5m,IVE,🥳🥳🥳🥳,13,1737636627,IVE_RebelHeart
m8prhxk,IVE,"Woooooop, so happy, It's a shame it has been so long, Heya era was amazing too.",23,1737636670,IVE_RebelHeart
m8pvt9c,IVE,"if it ever comes up then we’ll have to see, but i doubt that’ll be banned from here since a lot of the content is taken from twitter",2,1737638359,IVE_RebelHeart
m8pysyh,IVE,I love seeing the girls so happy... 🥰,15,1737639449,IVE_RebelHeart
m8q1ipd,IVE,"Dukongz being jinja unserious LOL 

They are singers and they sing and they are cuties having fun too 😌",19,1737640397,IVE_RebelHeart
m8q3qhf,IVE,THE STYLING FOR THIS ERA IS UNMATCHED I LOVE MY PUNK COTTGECORE GIRLS,3,1737641157,IVE_RebelHeart
m8q5bcx,IVE,yeayyyyyyy a win for the girls 🍾🍾🎉🎉,13,1737641691,IVE_RebelHeart
m8q6e7f,IVE,I can tell Wonyoung really loves the “love me! Hate me!“ part lol.,28,1737642050,IVE_RebelHeart
m8q7vvm,IVE,"It really is Wonyoung with her children, huh?",12,1737642535,IVE_RebelHeart
m8qauu7,IVE,[Wonyoung guesting on the Psick Show ](https://www.youtube.com/watch?v=tCCtZ6J5vs8&t=2162s&pp=ygUTd29ueW91bmcgcHNpY2sgc2hvdw%3D%3D)is one of my favourite.,1,1737643494,IVE_RebelHeart
m8qei0x,IVE,Yay!!! 1st win!!! I love this song and it's iconic chorus.,15,1737644619,IVE_RebelHeart
m8qgzq2,IVE,I was waiting for this omg <3,6,1737645374,IVE_RebelHeart
m8qiy1t,IVE,can't spell live without ive 🙂‍↕️,14,1737645960,IVE_RebelHeart
m8qjvej,IVE,"i agree, i have almost 0 complaints about promos this time. the only thing i wish they did more of was challenges with other groups (or even mushow MCs), but it's a prerelease + they've gained so much more buzz with the band covers than any random tiktok dance challenge could give them, so it's just a tiny little gripe.

i hope they keep it up for the album drop too, can't believe it's in less than 2 weeks 🥹",8,1737646231,IVE_RebelHeart
m8qm6z6,IVE,And if i start crying omgggg,11,1737646915,IVE_RebelHeart
m8qm7ii,IVE,[Source Link](https://x.com/official_CLIO/status/1882397964779610221),1,1737646919,IVE_RebelHeart
m8qmkri,IVE,They sound great!,10,1737647026,IVE_RebelHeart
m8qqx7k,IVE,"This is no longer a surprise, but I still need to get it off my chest.  THEY ATE THEIR ENCORE PERFORMANCE. I am in tears ❤️",21,1737648262,IVE_RebelHeart
m8qrk9d,IVE,Hahahah. Rei in the gif (second pic). Love her little wings. And hopefully Liz get well soon 🥰,2,1737648446,IVE_RebelHeart
m8qunxa,IVE,Sleeping princess 😪😘😘,3,1737649322,IVE_RebelHeart
m8qx6go,IVE,Congratsss,4,1737650016,IVE_RebelHeart
m8qxhcs,IVE,"Really love Liz, Yujin and Leeseo parts in the end. They sound even better than studio ver wth.",21,1737650102,IVE_RebelHeart
m8qzdye,IVE,Might lose a win or two due to music shows being off for Lunar New Year,2,1737650620,IVE_RebelHeart
m8r1a22,IVE,"i also wanna add:

-ot6 episode of Halmyungsoo is also pretty underrated! [link](https://youtu.be/jEQ6gJS_WS8)

-Hyell’s Club (Gaeul and Yujin) yujin talks a little about earth arcade here too [link](https://youtu.be/c9YXrrOltlA)

-IU’s Palette (fun song covers from both IU and IVE) [link](https://youtu.be/occjvSuXgy0)

-IDDP Interview (fun interview where they talk about fun online posts about themselves) [link](https://youtu.be/sqe55UwRU2o)

-Seasons 5 and 3 are my favorite seasons of 123 IVE but season 1 is a nice intro to their debut era",1,1737651129,IVE_RebelHeart
m8r5tip,IVE,Our first win since 2023 😭😭,25,1737652375,IVE_RebelHeart
m8r89yc,IVE,"Nice!!! I'm so happy for the IVE babies. They worked so hard and deserve this. Hope to see more wins for Rebel Heart and Attitude.

2025 is the year of IVE🥳",24,1737653057,IVE_RebelHeart
m8r8k4n,IVE,This sounds amazing. I'm so happy to see how much they have improved.,14,1737653135,IVE_RebelHeart
m8rajqc,IVE,"They sound so good and much more confident. I hope we also get to see another encore with the title track 🙏


And of course, thank you to all the dives that voted. ❤️",16,1737653686,IVE_RebelHeart
m8rlbdu,IVE,Love Leeseo improvement hope to see her signing more lines in the future,18,1737656592,IVE_RebelHeart
m8rztni,IVE,"I can't say one, for me they don't have any overrated songs lol.
But if I had to choose one it would be I Want (I don't see anyone mentioning it lol)",1,1737660552,IVE_RebelHeart
m8s349h,IVE,how comes this zb1 does alot of challenges with idols?,1,1737661443,IVE_RebelHeart
m8s3znw,IVE,"I like a lot of what you posted too!  
For someone starting off, I had wanted to stick to the period from Eleven to I Am.",1,1737661679,IVE_RebelHeart
m8sizxb,IVE,u/original_Ad5069 where did you get this info ?,1,1737665810,IVE_RebelHeart
m8skeze,IVE,"Wonyoung cbar, they usually post it on X",1,1737666193,IVE_RebelHeart
m8snwhj,IVE,Cause he's co-MC of Inki with Leeseo and they also have a comeback. Pretty standard idol stuff,9,1737667134,IVE_RebelHeart
m8sq72a,IVE,got it 🙌🏻,1,1737667755,IVE_RebelHeart
m8t583f,IVE,Honestly technique wise I don’t think they’re particularly amazing but Liz and Yujin have some of my favorite vocal tones in kpop,1,1737671962,IVE_RebelHeart
m8t7s3a,IVE,source [1](https://x.com/yuyujin230901/status/1872412561607676189?s=46) + [2](https://x.com/yuyujin230901/status/1872163433858359359?s=46),2,1737672710,IVE_RebelHeart
m8ta2vy,IVE,[Source](https://www.iveincinema.com/),13,1737673391,IVE_RebelHeart
m8tede5,IVE,"I liked the wooden fish and the honeycomb. I find funny that after the first gifts, she expected every gift to have hidden money. Also at ""My grandma enjoys drinking. I think she could probably drink all of these (3 Bottles)""",1,1737674714,IVE_RebelHeart
m8test0,IVE,Good. They got robbed - Heya.,6,1737674849,IVE_RebelHeart
m8tg9n5,IVE,This is much needed as I never really fully recovered from the PCD since seeing IVE girls at 2 concerts last year 😭😭miss them so much ! Fingers crossed it will be shown at movie theaters in Scandinavia!,12,1737675312,IVE_RebelHeart
m8ti3v1,IVE,I'm celebrating so much bcs this is my first time joining voting!!,6,1737675894,IVE_RebelHeart
m8tjyho,IVE,rei running around like rei 🤣,6,1737676474,IVE_RebelHeart
m8tk5mt,IVE,"All of them happy on stage for this win, Yujin's adlibs to the song, Dukongz being silly on stage during the speeches and at the end of the song... my heart is full for this win, IVE saranghaeyo",8,1737676536,IVE_RebelHeart
m8tq7ng,IVE,🙌🏽,1,1737678433,IVE_RebelHeart
m8tx89f,IVE,UK pls 🙏,7,1737680650,IVE_RebelHeart
m8tyrv1,IVE,Start from Produce 48,3,1737681142,IVE_RebelHeart
m8u0cnz,IVE,"The company behind this, the IU in cinema and the gidle in cinema are FROM the UK, so pretty sure it will be there 😅",10,1737681653,IVE_RebelHeart
m8u0tzl,IVE,"I know! When I was checking the upcoming movies on the cinemas I use (odeon) I saw (G)I-Dle on January 29th

Let’s hope 🙏",6,1737681809,IVE_RebelHeart
m8u1xsm,IVE,It’s so good to seem them win one after such a long time! 👏🏾👏🏾👏🏾,9,1737682170,IVE_RebelHeart
m8u64xh,IVE,theyre so tall 😌🤩,6,1737683554,IVE_RebelHeart
m8u8qhq,IVE,honestly took me around 4 listens to get into it my favourite has to be the first and the ending courses i love the delivery and emotion that yujin and leeseo do with there parts at the end! definitely not a top release from them and personally doesn’t beat heya for me but does surpass baddie by far but there best pop-rock will probably always be I AM,2,1737684472,IVE_RebelHeart
m8ut2kq,IVE,"I love the tone of Yujin's voice. It has this flavor of a murky dark mature red wine. It's husky and punchy in a way that tickles my ear pleasantly. But I personally think she's a good idol singer but not a great singer. Her higher notes (like in Shine With Me) bring out the tension in her voice. She can hit those notes but not reliably under the strain of being on stage. I know she's a hard worker and can work to reduce any glaring vocal issues with training+time. 

I've heard Liz has great fundamentals and isn't required to step out of her comfortable range by IVE's music. From what I've heard, I think she sounds brilliant and has a lot of potential if she continues her vocal training. 

Kick me for not having a full opinion on Liz , I was mostly informed by Ain't No Other Fan on YouTube. He's a great vocal analyst who is willing to challenge himself to be as objective as possible. I think he's a great content creator to watch if you're interested in vocals.",1,1737691899,IVE_RebelHeart
m8uxpfx,IVE,"Actually Palette used to be a surprise mostly. It is only in the last year or so, that IU dropped advance notice and then the guests. 

It is debatable whether media play is good or not for the promotion. 

But in this case, it is largely IU's call and to get on Palette it itself such a privilege, that promotions are secondary. 

Getting on Palette, is only short of winning a Daesang.
It is not just any talk show, but they got to perform an IU song in front of her and have THE IU cover one of their songs.

So it's ok, if not media played.",1,1737693691,IVE_RebelHeart
m8v11na,IVE,"Girl I love IU, my one pick for soloist and I pretty much follow her work as a singer and actress, but short of winning Daesang? Be fr lol I’ve been following kpop for a long long time to be reading that.",1,1737695061,IVE_RebelHeart
m8v3kv9,IVE,"I always  wondered why are Yujin and Wony’s full names in this type of announcements, but not the other members names",8,1737696134,IVE_RebelHeart
m8v3v5f,IVE,It’s the fact people are out here trying to say the sing flopped for me,5,1737696259,IVE_RebelHeart
m8v4i82,IVE,yay!!,6,1737696537,IVE_RebelHeart
m8v6spm,IVE,"[Source Link](https://x.com/IVEstarship/status/1882654634948591979)

* 2025.04.05 (SAT) 6PM 
* 2025.04.06 (SUN) 5PM (+ONLINE)",6,1737697577,IVE_RebelHeart
m8v6xgj,IVE,"Boy, are we competing on who knows Kpop better, then let's have a test, before self certifying. 
And yes, IU is that in Korea 

Go check every survey and poll, she ranks with Yoo Jae Suk, Kim Yuna, which no Kpop figure has ever reached in the esteem of Koreans. 
At best G-Dragon. 

But you might be typical international kpoppie who only counts streams and instagram likes etc. 
That's ok. There is always more knowledge to be learnt, little boyo.",1,1737697639,IVE_RebelHeart
m8v7f8y,IVE,"Hey kpopsns28, 

&nbsp;

This post has been automatically removed. Stage names are all you need in the title (as well as the date and platform).  Family names should be left out to keep things simple. Please correct this and resubmit your post. 

&nbsp;


*I am a bot, and this action was performed automatically. Please [contact the moderators of this subreddit](/message/compose/?to=/r/IVE) if you have any questions or concerns.*",1,1737697872,IVE_RebelHeart
m8v7fh9,IVE,[Source Link](https://www.instagram.com/p/DFMUVTKSf3q/),1,1737697875,IVE_RebelHeart
m8v7lol,IVE,I think in izone they used full names so they just kept it to not confuse people when they re debuted.,22,1737697957,IVE_RebelHeart
m8v7zlg,IVE,Online confirmed 😭🙏❤️,11,1737698143,IVE_RebelHeart
m8v81y2,IVE,[Source Link](https://www.instagram.com/p/DFMUVTKSf3q/),2,1737698175,IVE_RebelHeart
m8v8zub,IVE,"another Q 😭😭
Why do we call these chinese fans ""cbar"" , ""wonyoung bar"" ? I head Kpop has insane fanbase in china and Jp ... Is that true? cause it's banned in mainland but not in Macau and HK.
sorry for asking too many questions, i'm new to this thing and still learning.",1,1737698631,IVE_RebelHeart
m8v9aei,IVE,"Yea technique wise they are a vocally weak group, But they improved drastically, most of them used to lip sync all the time but since I am they sing live almost everytime. Only one is Wonyoung, I love Wonyoung but she is so hit or miss in her live, but i dont blame her she has high falsetto notes when her lower register is actually her most comfortable register imo. I think she even has the deepest voice in Ive but Starship is forcing her to have the Momo and Sana treatment.",1,1737698774,IVE_RebelHeart
m8v9b0o,IVE,She could sell me checkbooks and I’d pay for them,3,1737698782,IVE_RebelHeart
m8v9r0s,IVE,"Idk why it's called bar, but it's true K-pop has crazy fans there. More than half of IVE album sales came from Wonyoung fans there, and that's after their government banning purchase more than two album per person.",2,1737699004,IVE_RebelHeart
m8v9uyz,IVE,Lucky us fans who will be mesmerised by their beauty and amazing live performances 😍,6,1737699057,IVE_RebelHeart
m8vbgip,IVE,"That’s so funny. Somehow saying Palette being short of Daesang is ridiculous = underestimating the nation’s young sister. Evaluate your perspective, stop underrating award shows for them. The fact that I see it like this despite being an IVE and IU fan should say enough lmao",1,1737699865,IVE_RebelHeart
m8vdfjw,IVE,IU about to get multiple calls coming from 6 different number.   /j,11,1737700897,IVE_RebelHeart
m8ve47n,IVE,"There are no hard measurements for such things, it is a matter of perspective, measured statistically. 

I will take the Gallup surveys and such, regarding the stature of IU.

You can go with "" trust me bro, my opinion is the universal truth""

You sure need arrogance ehh ignorance to be amusing.",1,1737701261,IVE_RebelHeart
m8vg28t,IVE,[Source Link](https://www.tiktok.com/@ive.official/video/7463367865358437639),1,1737702307,IVE_RebelHeart
m8vlksi,IVE,im so emotional...voting from all those devices will always be worth it,4,1737705469,IVE_RebelHeart
m8vlqac,IVE,LMAO??,1,1737705559,IVE_RebelHeart
m8vm1jf,IVE,"kspo dome fan meeting, seoul world cup stadium one day im manifesting 😭",4,1737705743,IVE_RebelHeart
m8vmfdp,IVE,Ayy my girls,6,1737705972,IVE_RebelHeart
m8vmilr,IVE,Congratz!!!!!!!!…🥳🎉🎊🏆🏆🏅🏅🏅♡☆♥︎★,2,1737706025,IVE_RebelHeart
m8vt18g,IVE,ty for explaining !,2,1737710048,IVE_RebelHeart
m8vtkfp,IVE,"[Imgur Post](https://imgur.com/a/ZyPyNT0)

Source from SBS Play:

[Gaeul](https://programs.sbs.co.kr/enter/gayo/visualboard/54795?cmd=view&page=1&board_no=463148)

[Rei](https://programs.sbs.co.kr/enter/gayo/visualboard/54795?cmd=view&page=1&board_no=463149)

[Liz](https://programs.sbs.co.kr/enter/gayo/visualboard/54795?cmd=view&page=1&board_no=463150)

[Yujin](https://programs.sbs.co.kr/enter/gayo/visualboard/54795?cmd=view&page=1&board_no=463151)

[Leeseo](https://programs.sbs.co.kr/enter/gayo/visualboard/54795?cmd=view&page=1&board_no=463152)

[Wonyoung](https://programs.sbs.co.kr/enter/gayo/visualboard/54795?cmd=view&page=1&board_no=463153)",1,1737710381,IVE_RebelHeart
m8vupq8,IVE,That was the most unexpected win LMAOOO!! But we take those any day!! 🥰🥰,23,1737711095,IVE_RebelHeart
m8vusw8,IVE,REBEL HEART 2nd WIN !!! Damn the Music Bank encore today sounds so gooddd and def much better than Mcountdown encore (which alrdy good) sad it was cut so early,9,1737711152,IVE_RebelHeart
m8vux2l,IVE,Second win! So good!!,2,1737711225,IVE_RebelHeart
m8vv8wj,IVE,Wow that's so nice let's sweep this week!!,6,1737711435,IVE_RebelHeart
m8vv9cp,IVE,YEAAAHH BOOOOOIIIII,5,1737711442,IVE_RebelHeart
m8vvbca,IVE,Fan concert in a freaking dome...that's our queens.,5,1737711477,IVE_RebelHeart
m8vvbcp,IVE,Absolutely! Now most important is tomorrow so Leeseo can finally give the trophy to the rest of the group!!!,23,1737711477,IVE_RebelHeart
m8vvm6j,IVE,Wait isn't Inkigayo on Sunday ? (day after tomorrow). But of course IVE should take tomorrow (Mucore) 1st place too lol,6,1737711665,IVE_RebelHeart
m8vvwe5,IVE,"Today KBS is on our side LOLOLOL Broadcast points for once 😂

Let's go Live Voting for Music Core and Inkigayo ([IVE will win](https://x.com/KshowAnalysis/status/1882282451453804753))\~\~\~\~\~\~",27,1737711843,IVE_RebelHeart
m8vwzsc,IVE,Which row is the broadcast pts?,2,1737712522,IVE_RebelHeart
m8vx45c,IVE,Yes Sunday,2,1737712594,IVE_RebelHeart
m8vxld6,IVE,Second.,2,1737712887,IVE_RebelHeart
m8vxth1,IVE,"the one with 1300 vs 2945

[Predictions](https://x.com/KshowAnalysis/status/1879846057372209614)",2,1737713023,IVE_RebelHeart
m8vy63w,IVE,"Music Bank just awards whoever they like at the time with their broadcast points no matter how hard you vote😅

I'm excited for Inkigayo though. I want to see Leeseo handing over the trophy",16,1737713235,IVE_RebelHeart
m8vywyj,IVE,[Source Link](https://x.com/cosmokorea/status/1882717419304820866),1,1737713689,IVE_RebelHeart
m8vz7ls,IVE,inkigayo next please!!!,19,1737713871,IVE_RebelHeart
m8w0ecp,IVE,[source](https://x.com/IVEstarship/status/1882736561055584551),2,1737714587,IVE_RebelHeart
m8w167u,IVE,Thanks for including the predictions link!,2,1737715052,IVE_RebelHeart
m8w19qo,IVE,"What!! I wasn’t expecting this , especially after considering how weird kbs is to IVE sometimes. This is great, so we already have 3 guaranteed wins this comeback 🎉🎉🎉

Congrats to the girls and dives you did great too💕",27,1737715110,IVE_RebelHeart
m8w19vh,IVE,"Prediction broadcast in our favor, gotta love it!!! <3",17,1737715112,IVE_RebelHeart
m8w1ixw,IVE,Yes you’re right I just got the days confused. Maybe I’m looking forward to it too much haha,5,1737715261,IVE_RebelHeart
m8w34rm,IVE,"Wonyoung is absolutely in her element just being absolutely mischievous. 😆

Also, I love how the chef is so into it.",12,1737716202,IVE_RebelHeart
m8w6o62,IVE,"Whoever styled Gaeul

Thank you",6,1737718137,IVE_RebelHeart
m8wccs8,IVE,"HEYA, THIS IS FOR YOU",38,1737720938,IVE_RebelHeart
m8wdaw4,IVE,"They killed it again, and its also much better than yesterday too. Just sad we dont get full broadcast ver cuz i hate all the double echoes in the fancam which make it harder to listen to their singing.",8,1737721367,IVE_RebelHeart
m8wdk3g,IVE,2/2 Encores slayed 🤍 love the Youngliz postchorus! Leeseo is sounding great! They are getting their deserved wins. ATTITUDE you got some big shoes to fill,12,1737721482,IVE_RebelHeart
m8wev5m,IVE,"[source](https://x.com/IVE_twt/status/1882767689007132969)

>Angel kitty🤍 Dive, thank you so much for 1st place today too 👼🏻🪽",1,1737722061,IVE_RebelHeart
m8wgi7u,IVE,[source](https://x.com/IVE_twt/status/1882771118505005519),2,1737722751,IVE_RebelHeart
m8wis30,IVE,"[post link](https://www.instagram.com/p/DFNYb5PvjaS/) | caption:

>🌺🩷",1,1737723661,IVE_RebelHeart
m8wkdca,IVE,One more amazing encore! 💕,13,1737724278,IVE_RebelHeart
m8wlvro,IVE,This comeback wonyoung is singing with her natural low voice. She looks comfortable with her lines unlike previous comebacks!,29,1737724840,IVE_RebelHeart
m8wn8td,IVE,[source](http://vt.tiktok.com/ZS6Geyys4/),1,1737725336,IVE_RebelHeart
m8wt18k,IVE,Is this a different screening from the 1st world tour dvd that released recently?,1,1737727357,IVE_RebelHeart
m8wtbyr,IVE,From experience a concert movie is rarely a full concert and will include some BTS scenes probably,6,1737727458,IVE_RebelHeart
m8wwwk7,IVE,[Source Link](https://www.tiktok.com/@ive.official/video/7463455673762794770),1,1737728644,IVE_RebelHeart
m8wxdyw,IVE,Thanks!,1,1737728800,IVE_RebelHeart
m8x2ilt,IVE,"Interesting... throughout the shoots (with multiple IVE members at different times) they were blasting ""Romantic Cat"" by Cherry Filter (one of the best pop rock song that came out of Korea) in the background.

IVE Empathy definitely has Rock as its baseline for sure, so if Attitude has anything to do with [Romantic Cat](https://youtu.be/38HDzE2lJBs?si=d8dXpiyvkCX3TtrH), I'm going to lose my shit. 🤘😂🤘",6,1737730423,IVE_RebelHeart
m8xcr9d,IVE,Unexpected but welcomed! <3,12,1737733409,IVE_RebelHeart
m8xeaqu,IVE,"Yujins hair!! She looks SO good. She was just talking about wanting to dye her hair a somewhat natural color on iu's palette, wonder if she was giving a spoiler for this intentionally??",1,1737733844,IVE_RebelHeart
m8xhyj4,IVE,[Source Link](https://www.instagram.com/p/DFM_vbYzcXi/),1,1737734874,IVE_RebelHeart
m8xhyt5,IVE,Highlight for me was Leeseo being utterly confused by the dad joke while Annyeongz was having the time of their lives.,14,1737734876,IVE_RebelHeart
m8xobyu,IVE,Can anyone clarify where Olympic Park is? I have a place near me and I’m so hoping! Haha,2,1737736626,IVE_RebelHeart
m8xz3xg,IVE,Queen Never Cry had me dying 😭,10,1737739603,IVE_RebelHeart
m8y23aj,IVE,"I just keep replaying this WOnyoung [holssi on loop](https://www.youtube.com/shorts/ZnzzBiRpsog) i just loved her chill deep vocal here n never got tired of em, and this kind of song really suit her but im afraid as long Ryan S Jhun keep producing songs for them we will never get this Wonyoung",1,1737740431,IVE_RebelHeart
m8ybxww,IVE,The prank team was hilarious!!! this had me laughing,7,1737743157,IVE_RebelHeart
m8yd6du,IVE,"It feels like it was also a surprise to the Dives present, I can hear the screams in the Facecam Encore.

  
Congrats, this will help for their album sales.",11,1737743499,IVE_RebelHeart
m8yxbn0,IVE,I love wonyoung voice so much!!she can suit any cunty song with her lower registers like my satisfaction and i can listen to it whole day,1,1737749160,IVE_RebelHeart
m8yxtxe,IVE,Lmao Leeseo was BEWILDERED for half of this,7,1737749306,IVE_RebelHeart
m8zcr9g,IVE,"now only 4 wins behind nothing less than Blackpink. not gonna lie, Id want to see Starship send them to The Show in order to get some easy wins... Gfriend kept going there until the end (no wonder they have 71 wins) so why cant IVE go too? its not a crime a shame or anything.",10,1737753560,IVE_RebelHeart
m8zdad5,IVE,I hope they again have later a fanconcert in Japan too.,1,1737753709,IVE_RebelHeart
m8zk8s2,IVE,"LMAO this is one of their funniest episodes. Yujin and Wonyoung are such menaces!

Chef had his aura melt away

Gaeul was offended

Leeseo was bewildered

Liz was targeted 

And Rei didn't show it much, but I'm pretty sure she was thinking ""WTF is happening to my show?!""",10,1737755671,IVE_RebelHeart
m8zki2q,IVE,France im begging😭🙏🏻🙏🏻🙏🏻,1,1737755743,IVE_RebelHeart
m8zkn6n,IVE,He had to tone it down or else he'd never hear the end of it from his friends,4,1737755783,IVE_RebelHeart
m8zrl86,IVE,Best part? Tornado Hug. I'm enjoying Rei+Lesseo pairing too much.,3,1737757837,IVE_RebelHeart
m8zsf52,IVE,Love Gauel's fit,2,1737758087,IVE_RebelHeart
m9062np,IVE,[Source Link](https://x.com/ivestarship/status/1882782293749862476),1,1737762353,IVE_RebelHeart
m90mi96,IVE,"I like that he was into it, but it had to be methodical. He also played really well with the info about Liz's Dad. And surprised they play along after praying while doing finger guns.

  
I watched this after seeing Workdol with Youngji and Haewon and it was a good palate cleanser. 



Looking forward for the bloopers.",3,1737767778,IVE_RebelHeart
m90n176,IVE,"hopefully another tour this year too because i didn’t get to see them last time (but it’s ok if not, because i wouldn’t want them overworked)",2,1737767960,IVE_RebelHeart
m90nz6y,IVE,"😂 the chef is getting a lot of ""Chef Kwon, you need to pay 10 times the tax this year"", ""Someone report him to the National Tax Service for an audit"", ""Someone assign a special prosecutor to him"" (all common jokes Korean netizens make when someone meets highly popular celebrities 😂 Dex got the same comments after having Wonyoung on his show).",3,1737768284,IVE_RebelHeart
m911m6v,IVE,I loved this episode so much. I was happy to see wonyoung laughing really hard,3,1737773067,IVE_RebelHeart
m916d9o,IVE,Are we close to a new world tour cycle soon after the fan concert?,2,1737774790,IVE_RebelHeart
m919d7p,IVE,"Okay y'all hear me out, I think IVE has been collecting challenges for attitude. Leeseo Han Yujin doctor doctor challenge seems to solidify it, leeseo also said she did several challenges on MCD and told us to wait for it a bit. If they would have filmed rebel heart challenge, they would have released it by now, so I think they are preparing for attitude. Band strategy for rebel heart and maybe they got good choreo for attitude they wanna push for tiktok etc. 🫨🫨🫨",12,1737775916,IVE_RebelHeart
m91ftlx,IVE,I’m trying to order the same here in the US but I can’t find the 17 classic apple 😭😭,1,1737778475,IVE_RebelHeart
m91l4dw,IVE,Is it just me or does it look like they're going to keep doing music shows without breaks? :o,4,1737780740,IVE_RebelHeart
m91mhux,IVE,"yeahhh...lets gooo ATITTUDE tho Im bit worry to know Ryan S Jhun is producing the song, even if its gonna be popular (thanks to IVE charm and talent) . Still praying for my last bit string of hope something gonna change like the song wont be too repetitive, the lyrics isnt sucks ,  doenst sounds tacky (outdated) and not too bright . (so0mething like LOVE DIVE would be perfect) . They should retain the sampled song overall vibe",-10,1737781357,IVE_RebelHeart
m91mwp8,IVE,"[Source Link](https://www.instagram.com/p/DFPG3wZP87r/)
> Girls like me 🩸♥️",6,1737781547,IVE_RebelHeart
m91nu55,IVE,I loved the special 123 IVE episode with Napoli Mafia and I had nothing to watch while eating so I decided to watch Culinary Class Wars and its soo good 😭 I'm so late but I get why it's so popular lol,12,1737781977,IVE_RebelHeart
m91ss6s,IVE,"Next week music bank and core are taking off due to new year, mcd might do as well, only inkigayo would be on air :))",9,1737784380,IVE_RebelHeart
m91wmvo,IVE,Napoli Mafia is literally everywhere in k-content. I think it's pretty much impossible to avoid the spoiler 😅,5,1737786414,IVE_RebelHeart
m922x7d,IVE,My girls deserved it 🩷🩷🩷,3,1737790003,IVE_RebelHeart
m923lms,IVE,Congrats. Rei's dress was spectacular. Loved the bat wings.,13,1737790413,IVE_RebelHeart
m92568i,IVE,Love it when Yujin took off her cap. Perfect part to do it 😍,3,1737791378,IVE_RebelHeart
m9263xd,IVE,I just want them to win Inkigayo tomorrow ,19,1737791948,IVE_RebelHeart
m926wbv,IVE,"#1 Ryan Jhun hater hard at work xD

He's not so bad provided someone else lays the groundwork!",5,1737792429,IVE_RebelHeart
m926xqf,IVE,"YESSSS! 

ONE STEP CLOSER TO VINDICATION!",14,1737792453,IVE_RebelHeart
m927dpz,IVE,"Wonyoung is absolutely stunning!

![gif](giphy|BLN5f5WyReo8iCXwb4)",6,1737792724,IVE_RebelHeart
m927trl,IVE,[source](https://x.com/IVEstarship/status/1883065619094057382),3,1737792998,IVE_RebelHeart
m9285z3,IVE,![gif](giphy|GV3aYiEP8qbao),14,1737793208,IVE_RebelHeart
m928uvr,IVE,Yujin is deadly 😵,7,1737793640,IVE_RebelHeart
m92arz8,IVE,YEAYY CONGRATULATIONS IVE!!,9,1737794852,IVE_RebelHeart
m92cfcy,IVE,[Source Link](https://www.tiktok.com/@ive.official/video/7463687824236088584),2,1737795884,IVE_RebelHeart
m92ch12,IVE,Let's go for the sweep this week!!! 💞,17,1737795913,IVE_RebelHeart
m92cj9q,IVE,Kpopium,6,1737795951,IVE_RebelHeart
m92du5m,IVE,LESGOOOOOOOO,15,1737796774,IVE_RebelHeart
m92g5ui,IVE,"[source](https://x.com/IVE_twt/status/1883087169218335175)

> Dive, today Mucore is also 1st place😄😄😄 Thank youu",2,1737798246,IVE_RebelHeart
m92gcre,IVE,Hell yes!!! So happy for IVE & DIVEs!!,2,1737798371,IVE_RebelHeart
m92knxt,IVE,"If i remember correctly, their names were just yujin and wonyoung in izone days. Moving to ive, the company sort of “rebranded” them and used their full names as their official names. Probably to avoid confusion with other yujins and wonyoungs",1,1737801102,IVE_RebelHeart
m92l6zp,IVE,Yujin encroaching on Rei's territory 😂,6,1737801437,IVE_RebelHeart
m92qbrk,IVE,"Im loving Rei and Yujin style today a lot, my goodness🙂‍↕️",4,1737804569,IVE_RebelHeart
m92qy3e,IVE,inkigayo next pleaseeeee i need to see leeseo give them the win 😭😭,31,1737804937,IVE_RebelHeart
m92ufna,IVE,"I am praying so hard for tomorrow's win like it's the first time leeseo has mentioned in her bubble that she wants to handover the trophy to her unnies 😭💜

Also, what if IVE also wins on 2nd Feb inkigayo, we would have solo leeseo encore? 👀",16,1737806920,IVE_RebelHeart
m92uyp4,IVE,[Source Link](https://www.tiktok.com/@ive.official/video/7463799066904792328),1,1737807198,IVE_RebelHeart
m92w3l8,IVE,[Source Link](https://www.tiktok.com/@ive.official/video/7463814410348416274),5,1737807791,IVE_RebelHeart
m92wyw5,IVE,"if this is not their best styling yet, its at least top 3.",4,1737808229,IVE_RebelHeart
m92xc2a,IVE,Help,8,1737808411,IVE_RebelHeart
m92yiff,IVE,"no it’s the other way around. since produce days it was their full names. but when IVE debuted starship used only “wonyoung” and “yujin” to match the other members. however, this didn’t work as the public and media already recognised them with their full names. so around love dive era, starship changed it back to their full names.",1,1737808980,IVE_RebelHeart
m92zudj,IVE,![gif](giphy|N5L7wnEosQMyLoydvc|downsized),2,1737809603,IVE_RebelHeart
m934lab,IVE,\o/,6,1737811668,IVE_RebelHeart
m939yll,IVE,"[Source](https://xcancel.com/IVEstarship/status/1883152848411840915?t=b5DjuzM5ES96Gd1t4zbYYg&s=19)

=====

Well fed with more Teaser content! And the mood feels very different",7,1737813791,IVE_RebelHeart
m93a23f,IVE,tbf almost all top finalists are everywhere,2,1737813828,IVE_RebelHeart
m93bn2l,IVE,"Yujin looks so chic and cool! No wonder she says she has lots of leather jackets! She slays in leather clothing. Also, love her wavy hair and the dark red tint it has…",6,1737814424,IVE_RebelHeart
m93cm8a,IVE,She looks so fxking good here😭😭😭😭😭She's just been giving THAT aura since her 7 rings cover xdxd,23,1737814786,IVE_RebelHeart
m93e062,IVE,Sakura said REBEL HEART has been stuck in her head lately. IVESSERAFIM and IZ Family forever 💗,12,1737815289,IVE_RebelHeart
m93e3sl,IVE,"Yea, but him, Edward Lee and the Chinese cuisine goddess seem to be doing very well in particular.",5,1737815326,IVE_RebelHeart
m93gmis,IVE,"Hardest choreo and not in comfortable range of yujin considering she has a really high range as she sings I AM and rebel heart.....idk what to expect but damn we are so spoilt this era like are we seeing 1 trailer and 2 concept films? Starship really went all out 👏👏👏


Just leeseo guesting somewhere on YouTube and this would be easily my favourite era ✨👏",9,1737816211,IVE_RebelHeart
m93iwb6,IVE,yessssss she atee,6,1737816995,IVE_RebelHeart
m93j1ji,IVE,she ate,9,1737817044,IVE_RebelHeart
m93so7e,IVE,*audibly gulps*,2,1737820089,IVE_RebelHeart
m93vg1k,IVE,"4 next!

Best IVE track so far. 

It really does contain elements of their previous 4 or 5 tracks.",2,1737820898,IVE_RebelHeart
m93wttc,IVE,so excited for everything,3,1737821304,IVE_RebelHeart
m93y1b3,IVE,What does this mean😅,1,1737821657,IVE_RebelHeart
m9425i4,IVE,"Leeseo is an mc on inkigayo, so if they win she would be giving her own group the win lol",3,1737822846,IVE_RebelHeart
m942j4i,IVE,"shes Literally a princess, its insane",2,1737822953,IVE_RebelHeart
m942uvu,IVE,yujin saying it’s not a comfortable range for her makes me kinda nervous 😔,10,1737823045,IVE_RebelHeart
m943xod,IVE,[source](https://x.com/snooze_0831/status/1789519494475592056?s=46),1,1737823348,IVE_RebelHeart
m945a4a,IVE,"Think we'll get a couple more Wonyoung youtube/variety apperances to promote Attitude. Lee Mujin would drive interest, Younji's drinking show (they were teasing around Christmas) maybe too controversial.",6,1737823727,IVE_RebelHeart
m945fbf,IVE,"Wonyoung reminds me of those Asian ladys you see about who are dressed in deisgner, sip boba and are very fashionable and have a huge SNS following. But they are also very smart and try teir hardest to be good people",5,1737823769,IVE_RebelHeart
m947tl5,IVE,"Ryan Jhun has literally, and I MEAN LITERALLY, produced all of IVE's title tracks, including Rebel Heart which is another hit. The constant hate is ridiculous at this point. Could he change it up a bit? Absolutely 100%, but the songs have all been hits so why change up a a formula that works. It's giving people hating on JYP for every Twice/Itzy TT that releases, stop being those kinds of people",10,1737824453,IVE_RebelHeart
m948v51,IVE,Inkigayo is one of the weekly music shows and Leeseo is one of the MCs. They want Rebel Heart to win so Leeseo gets to hand the trophy to the members.,7,1737824753,IVE_RebelHeart
m94amrj,IVE,Ohh that’s sweet!,1,1737825264,IVE_RebelHeart
m94fgga,IVE,I would love for Wonyoung to show off her singing 😭 I know she's not underrated but her singing really is,1,1737826660,IVE_RebelHeart
m94fiy5,IVE,Oh that’s cute 😭,1,1737826680,IVE_RebelHeart
m94l9pf,IVE,"yay, congrats IVE for Rebel Heart 3rd win!",6,1737828328,IVE_RebelHeart
m94xrqr,IVE,"I am so ready to sacrifice my firstborn to get a leeseo yt guesting, like can we please get her on any talk show format where the sole attention is on her, I really feel we dont know much about her personality and its killing me, its been 3 years, let her be at places now @ starship",5,1737831895,IVE_RebelHeart
m953x09,IVE,"I feel like the title ""Attitude"" leans more towards a powerful song and choreo but with the visual of the schedule + that comment from Yujin i could see something like NJs Cool with you too. Airy soft vocals can be quite tricky live and i feel like they are pretty confident in their power high notes. 
But then the sample doesn't really fit both directions imo. Very interested what the song will sound like!",6,1737833682,IVE_RebelHeart
m957a3h,IVE,"does anyone know why there are no fancams or full cam for this week's Music Bank performance? Usually if there are fancams KBS would have posted them by now but I don't see them on the channel :( I would love to see a fancam of Gaeul's outfit in particular but maybe it's because of her issues with the mic pack? 

I'm also really hoping for that Inkigayo win but even if we don't get it I'm already happy with how great this comeback has been going so far. Can't wait for Attitude 🙏",1,1737834676,IVE_RebelHeart
m9583mr,IVE,"yeah, im gonna need an ambulance",8,1737834923,IVE_RebelHeart
m959dwb,IVE,"For those wondering, we will try to update the theme asap after all the IVE EMPATHY teasers and concept photos are released 🙏",1,1737835312,IVE_RebelHeart
m95d83a,IVE,I'm loving this lacy doily aesthetic !!!,1,1737836483,IVE_RebelHeart
m95nr9f,IVE,Now that song is a THROWBACK,3,1737839696,IVE_RebelHeart
m95plg6,IVE,Yujin ah😭💕,3,1737840247,IVE_RebelHeart
m969aky,IVE,"Nice! Been asking since Heya era and not sure why that banner from Baddie era was still not changed but anyway, thanks for the update!",6,1737846505,IVE_RebelHeart
m96gr0z,IVE,"Wonyoung's episode should be available on Netflix around mid-end Feb (right now only updated till 22 Dec episode in my country), by that time should have English subs.",4,1737849009,IVE_RebelHeart
m96htqh,IVE,wait where? 👀,2,1737849371,IVE_RebelHeart
m96j326,IVE,Only a few vids have subs.  [Example](https://www.youtube.com/watch?v=0f05vl5O-rg).  I'd wait for [Netflix](https://www.netflix.com/title/80176931).,4,1737849796,IVE_RebelHeart
m96ogs4,IVE,THIS IS IT,2,1737851599,IVE_RebelHeart
m96s622,IVE,"![gif](giphy|VFDoN1xR2Yvpm)

Me seeing Gaeul nowadays after IVE’s world our…",8,1737852836,IVE_RebelHeart
m96z7mp,IVE,hi! did you end up getting ur vip benefits? o:,1,1737855237,IVE_RebelHeart
m971js7,IVE,"Exactly

""Why can't they make music like Love Dive again""

Like its a piece of cake

These music people have ""hit by lightning"" moments.  That may come once a year or once every 5 years.

It's impressive how many top IVE title and top quality b side tracks he has been involved in creating and adapting for IVE music - on an annual basis.",3,1737856046,IVE_RebelHeart
m97467k,IVE,Show isn't until next Friday so hoping they can still let me receive the  benefits at the venue,1,1737856946,IVE_RebelHeart
m97bguk,IVE,oh wait it’s on netflix,2,1737859511,IVE_RebelHeart
m97h9p9,IVE,Is is the bluray show? I kinda wished it was the encore show since they included songs from IVE switch and wonyoung and liz singing when will my life begin,1,1737861605,IVE_RebelHeart
m97p9wq,IVE,"Thank you for identifying the song!! 🥹 I came on here specifically to see if anyone knew it because I liked what little I could hear of it in the background.

I’m sooo here for a rock-influenced IVE Empathy ❤️‍🔥",1,1737864672,IVE_RebelHeart
m97uh22,IVE,[source](https://www.instagram.com/p/DFRpKMXysUX/),2,1737866836,IVE_RebelHeart
m97va7u,IVE,shes so pretty and beautiful,6,1737867183,IVE_RebelHeart
m981qzi,IVE,Source: https://xcancel.com/kpop_sbs/status/1883389404204696001,1,1737870125,IVE_RebelHeart
m9862vo,IVE,[source](http://vt.tiktok.com/ZS6t9hPJe/),1,1737872301,IVE_RebelHeart
m986ia4,IVE,"Hey nosnox, 

&nbsp;

This post has been automatically removed. Stage names are all you need in the title (as well as the date and platform).  Family names should be left out to keep things simple. Please correct this and resubmit your post. 

&nbsp;


*I am a bot, and this action was performed automatically. Please [contact the moderators of this subreddit](/message/compose/?to=/r/IVE) if you have any questions or concerns.*",1,1737872526,IVE_RebelHeart
m9877ag,IVE,[source](https://vm.tiktok.com/ZGdA7sb3N/),3,1737872867,IVE_RebelHeart
m98dpsi,IVE,dayum,1,1737876534,IVE_RebelHeart
m98fvos,IVE,"Lesseo's speech was adorable and I like she did Minnie's ""HER"" challenge, hoping for more interactions.",22,1737877818,IVE_RebelHeart
m98gn19,IVE,"![gif](giphy|N5L7wnEosQMyLoydvc|downsized)

We are on a roll! We are so back!!!!!",1,1737878265,IVE_RebelHeart
m98h025,IVE,Beautiful week!,18,1737878479,IVE_RebelHeart
m98h2ot,IVE,4 wins in a row for the music show sweep this week! Amazing. Hope this continues with “Attitude”🙏,29,1737878522,IVE_RebelHeart
m98i7cg,IVE,"I didn’t even use my points/hearts for Music Core and Inkigayo, gotta save up for next week. Let’s go~~~~~

Meanwhile keep voting [daily for Mcountdown](https://x.com/ivevote/status/1883171062940389466?s=46&t=D-qedIILJPb8N9BneJ_-Lg) (we’re No.5 at the moment).",17,1737879196,IVE_RebelHeart
m98ikmi,IVE,"Congratulation DIVE!! 

Nice finally got to hand over the trophy to her eunnies!!",19,1737879418,IVE_RebelHeart
m98j0lj,IVE,[source](https://x.com/IVEstarship/status/1883429008458875053),1,1737879687,IVE_RebelHeart
m98jmvm,IVE,[source](https://x.com/IVE_twt/status/1883431156970062072),2,1737880063,IVE_RebelHeart
m98jx9n,IVE,"congrats

IVE ""REBEL HEART"" 4TH WIN 🏆

their facial expression shows it how happy they are",25,1737880235,IVE_RebelHeart
m98jxg7,IVE,[source](https://x.com/IVE_twt/status/1883431834769580522),1,1737880238,IVE_RebelHeart
m98k7le,IVE,lol is this a cutie bear concept? She’s so adorable ☺️,2,1737880412,IVE_RebelHeart
m98lap4,IVE,Every day the stylists choose either Sunbae Unnie or Fake Maknae lol,5,1737881085,IVE_RebelHeart
m98lkje,IVE,finallyyyy,16,1737881252,IVE_RebelHeart
m98mt1x,IVE,"I'm so happy that Leeseo could give the trophy to her unnies. Rebel Heart has also done very well for a pre-release. I'm glad that Starship promoted the pre-release this time round. 

I hope IVE can have a short break for the Lunar New Year as they prepare for the Attitude promotions.",51,1737882007,IVE_RebelHeart
m98o7t0,IVE,She’s so stinking pretty✨,1,1737882867,IVE_RebelHeart
m98pyxz,IVE,"Congrats IVEUUUU 🤍 Clean Sweep, we are so back! 

And congrats MC Niece for giving unnies their trophy 💛",32,1737883938,IVE_RebelHeart
m98q6r1,IVE,\#1 most dedicated manager sacrificing their first born even,3,1737884069,IVE_RebelHeart
m98q7nl,IVE,i love love LOVE when Gaeul does these dances ❤️,3,1737884085,IVE_RebelHeart
m98q7uo,IVE,"So blessed with inki win, wony live and then long gaeul live",9,1737884089,IVE_RebelHeart
m98s8wb,IVE,She killeddd itt,1,1737885327,IVE_RebelHeart
m98ttlf,IVE,[source](https://x.com/IVE_twt/status/1883456858494742924),2,1737886284,IVE_RebelHeart
m98vwlh,IVE,[source](https://vt.tiktok.com/ZS6tGYeJC/),1,1737887559,IVE_RebelHeart
m98zirb,IVE,"https://preview.redd.it/cnxurtxembfe1.png?width=2116&format=png&auto=webp&s=d3c6e621204d8ab0f9873efeb8efafb2a389a6a0

This is so cute 😍",16,1737889733,IVE_RebelHeart
m994nfv,IVE,"I want to cry, congratulations babiessssssssssss",10,1737892699,IVE_RebelHeart
m998uca,IVE,[Source Link](https://www.tiktok.com/@official_nct/video/7464177883712359698),1,1737894878,IVE_RebelHeart
m998xpy,IVE,"Please go and leave supportive comments especially on YT, its crazy negative comments there.",4,1737894925,IVE_RebelHeart
m9999qh,IVE,[Source Link](https://www.tiktok.com/@ive.official/video/7464182285739330823),1,1737895091,IVE_RebelHeart
m99aosx,IVE,Yujin already went on Youngji's drinking show a while back!,3,1737895773,IVE_RebelHeart
m99dg89,IVE,where can i watch this? (preferably for free lol),1,1737897025,IVE_RebelHeart
m99dhoh,IVE,"[Source Link](https://www.instagram.com/p/DFSjOUgS4Vl/)
> Happy New Year 🦋",3,1737897043,IVE_RebelHeart
m99dnd2,IVE,"[post link](https://www.instagram.com/eeseooes/p/DFSjOUgS4Vl/) | caption:

>happy new year🦋",1,1737897111,IVE_RebelHeart
m99f0n0,IVE,And it was for me!!! my wishdive heart <3,1,1737897684,IVE_RebelHeart
m99f12m,IVE,"Just wanted to share this remix I made of Rebel Heart. I love this song, and I'm really happy that it's getting a lot of love, and Ive is winning a lot with this song. Anyways, punk isn't for everyone, but I hope fellow Dives enjoy this. Any opinions and criticism are welcomed!",2,1737897689,IVE_RebelHeart
m99foc8,IVE,"ANOTHER ONE, THANK YOU",13,1737897953,IVE_RebelHeart
m99huxc,IVE,"[source](https://x.com/IVE_twt/status/1883508603795255624)

>Goodbye REBEL HEART\~ ♡♡",2,1737898820,IVE_RebelHeart
m99kee5,IVE,[source](https://x.com/IVEstarship/status/1883513819202470132),1,1737899805,IVE_RebelHeart
m99lcvp,IVE,https://preview.redd.it/88mb0srghcfe1.jpeg?width=3088&format=pjpg&auto=webp&s=ae4adc8e5f98e6c5b7e4f62cb1ab98957b4572da,11,1737900168,IVE_RebelHeart
m99lf8j,IVE,🧎🏻‍♂️,7,1737900192,IVE_RebelHeart
m99mn4c,IVE,Main pop girlies are BACK,11,1737900645,IVE_RebelHeart
m99nyq9,IVE,Very interesting!,12,1737901129,IVE_RebelHeart
m99o2o4,IVE,I am confused but excited😅😅😅,14,1737901169,IVE_RebelHeart
m99p3k7,IVE,WAIT IS THIS WHAT I HOPE IS GONNA BE??,9,1737901536,IVE_RebelHeart
m99qjjb,IVE,I’m so happy for them!! Dry spell no more baby!!!,12,1737902048,IVE_RebelHeart
m99r63i,IVE,Off the Record Part 2,1,1737902266,IVE_RebelHeart
m99roog,IVE,The trailers this comeback have been so fun. Looking forward to this title track 🥳,17,1737902447,IVE_RebelHeart
m99s8lc,IVE,"Such a good life motto: Well, I guess I’ll play along. Let’s see where it takes me. ❤️",16,1737902638,IVE_RebelHeart
m99s95w,IVE,"Not easy to guess how the song is gonna sound like, but it’s definitely making people eager to know!",21,1737902644,IVE_RebelHeart
m99ud7q,IVE,"Wow this looks like a train wreck, but In a good way. Love how Ive always seeks out the unique path.",2,1737903359,IVE_RebelHeart
m99v9l0,IVE,IM SOOOO EXCITEDDD!,19,1737903657,IVE_RebelHeart
m99xbqw,IVE,"That's a sweep, right?",16,1737904320,IVE_RebelHeart
m9a4dzv,IVE,"Yess

Best IVE song imo",2,1737906464,IVE_RebelHeart
m9adtsw,IVE,What's with the ATTITUDE???,9,1737909230,IVE_RebelHeart
m9ae31q,IVE,Okay so the styling for this song is gonna kill me for sure,8,1737909306,IVE_RebelHeart
m9ag80g,IVE,Music show all kill (MAK),17,1737909919,IVE_RebelHeart
m9ahaxv,IVE,"When you hear that music, it make you think Fallout. The retro setting but futuristic clothes adds to that.",7,1737910229,IVE_RebelHeart
m9aj3u0,IVE,"droga, perderam a chance de colocar yujin com yujin 😭 /jk",1,1737910745,IVE_RebelHeart
m9akfzm,IVE,YESS,4,1737911132,IVE_RebelHeart
m9asi91,IVE,so excited for this comeback i’ve been really satisfied with everything so far,6,1737913436,IVE_RebelHeart
m9au7uo,IVE,"Lachica are out, is it true? Are we getting Jam Republic instead?

Could we be so blessed??",5,1737913913,IVE_RebelHeart
m9b24rj,IVE,Hilarious! I can't wait for the album release.,5,1737916115,IVE_RebelHeart
m9biu3z,IVE,Even the stand in for Yujin's dog is playing along.,5,1737920783,IVE_RebelHeart
m9bljf5,IVE,"I'm sad that Lachica is not doing the choreo, I loved the Rebel Heart choreo.

All of us dives don't like when the girls get hate but every comeback is the same hate comments on Lachica for doing the choreo and Ryan Jhun for producing the songs.

If you don't like IVE getting hate why are you hating on Lachica and Ryan Jhun?",1,1737921549,IVE_RebelHeart
m9bvf4k,IVE,This looks so good... I'm so excited!!! I have to say their acting is so good... i feel like they had to do more acting this comeback.,6,1737924282,IVE_RebelHeart
m9bx9ii,IVE,Rebel Heart 4th Win!!! Congrats IVE and DIVE!,10,1737924792,IVE_RebelHeart
m9c1h4i,IVE,"Non-Dives aren't hating on the choreographies and songs, Dives are. 

Imo Lachica has massively failed IVE. Love Dive was so massive and its dance was such a hit but if you look at which moves went viral, it was all the ones from Freemind's version. Since then, none of the choreographies have went viral despite IVE having insanely popular songs, even I Am. It'd be okay if the choreographies were atleast clean, but they have members literally running to get to the right position. Rebel Heart is better... but I feel like it has so much potential for a really good choreography and Lachica failed to deliver as usual. The ""you will never be me"" lyrics having IVE just wag their finger is actually so lame. 

As for Ryan Jhun, I dont agree with the hate, I like the songs he's produced but I can understand people wanting to see new sides of IVE's vocals.",10,1737925935,IVE_RebelHeart
m9c7au0,IVE,"For this week, yeah. 4 wins out of a possible 4.",8,1737927477,IVE_RebelHeart
m9cbh77,IVE,">Also, what if IVE also wins on 2nd Feb inkigayo, we would have solo leeseo encore? 👀


If the rest of the group isn't there, then yeah, she would sing the song by herself. Like [this](https://youtube.com/watch?v=CdCCeIjfwns&pp=ygUOZWxldmVuIDl0aCB3aW4) or [this](https://youtube.com/watch?v=wf-CdPBras8&pp=ygUZYWZ0ZXIgbGlrZSB3aW4gbXVzaWMgYmFuaw).",2,1737928623,IVE_RebelHeart
m9ckbz2,IVE,Wait why is drip and ttte still here aren't they done promoting?!!,8,1737931149,IVE_RebelHeart
m9cu9ak,IVE,It makes me think about Off the record... couldn't be happier !,4,1737933966,IVE_RebelHeart
m9cvle0,IVE,Does anyone know where to find the individual member fancams for this stage performance? (Mnet 01.23.25),1,1737934367,IVE_RebelHeart
m9cw94o,IVE,They look so good,2,1737934565,IVE_RebelHeart
m9d08rq,IVE,Yal’ready know she won’t keep that cap on the whole time,1,1737935759,IVE_RebelHeart
m6u5j46,kpopthoughts,">They just keep getting younger and younger. Do these labels not have capable trainees or something?

This isn't anything new.  
  
Wonyoung, Suzy, Krystal all debuted around the same age, and it's safe to say that they were all very capable trainees despite their youth.  
   
Child star/prodigy is not a phenomenon exclusive to Kpop, and finding them in entertainment industry is most certainly not exclusive to South Korea. Some people are born with the gift to perform and their parents want to see their children succeed at a young age. 

Yes there will always be some rotten individuals trying to take advantage of youth regardless of whether it's kpop or something else, their existence should never be used as the reasoning to deny gifted youth from earning their spotlight. The focus instead should be we as a society perfecting the safeguards and support systems so that younger talents can achieve success in a safer environment.",34,1736727058,IVE_RebelHeart
m6u6rqw,kpopthoughts,"“concept focused” is not one concept… all aespa, LSF, itzy have different concepts… IVE is not even y2k. like what? however illit and NJs are the most same. 

KATSEYE are not kpop why are they even in. the convo… although their song and concept is obviously following the njs route. triple s debut concept followed njs. 

riize are different musically but they still followed the y2k route style wise for a bit. if u looked at the 5th gen bgs (BND, kickflip, cube new bg, tws) they’re all pretty much sounding and looking the same.",2,1736727467,IVE_RebelHeart
m6uu5af,kpop,soty of 2025 in the first month.. IVE the queens you are,6,1736735276,IVE_RebelHeart
m6uwxjo,kpopthoughts,">I mean no matter how popular idol, there isn't a lot of that shit like ""Wonyoung should go solo"" or ""Karina should go solo"", no one's really saying that because obviously groups are the norm in Kpop. 

This makes me realize that the only way to not be *out of touch* with kpop discourse is to be active on Twitter.",9,1736736266,IVE_RebelHeart
m6v3agx,kpopthoughts,"Wonyoung actually turned 14 the night of the PD48 finale, which is wild really. You missed Seowon from UNIS though, she's \~6 months younger than SeoAh and debuted at like 13 and 2 months (apparently she's turning 14 in like two weeks). She was 12 while she was on Universe Ticket (the survival show the group is from).

SeoAh was one of the last members added to TripleS, and a lot of pre-existing fans of the group (like myself) were pretty unhappy about it, but were already pretty invested in the group.",4,1736738585,IVE_RebelHeart
m6vf6e5,kpopthoughts,"I’ve been a kpop fan for a LONG ass while and the only groups I fully enjoyed are BEG, SISTAR, AOA, SNSD, IVE and New jeans.",5,1736743202,IVE_RebelHeart
m6vhdsd,kpop,"1. XG - Howling
2. DPR IAN - Saint
3. K.Will - No sad song for my broken heart
4. (G)I-DLE - Revenge
5. Kiss Of Life - Midas Touch
6. IVE - Heya
7. aespa - Armageddon 
8. XG - Woke Up
9. ARTMS - Virtual Angel (Human Eye Ver.)
10. ARTMS - Birth
11. (G)I-DLE - Super Lady
12. Red Velvet - Cosmic
13. Dreamcatcher - Justice
14. Stray Kids - Giant
15. Rosé - APT
16. ATEEZ - Ice On My Teeth
17. Soojin - Mona Lisa
18. IVE - Accendio
19. Purple Kiss - On My Bike
20. AKMU - Hero
21. The Boyz - Trigger
22. Everglow - Zombie
23. TWICE - Strategy
24. Ryu Sujeong - Fallen Angel

(I did in fact go through the comments here to find MVs so thank you zypker and just another kpoppie 🙏🙏🙏)",2,1736744174,IVE_RebelHeart
m6vi1r0,kpop,"1. NMIXX - Love Is Lonely
2. Aespa - Supernova
3. ITZY - Imaginary Friend
4. Red Velvet - Cosmic
5. G-Dragon - Power
6. NMIXX - Dash
7. Wendy - Wish You Hell
8. NMIXX - Run For Roses
9. ARTMS - Birth
10. ARTMS - Virtual Angel (Human Eye Ver.)
11. XG - Woke Up
12. IVE - Heya
13. Aespa - Whiplash
14. Yena - Good Morning
15. Ateez - Work
16. NCT 127 - Walk
17. IU - Holssi
18. ITZY - Untouchable
19. Aespa - Armageddon
20. RM - Lost!
21. NMIXX - See that?
22. Cravity - Now or Never
23. Chuu - Strawberry Rush (Performance Video) 24. ITZY - Gold
25. Billlie - Trampoline",1,1736744477,IVE_RebelHeart
m6vlj0x,kpop,"1. XG - Howling
2. IVE - Accendio
3. NewJeans - How Sweet
4. XG - Woke Up
5. NewJeans - Right Now
6. Red Velvet - Cosmic
7. Babymonster - Drip
8. IVE - Heya
9. meovv - Toxic
10. XG - IYKYK
11. Aespa - Armageddon
12. aespa - Supernova
13. IU - Shopper
14. NewJeans - Bubblegum
15. Itzy - Imaginary Friend
16. Nayeon - ABCD
17. Young Posse - Ate That
18. Enhypen- Brought the heat back
19. DPR IAN - Saint
20. NMIXX- love is lonely
21. NMIXX - Dash
22. ILLIT - tick tack 
23. TripleS- girls never die",1,1736746134,IVE_RebelHeart
m6votas,kpopthoughts,"I do agree that I don't like overly changing. I get when a group try different styles but it feels off sometimes, maybe because it was faster than expected, or maybe it would be better as a b-side/pre-release other than making it the title track.

I get when a group grow up over time, it's pretty intetesting, But I don't think you are talking about those. to me for example, Le Sseragim are among the groups that changed their sound but personay I like Easy & Crazy much more that Unforgiven in particular! despite their change it still suits them to be honest. IVE on the other hand have built a concept since Love Dive till I AM & yeah they changed but still it's IVE to me.

some concept changes are just pointless even when the song is good, I have one in my mind tbh it's Weeekly's Ven Para, I like it as a song but it's just pointless.",26,1736747798,IVE_RebelHeart
m6vz10m,kpopthoughts,An Yujin from IVE,7,1736753637,IVE_RebelHeart
m6w7o47,kpop,"OH IVE THERE'S NO ONE ELSE LIKE YOU.

I'm crying the same way when I first listened to I AM 😭 they're just so good at this sound",20,1736759201,IVE_RebelHeart
m6w7sh9,kpop,IVE 💙,1,1736759284,IVE_RebelHeart
m6w7waw,kpop,"Okay, I got straight up goosebumps from this one.
Music video looks great even though I don't really get it fully from the first watch, Yujin and Leeseo with great acting especially.

Song was very very good, no dull parts but the chorous was maybe not as catchy as I am and Love Dive but I still think it's a really good song, from first listen I probably give it a 9 or so.

Cannot wait to see their live chorography on the music shows for this song.

IVE genuninely never miss(except All night IMO), they're rivaling Twice for my top group now and that is insane after only three years. They all seem like such nice people too.
Bravo IVE and SSE with another banger.",93,1736759355,IVE_RebelHeart
m6w7z1l,kpop,"K-pop really needs more full choruses these days, so I'm glad IVE always delivers on that front and their bridge always sound so epic.",1,1736759407,IVE_RebelHeart
m6w87al,kpop,"IVE started this year with an absolute killer track. The high energy tempo and intensity, driving guitars and beat is superb. Their power cannot be understated., I love it. It's a real punch to the ears.",14,1736759562,IVE_RebelHeart
m6w8d6t,kpop,"Every time IVE releases a song, I get nervous because I’m worried they won’t meet the high expectations they set for the quality of their songs but WOW this one blew me away. Love the chorus",63,1736759669,IVE_RebelHeart
m6w8efc,kpop,"K-pop really needs more full choruses these days, so I'm glad IVE always delivers on that front and their bridge always sound so epic.",4,1736759692,IVE_RebelHeart
m6w8j8o,kpop,"i fully started crying halfway through LOLLLL i love the song honestly, this is a sound and concept that is so IVE at it's core to me and i will always love the way they pull it off. every member shined so well ! <3",21,1736759784,IVE_RebelHeart
m6w8k81,kpop,Only the chorus is catchy...this song is for the elementary school fans of ive. I am much older and more of a love dive/hypnosis/ice queen/reset/holy moly lover so for me its a hard pass. The visuals are great as usual tho. Liz shines once again! She is a rising star of Ive,0,1736759803,IVE_RebelHeart
m6w8l5q,kpop,That’s some truly uplifting sounds. Love it and congrats to IVE.,16,1736759821,IVE_RebelHeart
m6w8n3a,kpop,"THIS ATE AND LEFT N CRUMBS! LIVE,LOVE,LAUGH IVE 



on the side note, this song really touched me. i relate to it sm ![gif](emote|free_emotes_pack|sob)",7,1736759858,IVE_RebelHeart
m6w8q3a,kpop,Congratulations to IVE for being the first entry on my best of 2025 playlist!,11,1736759913,IVE_RebelHeart
m6w8q5k,kpop,"Great bridge and ending chorus. I wish the guitar and production was a little less bright because that with the high vocals takes away some of the power and I think some heavier guitar could strengthen the sound. 

Not my favourite by IVE but I really hope this song does well🙏🙏🙏",6,1736759915,IVE_RebelHeart
m6w8rey,kpop,"As expected IVE always come with a banger✨
All the girls look so gorgeous wow. I can stare at liz, yujin and wony all day and never get bored 😮‍💨

Also I love this concept for IVE 💕 I love female rage 💅😭",2,1736759938,IVE_RebelHeart
m6w9blx,kpop,A bit repetitive but still pretty good. Not my fav IVE track but they continue to release bangers.,20,1736760312,IVE_RebelHeart
m6w9gr0,kpop,yep!! IVE has been doing a lot of those now loll,3,1736760408,IVE_RebelHeart
m6w9y4n,kpop,"I like it, but I'm not crazy about it. It's just alright. Kitsch remains my favorite IVE song.",21,1736760729,IVE_RebelHeart
m6wapch,kpop,I just loving this n the intention to entered IVE to more energetic side is understandable,2,1736761232,IVE_RebelHeart
m6wax0e,kpop,"the instrumental is amazing, i looove the bridge. the mv is genuinely incredible and the girls look beautiful. also, liz has to be one of my fav vocalists of their gen. ive has grown so much on me! looking forward to the album!",19,1736761370,IVE_RebelHeart
m6wb09s,kpop,"Starting off 2025 well! I liked this one. A bit repetitive with the chorus as others were saying, but the prechorus is excellent and verses are very strong. I might get used to with the chanty chorus over time. Love the bridge, too!

Well done, IVE! 🥰",4,1736761429,IVE_RebelHeart
m6we3lm,kpop,"I like it a lot. The MV and bridge are beautiful and the pre-chorus is very catchy, definitely my favorite part! Off to a great new era. To be honest, IVE hasn't disappointed me with a title track so far, they just never miss",4,1736763445,IVE_RebelHeart
m6wgqaj,kpopthoughts,"That being said, I'll drop some of my favorites from each artist. 
1. Blackpink- Lovesick girls , D4 (best from them IMO),  Playing with fire, Shut down, Happiest girl, Sour candy ft. Lady gaga, Kiss and makeup, Whistle, Boombayah, Tally, How you like that, Kill this love, Pretty savage. Their discography is quite short, you can check easily. 
Jennie-solo, Lisa- money, new woman , Jisoo- flower,  Rosé - she just released an album (8.5/ 10)


2. Gidle - Lion, Fate, Blinded eyes red, Queen card, Nxde, Tomboy, Rollie. 


3. Stray kids - God's menu, Maniac, Chk Chk boom. 


4. BTS - Run BTS,  Fake love,  Black Swan. 


5. IVE- Love dive, After like,  Heya, I am


6. New jeans - Ditto,  hype boy, Super shy. 


7. Illit - Cheshire, My world. 


8. Aespa - Black mamba,  Drama, Supernova, Spicy. 
 
9. Itzy - Wannabe, Loco,  Mafia in the morning 


10. Babymonster (Blackpink's junior sisters)  - Like that, Sheesh, Drip,  Click clack,  Billionaire . 


11. Exo - Love shot (my favorite),  Monster,  Rover. 


12. 2NE1 - I'm the best,  Fire. 


13. Twice - Cheer up,  Alcohol free. 


14. Red velvet - Monster, Naughty,  Psycho, Cosmic love, Peek a boo ",1,1736765143,IVE_RebelHeart
m6wgqti,unpopularkpopopinions,"After like is the weakest IVE TT, I can't help but get underwhelmed by the weak writing, not just the lyrics but the composition in general, which doesn't do the instrumental justice at all, as I think that it's one of the best ones in IVE's discography. And I'm not even gonna get to that rap verse.",7,1736765153,IVE_RebelHeart
m6whlzr,kpop,"I've personally never disliked an IVE release they've always been bangers to me like solid on every front (baddie excluded personal taste issue) but this was left me a bit disappointed. like uts still a great song love the change up in their sound here I think its very different than what they've put out before and I like it but idk. it's just not very IVE title track to me. the sound I mean. theme and conceot is obviously the very essence of IVE but sonically and the construction of the song, I feel its lacking a bit.
but again, it's still a song I'll be listening to so it's not bad at all. just could've been better imo!",3,1736765686,IVE_RebelHeart
m6whn06,kpop,"It has elements of what I like in IVE songs (bright vocal tone and uplifting music) but it's IVE on lazy mode. And the ""Rebel in our heart!"" part is extra lazy. The video is very pretty, I just have no interest in hearing the song again.",6,1736765703,IVE_RebelHeart
m6wi0ao,kpop,"That wonyoung part from the mv is really good !!!
This is another good song from Ive !!",9,1736765924,IVE_RebelHeart
m6wluo7,kpop,"It's almost unfair that IVE dropped the song of the year in just the second week of January. 

They've steadily risen to become my favorite girl group, and this video cements them as the most powerful group of their generation—and one of the strongest in the industry's history. 

As an older K-Pop fan who listened to vastly different genres when I was the age of the actors in this video, I'm deeply moved thinking about how meaningful a song like this would have been to my younger self.",4,1736768169,IVE_RebelHeart
m6wt8nb,kpopthoughts,"I feel like this is a classic example of something starting off as a joke in the fandom, new fans believing it to be true and older fans not correcting them or actually telling them that it's all true. I saw this on youtube once, and I thought I never knew a kpop idol who was German, and I followed IVE during debut enough to have heard about this, lol.",50,1736771894,IVE_RebelHeart
m6wysyw,kpop,you have to remember that most of the people who made a fuss about Liz's lines in kitsch were fans of IVE to begin with. the GP who don't know IVE well or are just getting into them wouldn't know or care,9,1736774328,IVE_RebelHeart
m6wzyly,kpop,"Everyone looks beautiful as always.  Liz with the various animals is too freaking cute.  Leeseo (I think?) on the bridge with Liz sounded amazing.  I think everyone sounded vocally really nice on this one.  Off the cuff, it's not my fav by IVE but fun and may become addictive to me after a few listens. I'll find out!",7,1736774806,IVE_RebelHeart
m6x3gx1,kpop,"IVE is finally back! I think Rebel Heart is a fine song. I think it borrows a lot in structure from previous songs like Heya and I Am.

IVE goes for more of an anthem type song this time around. My biggest criticisms on this are that for a song called Rebel Heart it sounds pretty tame and generic. The second problem is with the lyrics in the chorus. They can be very repetitive in a not so good way. Just repeating ""we are rebels in our heart"" can come off kinda cringe. It's a little too on the nose. 

The last chorus with a switch up in the lyrics does a decent job in bringing the song back around.",26,1736776187,IVE_RebelHeart
m6x60ev,kpop,"Even with Baddie’s repetitiveness i still think it has more lyrical variety than Rebel Heart maybe, and I don’t even really like Baddie",9,1736777148,IVE_RebelHeart
m6x80kg,kpop,"the fact that you label my comment as a statement is wild. also, you're making it seem like I argued with others that my opinion is the only correct one, which is not the case, I simply just said Accendio was my favorite song in 2024, and that REBEL HEART is going to be my favorite song of 2025. you should reread my comment, then delete this reply once you understood you're complaining about nothing.",1,1736777890,IVE_RebelHeart
m6x8czw,kpop,I also wouldn’t count your chickens before you’re hatched. There’s other K-pop somgs for sure coming out  you’re missing out the year hasn’t even begun yet and rebel heart is easily for me in the top five so far this is a better comeback than hey ya can we agree to that? ,1,1736778016,IVE_RebelHeart
m6x8nhd,kpop,at least there's something we can agree on. In my opinion Rebel Heart was a better comeback than Heya.,1,1736778121,IVE_RebelHeart
m6xakrw,kpopthoughts,IVE in I am,4,1736778817,IVE_RebelHeart
m6xfdk6,kpop,"Huge IVE fan but this is unbearable, it's like staring at wallpaper, theres nothing here, I'm so disappointed",3,1736780469,IVE_RebelHeart
m6xhe9a,kpop,"Not only ive fans but non-stan kpop stans in general. Do you know how many bandwagon liz and gaeul stans there are due to their “mistreatment” and lack of lines? Idk if Gaeul stans are as loud but I imagine this will make noise in a few spaces due to the constant fact Gaeul has little lines. Nothing wrong to admit some things starship does are for promotional purposes. It gets people talking, making noise. 

Icb yall are downvoting me just for that 💀 The amount of noise the Liz and Kistch situation and the Love Dive Gaeul situation has among nonstans was astoundingly loud.",1,1736781144,IVE_RebelHeart
m6xkngk,kpop,I had thought this same thing last comeback and Love Dive and I AM were in my top 2 SOTY the past years but honestly Rebel Heart was phenomenal for me on first listen and I have a feeling it's going to have a similar kind of longevity in my streaming this year.,6,1736782190,IVE_RebelHeart
m6xkvm5,kpop,"sadly, this is like the third song or so in a row that I don't like from IVE ):. I wouldn't call myself a DIVE, but I like the group well enough (Off the Record is just <3) and am hoping to enjoy these songs. The last couple of tracks (Heya, this one, another one I don't remember) all feel like they're designed around being played on like a festival or sth. With the strong chanting, simplistic lines and so on. This is probably great fun at Coachella, but it's just not something I would want to listen too often on my own.

  
Hope they have great success with it anyway!",2,1736782261,IVE_RebelHeart
m6xl92r,kpop,"All IVE does is release bangers

Another one added to my playlist",4,1736782378,IVE_RebelHeart
m6xlbp8,kpop,"The song definitely has that anthemic vibe and the visuals are stunning. However, I agree that the chorus could have used more depth. It feels a bit repetitive for a title track. I'm all in for IVE's growth though, and I can't wait to see how this evolves with more listens. The bridge really stands out, and I'm hopeful the upcoming album will showcase more of their lyrical potential.",7,1736782402,IVE_RebelHeart
m6xngsd,kpopthoughts,"I think they haven’t been mass attacked for their vocals and stage presence because their team did a good job giving them songs within their range and a concept that allowed for them to dance casually. They’re not much better vocalists than LSF, IVE, or Itzy by any significant margin.",0,1736783064,IVE_RebelHeart
m6y7gmw,kpopthoughts,"Yes thats very true and just their own cultural and societal practices 

But there’s also very vocal stans who grasp at anything to claim an idol as “theirs”. I see it mostly with American/Canadian stans. People are very weird about Wonyoung living in Atlanta..the amount of people being like “oh she’s so Atlanta/America coded” like how??? Same thing with Vernon too and people even try that with Mark. 

I remember Mark joking that people keep asking him for Toronto recs and he hasn’t lived in Toronto since he was a child and only lived there for a few years anyway so he never knows what to say 

Fans just want to feel a sense of closeness and connection with the “foreign idol” and don’t realize that person hasn’t lived there for years and is no longer immersed in that culture.",3,1736789004,IVE_RebelHeart
m6y9oj5,kpop,"I love this ngl, the last time i felt this way about an IVE song was I AM, and I’m a big dive 😂 looking forward to the new ep!",3,1736789644,IVE_RebelHeart
m6yaulr,kpopthoughts,This is actually interesting strategy because I feel Rebel heart could actually be much better song if vocals were better directed in hook parts. It's like Starship campaign admit what song is lacking so it's interesting.,7,1736789980,IVE_RebelHeart
m6ye8gm,kpop,"Same! I loved I AM but did not really vibe with their releases after them. After listening to Rebel Heart, I feel similar to when i first listened to I AM, kinda an in awe feeling and i love it! It’s the first IVE song i added to my playlist in a long time 😂",2,1736790950,IVE_RebelHeart
m6yfmrp,kpopthoughts,"There's another one by [Kimboa](https://x.com/iveuniverse/status/1878766880925847579). 

I think it's really cool and innovative on Starship's part rather than the usual tiktok dance challenge. 

My faves are 10 cm, Soran and Yudabin. Especially Yudabin because of the strong vocals. I hope to see more band and vocal covers and hope IVE would promote on music shows with a live band. At least for 1 or 2 music shows.",11,1736791352,IVE_RebelHeart
m6ygwen,kpop,"I don't know, I just find it tremendously sad that NewJeans are wasting what could be their peak years in the SK industry embroiled in legal battles.

I looked up what some girl groups released last year and:

|2024|Album|EPs|Single Albums|Japanese Singles|Total Songs (not counting remixes, Japanese and English versions, etc)|
:--|--:|--:|--:|--:|--:|
|NewJeans|0|0|2|0|4|
|LE SSERAFIM|0|2|0|1|11|
|ILLIT|0|2|0|0|9|
|aespa|1|1|1|0|20|
|IVE|0|1|0|2|8|

The other groups are building up their discography, taking their artistry to the next level and they are just stuck.",109,1736791724,IVE_RebelHeart
m6yzqu1,kpop,It's probably not even IVE song of the year. At least I hope not.,7,1736797178,IVE_RebelHeart
m6z2v9b,kpop,"Okay, this music video made me tear up 😭

I just. WOW.

I have no words.

WONYOUNG IN A WEDDING DRESS SAYING ""YOU CAN LOVE ME"" AND THEN ""YOU CAN HATE ME"" AND THE PLAYGROUND BEHIND HER CATCHES ON FIRE AND WE SEE HER CRY???

YUJIN DANCING SO PASSIONATELY IN FRONT OF THE CAR AND THAT LEVEL OF EMOTIONAL ACTING?!?!

LEESEO BEING A REBEL STUDENT WITH PINK HAIR??? ALSO THE EMOTION SHE SHOWED???!!!

REIIIII WITH THAT MAKEUP AND OUTFIT WOW

LIZ WITH THE ANIMALS AND THAT STYLING!

GAEUL WITH THE STYLING AND UMBRELLA ON THAT SET

Okay, so maybe I do have words!!! Just!!! Wow!!! And the song is SOOOOOOOOOO IVE-coded, I love it!",2,1736798077,IVE_RebelHeart
m6z45tj,kpop,"Think it's also worth noting that Le Sserafim, IVE and to some part Aespa have played around with different sounds in 2024, while NJ (at least to me) been sounding the same since debut. Also Illit with their last EP really showed what their style is, think it's a more refined sound to their debut EP, very playful and (to me) very anime.",84,1736798450,IVE_RebelHeart
m6znrhy,kpop,They've paid for the sample. Pharrell is not credit as producer.  just like IVE paid to  sample  I Will Survive for After Like,14,1736804167,IVE_RebelHeart
m6zyad3,kpop,"IVE's discography is so hit or miss for me and I haven't been enjoying their latest releases much, but I really dig this. Very catchy.",0,1736807312,IVE_RebelHeart
m70gnru,kpop,Very average and forgettable for me. It’s been a while now since IVE songs had that special spark. Maybe next comeback.,5,1736813331,IVE_RebelHeart
m70i1jb,kpop,"This sub likes to perpetuate the ""favouritism"" narrative for IVE so I doubt this will be taken well but Gaeul doesn't hold her own vocally. After Liz and Yujin, Wonyoung tends to be the most consistent, with Leeseo lately outpacing her in some performances, and Rei delivering some good lines but occasionally being off pitch or quieter than the backing track. 

Gaeul lags behind the rest when it comes to vocal consistency and projection. And there's nothing wrong with that because she shines in plenty of other ways, just like how the other members that aren't as phenomenal in dancing the way Gaeul is have their other strengths they can rely on.

Personally she caught my eye a bunch in this MV so I don't understand the narrative that she was done dirty, she's always magnetic on screen. But I'm also not that fussed about line distribution so 🤷",11,1736813794,IVE_RebelHeart
m70nb12,kpopthoughts,"From the groups I stan Jiyoon from IZNA, Liz from IVE, and Xinyu from tripleS.",11,1736815546,IVE_RebelHeart
m70vwa5,kpop,"Note: Some people submitted the incorrect format ""Song - Artist"" (ie. Supernova - aespa, when it should be aespa - Supernova), and I don't have enough time to fix people's mistakes for them, so I deleted them. Make sure to use the proper formatting according to the posts so that your vote counts.


----------

Full results:

|Rank|Title|Points|Voters|#1s|
|:-|:-|:-|:-|:-|:-|
|1|Red Velvet - Cosmic|544|28|0|
|2|ARTMS - Birth|484|25|5|
|3|aespa - Supernova|456|26|1|
|4|aespa - Whiplash|441|26|2|
|5|IU - Love Wins All|431|22|7|
|6|IVE - Heya|385|24|4|
|7|aespa - Armageddon|383|21|1|
|8|tripleS - Girls Never Die|350|24|1|
|9|LE SSERAFIM - Crazy|344|20|2|
|10|IVE - Accendio|333|18|0|
|11|ARTMS - Virtual Angel|291|14|4|
|12|XG - Howling|240|13|4|
|13|ITZY - Imaginary Friend|239|14|1|
|14|RM - Lost!|237|13|3|
|15|Kiss of Life - Midas Touch|236|18|0|
|16|(G)I-DLE - Wife|226|15|1|
|17|ATEEZ - Ice On My Teeth|216|13|3|
|18|Young Posse - Ate That|212|15|1|
|19|ATEEZ - Work|211|15|0|
|20|Rosé & Bruno Mars - APT.|203|13|0|
|21|XG - Woke Up|192|13|0|
|22|(G)I-DLE - Super Lady|182|12|0|
|23|Yena - Nemonemo|181|14|1|
|24|NMIXX - Dash|173|13|0|
|25|(G)I-DLE - Revenge|157|8|0|
|26|BIBI - Derre|155|8|0|
|27|Taeyong - Tap|155|9|0|
|28|Yves - Viola|151|10|0|
|29|Chuu - Strawberry Rush|144|9|0|
|30|P1Harmony - Killin' It|135|11|1|
|31|Twice - I Got You|135|10|0|
|32|AKMU - Hero|132|9|0|
|33|Young Posse - XXL|132|9|0|
|34|Seventeen - Spell|130|9|0|
|35|RIIZE - Love 119|121|7|1|
|36|TWICE - Strategy (feat. Megan Thee Stallion)|115|10|0|
|37|IU - Shh..|113|6|1|
|38|82Major - Stuck|109|7|0|
|39|BOYNEXTDOOR - Earth, Wind, & Fire|106|8|0|
|40|NewJeans - Bubble Gum|106|7|0|
|41|NewJeans - Supernatural|106|8|0|
|42|NewJeans - Right Now|104|5|0|
|43|G Dragon - Power|103|8|0|
|44|NCT 127 - Walk|103|8|0|
|45|RM - Come back to me|98|5|1|
|46|Lisa - New Woman (feat. Rosalia)|98|6|1|
|47|RM - Come Back to Me|98|5|1|
|48|Enhypen - No Doubt|95|6|1|
|49|Dreamcatcher - Justice|92|6|1|
|50|ILLIT - Cherish (My Love)|92|6|0|
|51|ICHILLIN' - Demigod|90|5|0|
|52|Key - Pleasure Shop|90|7|0|
|53|Seventeen - LALALI|90|6|1|
|54|ARTMS - Virtual Angel (Human Eye Ver.)|89|5|1|
|55|K.Will - No Sad Song for My Broken Heart|89|5|0|
|56|TWS - Last Festival|86|5|0|
|57|XG - Something Ain’t Right|86|6|0|
|58|Everglow - Zombie|84|8|0|
|59|BOYNEXTDOOR - Dangerous|82|8|0|
|60|Enhypen - Brought The Heat Back|82|6|1|
|61|Seventeen - Maestro|81|6|0|
|62|Jaehyun - Smoke|79|6|0|
|63|XG - IYKYK|79|5|0|
|64|Yena - Good Morning|78|6|0|
|65|LE SSERAFIM - Easy|77|4|0|
|66|Kiss of Life - Sticky|76|6|1|
|67|Yuqi - Freak|76|5|0|
|68|Wendy - Wish You Hell|75|5|0|
|69|DAY6 - Welcome to the Show|74|5|1|
|70|LE SSERAFIM - Good Bones|73|4|0|
|71|Taeyeon - Heaven|71|5|0|
|72|IU - Holssi|70|4|1|
|73|TXT - Deja Vu|70|5|0|
|74|Billlie - remembrance candy|69|4|0|
|75|Jaehyun - Unconditional|69|5|0|
|76|NewJeans - How Sweet|69|4|0|
|77|Billlie - Trampoline|68|6|0|
|78|aespa - Hot Mess|67|5|0|
|79|DPR IAN - Saint|67|4|0|
|80|Holland - Bitch He's Mine|67|6|1|
|81|RIIZE - Boom Boom Bass|67|3|0|
|82|Loossemble - TTYL|63|5|0|
|83|Ten - Nightwalker|63|7|0|
|84|V - FRI(END)S|62|5|0|
|85|Lisa - Rockstar|62|4|0|
|86|ILLIT - Magnetic|59|6|0|
|87|The Boyz - Nectar|59|3|0|
|88|TWS - Plot Twist|59|3|0|
|89|RM - Groin|58|3|0|
|90|D.O. - Popcorn|56|3|0|
|91|WayV - High Five|55|5|0|
|92|NMIXX - Love Is Lonely|54|3|1|
|93|Taeyeon - Letter To Myself|54|4|0|
|94|ITZY - Untouchable|53|3|1|
|95|Babymonster - Sheesh|52|4|1|
|96|NCT Dream - Smoothie|52|4|0|
|97|Babymonster - Drip|50|4|0|
|98|MCND - A.D.D.D|50|3|0|
|99|Illit - Tick-Tack|49|4|0|
|100|Nayeon - ABCD|49|5|0|
|101|The Wind - Hello, My First Love|49|3|0|
|102|Twice - One Spark|49|3|0|
|103|IU - Shopper|45|4|0|
|104|NCT Wish - Steady|44|3|0|
|105|RESCENE - Pinball|44|4|0|
|106|Rescene - Pinball|44|4|0|
|107|NMIXX - Sickuhh (feat. Kid Milli)|43|2|0|
|108|Solar - Colors|43|2|0|
|109|BIBI - Bam Yang Gang|42|5|0|
|110|ONF - Bye My Monster|42|2|0|
|111|STAYC - GPT|42|4|0|
|112|BamBam - Last Parade|41|2|0|
|113|Hyolyn - Wait|41|3|0|
|114|Babymonster - Forever|40|2|0|
|115|Cravity - Love or Die|40|2|0|
|116|Epik High - Michelin cypher|40|2|0|
|117|LEE CHANHYUK - 1 Trillion|40|2|0|
|118|Oh My Girl - Classified|40|3|0|
|119|Babymonster - Clik Clak|39|3|0|
|120|Chungha - Eenie Meenie|39|2|0|
|121|Babymonster - Stuck In The Middle|38|4|0|
|122|ITZY - Mr Vampire|38|2|0|
|123|LE SSERAFIM - Smart|38|3|0|
|124|Illit - Lucky Girl Syndrome|36|2|0|
|125|NMIXX - Run For Roses|36|2|0|
|126|NMIXX - See that?|36|4|0|
|127|ONEWE - Beautiful Ashes|36|3|0|
|128|QWER - Fake Idol|36|3|0|
|129|Rescene - UhUh|36|2|0|
|130|Solar - But I|35|2|0|
|131|WayV - Give Me That|34|3|0|
|132|Younha - Sunfish|34|2|0|
|133|Baekhyun - Pineapple Slice|33|2|0|
|134|Kwon Eunbi - Sabotage|33|3|0|
|135|Lucy - The knight who can't die and the silk cradle|33|4|0|
|136|Seventeen - Love, Money, Fame|33|2|0|
|137|Stray Kids (Lee Know) - Youth|32|3|0|
|138|BOYNEXTDOOR - Nice Guy|31|2|0|
|139|Nomad - Automatic|31|2|0|
|140|Stray Kids - Chk Chk Boom|31|4|0|
|141|TWS - If I’m S, Can You Be My N?|31|2|0|
|142|Jennie - Mantra|30|2|0|
|143|Rosé - toxic till the end|30|2|0|
|144|tripleS - Hit the Floor|30|2|0|
|145|H1-Key - Let It Burn|29|2|0|
|146|The Boyz - Trigger|29|4|0|
|147|BAE173 - Fifty Fifty|28|2|0|
|148|P1Harmony - Sad Song|28|2|0|
|149|Loossemble - Girls’ Night|27|2|0|
|150|QWER - T.B.H.|27|3|0|
|151|TXT - Over The Moon|27|3|0|
|152|BIBI - Sugar Rush|26|2|0|
|153|Doyoung - Little Light|26|2|0|
|154|aespa - Regret of the Past \[2024 aespa remake ver\]|25|1|1|
|155|EPEX - Universe|25|2|0|
|156|Jay Park - McNasty|25|1|1|
|157|Jeong Inseong (KNK) - First Time Back Then|25|1|1|
|158|Trendz - Glow |25|1|1|
|159|UNIS - Curious|25|1|1|
|160|Xdinary Heroes - iNSTEAD!|25|2|0|",13,1736818375,IVE_RebelHeart
m70wok9,kpopthoughts,I think “Off the Record” by IVE would be a good survival show song because it is sneakily hard to sing.,11,1736818631,IVE_RebelHeart
m713yob,kpop,"Nevermind. Its crisp.

IVE music gets better with every listen. Voodoo sauce.",1,1736820967,IVE_RebelHeart
m71fgxs,kpopthoughts,"That ranking is based on overall monetary $$. And frankly, I don't take information like that at face value.Touring for Western artists in Europe for example, it's like doing 40 shows. It's insane...We are lucky if K-pop groups do even 10. 

& Let's be honest, no person in their right mind would say UK & Germany are more important than Korea & China for kpop, even though they are further down the ranking. Imagine if mainland China was open for touring. Before the ban I remember Bigbang doing fanmeetings in stadiums in multiple cities across China. But even with the ban you still got Chinese fans carrying the album sales. That's why you see groups like IVE & GIDLE topping the GG sales album chart . Not Kiss of Life. The latter does not have a hardcore Chinese fandom.",14,1736824720,IVE_RebelHeart
m71gzis,kpopthoughts,"NewJeans is one of the most popular artist for people under the ages of 40 according to Gallup Korea's poll. IVE also made it to the top5 2 years before Aespa eventhough they had one of the biggest hit in 2021. It's same pattern with Twice making it into Top5 in 2016 while BP only entered Top5 in 2020 despite having one of the biggest debut at the time.

Rather than puting people off, it looks more like having a younger image has only benefited idol groups by helping them become very popular in a very short amount of time. 

There is also another poll that showed that there are significant drops in the percentage of people that would call themselves idol fans as they go up in age. Studies have also shown that people stop listening to new music around their early 30's.

So for companies, it's better to have their idols debut when they are the most effective at gaining fans and also to aim for consumers when they are still young so that they become lifelong fans before they reach the age where they stop listening to new music,",4,1736825252,IVE_RebelHeart
m71hdl3,kpopthoughts,"I think it’s difficult to compare the two groups because they were popular in different ways. Izone was pretty mainstream in popularity for SK+Japan, and Zerobaseone seems to be more popular globally. 

The fate of the members heavily depends on their companies and how willing the current fans are in supporting them in the initial stages of the next chapter. 

There’s a high chance that Zerobaseone will disband altogether. Yuehua has four members in the group with two others currently in Evnne (which will disband a few months prior). They have a high potential of debuting a boy group version of IVE, especially looking at their success with promoting Yena after izone. 

As someone who’s not a part of the fandom but followed Boys Planet, I’m really hoping that Yuehua will scout one or two more members (I absolutely need Hanbin and Hao to stay together😭). 

If not, my predictions are:

- Zhang Hao+Yujin+Gyuvin+Ricky will debut in new Yuehua bg

- Matthew will debut as a kpop soloist (like Chungha who was in the same company)

- Taerae will debut as a soloist but focus on ballads/OSTs and become a radio DJ (kind of like Kim Jaehwan)

- Jiwoong will focus on his acting career

- Gunwook will probably debut in a new Jellyfish bg

- Hanbin is a wild card — I have a feeling that he’ll leave his current company and get scouted by another one (kind of like how Chaewon got scouted by HYBE)",14,1736825394,IVE_RebelHeart
m71kvtd,kpop,"IVE are starting the year out *strong*! A few listens in and I'm immersed in Rebel Heart. 😍 Loving the video and concept! Everything's fabulous. Will be anticipating the next title track, soon. ❤",3,1736826661,IVE_RebelHeart
m72grlb,kpopthoughts,It wasn't about what he said; it is rude to not reply a greeting. It is that fans thought it fit start speculating which group it was and then zeroed in on IVE as the group he was referring to and then proceeding to bully them.,2,1736842754,IVE_RebelHeart
m73b7ay,kpop,"🤔

Oh... seems to be like they made a more involved choreo? And Rebel Heart is only the pre-release. The actual title track is yet to release.

Also, Wonyoung at the end. Gorgeous and then immediately cute af.",47,1736860124,IVE_RebelHeart
m73bebo,kpop,"I like the song in general particularly the bridge and the ‘you will never be never be never be me’ line while I find the ‘we are rebels in our heart’ part is not as catchy and less meaningful which is a shame since it’s used on repeat. They do this a lot in their songs and it never bothered me before but I think they didn’t change it up enough and it wasn’t as well done as in their other songs. Other than that very happy with the song, this would be amazing for a live performance or concert!

I’m trying to stream the MV as much as possible but it’s not my cup of tea. I love visually dynamic ones like eleven and love dive. However I saw alot of people praising it for being cinematic. But even if you look at baby monster who usually gets a lot of views, ‘love in my heart’ MV has a similar vibe to ‘rebel heart’ MB and has nowhere near the number of views as their other MVs bc I think it’s not as visually interesting.",1,1736860203,IVE_RebelHeart
m73cvjv,kpop,IVE is always a visual treat,28,1736860797,IVE_RebelHeart
m73riok,kpop,Liz’s outfit is giving Love Dive omg took me right back,9,1736866148,IVE_RebelHeart
m73xnrs,kpop,"Is it me or did they suddenly get much better at performing? :))

I thought rebel heart isn't my cup of tea and was just gonna wait for the album, but the performance is SO GOOD",5,1736868134,IVE_RebelHeart
m740wn7,kpop,"1. One Pact - fallin'
2. NCT 127 - Walk
3. P1Harmony - Killin' It
4. NCT DREAM - Dreamscape
5. The Boyz - Trigger
6. Billlie - Of All We Have Lost
7. NCT DREAM - Dream()scape
8. NMIXX - Fe3O4: Break
9. Yuta - Depth
10. ARTMS - <DALL>
11. Itzy - Gold
12. Hui - Whu Is Me: Complex
13. Xdinary Heroes - Troubleshooting
14. Minho - Call Back
15. Young Posse - XXL
16. aespa - Whiplash
17. tripleS - Visionary Vision <Performante>
18. Irene - Like A Flower
19. Chanyeol - Black Out
20. Baekhyun - Hello, World
21. IVE - IVE SWITCH
22. Xdinary Heroes - LIVE and FALL
23. Stray Kids - ATE
24. ATEEZ - Golden Hour Pt. 1
25. Yugyeom - Trust Me",5,1736869149,IVE_RebelHeart
m74111y,kpop,"1. ARTMS - Dall
2. NMIXX - Fe3O4: Break
3. Sumin & Slom - Miniseries 2 
4. Peggy Gou - I Hear You
5. Doyoung - Youth 
6. Hyukoh & Sunset Rollercoaster - AAA
7. Jaehyun - J 
8. tripleS - Assemble24
9. NCT 127 - Walk
10. Aespa - Whiplash
11. Riize - Riizing
12. Rescene - Scenedrome
13. Younha - Growth Theory
14. Unicode - Hello World: Code J EP.1
15. ILLIT - I’ll Like You
16. Billlie - Of All We Have Lost 
17. Kim A Reum - Retro Wave
18. IU - The Winning
19. Le Sserafim - Crazy
20. Aespa - Synk: Parallel Line
21. Yves - I Did
22. ZEROBASEONE - Cinema Paradise
23. I-Rohm - Usually
24. Loossemble - TTYL
25. IVE - IVE Switch",7,1736869186,IVE_RebelHeart
m744odk,kpop,"1. dress - How Deep Is Your Love
2. NMIXX - Fe304: BREAK
3. NCT 127 - Walk
4. Loossemble - One Of A Kind
5. Purple Kiss - BXX
6. Fantasy Boys - Make Sunshine
7. LE SSERAFIM - Easy
8. Younha - Growth Theory
9. Cha Eunwoo - ENTITY
10. IVE - IVE SWITCH
11. Taeyong - Tap
12. WayV - Give Me That
13. EVNNE - UN:SEEN
14. Yves - I Did
15. Jaehyun - J
16. Kep1er - Kep1going On
17. H1-Key - Love or Hate
18. VANNER - Burn
19. B1A4 - Connect
20. BOYNEXTDOOR - HOW?
21. TWS - Sparkling Blue
22. ILLIT - Super Real Me
23. Yena - Good Morning
24. tripleS - Assemble24
25. RESCENE - SCENEDROME",12,1736870289,IVE_RebelHeart
m749uru,kpop,"Bit of a shame that the choreo’s so mellow for a song that’s all about being a rebel. Would’ve expected something a little punchier, but then again, this is IVE and they’re not exactly known for having dynamic choreo.

Song’s growing on me, though, and really love the styling here!",13,1736871856,IVE_RebelHeart
m74d8u7,kpop,"1. ARTMS - Dall 
2. Doyoung - Youth 
3. ONEWE - Planet Nine : ISOTROPY 
4. Red Velvet - Cosmic 
5. IU - The Winning 
6. ILLIT - SUPER REAL ME 
7. CRAVITY - EVERSHINE 
8. P1Harmony - Killin’ It 
9. Xdinary Heroes - Troubleshooting 
10. TAN - W SERIES '3TAN' (WORLD Ver.) 
11. QWER - MANITO 
12. RM - Right Place, Wrong Person 
13. Soojin - Rizz 
14. ALL(H)OURS - WITNESS 
15. (G)I-DLE - 2 
16. IVE - IVE SWITCH",6,1736872868,IVE_RebelHeart
m74pdh1,kpop,"I absolutely love this choreo‼️ it feel elegant, yet somber and POWERFUL ugh I’m ready for IVE Empathy and this has me so excited for their music show stages!!!🤩",6,1736876410,IVE_RebelHeart
m74zu4l,kpop,"It takes a few more listens imo

The payoff takes time with IVE music.  Lots of details and layering.  It is magical.",1,1736879414,IVE_RebelHeart
m7519dv,kpop,"There are similar elements. Like inverse revving. But its also different enough

Iam has a darker tint at its base sound.

Rebel Heart has a poppier tint at its base sound.   Very undark unlike their recent tracks.   Its like the producers thought.... how can I morph Eleven and Iam together. Or Kitsch and Iam together.   Someone else mentioned 
... that there is some Either Way nostalgia element in it also.",1,1736879828,IVE_RebelHeart
m754s51,kpop,"1. NCT 127 - Walk
2. NMIXX - Fe3O4: Break
3. JAEHYUN - J
4. IVE - IVE SWITCH
5. Yves - I Did
6. NMIXX - Fe3O4: Stick Out
7. aespa - Armageddon
8. Baekhyun - Hello, World
9. ZEROBASEONE - Cinema Paradise
10. Key - Pleasure Shop
11. Yuta - Depth
12. aespa - Synk: Parallel
13. ITZY - BORN TO BE
14. aespa - Whiplash
15. TEN - TEN
16. JAY B - Archive 1: \[Road Runner\]
17. ARTMS - <Dall>
18. Taeyong - Tap
19. tripleS - ASSEMBLE24
20. WayV - Give Me That",2,1736880840,IVE_RebelHeart
m758oz5,kpopthoughts,"I thought it was good and it had a good message. It reminded me in a good way of both Butterfly and So What? by Loona, but done in IVE's style. I enjoyed the chorus and visuals.",2,1736881975,IVE_RebelHeart
m7598of,kpopthoughts,"This is the weakest IVE tt imo it just sounds like a worse version of I Am. Heya and Accendio were really good and I was hoping for them to follow those up with something strong, but Rebel Heart ain’t it.",16,1736882134,IVE_RebelHeart
m75a0bv,kpopthoughts,"Is this a title track or just a prerelease? Because from the first listen, it sounds more like a b-side track than a title track. I feel like IVE’s title tracks have always had more oomph in the past. But I didn’t feel it on this one.",13,1736882357,IVE_RebelHeart
m75b4vc,kpopthoughts,"I like the song! The lyrics are very sweet and its fun to sing along to. I'm excited to see what the TT will be and what the styling will be like for the stages, it would be cool to see something like what Rei wore in the mv. 

The mv itself is decent to me, it serves the song... I think some prior IVE mvs have had cooler concepts like Accendio and Off the Record. I personally wish the mv had more scenes with the outfits in the thumbnail and concept pics, cause I feel otherwise its hard to discern what the styling aesthetic is meant to be (all their individual scenes are pretty different from what another)... stuff like Kitsch or I Am had really well established, easy to grasp styling in comparison",9,1736882683,IVE_RebelHeart
m75dorr,kpop,"Ahh I see. So that Accendio, Love Dive... sound is more your vibe.

Its kind of Red Velvet I guess. IVE has got different music tastes covered.",2,1736883429,IVE_RebelHeart
m75fwob,kpop,"1. ARTMS - <Dall>
2. aepsa - Whiplash
3. tripleS - <ASSEMBLE24>
4. KEY - Pleasure Shop
5. Loossemble - TTYL
6. Yena - GOOD MORNING
7. aespa - Armageddon
8. Red Velvet - Cosmic
9. Taemin - ETERNAL
10. RESCENE - SCENEDROME
11. tripleS - Visionary Vision <Performante>
12. NCT 127 - Walk
13. LE SSERAFIM - CRAZY
14. Minho - CALL BACK
15. IVE - IVE SWITCH
16. PRIMROSE - Steal Heart
17. NCT Dream - DREAM()SCAPE
18. ITZY - BORN TO BE
19. Young Posse - ATE THAT EP
20. Billlie - Of All We Have Lost",5,1736884076,IVE_RebelHeart
m75gcgy,kpop,"1. Billlie - Of All We Have Lost
2. Xdinary Heroes - LIVE and FALL
3. IVE - IVE SWITCH
4. tripleS - <ASSEMBLE24>
5. ITZY - BORN TO BE
6. IRENE - Like A Flower
7. Kep1er - Kep1going On 
8. Red Velvet - Cosmic
9. TWICE - STRATEGY
10. aespa - Armageddon 
11. ILLIT - I’LL LIKE YOU
12. H1-KEY - LOVE or HATE",3,1736884201,IVE_RebelHeart
m75gfa1,kpopthoughts,"Pretty average song, didn’t stick with me. Nowhere near the quality of their songs from their first couple years for me. For a while it felt like IVE would just always have amazing title tracks and pre-releases but Starship seems to have run out of steam pretty early.",33,1736884223,IVE_RebelHeart
m75jrwx,kpopthoughts,"It's a great song, a step up from baddie/heya/crush for me! 

Starship seems to have lost that X-factor that made the early IVE songs 10/10, but hopefully we get some of that for the title track!",6,1736885192,IVE_RebelHeart
m75l5pv,kpopthoughts,"It made me seriously consider flying out to Paris to catch them in Lollapalooza.. it's the kind of song that suits a concert so well


I like it.. not my top 5 IVE songs.. however, it's in my top 5 lyrics


It's very IVE sounding, though.. so it's what I was expecting from this cb. Can't wait for the whole album",16,1736885593,IVE_RebelHeart
m75mi8z,kpop,"Love it. It's I AM mixed in with the anthemic quality of SNSD's Forever 1 and I love both songs so much, so this really hits and feels kind of appropriate for a song being released at the start of the year. The styling this comeback is impeccable, too, though I wish we got to see more of that last wintry outfit. 

My only complaint is the same complaint I always have, which is where's Liz in the MV and where's Gaeul in both the MV and the song itself? As much as I love that Liz got to cuddle up with guinea pigs and lizards (bearded dragon? idk), she was the only member that didn't have a solo outdoor scene, unlike literally every other member. Still happy she got to have her animal moment, like Jennie from BP with capybaras in the Ice Cream video, but this part of the IVE formula will always irk me.",1,1736885986,IVE_RebelHeart
m75q52t,kpop,"1. Aespa - Armageddon
2. ARTMS - Dall
3. NMIXX - Fe304: Break 
4. Yves - I Did
5. Aespa - Whiplash
6. tripleS - Assemble24
7. ITZY - Born To Be
8. IVE - IVE Switch
9. Loossemble - One of a Kind
10. Taeyeon - Letter to Myself",3,1736887195,IVE_RebelHeart
m75qqoe,kpopthoughts,I’m shocked that people don’t like it. I find the song very catchy with a build-up to a great final chorus. It’s my favourite release from IVE in a while.,29,1736887459,IVE_RebelHeart
m75v56w,kpopthoughts,"IVE didn’t have music show wins with their last release because SVT had a comeback at the same time. It’s not about the quality of the release, Heya peaked at number two on the charts (it was blocked by Spot by Zico/ Jennie) and had better stats than Baddie did, but music shows award points for physical sales and SVT has like four times as many sales as IVE did.",16,1736889021,IVE_RebelHeart
m75xeh7,kpop,"Is this out of nowhere?

IVE vs Jisoo again? 

Oh boy",0,1736889696,IVE_RebelHeart
m7628lq,kpop,"1. ARTMS - Dall  
2. Red Velvet - Cosmic  
3. Kep1er - Kep1going on  
4. Yerin - Rewrite  
5. tripleS Visionary Vision - Performante  
6. ONEW - Flow  
7. RESCENE - Scenedrome  
8. IVE - IVE SWITCH  
9. Ten - TEN  
10. tripleS - ASSEMBLE24  
11. Kep1er - Tipi-Tap  
12. PRIMROSE - Steal heart  
13. Yves - I did  
14. Kiss of life - Lose yourself  
15. PURPLE KISS - BXX  
16. ILLIT - SUPER REAL ME  
17. Loossemble - One of a kind  
18. Soojin - Rizz  
19. Key - Pleasure shop  
20. TWICE - With YOU-th  
21. Taeyong - TAP  
22. EVNNE - Un: SEEN  
23. Wendy - Wish You Hell
24. CRAVITY - Evershine  
25. Minho - Call back",3,1736891115,IVE_RebelHeart
m76aqqe,kpopthoughts,"Damn, it’s usually a sign that I will probably like the song. Aespa - Supernova, NMIXX - Tank & Sickuhh, Chaeyeon - Hush Rush, and YooA - Selfish. Also IVE - Heya but i dont think that had the producer tag.",22,1736893644,IVE_RebelHeart
m76bqa1,kpop,"1. TXT - minisode 3: TOMORROW
2. aespa - Armageddon
3. LE SSERAFIM - CRAZY
4. TXT - The Star Chapter: SANCTUARY
5. ILLIT - SUPER REAL ME 
6. IVE - IVE SWITCH
7. RIIZE - RIIZING
8. Red Velvet - Cosmic
9. Loossemble - One Of A Kind
10. TAEYEON - Letter To Myself
11. CRAVITY - EVERSHINE
12. D.O. - BLOSSOM
13. ROSÉ - rosie
14. KANGDANIEL - ACT",1,1736893944,IVE_RebelHeart
m76bs1r,kpopthoughts,"I'll say the high pitched kettle sound Love Dive IVE, the bird noise Kitsch IVE, and the flute Stickers NCT127",7,1736893959,IVE_RebelHeart
m76gqg9,kpopthoughts,"At their best (imo), IVE is a group that creates a lot of intrigue.  Eleven, Love Dive, and After Like specifically all really excelled in drawing the viewer in and inviting them to take a deep dive beyond the surface.  Their posh concept creates a kind of unattainability that also helps accentuate this, but there are some releases that kind of lose the plot and stray from that - Rebel Heart being one of them.

Maybe I’m jumping the gun on this, but I feel like IVE’s creative team has been having a bit of an identity crisis with them in lieu of the impact of NewJeans shifting an image of naturalness and attainability into public favor.  This directly contrasts with IVE’s initial portrayals of intrigue, mystery, and unattainability.  TBH I have no idea how they can resolve this dilemma for themselves, but it’s just something I’ve noticed happen as time has gone on and their releases seem to have become less artistically consistent.",16,1736895509,IVE_RebelHeart
m76tjv8,kpop,"1. Red Velvet - Cosmic
2. LOOSSEMBLE - TTYL
3. NMIXX - Fe3O4: BREAK
4. TWICE - STRATEGY
5. ITZY - BORN TO BE
6. STAYC - Metamorphic
7. NCT 127 - WALK
8. IVE - IVE SWITCH
9. ONF - Beautiful Shadow
10. Billlie - Of All We Have Lost
11. TripleS - ASSEMBLE24
12. TripleS - Visionary Vision
13. (G)I-DLE - 2
14. ARTMS - Dall
15. Doyoung - YOUTH
16. TWICE - With YOU-th
17. VIVIZ - VOYAGE
18. ILLIT - SUPER REAL ME
19. aespa - SYNK: PARALLEL LINE
20. Kep1er - TIPI-TAP
21. ILLIT - I'LL LIKE YOU
22. Xdinary Heroes - Troubleshooting
23. SUMIN - MINISERIES 2
24. QWER - MANITO
25. AKMU - Love Episode",3,1736899752,IVE_RebelHeart
m76v6hx,kpopthoughts,"I like the song a lot. I'm a huge sucker for chant vocals. I like the beat changes in the ""Na, na, na"" and bridge sections. The chorus works for the song. I'm much more interested in the album after hearing the song and seeing where it goes from here.


I'm most interested in finding out what the album will sound like. IVE's music has been all about them, and 'IVE Empathy' may end up diverging from that concept. I wonder if it will be less about ""us (IVE)"" and more about ""us (IVE and me/you)"".


I didn't really care too much for the choreography, but the song is great. I'm sure I'll be listening to it a lot this year.",7,1736900293,IVE_RebelHeart
m76za4v,kpop,"Yeah tbh, I don't think IVE are the GG to really live that 'rebel' vibe. So I find it a bit strange because of that alone. But I enjoy it for what it is nonetheless!",2,1736901660,IVE_RebelHeart
m77dhsd,kpopthoughts,"I would also pick IZ*ONE. I can imagine subunits performing Le sserafim/IVE/Say My Name covers and the soloists doing each other’s songs. We really need that closure, even if it’s only for a one-off.",13,1736906554,IVE_RebelHeart
m77qrxe,kpop,IVE is one of those groups where every member can be the visual ❤,7,1736911297,IVE_RebelHeart
m77s4eh,kpopthoughts,i like rebel heart but i thought it was a full cb lol,8,1736911803,IVE_RebelHeart
m77s628,kpopthoughts,"I'm a casual fan of IVE, so I found it to be alright. Not really my cup of tea, but I can see it interpreted as a kind of self-empowerment ralling cry or anthem for Dives, the average kpop fan ... and maybe existentially for the members themselves too.

For the record, Yujin is still my IVE bias and Gaeul my bias wrecker. That hasn't changed lol.",8,1736911820,IVE_RebelHeart
m77vcwe,kpop,"[English translation cr. IVEGLOBALS](https://x.com/iveglobals/status/1879373465624727723)

>SOJANG has been sentenced to a 3 years suspended prison term and a fine of 200 million won.
>
>The charges included defamation and insult under the Information and Communications Network Act. Additionally, SOJANG was ordered to pay approximately 200 million won.
>
>SOJANG was accused of producing videos that defamed seven individuals, including IVE’s Jang Wonyoung, aespa, and EXO’s Suho, between October 2021 and June 2023. 
>
>SOJANG was also charged with obstructing the business operations of five of these individuals by posting insulting videos. Through her Channel, SOJANG reportedly earned about 250 million won in revenue. 
>
>The court emphasized the severity of defamation, noting the irreparable harm to victims and the substantial profits SOJANG made. However, the court took into account that SOJANG had eventually acknowledged their wrongdoing and shown remorse.",111,1736913049,IVE_RebelHeart
m780ah6,kpopthoughts,"It happened to me with IVE and aespa, when they first debuted I didn't like their music that much, few months after their debut out of curiosity I watched their YT content and I loved their personalities, and now I like their music too.",3,1736915063,IVE_RebelHeart
m780qpe,kpop,rebel heart came out at the perfect time!,108,1736915254,IVE_RebelHeart
m78cqxu,kpop,i was like damn maybe i asked for too much when i wanted ive to get better choreos.. their stage presence was great though and the song is growing on me too. leeseo looks so cute. hope we get eleven-like choreos again,1,1736920930,IVE_RebelHeart
m78htw5,kpop,"1. NMIXX - Fe3O4: Break

2. NMIXX - Fe3O4: Stick Out

3. IU - The Winning

4. Kyuhyun - Restart

5. aespa - Armageddon

6. (G)I-DLE - 2

7. Loossemble - One Of A Kind

8. IVE - IVE SWITCH",3,1736923753,IVE_RebelHeart
m78i3ct,kpop,"![gif](giphy|f5lShVzFKjvlJ1nFsN)

like in wonyoung's recent words in rebel heart: love her, hate her, you will never be her sojang:) also doesn't this mean the youtuber is basically bankrupt LMFAO that much money can buy a whole house in north america 😭",2,1736923901,IVE_RebelHeart
m78kjp2,kpopthoughts,"There was one person who asked me to rate my favourite idols, I told him my favourites are TWICE, Aespa, IVE and Red Velvet. There is nothing to rate.",2,1736925351,IVE_RebelHeart
m799o4s,kpop,"I’m a casual listener of IVE & I think this performance made me fall in love.

I think they pull of this concept well! I can totally believe they’re quirky, fun, rebellious teens. I’d love to see them try something a bit “No Celestial-y”. ",2,1736941205,IVE_RebelHeart
m79df0i,kpop,"💸💸💸

I'm going to preorder all 4 versions. The last IVE releases have been so pleasing to the eye!

The IVE Loved version looks so pretty with the winter theme!",2,1736943127,IVE_RebelHeart
m79ib4s,kpopthoughts,Tbh IVE needs a better choreographer. My last favourite choreography of theirs was eleven and maybe liked kitsch.,21,1736945384,IVE_RebelHeart
m79u4i1,kpopthoughts,"IVE probably has the most consistently good discography among girl groups for my money so I'm all about them, but I wasn't big on this. Definitely my least favorite of their promoted tracks and I can't think of very many b-sides I would put below it either. I can see why people make comparisons to I Am but it's not a flattering one.",13,1736949986,IVE_RebelHeart
m7a8pex,kpop,"\> or needing passwords

Lordy, the last thing we need is for IVE's youtube channel to be renamed Brad Garlinghouse.",11,1736954858,IVE_RebelHeart
m7ab6id,kpop,"1. Baekhyun - Hello, World
2. NCT 127 - Walk
3. NCT DREAM - DREAM( )SCAPE
4. Le Sserafim - Crazy
5. TOMORROW X TOGETHER - The Star Chapter: SANCTUARY
6. Le Sserafim - Easy
7. WayV - Give Me That
8. aespa - Armageddon
9. Red Velvet - Cosmic
10. aespa - Whiplash
11. TOMORROW X TOGETHER - minisode 3: TOMORROW
12. Sooyoung - Unstoppable
13. Taeyeon - Letter to Myself
14. IU - The Winning
15. TWICE - Strategy
16. SEVENTEEN - Spill The Feels
17. NCT Dream - Dreamscape
18. TWICE - With You-th
19. ROSE - rosie
20. IVE - IVE SWITCH
21. Kang Daniel - Act
22. RIIZE - RIIZING
23. ILLIT - I'll Like You
24. Jaehyun - J
25. D.O - Blossom",2,1736955614,IVE_RebelHeart
m7ahtd9,kpop,"To add to the other comment, a big reason why she could do this stuff for years with impunity was because she was very careful not to disclose her identity online. A lot of people *wanted* to sue her, but not knowing who she was prevented them from doing so.

Early last year, Wonyoung's lawyers managed to get Sojang's identity from Youtube (something they had to file for in US courts, since YT was refusing to give up that information even to authorities). So ever since a bunch of people she spread lies about sued her. Only a few trials have happened thus far, so this is the first  of many this year.",3,1736957611,IVE_RebelHeart
m7anva2,kpopthoughts,"Ryan Jhun formed a company, which I assume is defunct now (given its few groups have disbanded)

Judging by the way he moved with that, I assume that writing credits on mid-sized to big company songs are far more profitable (the timeline for neglect especially lines up with him getting placements for IVE)",2,1736959396,IVE_RebelHeart
m7az09j,kpop,"I think it was those AI videos people keep making where if you have two people you can make them kiss. And it was that picture of Yujin and the gay creative director of a fashion brand, which makes it even more doubly insulting for both of them.",37,1736962635,IVE_RebelHeart
m7b2clc,kpop,"guyss i just woke up but i was just trying to make a sweet comment about wonyoung, not start arguments. $150k is soo much. north america is not only expensive states and america and single family homes. i'm canadian and granted, the average price of a house in expensive provinces like ontario and bc are over a million now. but what i meant was townhomes exist (you can absolutely buy a one at that price, a decent one too). and buying single family homes in cheaper states/provinces in north america exist too for this price. colleges are different. i just wanted to say smth encouraging about wony yall 🥲",1,1736963579,IVE_RebelHeart
m7b5slk,kpop,"i mean, that's... the pnw. vancouver, washington, oregon lol.. what would you be expecting? texas exists and so on, why focus on that side? and when i said north america, i meant to encompass ALL states and provinces and obviously put a focus on cheaper but decent places to focus on how huge being forced to pay back 200m won is in the currency here. granted, i'm canadian and if you look at expensive provinces, the average home price is over a million. does that mean i should throw off the whole country off my house shopping list? no! 200m won is $196k cad and if you look at the prairie provinces (which is still a desired place to live), this can absolutely buy you a decent, beautiful townhome in their capitals.


maybe you'd need to fish out an additional $20k of your own money but the point of my comment was to overexaggeratingly praise wonyoung for being able to sue someone for that much. not to start arguments guys. its just an entertainment sub about our fav idols 🥲",1,1736964565,IVE_RebelHeart
m7b7uig,kpop,"1. Twice - With Youth  
2. Taeyong - Tap  
3. IVE - SWITCH  
4. ARTMS - Dall  
5. Red Velvet - Cosmic  
6. STAYC - Metamorphic  
7. ILLIT - Super Real Me  
8. NMIXX - Fe304: BREAK  
9. XG - AWE  
10. NMIXX - Fe304: STICK OUT  
11. (G)I-DLE - I Sway  
12. KISS OF LIFE - Lose Yourself  
13. TAEMIN - Eternal  
14. (G)I-DLE - 2  
15. ILLIT - I'LL LIKE YOU  
16. LE SSERAFIM - EASY  
17. ITZY - GOLD  
18. TWICE - Strategy  
19. aespa - Armageddon  
20. aespa - Whiplash",3,1736965154,IVE_RebelHeart
m7bee9i,kpop,"1. BOYNEXTDOOR - HOW? 

2. NMIXX - Fe304: STICK OUT 

3. NMIXX - Fe304: BREAK

4. ILLIT - SUPER REAL ME 

5. IU - The Winning 

6. BOYNEXTDOOR - 19.99

7. FIFTY FIFTY - Love Tune 

8. IVE - IVE SWTICH 

9. Red Velvet - Cosmic 

10. DAY6 - Fourever 

11. SEVENTEEN - SPILL THE FEELS 

12. BABYMONSTER - DRIP

13. IRENE - Like A Flower",2,1736967018,IVE_RebelHeart
m7bi16d,kpop,"Guess you never worked and this is all a conspiracy against IVE and Yujin especially. 

It can happen all it takes is one bored out of their mind employee shifting through hundreds of posts to do something by mistake. It’s like you’ve never seen a zoned out worker just grinding out the day to make a living. If you every worked you would understand than, sometimes you simply go on autopilot.

Also, what would he gain from doing that on purpose? The company can trackback who did it and punish him accordingly if it wasn't a genuine mistake.

If everyone around the world was fired after one mistake nobody would be working right now.

And don't start with the ""you need to confirm it twice to repost"" as double security checks also fail often in every field so it's not something that happened for the first time in history.",15,1736968056,IVE_RebelHeart
m7c2801,kpopthoughts,You’re saying IVE doesn’t have a fandom? That doesn’t sound right,16,1736973807,IVE_RebelHeart
m7c3wog,kpopthoughts,"I disagree that IVE is carried by the gp. I feel like they haven't been the current gp darlings since IVE Mine, and they've stayed relevant through their fandom. their last ep had 1,747,329 sales. that is pretty high for 2024 and boy group numbers imo",10,1736974265,IVE_RebelHeart
m7c63u1,kpopthoughts,"They’ve always been significantly more popular in Korea than the rest of the world though. And Wonyoung isn’t even the most visible member anymore, Yujin has literally so many brand deals and is very very popular. She’s on par with like IU in terms of brand endorsements. Idk what to tell you, IVE’s popularity has always been mostly domestic and the members are very popular and in demand.",13,1736974871,IVE_RebelHeart
m7c6y90,kpopthoughts,Compared to their peers they are being left behind Aespa at 5 million daily streams and Le sserafim at 4.8 million daily and even Enhypen is at 4.5 million streams. IVE is at 1.8 million. Le sserafim has an active hate train and Enhypen is not like by the general public BG Stans hate them and Gg Stans hate them too.,-6,1736975107,IVE_RebelHeart
m7c8xrm,kpop,Idk why but Yujin is give me Sooyoung vibes so much,1,1736975666,IVE_RebelHeart
m7co5q1,kpopthoughts,"Kind of. Its still kpop + IVE signature

HYBE stuff is like pure american music",3,1736980033,IVE_RebelHeart
m7comjb,kpopthoughts,"Exactly

IVE music ages like fine wine

The brain gets unsettled at first. But after the 5th listen. Incredible.",3,1736980173,IVE_RebelHeart
m7cs4td,kpopthoughts,"Spotify isn’t end all be all for success. IVE’s main market is Korea, where Spotify isn’t anywhere near the most used music apps and currently Rebel Heart is doing fine on those charts.",4,1736981244,IVE_RebelHeart
m7cv3gl,kpopthoughts,"Lol

I think so

Its an opportunity to ""grab"" that easy listening American sound from 2000-2010.... while the western rock music folks are hibernating/went away from it. 

Its like Koreans revitalizing MBTI while it was pretty much become irrelevant in the western world.  

This track Rebel Heart, rock element reminds me a bit of Avril Lavinge, Blink 82 sound.  Incredibly popular back in the day.    Adding the Kpop spice.",2,1736982177,IVE_RebelHeart
m7dd2zz,kpop,"The main thing people are missing for context is the content and nature of the post itself. It was a post shared on Wonyoung's Weibo super topics by her fans, containing two pictures of Wonyoung taken from her Instagram acc and two pictures of Yujin—one with the creative director of Fendi (the kissing one) and one with a Chinese man. Starship claims that the staff intended to report the post but accidentally reposted it, causing it to appear on the IVEStarship Weibo page.",8,1736988165,IVE_RebelHeart
m7dmn92,kpopthoughts,"Quick question, how js aespa lower than both Gidle and Ive on Spotify stats? Are you factoring in monthly listeners or stream numbers? If we even factor the most recent releases, whiplash alone had more streams on its first tracking day on sf than klaxon and rebel heart combined.",0,1736991420,IVE_RebelHeart
m7dun0i,kpop,"1. Yves - I Did
2. Loossemble - TTYL
3. TWICE - With YOU-th
4. NAYEON - NA
5. ARTMS - <Dall>
6. Kep1er - Kep1going On
7. TWICE - STRATEGY
8. Kep1er - TIPI-TAP
9. SOOJIN - RIZZ
10. IRENE - Like A Flower
11. STAYC - Metamorphic
12. Red Velvet - Cosmic
13. KISS OF LIFE - Lose Yourself
14. TZUYU - abouTZU
15. IVE - IVE SWITCH
16. ITZY - GOLD
17. Yves -  LOOP
18. SAY MY NAME - SAY MY NAME
19. PURPLE KISS - BXX
20. SUMIN & slom - MINISERIES 2",3,1736994192,IVE_RebelHeart
m7e3mf9,kpopthoughts,IVE MINIVE. they fit the girls to the tee!,3,1736997378,IVE_RebelHeart
m7ecp49,kpopthoughts,"I like Wave, Heart Shaker, Lion Heart, Rough, Red Flavor, Fly High, and Rebel Heart.

Out of all of these, Red Flavor is my favorite song. Ateez is my de facto favorite boy group, though I don't really care for boy groups in general. Lion Heart is one of my favorite SNSD songs. Heart Shaker isn't my favorite TWICE song, but I like it more than Alcohol Free. Fly High and Rough share similar qualities, and I'm a fan of Dreamcatcher and Gfriend. Rebel Heart is brand new, not my favorite IVE song, but it has me excited for the new album coming out in a couple weeks.",2,1737000873,IVE_RebelHeart
m7eqano,kpopthoughts,Heya was really good and it's digitals were good enough. It was just against big kpop acts . How is rebel heart doing on charts?,8,1737007117,IVE_RebelHeart
m7eqnef,kpopthoughts,"I'd say it's because there's a dichotomy between finding success and chasing success. The former is determining how to catch lightning the bottle (i.e. have major success as a rookie group). The latter is building on what you have achieved without losing or damaging it.

In other words, IVE now has an 'IVE sound' which is associated with the group. Starship has invested a lot of money in achieving success with the group, and will naturally be a little more cautious in future comebacks. This is not to say that the future comebacks will not be popular, but they may not actively push boundaries and capture the public's interest like the first ones did.",10,1737007299,IVE_RebelHeart
m7erabb,kpopthoughts,"It could be that 4th gen hybe slowly dying down as 5th gen groups are debuting so more attention given to them nowdays. 

IVE used to be digital monster alongside NJ, but nowadays the charts are just stagnated too. So, overall kcharts losin audiences. On Spotify, its just 3 4th gen gg charts, and only Le sserafim and aespa does numbers nowadays.",-3,1737007630,IVE_RebelHeart
m7erlnd,kpopthoughts,"I think it is super normal for groups to not have constantly rising career. I can’t think of a single group where it has been an upward trend always

Now for the reception, I think IVE's best received concept has been the elegant one. I know baddie did well but that's only because it was after I am, kinda like gidle nxde got paks because of tomboy (although I personally love nxde more)

After baddie, they came up with heya which is one of my most listened to songs last year, but the people who have been waiting for an elegant comeback were disappointed + the comeback was overshadowed by the scandal back then

Now with rebel hearts, it's once again not an elegant song. People now realized ive do many concepts, not only elegant. So the people who are only here for that left. Now to the song itself, it's a cute song but after a few listens, it lost its magic to me tbh. I like heya MUCH more and I felt like the more I listened to I am/heya, the better they got, unlike the new release. But rebel hearts is just a prerelease. Let's wait for the TT and see.


In the end, IVE are still insanely popular. Last year they did so well with album sales and touring AND charting. Heya peaked at 2!! FAR from bad. I'm sure that with the right song and promotion, they'll get paks again",8,1737007792,IVE_RebelHeart
m7esb35,kpopthoughts,"I think rebel heart is a good return to their grandiose sound from Love Dive / I Am / After Like. It’s the resonating bass and strong melody that carries you with their message. IDK if they’ll be as dominating as 2022 rookie numbers, but personally I would love if Starship continues with the sound haha",7,1737008166,IVE_RebelHeart
m7esb84,kpopthoughts,"Getting into K-pop has only been a part of the whole as my outlook on things has changed over the years. As I've gotten older, I care less about what people think of me and what I'm into. I get called weird for liking most of the things I like - K-pop isn't any different in that regard. People will mock and ridicule anything they don't understand. I'm a lot more open-minded about music now more than ever.

Early last year, I got into Japanese music and TV as I've had an interest in learning the language, and more about the culture.

My friend introduced me to K-Pop through Dreamcatcher's Japanese songs, and I liked them so much, that I started engaging with the MVs. It tapped into more of my interests, such as color theory, theatre, and other artistic areas. I often find myself studying MVs a whole lot now. I treat them as mini-movies anytime I watch one. Dreamcatcher's title tracks are rock/metal, and that played to my tastes early on.

I had heard some K-pop songs sometime in 2018/2019 or so. After familiarizing myself with Dreamcatcher's sound, I decided to revisit some of those old songs I could remember. I remembered Oh My Girl's 'Windy Day', 'Closer', 'Liar Liar', and 'Secret Garden'. I remembered Red Velvet's 'Ice Cream Cake' and 'Red Flavor'. I remembered SNSD's 'I Got A Boy'. So with those in mind, I set out to discover more music.

There was a lot of music that I really really didn't like at first. I wasn't into loud, electronic, or otherwise unnatural sounding instrumentals. Then I remembered I was super duper into Kyary Pamyu Pamyu. I remembered she's kinda weird, kinda quirky, and I like that, so I'd probably like a lot of Red Velvet's quirky stuff too. I also like song mashups, so genre switch-ups were something that I eventually came to like, too.

Oh My Girl is my ult group now. Red Velvet, WOOAH, ICHILLIN, TRI\_BE, Dreamcatcher, Gfriend, Lovelyz, (G)I-DLE, IVE, Billlie, and Rocket Punch all rank pretty highly. Yena, Chuu, and BiBi are a few of my favorite soloists as well.

I have a much more varied musical palette now, and I've grown to love, or at the very least, respect many other genres and sounds that I wouldn't have liked had I not put in the effort to discover more music. I'm still not done discovering new groups and artists - I'm getting into more 2nd gen stuff this year, as I spent pretty much all of last year getting into 3rd and 4th gen groups.",4,1737008168,IVE_RebelHeart
m7eskhp,kpopthoughts,Rebel Heart is currently in the 20s on Melon and moving up. Which is just fine.,11,1737008304,IVE_RebelHeart
m7eslnu,kpopthoughts,"groups have slumps charting wise. it’s not to say the songs are bad but you know luck is a factor too. you could do well one year and then not as well the following but then do even better after that. there’s not a set formula for success is what im saying or else every company would have all their artists topping the charts. 

IVE is the type of group that does well longevity wise. Love Dive and Baddie didn’t get all kills until months after release and Heya was a sleeper hit looking at its digital points and Gallup votes. 

Dont worry about it, just listen to the music and everything will be alright.",15,1737008323,IVE_RebelHeart
m7ettjm,kpopthoughts,"i think starship just lost steam after a strong start with their singles. i never liked their debut but love dive, after like, and i am was a pretty good run before the weird left turn with baddie. i guess they wanted to go with the kitsch sound to switch up from the elegant concept but tbh all three title tracks from that era were pretty meh, off the record and either way being a bit too similar to both be promoted singles in my opinion. heya and accendio were a bit more return to form but i think the previous cb may have made some fans lose interest, there was a lot of competition at the time, and i think both songs were just weaker in comparison to their earlier songs for a lot of people. we’ll see how their new title track goes but rebel heart included, their music lately has been meh or just okay",6,1737008986,IVE_RebelHeart
m7ewf1z,kpopthoughts,"IVE is still doing fine, Heya did well.

About the most recent charting, give it some time. IVE is no longer the new hot thing, there is less fomo so the song could take some time to climb the charts.

Kpop is also losing some steam in Korea. The K band wave is strong",11,1737010435,IVE_RebelHeart
m7ey43n,kpopthoughts,"baddie debuted in the #70s range. climbed up to a PAK lmfao. im personally not the biggest fan of rebel heart either but why so rushing. the first stage hasn’t even happened yet, nor has the EP dropped. 

idk how many times i have explained. heya/accendio has no music show wins despite being only under SPOT by jennie and zico (they still hit #1 on other charts other than melon) because of SVT.

they lost music shows to SVT who was promoting too. IVE charted better than SVT song at the time but SVT has better album sales and better fandom votings. it’s genuinely so easy to understand.",20,1737011423,IVE_RebelHeart
m7f3p1o,kpopthoughts,"Their promotion is good since they have Studio choom and variety shows even with Yoo Jae Suk. But Ive songs before Baddie seems fresh and something just Ive. While their songs after that and even Rebel Heart does not sound new, like songs you've already heard before so it is not as memorable. The choreography does not help as well.

I think that is the advantage of Aespa A&R right now. Like Supernova and Whiplash are so different but still has the Aespa sound. So both are hits, even the choreo.",3,1737014773,IVE_RebelHeart
m7fd6ku,kpop,that has to be it cause no one moved when sm and kakao were exposed for similar things. well wonyoung/ive did get a lot of hate for their fame being faked and their company dragging other it girls at the time but the situation wasnt as bad as this. if hybe didnt do smt terrible im guessing they just apologised to either look good or bc of the NA,21,1737020859,IVE_RebelHeart
m7fpl0v,kpopthoughts,"I didnt like their releases last year (blue heart should have been the single!) but they still did well enough. Heya was a top 10 hit.  

Rebel Heart is growing. I think sometimes a song just doesnt hit as hard and when the comparison are literal #1 songs its harder.",6,1737028179,IVE_RebelHeart
m7fth0p,kpopthoughts,"Also the only reason they lost on music shows was because SVT had just released an album at the same time and the physical sales from them are like triple what IVE’s numbers are. Music shows heavily favor physical sales, we know this. IVE didn’t do poorly, they just were up against a group who sells way better.",13,1737030067,IVE_RebelHeart
m7fy7b1,kpopthoughts,"I didn't care enough about it to like it or hate it. 

  
The choreography, however, looked tired. 

  
IVE has been the masters of having simple but memorable and iconic choreography; actually very 2nd gen of them, which is one of the main reasons why I love IVE. From Eleven, LD, I AM, Baddie. 

  
This one looks awkward but also lazy.",6,1737032141,IVE_RebelHeart
m7g8w4c,kpopthoughts,"Kakao also owns Starship and EDAM, so they are in charge of three of the largest female acts in Korea: IVE, Aespa, and IU.

And wouldn't you know it.... IVE, Aespa, and IU all won multiple awards at the Melon Music Awards this year. Riize too. Huh. How about that.",21,1737036146,IVE_RebelHeart
m7g8zvs,kpop,"wonyoung on the title track, we won DIVE",35,1737036183,IVE_RebelHeart
m7ga8t8,kpop,"**Tracklist:**

1. REBEL HEART (title track)

2. FLU

3. You Wanna Cry

4. Thank U

5. ATTITUDE (title track)

6. TKO",29,1737036621,IVE_RebelHeart
m7gbec7,kpop,I love Rebel Heart so I'm looking forward to their album! I don't follow IVE at all apart from checking their music but to me they have the most consistent banger ratio among their peers.,29,1737037019,IVE_RebelHeart
m7gf8j2,kpop,I knew Nietzsche would’ve loved IVE,26,1737038316,IVE_RebelHeart
m7ghak3,kpop,I recently got into IVE and Yujin instantly became my bias because her facial expressions in all the music videos are SO good. It made me think she's got acting potential.,6,1737038998,IVE_RebelHeart
m7gsk46,kpopthoughts,"Yeah then their A&R listened to feedback and the gp liked them back again with Spicy and Drama. Then their hits last year. 

I feel like Ive went over the place after Baddie then tried to redirect it with Heya but it came up short. I don’t think Rebel Heart is bad but still generic.",1,1737042464,IVE_RebelHeart
m7gw7gq,kpop,Gaeul really stands out with harder hitting moves like here. I hope Ive can have more powerful concepts in the future where she can really shine.,11,1737043524,IVE_RebelHeart
m7haqz8,kpopthoughts,"Yeah, I guess IVE and BP are the only comparable groups.  
  
SNSD and Twice both needed a CB to get going on their streak.",8,1737047731,IVE_RebelHeart
m7hwsug,kpop,"Whoever told me to listen to IVE again, I give you internet points if I could. I love rebel heart.",4,1737054025,IVE_RebelHeart
m7i40d4,kpopthoughts,"2022-2023 with NewJean's, IVE, aespa, lesserafim, gidle swifted completely the GG spaces... I don't think we will see something similar in a long time.",22,1737056121,IVE_RebelHeart
m7k03pj,kpopthoughts,"Mine wasn't bro? But, you were shady bringing in LSF  Melon charting while I was talking about global Spotify and kpop losing audience as less groups are chatting nowdays. If you were saying because lsf wasn't even in top 30 so IVE is doing fine compared to it well my answer is that out of the both groups, one had a nagative year on hate train while other wasn't last year. So yeah, usually we should expect IVE to do better in that case. 🤔",0,1737077196,IVE_RebelHeart
m7k54lq,kpop,"I know Gaeul got very few lines but watching the full cam I couldn't get my eyes off her.

There is just something about her that makes her so attractive and alluring to watch",7,1737078937,IVE_RebelHeart
m7kbo9r,kpop,"Imo, in today's day and age, if you want to build brand reputation and or prestige quickly you need to get yourself a hit group. I'm talking an explosive debut like IVE or NewJeans had. If you have a group like that, you can do a lil media play (every company does it) and say XYZ group will be the sister group *insert super popular group here*. But BPM doesn't have any of that. People know Taemin, they know Viviz but they don't associate them with BPM. I'm not as hardcore of a fan as I was before but I still tune in here and there for comebacks and debuts. This might be my algorithm due to the posts that I interact with but BV's debut made a small splash on my timeline and just vanished completely. 

BPM obviously has the funds, what they need is that one group to elevate their status and the rest will follow if managed correctly.",18,1737081266,IVE_RebelHeart
m7kla1o,kpopthoughts,"Real, like they have had successful groups such as IVE, MonstaX, or Sistar. However, they aren’t on the shear scale of the Big 4 quite yet. 

The Big 4 is aptly named as such since they usually have multiple huge groups at the same time and dramatic impact in Korean media. Rn, Starship only has Ive with a significant influence and stature in 4th Gen. Cravity is doing just fine however they aren’t quite as large or influential as IVE.",5,1737084788,IVE_RebelHeart
m7km2ja,kpopthoughts,"Since when was there a big 5?? 

But IVE, G-Idle and Ateez immediately come to mind",8,1737085088,IVE_RebelHeart
m7knp4r,kpopthoughts,"Yeah, I hate to break it to OP but Starship and Cube (+ FNC and DSP) are like the same tier.

All the companies mentioned are still vulnerable to downfall. The Big 4 are the Big 4 is because they are ""too big to fail"". None of the following companies have reached that level yet.

Starship used to only have SISTAR. Monsta X and WJSN did fairly well with their current biggest artist being IVE. They haven't built a track record of multiple top (not mid-tier but TOP) groups for several generations. They could fall any moment if they cannot continue to produce another top group after IVE.

Cube used to have many groups doing well but everything kinda fell and now they only really have (G)I-IDLE left.

FNC was doing well for a period of time too with their idol bands and girl group AOA but they have failed to produce a highly successful lineup beyond those years.

DSP has been a long downfall and is my prime example of why you need consistent success for several generations to be considered a ""big"" company. DSP used to be competing with SM with their groups such as Sechs Kies and Fin.KL. SS501 was kinda competing with TVXQ with KARA being known as part of the WonSoKa trio of girl groups from 2007. Since then, they haven't been able to grab the same level of success and fell off.

HYBE is still very young but with how big BTS is and how majority of their groups (including the ones they acquired through company purchasing) are considered top groups of their generation, it's too big to ignore. Pretty much every group of theirs is a ""guaranteed"" success.",5,1737085698,IVE_RebelHeart
m7kwhak,kpopthoughts,I thought the carousel set from IVE’s “Rebel Heart” performance on MCountdown today was INSANE!!!! (https://youtu.be/911eCyHPlHs?si=EGhi912MFQqSDxk0),4,1737089312,IVE_RebelHeart
m7l5hft,kpopthoughts,"Sistar, then Infinite and of course BTS.

Sistar hit top 5 on Gallup despite being from a small company.

They hit #1 on Melon 8 times in a row. Something even BP, NJ or IVE failed to do.",51,1737093579,IVE_RebelHeart
m7liudg,kpopthoughts,"I’m including groups that were part of mid tier/nugu companies before they got picked up by HYBE/Before HYBES creation

BTS 

MAMAMOO 

GFRIEND

SEVENTEEN 

ATEEZ

IVE

STAYC

ASTRO

KISS OF LIFE",76,1737101301,IVE_RebelHeart
m7ln2m2,kpopthoughts,This is the correct answer. Ive been a fan of monsta x and Ive for years now but I can't disagree more with people mentioning these groups. They really need to check their standards. Sistar is the right answer if you're mentioning starship. Idk if there's other groups before that.  Not sure which year did boyfriend debut. But sistar was BIG. They paved the way in the company for Monsta X who then did the same for IVE. And yes ofcourse the produce girlies are also a main factor behind their success.,7,1737104096,IVE_RebelHeart
m7lz314,kpop,Don’t forget IVE!,7,1737111876,IVE_RebelHeart
m7m3cok,kpopthoughts,"IVE - I didnt even know about starship before IVE blew up
Mamamoo - RBW was always known as the Mamamoo company",-41,1737114270,IVE_RebelHeart
m7m70ya,kpopthoughts,"Before that Big Hit has Homme and Glam and co produced 2am but most people thought they belonged to JYP. 

So yes, they had a few hits before BTS but still the company wasn’t that well known. You could still say they were nugu. 

Especially you compare them to someone like JYP or even Starship who had Sistar and K.will  before IVE and Monsta X",34,1737116086,IVE_RebelHeart
m7m9kx0,kpopthoughts,Starship was pretty huge even before IVE and had so many successful groups in it's roster!,55,1737117270,IVE_RebelHeart
m7mar70,kpopthoughts,Oh okay. I dont keep up with a lot of groups tbh. I only knew of Starship thru IVE.,-18,1737117788,IVE_RebelHeart
m7mdfnb,kpopthoughts,"what does it matter? point is it debuted low and still climbed up to #1 on charts. OP posted that literally before promos even started. today is their 2nd performance, not even a week has passed yet, and rebel heart has already been slowly climbing up lol.",1,1737118907,IVE_RebelHeart
m7mdlx8,kpopthoughts,i actually liked girls more than their recent songs lmfao. just saying groups can have a “flop year” (as flop as groups like aespa and IVE can have) and still come back from it,1,1737118978,IVE_RebelHeart
m7mtsc6,kpopthoughts,"Kiss of life for 5th gen

IVE and ateez for 4th gen",-26,1737124779,IVE_RebelHeart
m7mv3pt,kpopthoughts,"IVE? Starship was definitely not a nugu company at the time of their debut, and hadn't been for a while especially with the success of SISTAR",59,1737125209,IVE_RebelHeart
m7n2ipo,kpopthoughts,"I feel like you're getting downvoted beacuse you thought one of the biggest kpop agencies (even before IVE) is nugu.

And you should't take internet points too seriously lol.",25,1737127510,IVE_RebelHeart
m7nv5vp,kpop,"1. NMIXX - Break
2. Xdinary Heroes - Troubleshooting
3. Stray Kids - ATE
4. Day6 - Band Aid
5. aespa - Armageddon
6. LE SSERAFIM - Crazy
7. IVE - Ive Switch
8. Stray Kids - Hop
9. NCT DREAM - Dream()scape
10. ARTMS - Dall
11. Ten - Ten
12. Jaehyun - J
13. Enhypen - Memorabilia
14. Taemin - Eternal
15. Red Velvet - Cosmic",1,1737135821,IVE_RebelHeart
m7pqfec,kpopthoughts,"Heya charted at #2 domestically and was still in top 20 for months afterwards and Rebel Heart is in top 10 of most charts. Their songs are still wildly popular there and charting super well even if they don't get music show wins (Throwback to Aespa - Next Level which was such a huge song in Korea but also got no music show wins)

There members are also very popular still especially Yujin who is as big as she has ever been. She's everywhere really, bigTV and content appearances, CF deals, etc. She's one of the morewell recognised idols going around domestically among the wider public. English Kpop webpages and news sites don't really mention stuff like that though. They're doing perfectly fine. Looking forward to the mini album on Feb 3rd.",1,1737156003,IVE_RebelHeart
m7qxbff,kpopthoughts,"I usually listen to a song more than one. If after three times I still feel off, I won't force myself to like it. I don't stan IVE also so no reason for me to do that.",0,1737171522,IVE_RebelHeart
m7r1fcq,kpopthoughts,"I’d say there’s just a big disparity when it comes to expectations and it doesn’t help that some groups still never sing live.

Covid saw a BIG RISE in lip sync performance and no going back and not enough fans can detect the difference between that and live. That skews expectations too. No one should be expecting perfection but a big example was LSF: they went from completely pre recorded performances w added pitch correction to something like Coachella and it left them very exposed. 

Then we have some more reasonable differences like IVE starting to sing a lot more performances live.. are they perfect? No. But do they sound decent and consistent? Yes.


Newer groups like ZB1 have also tried their best to display live vocals from the jump. Are they perfect? No? Do they still perform lip sync? Yes.. but we also know what they sound like and what to expect.


I think perception has been skewed because companies have overdone it w the lip sync and not just music shows where it is expected, but concerts and festivals too. I know this doesn’t pertain to every group, but leaving the expectation of live vocals out leads to bad habits, lack of improvement or digression and leaves a lot of idols open to attacks. Gen 3 and before did a lot more live performing and met expectations out the gate—what a vocalist should sound like while dancing. It was not perfect but it helped not lead to this norm of constant attacking we see now that you’re bringing up.


That being said, I still think there are some AMAZING VOCALISTS in each group and companies should do more to showcase that and improve other members. I love what baby monster did out the gate and even groups like fifty fifty and NMIXX took pride in debuting w live vocals for a lot of performance. We need More of that so these amazing singers can get the recognition they deserve 🥰",24,1737173219,IVE_RebelHeart
m7r62g3,kpop,"I’m so intrigued by SM’s choice to go with 8 members; with an even number of members it’s more challenging to do interesting formations and direct attention to a single member in the center, and having more options for dance formations is one of the biggest advantages of a larger group. With 8 members, even if they’re doing a dance step in pairs (IVE does this often for example) then there’s 4 pairs—still an even number with no clear center. It’s just such a weird number of members to design choreography for, especially K-pop choreography. SM also isn’t exactly known for leading the industry in dance (not shade, they focus on vocals and other areas) so I wonder why they would choose to debut a girl group that’s inherently challenging to choreograph for just based on the number of members. Well, I look forward to seeing how they execute this debut! Hearts2Hearts fighting!!",2,1737175243,IVE_RebelHeart
m7rdg90,kpopthoughts,"I mean she’s fine. An effective subvocalist. Fei and Min are noticeably more stable. But any idol who gets up on stage and sings live over the backtrack deserves praise regardless of if they’re stellar or not. She obviously served her group and her position well, helped make them and herself iconic and that’s all that should really matter. Just wish we could give the same grace to some newer idols.

And it’s not like Suzy was *the worst* of her generation either. Just that she was able to be one of the most loved idols ever without being all that impressive at singing or really known for it, which says to me that 2nd gen fans aren’t any different than today’s fans. I would even say Wonyoung is maybe a close approximation to what Suzy was to the Kpop industry at the time and while Wonyoung also isn’t stellar she’s still quite good especially now and I would argue better than Suzy. And then of course you have all of the actual main vocalists of the 4th/5th gen.",4,1737178741,IVE_RebelHeart
m7s0sd2,kpopthoughts,"Of course! I hate that the industry will prevent even solid vocalists from signing live very often (I would say Aespa and IVE for example suffer from this, they can deliver a solid live and sometimes they just aren't allowed). It's not always on the idols.",11,1737192707,IVE_RebelHeart
m7s8ob2,kpopthoughts,"I'm 28. Used to listen to some Kpop as a young teenager around 2008-2009. Got back into it in 2017 with Blackpink and have never left. I don't have any concerns or weird feelings whatsoever with my age or the ages of the idols. I'm mostly into girl groups and I view the younger idols as younger sisters or simply just beautiful and talented girls that have a huge passion, and I love seeing them succeed! When I watch behind the scenes content for Lesserafim or IVE, it reminds me of when I was their age and all the fun I had with my friends. I actually got a little choked up at the end stages this year seeing how grown up and gorgeous Eunchae and Leeseo have become.",8,1737197687,IVE_RebelHeart
m7si9wm,kpop,"1. NMIXX - Fe3O4: Break
2. TXT - Minisode: Tomorrow
3. NMIXX - Fe3O4: Stick Out
4. NCT DREAM - DREAMSCAPE
5. Kep1er - Kep1going On
6. PURPLE KISS - HEADWAY
7. CHUU - Strawberry Rush
8. D.O. - Blossom
9. Billlie - Of All We Have Lost
10. KISS OF LIFE - Lose Yourself
11. IVE - IVE SWITCH
12. The Boyz - Trigger
13. PURPLE KISS - BXX
14. Onew - Flow
15. xikers - HOUSE OF TRICKY: WATCH OUT
16. YENA - GOOD MORNING
17. Loossemble - One of a Kind
18. ITZY - Gold
19. Red Velvet - Cosmic
20. VIVIZ - Voyage",1,1737202942,IVE_RebelHeart
m7skkr0,kpop,"1.     ARTMS – DALL

2.     Illit – Super Real Me

3.     Purple Kiss – BXX

4.     Rescene - Scenedrome

5.     Yves – I Did

6.     Chuu – Strawberry Rush

7.     Billlie – Appendix: Of All We Have Lost

8.     Yves – Loop

9.     NMIXX – Fe3O4 – BREAK

10.  Twice – With YOU-th

11.  TripleS – Assemble24

12.  Illit – I’ll Like You

13.  Loossemble – One of a Kind

14.  IVE – IVE SWITCH

15.  Twice - Dive",1,1737204064,IVE_RebelHeart
m7splfu,kpop,"1. NCT 127 - WALK
2. DOYOUNG - YOUTH
3. ARTMS - <Dall>
4. NCT DREAM - DREAM()SCAPE
5. YUTA - Depth
6. NCT DREAM - DREAMSCAPE
7. Xdinary Heroes - LIVE and FALL
8. ONEWE - Planet Nine: ISOTROPY
9. Xdinary Heroes - Troubleshooting
10. LE SSERAFIM - Crazy
11. Day6 - Band Aid
12. RM - Right Place, Wrong Person
13. MINHO - CALL BACK
14. NMIXX - Fe3O4: Break
15. NCT Wish - Steady
16. Billlie - Of All We Have Lost
17. ILLIT - I'll Like You
18. The Boyz - Trigger
19. Key - Pleasure Shop
20. IVE - IVE Switch
21. YENA - GOOD MORNING
22. CHANYEOL - Black Out
23. tripleS - Visionary Vision <Performante>
24. RIIZE - RIIZING
25. ONF - Beautiful Shadow",3,1737206262,IVE_RebelHeart
m7syktl,kpopthoughts,"You Better Know - Red Velvet

If you're willing to do more than one (it's fine if not), also Cyberpunk by Ateez and/or Blue Blood by IVE.",2,1737209745,IVE_RebelHeart
m7tjeka,kpopthoughts,"I think acting like that's a BTS exclusive thing is dishonest. Blackpink, Aespa, IVE, Enhypen, etc. have all had periods in time where it was nothing but hate posts.",1,1737216649,IVE_RebelHeart
m7trcwm,kpopthoughts,"I think the concept is and has largely always been the aesthetics + the sound, to an extent. There’s not only one way to do a circus concept, but if you’re doing a bright bombastic circus-themed MV and costumes and a chill drum and bass inspired easy-listening song over it, people would probably be pretty confused about what you’re going for. Some concepts are actually purely visual, like XLOV’s genderless concept (though it’s reflected somewhat in their lyrics, there’s no “sound” to genderlessness), but I’d say most are visual and meant to compliment the music, like WJSN Chocome and Super Yuppers. Some groups have “concepts” that I’d consider legitimately impossible to define or box in overall, like Block B’s. Concepts are kinda just whatever you make them. IVE’s overall concept is often described as “high teen royalty” and Stray Kids is often considered a group with a generally “dark” concept.",12,1737219025,IVE_RebelHeart
m7uaig0,kpop,"1. NCT 127 - WALK
2. WayV - Give Me That 
3. WayV - The Highest
4. Taeyong - TAP
5. Ten - TEN
6. NCT DREAM - Dreamscape
7. NMIXX - Fe3O4: BREAK
8. RIIZE - RIIZING
9. P1Harmony - Killin’ It
10. NCT WISH - Steady
11. TXT - The Star Chapter: SANCTUARY
12. IVE - IVE SWITCH
13. aespa - SYNK : PARALLEL LINE
14. BOYNEXTDOOR - HOW?
15. Onew - FLOW
16. Red Velvet - Cosmic
17. Jaehyun - J
18. ARrc - AR\^C
19. TWICE - Strategy",4,1737224720,IVE_RebelHeart
m7ujtkk,Aespa,"Interesting, I didn't know this! Even more than Girls' Generation? Excuse my lack of knowledge on this topic lol and how about IVE? I heard they did really with their tour.",1,1737227547,IVE_RebelHeart
m7ukl28,kpopthoughts,"I'm bored too.

Ive's rebel heart reminds me of strong idols have to be against the hate. And I appreciate Sojang going down. Wonyoung is one tough idol! I'm glad she and her company ruin haters when they can.",5,1737227780,IVE_RebelHeart
m7uskhk,Aespa,"AESPA 1st world tour 300k- 330k tour attendance .
 2nd world tour-500k(expected) after SM added two days kspo dome encore recently.
 AESPA might becomes the Third artist in all kpop gg history to cross half million (500k) attendance in a single TOUR after BLACKPINK and TWICE. -
none of 2nd gen kpop gg cross 200k in a single tour. -
3rd gen kpop gg only BP and Twice cross 1 mil each.RV Haven't cross 200k in Single tour(SM!) -
4th gen gg GIDLE and ITZY haven't crossed 200k in a single tour each
 IVE got 420k in their latest 2024tour(congrats)
 NJ - NO Tour yet 
LESERAFIM- around 90k in 1st Asia only tour. 
What is the aespa chance to Cross 1 mill ???!!!!! Based on this 2nd tour strength, In future 3rd world tour JAPAN-It maybe unpopular but I think aespa will get more Dome than tokyo dome depending on next comeback TAIWAN-30k-40kStadium expected THAILAND-that raja... Stadium 40k-50k Stadium expected",1,1737230229,IVE_RebelHeart
m7v1jyp,Aespa,"Yeah I understand,ur right too cause in twitter it will spark aespa vs 4th gen gg + kpop akgae community war if it didn't cross 500k( I am sure it will cross more than IVE 420k but 500k is also very much expected when I saw those ticket sales from untour venus they sell much better this year, it's crazy aespa  finish asia tour with 299890 attendance excluding hongkong 2 dates and macua 2 dates not reported yet)
I think 2024 mys got most complaint in twitter or I should say most fandom war 😂",1,1737233116,IVE_RebelHeart
m7vlpbu,kpop,"1. ITZY - Born To Be
2. Wendy - Wish You Hell
3. IVE - IVE Switch
4. NMIXX - Fe3O4: Break
5. ITZY - Gold
6. Aespa - Armageddon
7. TripleS - Assemble24
8. Irene - Like A Flower
9. Chuu - Strawberry Rush
10. NMIXX - Fe3O4: Stick Out
11. ARTMS - <DALL>
12. Red Velvet - Cosmix
13. Yves - I Did
14. Le Sserafim - Easy
15. (G)I-DLE - 2
16. Loossemble - TTYL
17. Illit - Super Real Me
18. Young Posse - XXL
19. Le Sserafim - Crazy
20. Kard - Where To Now? (Part.1 : Yellow Light)
21. Aespa - Whiplash
22. TripleS - Visionary Vision <Performante>
23. Dreamcatcher - [VirtuouS]
24. Hwasa - O
25. Taemin - Eternal",1,1737239373,IVE_RebelHeart
m7xelsh,kpopthoughts,"For (G)I-DLE: Soyeon and Miyeon are the most recognizable to domestic fans. Minnie and Yuqi are the most popular internationally. Yuqi having a huge personal fandom is a given but not a lot of non-nevies realize how big Shuhua’s fandom is. They love her DOOOWWWNNNN. Just look at her engagement on social media compared to the other members, the gap is insane. But the overall most popular member in the group is Yuqi and the face of the group to non-fans is Soyeon if that makes sense. 

For IVE: it’s clear Wonyoung is the FACE both domestically and internationally. However, sometimes it seems Yujin is more popular in Korea as she’s on tv way more and does more variety content. Let’s talk about the non-Izone members - Liz is most popular when it comes to international fans and it’s usually accompanied by pity stanning and dragging of the other members which is unfortunate. Gaeul seems very popular in Japan as they like her look the most. Leeseo has a nice sizeable fandoms but compared to the others it’s a bit lacking. International fans have not connected with her compared to domestic fans is what I’ve noticed. I think it’s because she’s still underaged idk. But Rei? She has huuuuuge gp recognition in Korea, it’s kind of insane? Of course not to the level of WY and YJ but she’s one of the more recognizable new generation idols. She’s also very popular with Japan fans ofc and she’s started to gain international popularity through her TikTok’s and Pinterest aesthetic. I guess the popularity goes: Wonyoung > Yujin > Rei > Liz > Gaeul > Leeseo",24,1737260633,IVE_RebelHeart
m7xm0ia,kpopthoughts,"I'm more or less the same with visuals. It's very much a slow burn case for me. 

Like, the first member I'm attracted to often does not end up being my bias. (Ironically, some of my biases do have the official visual position).

However, talent is very much a wrecking ball situation lol. Well, more specifically, vocal tone and singing style is the deciding factor for me. (And on rare occasions, dance).

The moment usually happens when I hear a specific phrase in a song that I really really love.

Red Velvet
- Attracted to Joy first via Russian Roulette.
- Then I saw Irene dancing the Naughty choreo.

IVE
- Attracted to Rei first via Love Dive. Almost my bias.
- Then i heard Wonyoung sing her first part in Eleven.
- (I saw Love Dive and After Like first before Eleven).

(G)I-DLE 
- Attracted to Yuqi first via Suju's variety show.
- I need to find that video but Minnie and Yuqi sang a duet of a cover on a show and Minnie sounded so angelic.",5,1737263242,IVE_RebelHeart
m7xmwnd,kpopthoughts,"Wrecking ball Kyujin from NMIXX she left me speechless with her dance since debut, slow burn Gaeul from IVE, she wants my bias from debut but as but when I started watching like 1,2,3 IVE and other content after a while I realized that I loved her personality, I identified a lot with her and for me there is no one like her in the group.",1,1737263594,IVE_RebelHeart
m7xn87y,kpop,I feel like OMG has a pretty decent amount of Korean in it. It’s pretty common these days for kpop to add more and more English (Ive - Rebel Heart) now I’m actually wondering if omg has even more Korean in it than rebel heart. But how sweet also had a lot of English in it as well but I feel like newjeans producer is rly good at balancing the Korean/English ratio that makes a satisfying kpop song ,0,1737263724,IVE_RebelHeart
m7xr5s4,kpop,"1. Younha - Growth Theory
2. ARTMS - <Dall>
3. FTISLAND - Serious
4. STAYC - Metamorphic
5. ITZY - BORN TO BE
6. Kep1er - Kep1going On
7. tripleS - <ASSEMBLE24>
8. IVE - IVE SWITCH
9. IU - The Winning
10. QWER - Manito
11. ITZY - GOLD
12. Dreamcatcher - VirtuouS
13. Weeekly - Bliss
14. NMIXX - Fe3O4: BREAK
15. Yena - Good Morning
16. TWICE - With YOU-th
17. ILLIT - SUPER REAL ME
18. Loossemble - TTYL
19. VIVIZ - VOYAGE
20. CNBLUE - X
21. SAY MY NAME - SAY MY NAME
22. RESCENE - SCENEDROME
23. Yerin - Rewrite
24. Lee Chae Yeon - SHOWDOWN
25. H1-KEY - LOVE or HATE",2,1737265288,IVE_RebelHeart
m7xx9av,kpopthoughts,"Skz - hyunjin and Felix are the most popular members, but there’s not really a major disparity between them and the other members. Chan and lee know are also super popular and all of them are at least some level of extremely well known. I.N, Lee know and seungmin are more popular in Korea/Japan/china while 3racha are more popular in the west. However all of them are enormously popular. For most known by the gp I’d say it’s hyunjin, Felix and chan and for most biased I’d say it’s hyunjin, Felix and lee know.   

IVE - wonyoung followed by Yujin. Pretty big gap between them and the other members  

LSF - Sakura and chaewon. Not really a big gap between member popularities. Chaewon, yunjin and Sakura are the most well known amd Sakura seems to be the most biased. 

Aespa - Karina, followed by winter. Not really sure about the gap between them and the other 2 if I’m honest, it’s hard to tell  

Ateez - San is the most popular, followed by seonghwa, Hongjoong and wonyoung. There’s a definite gap between the most popular and least popular members as far as I can tell. San and hongjoong seem to the most well know and as far as I can tell seonghwa seems to be one of the more biased members. 

Txt - yeonjun is the most popular, followed by soobin. There’s a pretty major gap between them and the other members, however fandom bias is a lot more spread out.",19,1737268023,IVE_RebelHeart
m7y7gi2,kpopthoughts,"IVE is under starship and doesn’t have the connections to America that other companies have, None of their albums have ever been sold in target, the problem is that starship has no interest in moving like a big 4 company. They don’t care at all about playlisting and anytime they have had an English release the promo has been terrible. Despite all this IVE just completed the biggest world tour for a 4th gen girl group. To be fair none of IVEs English releases have been proper American debuts which they are rumored to be doing soon so hopefully starship and Columbia step up with the promo when the English album drops.",15,1737273542,IVE_RebelHeart
m7y7hc4,kpopthoughts,"“ So you can love me, hate me
You will never be never be never be me
Try me, I’ll break free
You will never be never be never be me “
 - IVE 

They are doing quite well internationally and I love that for them. I am not even a fan tbh but cheers to the girls ✨",15,1737273556,IVE_RebelHeart
m7y7ju3,kpopthoughts,"Starship is a huge reason for IVE's international popularity discrepancy but my post is about things that DO work in Korea but don't work internationally. While IVE being from Starship didn't do anything for them internationally, I doubt it did much in Korea either.",4,1737273596,IVE_RebelHeart
m7y7vwv,kpopthoughts,"Look. I can recognise a typo/autocarrot when I see one...  but also Wonyoung, the popular member of Ateez, pleases me :) Is Wooyoung a member of Ive now? I think he'll have a good time doing girl choreo and being cute.",10,1737273794,IVE_RebelHeart
m7y84bk,kpopthoughts,"What are you talking about? There are plenty of international fans that appreciate IVE, and you're doing a disservice by suggesting that the international fan somehow are less than/don't appreciate the band in the same way Korean fans do. Just going to put a stake in the K-fan/I-fan relationship and for what.",6,1737273933,IVE_RebelHeart
m7y9fyk,kpopthoughts,"I'll be honest, some of you talk like IVE are Weki Meki level of popularity in the West. As someone who went to their sold out arena show in the US, they definitely still have fans here. 

Sure, they might not be as huge as Le Sserafim or NewJeans or even Aespa, but the difference between all of them is not as big as people think. 

At the end of the day IVE are still selling more albums than any of their peers, and their touring numbers are pretty good too, so it's not like they are underperforming. 

In 2018 people used to think that Twice would never be able to be successful in the West because of their concept and lack of English speakers, but look at them now. IVE had their 3-year anniversary just a month ago, who knows where they'll be in two years.",49,1737274713,IVE_RebelHeart
m7y9o4p,kpopthoughts,"Counterpoint: the princess theme takes actual effort and isn't relatable, but that's the entire point, and what makes it enjoyable.  Not every GG can pull it off, too, cus you need that aura, which IVE members have.  Sexy/hiphop concepts are dumb as hell, WAY OVERDONE, and just require being trashy.

American pop music has been dead for decades and East Asian princesses are where the real pop music is these days.  IVE epitomizes what is fantastic about K-pop.",-13,1737274844,IVE_RebelHeart
m7ya555,kpopthoughts,"I wish I could upload my videos from the IVE concert I went to in London last year. As an international fan myself, soooo many people were screaming for Wonyoung and their concert was so good. Leeseo was a standout for me, I was really surprised how good she was. The recent songs aren’t amazing but as one dive pointed out, I think it’ll do well in concerts and tours. They spoke English so it was clear they made an effort to appeal to international fans and during their concert,  they had western/english songs that they performed solo or in duos or as a group e.g. spice girls - wanna be to try to appeal to us Londoners was a bit cringe though 😂 I really think they can do really well considering this was their first world tour. Also if anyone knows about “XO kitty” on Netflix which is a really popular American show and popular in Europe as well, they played sooo many IVE songs I was questioning whether they were sponsored lol. That’s just my take.",19,1737275123,IVE_RebelHeart
m7yak3m,kpopthoughts,">They don’t care at all about playlisting

I see people say this *a lot* about kpop groups that have really decent playlisting and I’ll never understand it. Rebel Heart has had 32-33 million playlist reach for the last couple days. On the same day (6th) of release, Crazy by LE SSERAFIM had 33 million and Whiplash by Aespa had 36 million. That’s not a big difference at all in the initial release of the three songs.",17,1737275377,IVE_RebelHeart
m7ydb3p,kpopthoughts,"I like listening to albums but to be honest I don't think Kpop groups are album artists I've IVE is the only one I listen to as an album but they had a lot more time to write and polish the songs because they previously released single albums.

I think 6 song minis every 8 months with some minor thing (like a Japanese release) in between is good. I really like aespa's My World for example.",7,1737277038,IVE_RebelHeart
m7yesub,kpopthoughts,"Note that now that WY putting on bit more weight, there's been backlash of Wonyoungism community against her do that doesn't SCREAM they're her genuine fans even a reach to assume those Wonyoungism community even support IVE comeback. 

Thus why WY getting the brunt of the critique?",4,1737277945,IVE_RebelHeart
m7yexqo,kpopthoughts,"Omg I also have Blackpink, IVE and Twice in top 5 🩷",1,1737278026,IVE_RebelHeart
m7yez3a,kpop,"1. ARTMS - DALL
2. NAYEON - NA
3. NMIXX - Fe304 : STICK OUT
4. LOOSSEMBLE - TTYL
5. RED VELVET - COSMIC
6. YVES - I DID
7. IVE - IVE SWITCH
8. TWICE - STRATEGY
9. NMIXX - Fe304: BREAK
10. KIM A REUM - RETRO WAVE
11. TWICE - WITH YOU-TH
12. RESCENE - SCENEDROME
13. AESPA - WHIPLASH
14. BILLLIE - OF ALL WE HAVE LOST
15. TRIPLES - ASSEMBLE24",2,1737278049,IVE_RebelHeart
m7yf3qt,kpopthoughts,I also have BP as 1st and IVE as 2nd,1,1737278130,IVE_RebelHeart
m7yfemx,kpopthoughts,"1- BLACKPINK! My first K-pop group!! Jisoo biased.
2- IVE and AESPA:
- IVE
- AESPA
3- TWICE: My 2nd K-pop group!
4- NEWJEANS: I don't know what will happen to them 😭",2,1737278317,IVE_RebelHeart
m7yfivi,kpopthoughts,"It's really not that deep. (G)I-dle is also more succesful in the east than the west albeit a totally different ""concept"" than IVE.

Now to give you the actual answer, please spot the difference between IVE and (G)I-dle and NJ/aespa/LSF: **company**. Yes, those international connections do matter. Yes, those far bigger marketing budgets do matter.",20,1737278387,IVE_RebelHeart
m7ykfwp,kpopthoughts,I said was for a reason. TWICE has grown into the Western market and I believe IVE will as well.,1,1737281399,IVE_RebelHeart
m7yvjuf,kpopthoughts,"Some aspects of their popularity are more specific to Korea than others, but it's like that for every group.

IVE are popular internationally.

Their spotify numbers are low because SSE aren't playlisting and their last comebacks have been pretty mediocre. 

I dare say their numbers on Spotify are more consistent than their Melon numbers.",11,1737287962,IVE_RebelHeart
m7yyv8j,kpopthoughts,"I know what I like, so 85% of the 315 songs I listen to last year I could tell from the first time if I were liking or going to like it. Some songs gets on the fence, for instance, [Yena - Nemo Nemo](https://www.youtube.com/watch?v=j_kWethGokY&pp=ygUJTmVtbyBOZW1v), [Kep1er - Tipi-Tap](https://www.youtube.com/watch?v=gXCCiVqI_VQ), [Chuu - Strawberry Rush](https://www.youtube.com/watch?v=JRbXa1w-Pa8&pp=ygUJQ2h1dSBTdHJh), [Yves - Viola](https://www.youtube.com/watch?v=LFlyELZqdGI&pp=ygUKWXZlcyBWaW9sYQ%3D%3D), since they have off-putting qualities based on my taste, so it takes a few listens for me to see if what I initially don't appreciate is going to matter. In those cases, the shortcomings or pet-peeves I found the first time were minor enough for me to ignore.

Tracks like [NMIXX - Run for Roses](https://www.youtube.com/watch?v=j6tKIdt9K9M&pp=ygUVTk1JWFggLSBSdW4gZm9yIFJvc2Vz) (my SOTY), [Billlie - BTTB](https://www.youtube.com/watch?v=AvzK5Yqd3Cw&pp=ygUPIEJpbGxsaWUgLSBCVFRC), [aespa - Supernova](https://www.youtube.com/watch?v=phuiiNCxRMg&pp=ygURYWVzcGEgLSBTdXBlcm5vdmE%3D)/[Armageddon](https://www.youtube.com/watch?v=nFYwcndNuOY&pp=ygUSYWVzcGEgLSBBcm1hZ2VkZG9u), [Red Velvet - Cosmic](https://www.youtube.com/watch?v=FyG21rXCxlY&pp=ygUTUmVkIFZlbHZldCAtIENvc21pYw%3D%3D), [IVE - Accendio](https://www.youtube.com/watch?v=PGLx4V680J8&pp=ygUOSVZFIC0gQWNjZW5kaW8%3D) or [Kiss of Life - Maestro of My Heart](https://www.youtube.com/watch?v=chZwM-GrYyU&pp=ygUiS2lzcyBvZiBMaWZlIC0gTWFlc3RybyBvZiBNeSBIZWFydA%3D%3D). I knew I was going to love the song right away.",2,1737289720,IVE_RebelHeart
m7zrm9p,kpopthoughts,"""Koreans love that IVE sings live and how good they sound but most international fans don't really care much about that and prioritize dancing which is IVE's weak spot."" Wait what?? I thought it was mainly internationals who yapped about live singing",14,1737300551,IVE_RebelHeart
m7zu0zb,kpopthoughts,"I meant one of IVE's strong points in Korea is their live singing and something they're continuously praised for but international fans dont really care about IVE's live singing (they care about live singing, just theres not as much praise and hype towards IVE's like in Korea) and tend to focus on IVE's dancing and IVE are not the the strongest dancers and their choreogrpahies are lacking.",0,1737301268,IVE_RebelHeart
m7zwwct,kpop,"1. Yuta - Depth 
2. Dreamcatcher - \[VirtuouS\]
3. QWER - MANITO
4. NMIXX - Fe3O4: BREAK 
5. LE SSERAFIM - Crazy
6. Billlie - of all we have lost
7. IVE - IVE SWITCH 
8. Xdinary Heroes - LIVE and FALL
9. Loosemble - TTYL
10. QWER - Algorithm's blossom
11. Xdinary Heroes - Troubleshooting 
12. NMIXX - Fe3O4: STICK OUT
13. Yves - LOOP
14. Kep1er - Kep1going on
15. (G)I-DLE - 2
16. tripleS - Visionary Vision <Performante> 
17. Stray Kids - ATE
18. Me:I - MIRAI",1,1737302109,IVE_RebelHeart
m7zzq4s,kpop,"1. Babymonster - Drip
2. tripleS - Assemble24
3. IVE - IVE SWITCH
4. OH MY GIRL- Dreamy Resonance
5. IU - The Winning
6. NMIXX - Fe3O4: BREAK
7. (G)I-DLE - 2
8. tripleS - Performante
9. ARTMS - <DALL>
10. H1-Key - Love or Hate
11. Rosé - rosie
12. Seori - Fake Happy
13. Young Posse - XXL
14. DAY6 - Fourever
15. Babymonster - BABYMONS7ER
16. Bobby - Sir.Robert
17. RESCENE - SCENEDROME
18. QWER - Manito
19. Itzy - Born To Be
20. Yena - Good Morning
21. Kim Jae Joong - Flower Garden
22. ICHILLIN’ - Feelin’ Hot
23. Aespa - Armageddon
24. Yuqi - Yuq1
25. QWER - Algorithm's Blossom",1,1737302918,IVE_RebelHeart
m810chb,kpopthoughts,"Anyway, stream Rebel Heart!",8,1737313199,IVE_RebelHeart
m81mazg,kpopthoughts,"Interesting to read these comments, I went to IVE’s concert in Berlin and they did not allow other groups’ lightsticks into the venue, you had to leave them in the area where professional cameras and water bottles get left behind.",15,1737319507,IVE_RebelHeart
m81oxcq,kpopthoughts,"You need more specific bcs Japan and China are also Internationally for Kpop groups,, not just the US and Europe. This is the reason some people overlooked what Twice achieved in Japan bcs back then they didn't have the Billboard US accolades. 

Most things that work for Ive in Korea are actually working for them in Japan, the biggest kpop market. They still have plenty of time to build a solid fanbase there before moving to western market. Even NJ who comercially successful in the West dedicated the whole year 2024 to debut and promoted in Japan. 

I will say it again the most important Internationally market for Kpop is Japan by huge margin, Twice and Misamo earned 50M USD for 12 concerts in Japan last year + 25M USD from physical + digital sales there as well (2024). The opportunity is huge for IVE who made the debut in Japan last year.",8,1737320249,IVE_RebelHeart
m81rr69,kpop,It's going to be Lisa vs Jisoo. when is IVE releasing music?,0,1737321048,IVE_RebelHeart
m829esy,kpop,"1. NMIXX - Fe304: Break
2. NMIXX - Fe304: Stick Out
3. Aespa - Whiplash
4. Wendy - Wish You Hell
5. IVE - Switch
6. Aespa - Armageddon
7. IU - The Winning
8. Red Velvet - Cosmic
9. ITZY - Born To Be
10. Irene - Like A Flower",1,1737326150,IVE_RebelHeart
m82ar0x,kpop,"1. Yena - Good Morning

2. Le Sserafim - Crazy

3. ITZY - Born To Be

4. aespa - Armageddon

5. Le Sserafim - Easy

6. (G)I-DLE - 2

7. IVE - IVE Switch

8. Illit - I'll Like You

9. Stray Kids - Ate

10. Red Velvet - Cosmic

11. Babymonster - Drip

12. NMIXX - Fe3O4: BREAK

13. Yuqi - YUQ1

14. tripleS - Assemble24

15. H1-Key - Love or Hate

16. B1A4 - Connect

17. ATEEZ - Golden Hour Part.1

18. Xdinary Heroes - Troubleshooting

19. QWER - Algorithm's Blossom

20. D.O. - Blossom

21. Young Posse - XXL

22. aespa - Whiplash

25. ITZY - Gold",1,1737326552,IVE_RebelHeart
m82aywr,kpop,IVE BEEN SAYING ILLIT X RESCENE FOR SO LONG OMG.. this trailer is so super real me coded,0,1737326620,IVE_RebelHeart
m82k3x6,kpopthoughts,"It's an anthem, so a lot of anthemic songs will sound similar. For me, it's similar to SNSD's Forever 1 for that reason. But there's also an old thread about what song IVE sampled to make I AM, and I think the main ones people mentioned were Primadonna by Marina and the Diamonds and So Am I by Ava Max, so it might be those you're thinking of.",17,1737329455,IVE_RebelHeart
m82ng2t,kpop,"1. Cravity - Evershine
2. IVE - IVE SWITCH
3. Red Velvet - Cosmic
4. (G)I-DLE - 2
5. aespa - Armageddon
6. fromis_9 - Supersonic
7. Cravity - Find the Orbit",1,1737330563,IVE_RebelHeart
m838h1a,kpopthoughts,all of the chords from rebel heart are in I AM except it uses an A major instead of an A minor + they're the same key ! ngl i didn't notice this until you pointed it out so i checked the guitar chords quickly,9,1737337365,IVE_RebelHeart
m83e77l,kpop,"1. Rosé - rosie 
2. Aespa - Armageddon
3. Aespa - Whiplash
4. IVE - IVE Switch
5. Aespa - SYNK: Parallel Line
6. Babymonster - Drip
7. NewJeans - How Sweet
8. ILLIT - I'll Like You
9. Aespa - Hot Mess
10. ILLIT - Super Real Me
11. Babymonster - Babymons7er
12. Twice - Strategy
13. Le Sserafim - Easy
14. IVE - Crush
15. NewJeans - Supernatural
16. Le Sserafim - Crazy
17. Itzy - Born To Be
18. Twice - With You-th
19. Itzy - Gold
20. Fifty Fifty - Love Tune
21. Twice - Dive",0,1737339294,IVE_RebelHeart
m83h7ia,kpop,"Itzy Gold is really low mid.  Can't believe he wrote it.

He must only give 50 percent effort with other group tracks.

Rebel Heart is superb. It will win lots of 1st places. Great concert track.",1,1737340304,IVE_RebelHeart
m83hqhi,kpop,"1. Artms - DALL
2. TripleS - Assemble24
3. IVE - IVE SWITCH
4. NMIXX - Fe3O4: Break
5. Taeyong - Tap
6. Suho - 1 to 3
7. Dreamcatcher - Virtuous
8. ONF - Beautiful Shadow
9. RIIZE - RIZZING
10. TWS - Sparkling Blue
11. DAY6 - Fourever
12. IU - The Winning
13. Epik High - Pump
14. RM - Right Place, Wrong Person
15. Red Velvet - Cosmic 
16. Twice - With You-th
17. K.Will - All the way
18. TXT - Minisode 3: Tomorrow
19. Key - Pleasure Shop
20. Oh My Girl - Dreamy Resonance
21. Wendy - Wish You Hell
22. Boynextdoor - How?
23. Ten - TEN
24. Itzy - Born to Be
25. J.Hope - Hope on the Street Vol.1",2,1737340467,IVE_RebelHeart
m83oi2n,twice,"I really enjoy this time of the year for kpop. It's usually the calm before the never-ending storm that the rest of the year becomes with comebacks week after week. 

Always love getting glimpses of the members on vacation, just relaxing the few weeks they get without having to worry about cameras, fans, or haters. As an aside, Jihyo's recent post is already in the all-time top 20 of this sub lmao. 

I'm really eager to see what they have in store for us this year. I'd love to see news about another renewal/extension since we know they started negotiations last year. Last time we got extension news 3 months prior to the anniversary date. 

Definitely expecting some Chae-lo content. Jihyo2 seems a little further out based on what she said last year. I can't believe we're just a month away from Dahyun starting her acting career, too. Idk why, but I feel like we might see some Twice solo collabs this year within the kpop sphere (maybe as a featured artist). 

Interestingly, we already know they'll be active in April for those Coldplay concerts. This is uncharted territory for the group tbh - I wouldn't be surprised to hear a new song around then and maybe the group comeback some time after before a new world tour. 

There's about to be a lot of activity around the industry. GOT7 finally returns tomorrow! Blackpink Jisoo and Lisa, IVE cb, and SM's new girl group is February too. I think EXO Kai returns from the military around then. Red Velvet Seulgi seems slated for March. ITZY Yeji will have her solo debut in the first half of 2025, which is crazy but I recently realized they're about to hit their 6th anniversary. I wouldn't be surprised if NMIXX comes back soon, too.",13,1737342841,IVE_RebelHeart
m842p62,kpopthoughts,"The current songs are low because they are months old. 

Keep in mind that Gidle, NJ and Aespa still hit around 400k with all their songs last year. They had maybe a 50k UL loss on their peak since 2023. IVE had a 300k loss.",0,1737348677,IVE_RebelHeart
m847gkc,unpopularkpopopinions,"I can't imagine being ive's stylist. They work their ass off to make sure every single member looks nice and probably making their own custom pieces but the second wonyoung becomes mc, everyone calls it favouritism as if they didn't put effort in the other members outfit😭",7,1737350860,IVE_RebelHeart
m84aved,kpop,"“REBEL HEART” by IVE was written by Emily Harbakk, Ryan S. Jhun, Thomas G:son, Jimmy Jansson, Maia Wright, Jack Brady (Songwriter), Jordan Roman & Nietzsche (KOR).",0,1737352519,IVE_RebelHeart
m84fs0i,kpop,"1. aespa — Whiplash
2. Red Velvet — Cosmic
3. aespa — Armageddon
4. MISAMO — HAUTE COUTURE
5. ARTMS — Dall 
6. TAEYEON — Letter To Myself
7. (G)I-DLE — 2
8. ITZY — BORN TO BE
9. YUQI — YUQ1
10. Silly Silky — Début
11. IVE — IVE SWITCH 
12. Loossemble — TTYL
13. TWICE — DIVE
14. NAYEON — NA 
15. aespa — SYNK : PARALLEL LINE
16. IU — The Winning
17. Billie — Of All We Have Lost
18. PURPLE KISS — BXX
19. STAYC — Metamorphic
20. KISS OF LIFE — Lose Yourself",1,1737355069,IVE_RebelHeart
m84i126,kpop,"1. tripleS - <ASSEMBLE24>

2. ARTMS - <DALL>

3. IU - The Winning

4. Yves - I Did

5. Doyoung - Youth

6. NMIXX - Fe304: BREAK

7. Kep1er - Kep1going On

8. IVE - IVE SWITCH

9. ZEROBASEONE - You had me at HELLO

10. B1A4 - Connect",1,1737356282,IVE_RebelHeart
m84i3dc,kpop,"1. NMIXX - Fe3O4: BREAK
2. IVE - IVE Switch
3. ITZY - Born To Be
4. Kep1er - Kep1going On
5. TWS - Summer Beat
6. Kiss Of Life - Lose Yourself
7. Epik High - Pump
8. Illit - Super Real Me
9. RESCENE - SCENEDROME
10. (G)I-DLE - 2",1,1737356316,IVE_RebelHeart
m84sylz,kpopthoughts,"So Fly by MAVE:

Wave by IVE

Only you by miss A

Locked on by vvup

Back in vogue by AleXa",1,1737362798,IVE_RebelHeart
m84vz80,kpop,"Wtf is this, dropped from nowhere n no signs at all.

A gift nonetheless tho!!

Bruh promotion run is crazy for rebel heart I wonder if Album dropped n another TT going to get similar promotion",33,1737364723,IVE_RebelHeart
m84xzrr,kpopthoughts,"Could you name some other idols? If I look at other new groups like NMIXX, IVE, BABYMONSTER, aespa, Kiss of Life, NewJeans, I don’t think anyone is as bad as Shuhua. 

And if they are, they compromise through other skills. An example is Momo or Lisa, they are not great vocalists but exceptional dancers. Or Dayeon is not a great singer, but she raps and can write songs for Twice.

The problem with Shuhua lies in the fact that she is weak across the board.",0,1737366023,IVE_RebelHeart
m853x0s,kpop,"IU praising IVE’s live performance ability, it is time to have a discussion that they are one of the best live singing groups of their generation. Just watch their recent live stages loud vocals + minimal backtrack.",21,1737369790,IVE_RebelHeart
m856x27,kpopthoughts,"not sure if it counts but Wonyoung's ""favoritism"" during the debut of IVE. There were surely people out there that were crying how it's not fair to other members so I guess someone could say 'mistreatment'.

First of all, it was not unheard of that centers get more flashy, noticeable outfits (istg that pink dress made people RIOT), so I didn't even see it as anything that bad + Leeseo had pink color in her outfit as well so they all were kinda matching. it did NOT look like Wonyoung + backup dancers, they all had noticeable outfits. and then after that stage I feel like people kept overreacting cause the rest of the outfits that era were not bad at all, they just wanted Wonyoung to be the villain.

Second of all.. Wonyoung got the first place in Produce 48, was the center of IZ\*ONE and obviously a very popular member, so of course her company will make profit on that and make her stand out? Why would they not? And the others were just fine btw, Liz got lots of attention during debut era for her visuals and blond hair so they were all just fine lol.",73,1737371619,IVE_RebelHeart
m85a8c3,kpop,"finally   
IVE w IU

until this back then  
I wonder why IU not invite IVE on her program  
XD",-15,1737373544,IVE_RebelHeart
m85b538,kpopthoughts,all night -IVE,2,1737374034,IVE_RebelHeart
m85bysf,kpop,So IU confirmed that IVE supposed to be IU con guest but couldn't make it bcuz of schedule ![gif](emote|free_emotes_pack|sob),33,1737374474,IVE_RebelHeart
m85evsp,kpopthoughts,"Wonyoung gets too much hate. Do I like her? Not particularly. Does that mean I hate her? Nope. Given that she'd been in the spotlight for 4 years before IVE debuted, not capitalising on her popularity would have been stupid.

It's a bit like TripleS and Yooyeon. She gained popularity from My Teenage Girl. She was *endorsed by Soyeon* and MH building TripleS profile off of that was the logical choice.",39,1737375972,IVE_RebelHeart
m85kih8,kpop,"i've always had a soft spot for Liz after their appearances Halmyungsoo and Pinggyego, but this cemented her as my bias out of IVE. her face is as beautiful as her voice and her personality is adorable. 🤍

and man, IU's Eleven is stunning! plus, Eleven is my fave IVE song so i loved it even more!!! she made this for me for real T\_T i need it on streaming so bad! legit my top one out of all her covers in Palette. the arranger went nuts in there. Either Way was cute but this is the perfect choice.",13,1737378547,IVE_RebelHeart
m86y4es,kpopthoughts,"Nayeon in Twice - Her voice makes every song very addictive and I get why she usually has the most lines in their songs. Ex - Daring woman, and Moonlight sunrise (her adlibs>).

Hoshi in svt - Other than the main vocalists, i feel Hoshi really brings out the emotion behind his lines. Ex - Ready to love(the iconic prechorus), Crush, Idubily.

Liz in Ive - Her voice makes every song sound magical. Ex - Eleven, Heya and Love wins all (cover).

Karina in Aespa - Her unique vocals really stand out to me in their songs. Her high note in the end of Girls was so good. Savage prechorus, Spicy, and Supernova.",7,1737394117,IVE_RebelHeart
m888htv,kpopthoughts,People talk about bg stans but gg fandoms these days aren’t as receptive to collabs with men either. I am personally perfectly fine with this development. I like to see women supporting women and there are still collabs between men and women it’s just not sexually charged. I’ll take Karina x Yujin over these male female collabs any day.,25,1737406592,IVE_RebelHeart
m88ryl3,kpopthoughts,"I’ll add Gidle, IVE and NMIXX!",13,1737411826,IVE_RebelHeart
m88tjyd,kpopthoughts,"I will only name 4th/5th gen groups but the same for 2nd/3rd gen: Stray Kids, Treasure, Ateez, Gidle, NMIXX, IVE, Itzy, Boynextdoor, ZB1, Babymonster. And I only named the bigger names that I've watched enough to kow they sing live most of the time.",16,1737412283,IVE_RebelHeart
m89b6jb,kpopthoughts,"I saw those too, it was awful. IIRC that was technically for Dream’s tour, but that was still an attempt at maintaining the overall NCT brand, and I believe Renjun was on hiatus at that time (so I doubt SM would have been too amenable to Mark and/or Haechan also taking a break to process things.

In MX’s case, comeback promo immediately rolled into year-end award season, and they attended and/or performed at virtually all of them. Afterwards it was into a Japanese single and English album promotion—Jooheon eventually had to go on hiatus in early 2020, until their comeback in June.

They probably didn’t really start to slow down as a group until 2022. IVE blowing up helped a lot,  because they no longer had to have the whole company on their back (SM had no such excuse.)",4,1737417629,IVE_RebelHeart
m89ytan,kpopthoughts,"Not gonna lie, Wonyoung is an angel, but Yujin just drives me insane",9,1737425046,IVE_RebelHeart
m8a17xs,kpopthoughts,"my queens im looking forward to the feb 3rd ep drop. attitude has got my attention wonyoung wrote lyrics in that song so i have to tune in. 

i’ve seen them live twice but i’m already looking forward to their next tour. if i had money i’d fly to paris for their lolla performance in july.",11,1737425810,IVE_RebelHeart
m8aj6z7,kpop,"IU is back to surprise drops of Palette. 
Prefer it this way. 

Good episode. 

But the highlight was IU's Eleven. That's not at an easy song for a Soloist, but IU team absolutely nailed it. 

Ive did well with Holssi, but they are a group, so could have done more harmonization. That song is apt for that. 

Most guests to Palette, even seniors are in awe of IU and can't help fangirling/fanboying.

IVE were more chill. 

I didn't expect Wonyoung to be this chatty, seems the girl didn't let all those adulation get to get head 

And Yunjin is a total pro, composure, bit sass.

IU also pulled everyone in, Rei, Gauel, Leeseo, Liz all got a chance to shine and express, didn't let the Annyeongz dominate. 

Nicely done 

Enjoyable episode.",-1,1737431792,IVE_RebelHeart
m8ansto,kpop,"Hi, u/Zypker125, in case you didn't see my chat to you (I'm sure you get a million DMs!), I had a quick question about how the rules will be enforced for the B-Sides ranking that's coming up. I can already predict that people are gonna have conflicting ideas about what counts as a B-side and what doesn't. For example, I noticed that for the r/annualkpopawards, Imaginary Friend by ITZY was allowed to stay up in the B-Side of the Year thread even though it was a double title track, and other violations had been removed, so I'm not sure if Imaginary Friend will end up being in the voting for that award or not, but it just made me wonder how that kind of thing will be dealt with for the [r/kpop](https://www.reddit.com/r/kpop) voting? Other examples I could see causing issues are IVE's Accendio and Billlie's trampoline, which were both also double title tracks. Is there any way to combat this kind of thing in advance so that people's votes don't get thrown out? Thank you! :)",6,1737433497,IVE_RebelHeart
m8bkaly,kpopthoughts,"I’m a casual listener to IVE but since Rebel Heart & being obsessed with their comeback stages, definitely going to have to pay closer attention to them.",4,1737450129,IVE_RebelHeart
m8bwrdi,kpopthoughts,"This is misleading. What you Google and find for concert capacity is the maximum capacity, not the actual available seating. For pop concerts in particular, the maximum capacity (so available seating) tends to get cut heavily. For K-Pop concerts in particular, they tend to not utilize even less than what's available because of lack of confidence in sales. And what you put up for the initial sale determines whether a concert can be promoted as ""sold out"" or not. For example, TXT reported selling out Madison Square Garden, but seats were still available for sale on official vendors (Ticketmaster) by showtime. Why is this? Because they sold out what was initially made available and opened up sections after for sale.

So, in the case of IVE and Aespa -- IVE played Accor Arena. A quick Google search would tell you the concert capacity is 20k, but that is not what they utilized. I'll use Olivia Rodrigo's Guts Tour as an example because I remembered she played the same venue. Olivia played Accor, completely sold out, the venue was stuffed to the high heavens, and reported attendance of 13k. A quick glance at both concerts would immediately tell you Olivia utilized more of the venue compared to IVE, plus IVE had a larger stage (=less space + valid seating), and IVE has used seating pit for every stop of their tour while Olivia uses standing pit (=more room for people in Olivia's).

We can for sure conclude IVE had sub 13k attendance in Paris, but most likely it was somewhere around the 10k mark, likely less since that's an amount in-line with the stops with reported attendance on their tour that did not completely sell out -- because remember, organizers choose the seats initially put up for sale per venue; if every other stop started with something under 10k and chose to expand capacity based on demand, it most likely happened at this stop too. 

So IVE did not fill a 20k venue, their attendance at their Paris concert was closer to the 10k mark, likely under, likely around 8k or so which appears to be the baseline capacity up for sale for their other concerts (because, using your information, they did not sell out so no need to expand capacity beyond initial sale). 

As for Aespa, well, you're just straight up relaying misinformation. Aespa are playing a single day at Zenith Paris. The venue's maximum capacity is 6.8k, but we have to evaluate this venue differently from Accor Arena because of the way it is structured. We can see [here](https://twitter.com/ae_aekl/status/1842313849812537610) how they are not using an extended stage for the show, and the actual structure of the venue is formatted in a way that makes utilizing the majority of the venue's capacity possible because [Zenith Paris has a pre fitted stage](https://tableaudhonneur.com/upload/media/place_slider/0001/03/thumb_2622_place_slider_medium/zenith-paris-la-villette.jpg) unlike [Accor Arena which needs a stage installed for concerts](https://www.accorarena.com/uploads/aha/generated/w960,h960,fcontain,q85/7ea2c896-566a-4f9b-9018-1ae5bec53a9a.jpg) and utilizes a 360 framework (meaning seats get cut off when the stage is installed). We can further the majority of Zenith Paris's capacity is utilized by looking at past tours. Blackpink played Zenith Paris back in 2018 with 6.2k attendance and Panic at the Disco played the venue with 6.5k attendance.

So, now what I imagine happened, because this happens often (and I swear I remember this same situation exactly happened with NCT Dream in Paris recently, so another SM group) is you think Aespa sold out Paris twice because they opened up the initial seatings (which, if they sell out, allows them to promote it as a sold out concert) but the initial seatings are obviously reduced capacity. The structure of Zenith Paris does not really allow for overfill / opening seats considered inappropriate per say so the initial sales must've started out sub ~6.8k. Then, once the seats up for initial sale *at reduced capacity* sold out, they opened up more seats for sale (bringing the available seating closer to the venue's maximum capacity) and sold those out again.

Do I think Aespa could have done a larger venue? Most probably. But framing it as such a ridiculous amount is dishonest.

**TL;DR** - IVE did not play 20k attendance; they played something around ~8-10k. Aespa did not sell out two days of 4.5k. They have one date available at a 6.8k venue and ""sold out twice"" is likely OP misunderstanding how initial sales work.",2,1737457768,IVE_RebelHeart
m8cv3a8,twice,"Withyou-th was the 3rd best selling gg album last year, behind Gidle and IVE albums, both of them have huge sales from China, so JYP wants that piece of cake too.",5,1737471647,IVE_RebelHeart
m8czn8p,kpop,"**Any song that is listed as a single on Wikipedia is not eligible for the B-sides TTT.** Wikipedia is being used as the metric because it most closely lines up with what I'd classify as singles or B-sides (ex. ""anything that's not the title track is eligible"" allows way too many popular singles in, ""any song with an MV is ineligible"" results in weird exclusions since sometimes an MV for a B-side will be released months later as a gift for fans and/or too much ambiguity over what's a true MV [ex. the SKZ members' solo MVs])

The following list provides a list of higher-profile ""gray area"" songs that are listed as a single on Wikipedia and are not eligible:
 
* &Team - Jyuugoya, Aoarashi, Yukiakari
* (G)I-DLE - Wife
* aespa - Regret of the Times, Supernova
* AleXa - Sick, I'm Okay, Distraction, Joy of Missing Out, Enemy, Under the Armor
* ARTMS - Birth, Flower Rhythm, Candy Crush, Air
* ATEEZ - Not Okay, Hush-Hush, Royal, Birthday
* Babymonster - Stuck In The Middle, Forever, Clik Clak
* BADVILLAIN - Hurricane
* BIBI - Sugar Rush, Derre, Burn It
* Billlie - January 0th, Domino (Butterfly Effect), Trampoline
* BOYNEXTDOOR - Dangerous, Nice Guy
* Chungha - Algorithm, Sleigh, There Goes Santa Claus
* Chuu - Chocolate
* Dreamcatcher - My Christmas Sweet Love
* Enhypen - Brought The Heat Back
* Fifty Fifty - Starry Night, When You Say My Name
* fromis_9 - From
* H1-Key - Thinkin' About You, Deeper
* ILLIT - Baby It's Both (Tick Tack is eligible though)
* ITZY - Imaginary Friend
* IU - Shopper, Holssi
* IVE - Accendio
* j-hope - Neuron
* Jimin - Smeraldo Garden Marching Band
* Jungkook - Never Let Go, Yes or No
* KARD - Detox
* KATSEYE - Debut
* Key - Tongue Tied
* Kiss of Life - R.E.M, Get Loud
* LE SSERAFIM - Smart, Star Signs
* ME:I - Mirai, Sugar Bomb, Tomorrow, Beyond, Sweetie
* NCT 127 - Colors
* NCT Dream - Rains in Heaven, Flying Kiss, When I'm With You
* NCT Wish - Wishful Winter
* NiziU - Memories, Always, Buddy Buddy
* NMIXX - Like Magic, Feifei
* QWER - Fake Idol
* Red Velvet - Sweet Dreams
* RIIZE - Siren, Combo
* STAYC - Meow, Tell Me Now
* Stray Kids - Like Magic, Lose My Breath, Night, Falling Up, Come Play, Giant, Why?, Slash
* Taemin - Horizon
* The Boyz - Last Kiss
* tripleS - Door, Inner Dance, Hash, Polaroid, Dreaming
* Twice - I Got You, The Wish
* TWS - Oh Mymy:7s, Uptown Girl
* TXT - Open Always Wins
* VCHA - Only One
* WayV - High Five
* Weeekly - Stranger
* WOOAH - Blush, Shining On You
* Xdinary Heroes - Dreaming Girl, Boy Comics, Love and Fear, Save Me, Instead!
* XG - Undefeated
* Young Posse - Young Posse Up, On My Scars, We Still Loading, Street Carol
* Yuqi - Could It Be
* ZEROBASEONE - Sweat, Only One Story

Note: This list is NOT comprehensive/exhaustive, so you are encouraged to search up ""gray area"" cases on your own. However, if you see the artist in question listed here while your song-in-question is not listed here, it is likely eligible.",28,1737473038,IVE_RebelHeart
m8d8jyw,kpop,"1. TAEMIN - Deja Vu

2. Key - Going Up

3. NMIXX - BOOM

4. IVE - Ice Queen

5. D.O. - Good Night

6. ARTMS - Butterfly Effect

7. ZEROBASEONE - HELLO

8. tripleS - Non Scale

9. NCT DREAM - icantfeelanything

10. ONEW - MAESTRO

11. ILLIT - Midnight Fiction

12. MINHO - Came and Left Me

13. TAEMIN - Horizon

14. CRAVITY - C'est La Vie

15. TAEMIN - Say Less

16. NMIXX - Red Light Sign, But We Go

17. ARTMS - Distress

18. aespa - BAHAMA

19. Kep1er - Double Up!

20. CRAVITY - Secret",5,1737475617,IVE_RebelHeart
m8dilkv,kpop,"1. Fantasy Boys - Make Sunshine
2. ONEWE - Shoot It Out
3. Loossemble - Cotton Candy
4. Kep1er - Flowers, Flutter, Your heart
5. Jaehyun - Can't Get You 
6. Younha - Antmill
7. Purple Kiss - Heart Attack
8. EVNNE - Chase
9. NCT 127 - Pricey
10. WayV - She A Wolf
11. LE SSERAFIM - Swan Song
12. Doyoung - From Little Wave
13. Cha Eunwoo - F\*cking great time
14. H1-Key - Iconic
15. BAE173 - Crimson
16. IVE - Ice Queen
17. Taeyong - Ups & Downs
18. SF9 - Superconductor
19. Chuu - Lucid Dream
20. B1A4 - PAUSE
21. mimiirose - ribbon
22. VANNER - Be My Love
23. AKMU - Long D
24. VCHA - XO Call Me
25. ARrC - Shadow",7,1737478421,IVE_RebelHeart
m8dpqu6,kpopthoughts,"I think it's solid. 

Not much IVE members can do much about it. At the hands of the choreographer.",1,1737480393,IVE_RebelHeart
m8dstws,kpop,"1. Aespa - Live My Life
2. Loossemble - Starlight
3. Red Velvet - Sunflower
4. Aespa - Kill It
5. ARTMS - The Hitchhiker’s Guide to the Galaxy
6. Dreamcatcher - Fireflies
7. ITZY - Mr Vampire
8. Aespa - Prologue
9. ITZY - Born To Be
10. NMIXX - Red Light Sign, But We Go
11. IVE - Ice Queen
12. ARTMS - Distress
13. Soojin - Rizz Me Up
14. Yves - Gone Girl
15. ITZY - Blossom
16. ARTMS - Butterfly Effect
17. NMIXX- Love is Lonely
18. Rose - stay a little longer
19. NMIXX - Run for Roses
20. LE SSERAFIM - 1-800-hot-n-fun
21. NMIXX - XOXO
22. IVE - Blue Heart
23. tripleS - Beyond the Beyond
24. (G)I-DLE - Doll
25. Yves - Afterglow",9,1737481242,IVE_RebelHeart
m8dzdsk,kpop,"1. Itzy - Mr Vampire


2. IVE - Ice Queen


3. IVE - Blue Heart


4. Hui - Cold Killer


5. Ateez - Empty Box


6. Cravity - Worst Thriller


7. Lesserafim - Pierrot


8. Kiss Of Life - Igloo


9. Jaehyun - Can't Get You


10. Cravity - Mr.


11. Ateez - Man On Fire


12. Chungha - I'm Ready


13. Itzy - Mine (Chaeryeong solo)


14. P1harmony - Countdown To Love


15. Meovv - Body


16. Ateez - Selfish Waltz


17. The Boyz - Hurt Me Less


18. IM - XO


19. Aespa - Pink Hoodie


20. TAN - Love Is An Open Door


21. NMIXX - Run For Roses


22. Viviz - Cliche


23. Evnne - K.O


24. Aespa - Kill It


25. TXT - I'll See You There Tomorrow ",0,1737483021,IVE_RebelHeart
m8e4y2m,kpopthoughts,IVE was one of those groups I was slow to give a chance to mostly because I'd already found a big stable of groups to follow. But I'm so glad I finally did a deep dive into their discography because they are amazing. Kitsch became one of my all time favs and they have so many bops.,7,1737484531,IVE_RebelHeart
m8e5g8x,kpop,"1. Aespa - Live My Life

2. Kiss of Life - Back To Me

3. Babymonster - Love In My Heart

4. IVE - Blue Heart

5. NMIXX - Love Is Lonely

6. Aespa - Just Another Girl

7. Babymonster - Dream

8. IVE - WOW

9. Enhypen - Highway 1009

10. Yuqi, Minnie - Everytime

11. Itzy - Five

12. Babymonster - Like That

13. IU - I Stan U

14. RIIZE - Love 119

15. Purple Kiss - Heart Attack",5,1737484668,IVE_RebelHeart
m8e8u9e,unpopularkpopopinions,"I actually agree - imo it's often the styling/posing that makes the magazine shoots great, and while I would give the idols their flowers, I am a little tired of ""idol doing the most and looking incredible in a while or black void."" (though there are times it works out super well, like in the [BTS Esquire shoot](https://images.app.goo.gl/bwTRUwiJGfYKKtjY6).)

However, I do think there are really cool photoshoots out there!

G-Dragon for [Vogue in 2022,](https://kpopping.com/kpics/BIGBANG-G-DRAGON-for-VOGUE-Korea-x-CHANEL-July-Issue-2022) aespa [for W Korea](https://www.allkpop.com/article/2023/05/aespa-members-bring-out-their-spicy-fashion-sense-for-w-korea), Lisa for [V Magazine](https://www.google.com/url?sa=i&url=https%3A%2F%2Fshop.vmagazine.com%2Fproducts%2Fv152&psig=AOvVaw3Y3WDTlglY4-kiYcHeCZDA&ust=1737571014591000&source=images&cd=vfe&opi=89978449&ved=0CBcQjhxqFwoTCKDbtMq6h4sDFQAAAAAdAAAAABAE), [Minju and Wonyoung Vogue](https://www.reddit.com/r/iZone/comments/iy9ck3/200923_izone_jang_wonyoung_and_kim_minju_x_vogue/), [Red Velvet Elle](https://x.com/rvoutfits/status/950036522878816256), [Johnny and Jaehyun](https://www.allkpop.com/article/2020/04/nct-127s-jaehyun-johnny-pose-in-leonardo-dicaprio-inspired-w-korea-shoot-name-their-personal-heroes)'s W Korea, and [Minnie from Maps](https://www.reddit.com/r/kpop/comments/u9k3tr/gidle_minnie_maps_magazine_may_2022_issue/) are some of my favorites!",7,1737485585,IVE_RebelHeart
m8edo8z,kpop,"1. BOYNEXTDOOR - I’m Gonna Be A Rock 

2. IZNA - Fake It 

3. ILLIT - My World 

4. NMIXX - Red Light Sign, But We Go 

5. BOYNEXTDOOR - l i f e i s c o o l 

6. NMIXX - Boom

7. fromis_9 - Take A Chance 

8. DAY6 - Happy 

9. BOYNEXTDOOR - So Let’s Go See The Stars 

10. aespa - BAHAMA 

11. Red Velvet - Sunflower 

12. IVE - Wow

13. Irene - Start Line 

14. NMIXX - Passionfruit 

15. aespa - Prologue 

16. NMIXX - Love Is Lonely 

17. FIFTY FIFTY - Push Your Love 

18. AKMU - Answer Me 

19. DAY6 - Help Me Rock&Roll 

20. Wendy - Queen Of The Party 

21. IU - I Stan U 

22. aespa - Licorice 

23. (G)I-DLE - Fate 

24. BABYMONSTER - Billionaire 

25. ILLIT - Midnight Fiction",5,1737486907,IVE_RebelHeart
m8ejjll,kpopthoughts,"Meanwhile, I'm still here lamenting that IVE's intro _Dear Cupid_ isn't featured anywhere 💔",2,1737488501,IVE_RebelHeart
m8enld5,kpop,"1. aespa - Kill It
2. CHUNG HA - I'm Ready
3. ARTMS - Distress
4. YENA - Good Girls in the Dark
5. RESCENE - Lucky you
6. WayV - She A Wolf
7. ARTMS - Butterfly Effect
8. Loossemble - Cotton Candy
9. tripleS - Chiyu
10. RESCENE - Pinball
11. NMIXX - BOOM
12. NCT DREAM - BOX
13. IVE - Blue Heart
14. aespa - Flowers
15. KEY - Overthink
16. MINHO - Something About U
17. NCT 127 - Gas
18. aespa - Set The Tone
19. VIVIZ - Cliché
20. NCT 127 - Rain Drop
21. Red Velvet - Night Drive
22. TWICE - NEW NEW
23. LE SSERAFIM - Pierrot
24. Billlie - Bluerose
25. IRENE - Start Line",6,1737489599,IVE_RebelHeart
m8eoz3e,kpop,IVE and RESCENE back to back in the same week is WILD. We’re truly being FED this first quarter of 2025.👏🏼,2,1737489978,IVE_RebelHeart
m8epyx7,kpop,"1. yena - good girls in the dark

2. IZNA - fake it

3. rescene - pinball

4. twice - bloom

5. IVE - ice queen

6. UNIS - dopamine

7. NMIXX - run for roses

8. IZNA - iwaly

9. ITZY - mine (chaeryeong)

10. twice - here i am

11. (g)i-dle - wife

12. weeekly - twenties

13. stayc - stay with me

14. me:i - Souzou Ijou

15. kiss of life - no one but us

16. stayc - twenty

17. twice - new new

18. twice - kiss my troubles away

19. yuqi - red rover

20. loossemble - truman show

21. nmixx - love is lonely

22. kiss of life - back to me

23. triples VV - atmosphere

24. loossemble - he said i said

25. babymonster - like that",5,1737490254,IVE_RebelHeart
m8erpqb,kpopthoughts,it obviously doesn’t matter to me if people don’t like IVE but it’s exhausting to see people constantly regurgitate the same talking points all the time,21,1737490735,IVE_RebelHeart
m8ey45x,kpop,"1. NCT 127 - Can't Help Myself
2. Chung-ha - I'm Ready
3. Jaehyun - Can't Get You
4. NMIXX - Run for Roses
5. NCT 127 - Pricey
6. ITZY - Crown On My Head (YEJI)
7. IVE - Ice Queen
8. Red Velvet - Night Drive
9. NMIXX - Boom
10. NCT 127 - Rain Drop
11. Hui - A Song From A Dream (feat. Wooseok)
12. aespa - Mine
13. Baekhyun - Cold Heart
14. ARTMS - Butterfly Effect
15. Taeyong - Ape
16. Key - Going Up
17. WayV - Might as Well
18. Ten - ON TEN
19. Yves - Gone Girl
20. Taemin - Deja Vu
21. aespa - Kill It
22. Yuta - Bad Euphoria
23. NMIXX - Love is Lonely
24. ZEROBASEONE - Road Movie
25. TXT - The Killa (I Belong to You)",8,1737492484,IVE_RebelHeart
m8eya0u,kpopthoughts,i wish it was longer but i loved IVE’s Yujin did a cover of SZA’s Nobody Gets Me! [link](https://youtu.be/b5Rvg1FPXWQ),1,1737492528,IVE_RebelHeart
m8f2zid,kpopthoughts,"Kpop has different types of releases: 
- digital releases 
- special albums 
- single albums 
- mini albums (which are commonly called EP's in the Western music industry) 
- studio albums 
- repackaged albums 


IVE's Love Dive is a single album (the same goes for Eleven & After Like). These single albums already received psychical releases, which is probably why they aren't on their mini or studio album. Single albums don't really get added to mini albums on most occasions (there are of course exceptions). 


It is interesting that aespa's Black Mamba, Next Level, Forever & Dreams Come True never got added to a psychical release. Black Mamba, Forever & Dreams Come True did make it onto the digital version of their Girls album, but they aren't present on the physical album. 


So I would say some songs aren't always added to an album because they already made it to a psychical release & album, albeit a single album. 


But a lot of digital releases do end up on physical releases of mini or studio albums. Not always though (but it does happen a lot). I'm honestly really curious if Chungha will include her digital releases like Algorithm, I'm Ready &  Eenie Meenie on her future potential mini or studio album. ",10,1737493788,IVE_RebelHeart
m8f43w4,kpopthoughts,"I think the dispute starts from the fact that there were negotiations to extend IZ\*ONE's contract, but one company allegedly said no, because they already had plans for their members.

That company is heavily rumored to be Starship, and given the timeline that makes sense. Since Wonyoung and Yujin are under them, it's considered their fault the discussions fell apart.

On the other hand, Sakura still had to wrap up her AKB promotions, and Chaewon was still under contract with Woolim (which was later sold to Source Music), and Le Sserafim's debut was later than IVE's yet still seemingly rushed (given the short training period for several members, as well as other factors).

So the logic is presumably they would have been able to agree to a contract extension, although there's no real proof of that, because especially once they signed to a Hybe subsidiary they would no doubt want to hit the ground running.",10,1737494091,IVE_RebelHeart
m8f4ao7,kpop,"1. ARTMS - Butterfly Effect
2. ARTMS - Sparkle
3. ARTMS - Distress
4. Dreamcatcher - 2 Rings
5. NMIXX - Run For Roses
6. Taeyong - Ups & Downs
7. Red Velvet - Last Drop
8. TXT - I'll see you there tomorrow
9. Taeyong - Run Away
10. IVE - Blue Heart
11. Key - Overthink
12. Oh My Girl -  Start Up
13. Twice - You Get Me
14. NCT 127 - Orange Seoul
15. Taemin - Crush
16. NMIXX - Passionfruit
17. ZeroBaseOne - Insomnia
18. Wendy - Best Ever
19. TripleS - Heart Raider
20. TripleS Visionary Vision - Vision
21. J.Hope - lock/unlock
22. Viviz - Full Moon
23. Red Velvet - Night Drive
24. OnlyOneOf - O 
25. OnlyOneOf - Give me the lOve, bitxx",8,1737494142,IVE_RebelHeart
m8f84gg,kpop,"1. Red Velvet - Last Drop
2. ARTMS - Butterfly Effect
3. LIMELIGHT - If U Know U Know
4. Red Velvet - Night Drive
5. KISS OF LIFE - Nothing
6. Irene - Summer Rain
7. tripleS - Chiyu
8. FIFTY FIFTY - Gravity
9. IVE - Ice Queen
10. Soojin - Summer Daze
11. UNICODE - Drizzle
12. Irene - Calling Me Back
13. Soojin - Lime
14. Irene - Start Line
15. NMIXX - Run For Roses
16. PURPLE KISS - Sweet Nightmare
17. MADEIN - Dadarida
18. UNICODE - Spring in my 20th
19. H1-KEY - ❤️ Letter
20. tripleS - Choom
21. (G)I-DLE - Vision
22. MADEIN - Dopamine
23. RESCENE - Pinball
24. (G)I-DLE - Revenge
25. EVERGLOW - Colourz",6,1737495169,IVE_RebelHeart
m8fc096,kpopthoughts,ive’s social media team is old fashioned in general and rarely posts with other groups. fans constantly complain about it. this has nothing to with izone. leeseo has been the inkigayo host for a year now and i don’t think she’s even done any challenges with anyone yet compared to the other hosts,25,1737496218,IVE_RebelHeart
m8ffc2p,kpopthoughts,"Last time I did this, I mentioned my dream collab without having a hope in hell it could happen, and it did!! (IVE x David Guetta)


So now I'm gonna go for another one (LSF x Britney Spears) 


And those units even if it's just a festival stage collabs >> Rap:(Asa x Rei) Dance:(Koko x Iroha) Vocal:(Liz x IU) Variety:(Yujin x Haewon)",6,1737497118,IVE_RebelHeart
m8ft0av,kpopthoughts,"thank you! honestly it is just sad to watch how the treatment of annyeongz has been since their debut with IVE from so called ot12 fans and even more sad to see the comments on the recent post on izone sub. 

i should be used to it by now but im always surprised at the lengths some of these “wizones” will go to just to insult annyeongz and the fact that they somehow cannot see how patronising and disrespectful they are being towards their beloved maknaes and IVE is shocking. or perhaps it’s just faux ignorance.",12,1737501110,IVE_RebelHeart
m8ftx9z,kpopthoughts,dives act way worse towards wizones lol there was a twitter thread the other day of dives celebrating yujin saying ‘people’ instead of ‘wizones’ and the top reply was wizones don’t deserve to be called people 😭 and wy fans spammed yenas page with dts and said they hoped she gets cancer again bc she called wonyoung on a tv show ,17,1737501392,IVE_RebelHeart
m8ftzbx,kpopthoughts,"IVE!!!

Please come to Canada I’d die 😭 I got really lucky a year ago and saw them with their five first title tracks in NY :) but I want moreeee",7,1737501410,IVE_RebelHeart
m8fw04r,kpop,"1. ILLIT - Midnight Fiction
2. SEOLA - Let’s Talk (Loneliness)
3. tripleS - Beyond the Beyond
4. TAEMIN - Deja Vu
5. NAYEON - Count It
6. IVE - Ice Queen
7. ILLIT - Pimple
8. Stray Kids - Runners
9. IRENE - Calling Me Back
10. Yerin - Permeate
11. IRENE - Summer Rain
12. ILLIT - Lucky Girl Syndrome 
13. Kep1er - Flowers, Flutter, Your heart 
14. ITZY - Dynamite
15. Red Velvet - Last Drop
16. CHANYEOL - Hasta La Vista
17. NCT 127 - Rain Drop
18. Kep1er - PROBLEM
19. Billlie - Bluerose
20. FIFTY FIFTY - Push Your Love
21. ITZY - Bad Girls R Us
22. TWICE - Keeper
23. aespa - Spark - WINTER Solo
24. BAEKHYUN - Woo
25. NCT DREAM - YOU",6,1737502033,IVE_RebelHeart
m8fx3pi,kpop,"1. Red Velvet - Sunflower
2. Enhypen - Moonstruck
3. Red Velvet - Last Drop
4. Wendy - His Car Isn’t Yours
5. NMIXX - Passionfruit
6. Zerobaseone - Insomnia
7. VIVIZ - Cliché
8. Enhypen - Hundred Broken Hearts
9. Jaehyun - Can’t Get You
10. Kiss Of Life - Back To Me
11. Fromis_9 - Beat the Heat
12. NMIXX - Run For Roses
13. Taeyeon - Blur
14. RIIZE - Love 119
15. Irene - Strawberry Silhouette
16. NCT Dream - Rise in Heavens 
17. Nayeon - Heaven
18. NMIXX - Beat Beat
19. SKZ - I Like It 
20. IU - I Stan U
21. Zerobaseone - Eternity
22. Jaehyun - Dandelion
23. IVE - Ice Queen
24. NCT Dream - icantfeelanything
25. NCT 127 - Pricey",6,1737502373,IVE_RebelHeart
m8fytn5,kpopthoughts,"as a wizone who was a stan during their promotion and who also likes ive, i think the toxicity comes from both ends. i saw plenty of dives especially right after they debuted who went to great lengths to distance them from izone and who would on the other izone members. it definitely had a sense of superiority about it, like izone was mcdonalds and ive was a 5 star restaurant. 

also the false image portrayed in media sometimes about wonyoung especially that she's cold or distant, it kind of feeds into that when they can say 'oh why is she the only one not doing x, y and z with the former members, is she too good for them now?' it's sad to see wizones turn on the former members and also sad to see dives hate on the 10 other girls who are at the end of the day close friends of annyeongz. i don't think calling izone a stepping stone is entirely fair, it was years of their life that they spent with the other members and it was special and important. we don't need to deny that to celebrate the present.",35,1737502917,IVE_RebelHeart
m8g5jul,kpopthoughts,"To be honest, Mamamoo's vocals, as incredible as they are, are not a very big part on why they're so successful. If that was the case, their ballads such as Wind Flower and Where Are We Now would have the most attention. The main reason is that they're some of the best performers in kpop currently. They're bold and outspoken. There's a reason why HIP is their most popular song, which despite being a difficult song to sing, doesn't have those brag worthy high notes or vocal runs. There's a reason why Hwasa is the most popular member and not Solar or Wheein. She just has that aura. Having such strong voices definitely helps keep a loyal fanbase, but it wasn't what shot them to success. It was because Moonbyul went viral for improvising on stage with adlibs and quips or because Hwasa and Solar made bold fashion statements that challenged kpop standards.

The reason I think NMIXX just hasn't taken off despite having the best girl group vocals for 4th gen is because one, their music just isn't that gp friendly (nothing wrong with that, and in fact Mamamoo didn't see industry breaking success until they started leaning away from their jazzy retro style) and two, they haven't hit that level of performance. Wonyoung has it girl status because she has that aura, and I'm not saying anyone in NMIXX don't have it either, but their vocals are not going to be a massive reason for that. There's more discussion about Lily's funny unhinged clips talking about random things than her vocals. 

People harp on 4th gen for being more performance and dance heavy, but I think people overestimate how much people cared about vocals for 2nd and 3rd gen while it was happening.",84,1737505060,IVE_RebelHeart
m8gka1x,kpop,"1. ILLIT - Tick-Tack
2. KISS OF LIFE - Nothing
3. ITZY - Blossom
4. NMIXX - BOOM
5. KISS OF LIFE - Igloo
6. Kep1er - Flowers, Flutter, Your heart
7. KISS OF LIFE - Te Quiero
8. ENHYPEN - TEETH
9. Kep1er - Curious
10. Zerobaseone - Insomnia
11. Dreamcatcher - 2 Rings
12. (G)I-DLE - Bloom
13. Kep1er - Dear Diary
14. (G)I-DLE - Fate
15. KISS OF LIFE - Too Many Alex
16. IVE - Blue Heart
17. NMIXX - BEAT BEAT
18. Everglow - BACK 2 LUV
19. Stray Kids - MOUNTAINS
20. OH MY GIRL - Start Up
21. Yuta - Prisoner
22. ITZY - Yet, but
23. Xikers - Supercalifragilistic
24. TXT - Kitto Zutto
25. BOYNEXTDOOR - OUR

Honorable mentions:

 * NCT 127 - Pricey
 * P1Harmony - Countdown to Love
 * TWICE - You Get Me
 * ENHYPEN - Criminal Love
 * Purple Kiss - Heart Attack
 * Stray Kids - Twilight",9,1737509644,IVE_RebelHeart
m8gudsz,kpopthoughts,"That is the whole conflict right there, the first impression really set the wrong foot.  ""Stepping Stone"" that is the sentiment that dives have push since Ive debut regarding their time from Iz\*one, go back to how Ive pop off we all seen dives do this every time any mention of Iz\*one during that first year, I see a lot of wiz\*one irked about that rightly or wrongly, but it really doesn't help the relationship that is the first impression Dives continue to push combine with how things ended with Iz\*one, is all emotion at this point so there is no solution to this other than people need to move on.  But I am asking dives how they feel if yujin and wonyoung left after 2 years not full 7 years and do another project and those fans of the new project tell dives that I've was just a ""Stepping Stone"", there is no need to do the superior thing that Dives did that first year, anyone can tell those 2 upgrades and doing much better than Iz\*one and they are in the perfect situations, I think all post Iz\*one girls are where they meant to be at the moment which we should all celebrate these miracles since previous produce groups are not so fortunate, you can celebrate it but why the smugness about it?",5,1737512919,IVE_RebelHeart
m8guft2,kpop,"1. Soojin - Summer Daze
2. ARTMS - Butterfly Effect
3. Illit - Midnight Fiction
4. Twice - Bloom
5. Nayeon - Magic (Feat. Julie of Kiss of Life)
6. Yves - Dim
7. Key - Going Up
8. Kiss of Life - Nothing
9. Onew - Hola!
10. Triples - Midnight Flower
11. Minho - Something About U
12. Irene - Strawberry Silhouette 
13. Kard - Waste My Time
14. Nmixx - Passionfruit
15. IVE - Ice Queen
16. NCT Dream - Unknown
17. Taemin - Deja Vu
18. Le Sserafim - Pierrot
19. Loossemble - He Said I Said
20. Stayc - Nada
21. Taeyong - Moon Tour
22. Ten - Water
23. Billlie - Shame
24. (G)I-dle - Bloom
25. Kep1er - Double Up!",9,1737512937,IVE_RebelHeart
m8h1ay3,kpopthoughts,"You make it sure like the entirety of wizones are anti-Ive when that's just not true. It's the akgae segment of the fandom which is a result of produce's competitive nature.  

The wizones who liked Wonyoung and Yujin didn't just up and disappear into thin air. And there's a lot of wonyoung solos in the fandom. Like I already mentioned, the Produce series has a way of cultivating solo/akgae. Those ""boycotting"" Ive were never going to support them to begin with.  

And I would definitely pin some of the blame on Starship. They have not handled this well at all. The way annyeong go out of their way to avoid mentioning izone is hilarious. But when they promote in Japan, izone is freely mentioned and frequently used even. They avoid mentioning izone in Korea because of the produce controversy, but continue to use izone's popularity to boost themselves in Japan. It is understandable, but also super hypocritical? You have to understand why some wizones might feel bitter about it (not that I'm justifying their behavior, just to be clear).",28,1737515204,IVE_RebelHeart
m8h1mar,kpopthoughts,"Except that is a lie. WonYoung fans never did that. Those were bots account that spam hate comments everywhere. You can see the same accounts hating and saying the same thing on WonYoung’s Instagram too. Those accounts exist to create drama and a simple tap of their profile shows they are not actually fans.

I don’t know why this comment is acting like wony fans were hating on her, most of them didn’t care. Why lie in a reply just to push a certain narrative 🤦‍♀️",6,1737515313,IVE_RebelHeart
m8h2ppa,kpopthoughts,"They’re not living in anybody’s heads rent free. This post is most likely inspired by the recent posts on the Izone sub where some of them are even shading Annyeongz just because they didn’t mention Izone in an interview. Or the shades they throw towards WonYoung at random times, with some of them caught liking wony hate tweets. That’s why the OP is saying to leave them alone. Nobody is asking them to support IVE.

I was a Wizone too and it’s incredibly annoying to open any video of wony laughing or doing anything and seeing comments like “Izone WonYoung is back”, acting like she’s a robot in IVE or something. Y’all love to act like dives just don’t like wizones for no reason when it’s simply not true.",24,1737515689,IVE_RebelHeart
m8hfvc1,kpopthoughts,">wizones were hardcore boycotting IVE’s debut and sending protest trucks and terrorizing yujin and wonyoung online leading up to debut (and some even to this day) so why wouldn’t they refrain from publicly talking about such a painful time

Seriously? Why the f\*ck?",17,1737520513,IVE_RebelHeart
m8hhbt9,kpopthoughts,">i’m not gonna list examples but IVE members are extremely close too! stop comparing them just because they’re more camera shy and introverted

Are you their friend or something? You have no idea how their relationship is behind the scenes. Your guess is just as good as anybody else's.",2,1737521099,IVE_RebelHeart
m8hiw2q,kpopthoughts,">and Le Sserafim's debut was later than IVE's yet still seemingly rushed (given the short training period for several members, as well as other factors).

How is this relevant?

>So the logic is presumably they would have been able to agree to a contract extension, although there's no real proof of that, because especially once they signed to a Hybe subsidiary they would no doubt want to hit the ground running.

None of them signed to HYBE until almost half a year after Izone was officially disbanded. I have no idea how this weird deflection always comes up.",1,1737521743,IVE_RebelHeart
m8hjiul,kpopthoughts,"Love Dive and Eleven by IVE🙌✨️
And also Hype Boy by Nwjns

Lol.",6,1737522008,IVE_RebelHeart
m8humgw,kpopthoughts,"That's not entirely true, wizones were pretty against IVE prior to their debut because they always saw the group as the reason Izone didn't renewed, yes, a lot become fans eventually but a lot throw hate too and it happened prior to lightstick incident.

Let's not speak that a lot wizones even nowadays hold into Ive because they don't mention Izone or dont interact as much with ex izone members and you'll see shade flying out.",21,1737527193,IVE_RebelHeart
m8ikem0,kpopthoughts,"True, I also like them very much. Rebel Heart grew on me. Though their older songs for me are even better.",3,1737542363,IVE_RebelHeart
m8ipal7,kpopthoughts,"yujin and wonyoung have both publicly interacted/mentioned multiple members like with eunbi, minju, yena, chaewon etc many times and freely interacted with them in award shows



Everytime I see wonyoung smiling or Yujin smiling ,people have to immediately bring up IZONE memories.  
Not to mention why is nobody IZONE was supposed to be  a temporary group ,wasn't hitomi and sakura from a japanese group at that time and the fact some memebers were rigged is  always going to be a icky feeling.Not to mention ,they were only supposed to last 2 years .They were given a set period and disbandment date.Every survival group is temporary and meant to bring fame .",13,1737545120,IVE_RebelHeart
m8iwqa1,kpopthoughts,"They still are that for me 😅 I'm not interested in stanning them because I'm following so many groups already, and I haven't yet clicked with any members, but I do love their discography! Most of their title tracks and promoted B-sides are on my playlist.

I Am, Love Dive, Wave, Kitsch, Eleven, Either Way, Heya, Rebel Heart, After Like, All Night, etc.",2,1737548769,IVE_RebelHeart
m8ixiia,kpopthoughts,"Like a example is 
So many people believe IVE is a coworker group .
Obviously we will never know the truth and the same can be said for so many groups as well.
But will you go around saying IVE only has a coworker relationship or simply not discuss about ?",1,1737549121,IVE_RebelHeart
m8jr2wh,kpop,"1. Chungha - I'm Ready
2. IVE - Blue Heart
3. Kep1er - PROBLEM
4. izna - TIMEBOMB
5. SEVENTEEN - Eyes on you
6. NewJeans - Bubble Gum
7. izna - FAKE IT
8. ILLIT - Lucky Girl Syndrome
9. FIFTY FIFTY - Gravity
10. LE SSERAFIM - 1-800-hot-n-fun
11. STAYC - 1 Thing
12. KISS OF LIFE - Igloo
13. LE SSERAFIM - Pierrot
14. RESCENE - Pinball
15. TWICE - Like It Like It
16. Loossemble - Cotton Candy
17. ZEROBASEONE - Insomnia
18. Key - Overthink
19. aespa - BAHAMA
20. ILLIT - Tick-Tack
21. Red Velvet - Sunflower
22. NMIXX - Run For Roses
23. TWICE - RUSH
24. LE SSERAFIM - Swan Song
25. ARTMS - Unf/Air",2,1737559291,IVE_RebelHeart
m8jt36o,kpopthoughts,"Blackpink - Jennie/Lisa, but they're all pretty popular imo so the difference isn't major

SKZ - Probably Felix and I think the disparity is pretty big 

BTS - Jungkook/V/Jimin and the disparity is big

IVE - Wonyoung/Yujin and the disparity is big

Kiss of Life - Natty/Julie and I'm honestly not sure, I think the most popular members are somewhat more popular but it's not a huge gap, like maybe it's medium lol",2,1737559863,IVE_RebelHeart
m8jv086,ATEEZ,BLESS U IVE BEEN LOOKING FOR THESE COVERS FOR SO LONG. 😭❤️❤️,5,1737560399,IVE_RebelHeart
m8jxt9v,kpopthoughts,"I just don't understand how they won the show (and this is regardless of the whole debate about Loona being the ""real"" winners if they did not get sick with covid and missed the first round of performances), had one come back with Last Sequence, and then just vanished. Like what? The entire point of going on that show was to have new eyes on WJSN so that they could do better in sales, promotions, concerts sales, etc. But it never happened. I get that there MIGHT have been a financing problem on Starship's end because they wanted to pour a lot of resources and funding into IVE (i am not blaming IVE's debute for WJSN dissappearing), but I feel like since Starship pretty much could tell, as well as all of us kpop listeners around the world, that IVE was going to be successful immediately, that they could still allocate some resources to WJSN and end up making good profits on both ends. It's really a shame since I started getting into their music during Unnatural. I hope we get anything at this point, even on of the subunit coming back.",16,1737561178,IVE_RebelHeart
m8jzz21,kpopthoughts,Yeah starship confused me with that one. Like Queendom really gave them a second wind and they just wasted it. I get maybe wanting to focus on IVE for their debut but I agree that they definitely could’ve ran both groups,2,1737561778,IVE_RebelHeart
m8k0qtv,kpopthoughts,"I'm a day one fan and prouder of them than ever. They're really fulfilling their creative dreams - they got to work in acting/for film and tv, they got to do solo work, they got to experiment outside the typical BP sounds, they got to work with a wide range of artists, they're finally all doing full albums and they got to break the kpop mould even further by doing all this and more. Whether non fans dislike their music or not, one of their greatest achievements has been to reach a certain level of individuality that has set other kpop artists up to follow.

For example, if they hadn't done Coachella, would other kpop groups even think that was possible or be aspiring to do the same or similar - like IVE performing at Lollapalooza for example. Would we see so many of them collabing with western artists now? I've even seen kpop groups mimicking the way BP performed at Coachella in their own stage performances now, and I love it, it's a sign of groups seeking the same level of freedom. So BP deserves all the praise and more, and Jennie's trailer for RUBY just dropped btw so def check it out, it's short but brilliant.",2,1737561996,IVE_RebelHeart
m8k7fwy,kpopthoughts,"Chungha absolutely popped off and released hit after hit for me (Eenie Meenie, I'm Ready, Algorithm, Sleigh, There Goes Santa Claus!). 

D.O as well really surprised me with Blossom, like that whole album is chef's kiss and chef's warm hug and chef's firm handshake lol.

KIOF gaining traction and finally getting the love they deserve warmed my heart, Sticky and Igloo are top tier and probably my favourite songs of theirs so far.

SKZ too, like they were already on the rise, but it's great to see them doing so well.

Blackpink's solos doing so well really made me happy as a Blink too, can't wait for RUBY in March.

IVE absolutely killing it and becoming my favourite 4th gen gg in 2024 thanks to Heya and Accendio wasn't totally unexpected, but still a bit surprising given how many gg slayed in 2024. 

Dreamcatcher releasing anything at all was a surprise, but the fact it was Justice made it even better.

And ARTMS's Virtual Angel totally took me by storm, still can't get enough of that song.",3,1737563868,IVE_RebelHeart
m8k9qxc,kpopthoughts,"girl some wizones didn't really like the debut date of IVE because its 1201 and thetusaid its just for izone and they got mad because yujin did her birthday live the same day as eunbi (yujin got c0vid that time), and all the protest truck and boycott they did because yujin & wonyoung debuted first than the other members. and some of the so called ot12 just mention yujin and wonyoung when it comes to crumbs but they doesn't really support them anymore.",6,1737564495,IVE_RebelHeart
m8kfpmk,kpop,"1. NCT 127 - Pricey
2. DOYOUNG - From Little Wave
3. Day6 - Happy
4. ENHYPEN - Teeth
5. ARTMS - The Hitchhiker's Guide to the Galaxy
6. DOYOUNG - Beginning
7. YUTA - BAD EUPHORIA 
8. WayV - She A Wolf
9. NCT 127 - Can't Help Myself
10. Xdinary Heroes - Paint It
11. NCT DREAM - Box
12. LE SSERAFIM - Pierrot
13. Loossemble - Cotton Candy
14. IVE - Blue Heart
15. Wendy - His Car Isn't Yours
16. ILLIT - Midnight Fiction
17. Billlie - Bluerose
18. The Boyz - Bite Back
19. ONEWE - Shoot It Out
20. Minho - Because of You (feat. Ningning)
21. Yves - Dim
22. BOYNEXTDOOR - So let's go see the stars
23. CRAVITY - Worst Thriller
24. &TEAM - Deer Hunter
25. ZEROBASEONE - KILL THE ROMEO",3,1737566114,IVE_RebelHeart
m8ko6co,kpopthoughts,"This is my exact gripe with IVE. Liz is an amazing vocalist, and the other IVE members are great as well, but all their songs kind of seem meh or just too GP-friendly. I mean, it seems to be working since they are HUGE, but just not for me.",0,1737568385,IVE_RebelHeart
m8kpbr6,kpop,"1. STAYC - Trouble Maker
2. TZUYU - Lazy Baby (Feat. pH-1)
3. Red Velvet - Bubble
4. Red Velvet - Sunflower
5. Loossemble - Secret Diary
6. Loossemble - Cotton Candy
7. NMIXX - Passionfruit
8. NMIXX - BOOM
9. ONF - Breath, Haze & Shadow
10. TWICE - Like It Like It
11. TWICE - Sweetest Obsession
12. ITZY - Mr. Vampire
13. ITZY - Escalator
14. IVE - Ice Queen
15. STAYC - Meant to Be
16. Billlie - Bluerose
17. ONF - Aphrodite
18. IVE - Blue Heart
19. tripleS - 12 Rings
20. Billlie - shame
21. fromis_9 - Beat the Heat
22. TWICE - RUSH
23. aespa - Dopamine - GISELLE Solo
24. Viviz - Cliché
25. fromis_9 - Take A Chance

These are my most played b-sides limited to 2 per album, wish I could have included more Red Velvet, ONF, tripleS, Viviz, and NMIXX songs 💔",1,1737568689,IVE_RebelHeart
m8kwwuy,kpopthoughts,"lol what?

I love Sistar, IVE and Monsta X, but SSE aren't even close.",13,1737570720,IVE_RebelHeart
m8kzeqj,kpopthoughts,"Sure, but do you think they have as much industry relevance as IVE, Idle or aespa? 

There are also many mid sized groups that have longevity due to sales. But it doesn’t mean they are dominating with lots of recognition.",-16,1737571379,IVE_RebelHeart
m8kzkwn,kpopthoughts,"Based on Gidle/IVE’s success, I would say:

1. Having a member or several members that write/produce their own songs to save costs to the company

2. Foreign members who help the group gain popularity internationally.

3. Having popular members from disbanded project groups or survival shows. Even ex-trainees from the Big 4 get attention.

4. Being from a mid-tier company that used to have popular senior groups

5. Being from company that’s a subsidiary of a bigger company that has resources to support the group. 

6. Having songs/dance challenges that go viral for free promotion.

Mamamoo and Oh My Girl never sold as much as Gidle/IVE and they had comebacks after their 7th year. Mamamoo had a comeback in 2022 and Oh My Girl had a comeback in 2024. But the members are focusing on their solo careers now. Dreamcatcher is also past their 7th year and have a big enough fanbase to support them.

StayC seems like they could follow Mamamoo/Oh My Girl’s trajectory. Kiof is too new, but they could end up being like Mamamoo or Gidle. TripleS is also pretty new, but they have a solid fanbase and could become bigger. 

I think the problem with girl groups is that the members seem to prefer doing solo work over being in a group. While boy group members tend to prefer being in a group. Maybe it’s because solo work for female idols is more lucrative/gives them more freedom?

Mamamoo could easily continue having group releases, but they would need to focus less on their solo work. Same with Oh My Girl. Dreamcatcher seems to be the exception since the members are focusing more on the group.",37,1737571424,IVE_RebelHeart
m8l04re,kpopthoughts,"Good management, dedication to the image that  brought fans in, and if they have gp interest: palatability and continuing a fresh feeling in their sound to the gp for whatever countries they focus on. All of these together tends to keep a loyal fanbase and continue bringing an influx of fans and general interest. IVE arent over 7 years yet so i wont speak on them, but gidle for example i’d say they’ve stuck pretty true to their image all these years while still spicing it up to keep gp interest and new fans moving into the fandom

Also touring, it by far the most profitable aside from raking in cfs. It keeps fans engaged and spending. The more money they make off of tours, the more the company makes to invest back into the group. If a group can tour well, the likelihood that a company will want to keep them around after 7 years goes up a lot",8,1737571569,IVE_RebelHeart
m8l39sb,kpopthoughts,"“So well” and they’re not even in the top 5 of 4th gen girl groups… LSF, NewJeans, aespa… even IVE and Idle are doing better than them.",-14,1737572396,IVE_RebelHeart
m8li5zd,kpopthoughts,"Not being at the top of everything doesn't mean that a group has ""fallen off"". The attention of the general public is fickle, a time will come when IVE, Idle and Aespa won't have chart topping hits anymore, but will still make money thanks to their solid fanbase. Are you calling Twice ""flops"" because of this, when they just had their biggest, most successful tour ever ?",9,1737576375,IVE_RebelHeart
m8m3act,kpopthoughts,"I had to narrow it down to one per group otherwise it would go way over...

* Hype Boy - New Jeans
* Bad Boy or Psycho - Red Velvet (can't decide)
* Egotistic - Mamamoo
* HWAA - (G)IDLE
* Lies - T-ARA
* Attitude - fromis\_9
* Killer - Baby V.O.X
* More & More - TWICE
* In the Club - 2NE1
* LA DI DA - EVERGLOW

Honorable mentions because it's too painful to narrow it down to only 10:

* Sweet Juice - Purple Kiss
* A - Rainbow
* Only You - miss A
* TTL - T-ARA
* Generation or Girl's Capitalism - tripleS
* Into the New World - SNSD
* Igloo - KISS OF LIFE
* LOVE DIVE - IVE",1,1737582029,IVE_RebelHeart
m8mikw5,kpopthoughts,">I just don't understand how they won the show (and this is regardless of the whole debate about Loona being the ""real"" winners if they did not get sick with covid and missed the first round of performances)

It's kind of funny how this always gets brought up, but everyone always seems to ignore how poorly Loona scored in round 3 (which was worth as many points as rounds 1 and 2 combined.) But I digress...

I don't think Starship cared at all about WJSN being on the show. Probably the only reason why Starship agreed to send them was because it would mean the end of their beef with Mnet, and they could let their idols promote on MCountdown, do KCON etc

I also don't think that Starship really was ready for how massively successful IVE would be. I don't think most people were, tbh. I believe the expectation for IVE was that they would either remain solidly mid-tier, or peak at debut like most Post-produce groups. Because historically that's what would have happened

But the thing was, WJSN was on a nice upward trajectory, and Starship just... kind of dropped the ball, like they're SM with like 15 different million sellers under their roof or something. Fuckers",7,1737586483,IVE_RebelHeart
m8mmirm,kpopthoughts,"If anything, Cube & (G)I-dle are an example of just how much money (a LOT) an agency needs to spend to get the kind of returns that they do.     
You have to remember that after Tomboy, in addition to Lightsum, they also shelved BtoB & Pentagon (not to mention much of their entertainer/actor unit), who were certainly profitable to the extent that is typical for an agency that size. But to grow Idle to the size that they are, they basically had to spend the equivalent of what was usually spent on four groups on one.    
This kinda happened to WJSN when IVE debuted, and I'd been worried that the same fate would befall Monsta X and Cravity, but Starship probably has more money to play with, thanks to their Kakao backing.",16,1737587744,IVE_RebelHeart
m8n72pw,kpopthoughts,"That's actually a pretty good point. I know SM artist can sing, but they don't sing. 

People shit on IVE or LSF weak vocals, but they actually do sing live alot of the time.",6,1737594210,IVE_RebelHeart
m8ngixi,kpopthoughts,"For going out to visit their own fan event, too. Most ridiculous controversy. I lived for all the jokes/barbs about practice afrer that. You know the members were mad for Hao and Yujin.",25,1737597240,IVE_RebelHeart
m8nzg9v,kpop,"1. Younha - Antmill
2. UNIS - Dopamine
3. STAYC - Stay WITH me
4. ARTMS - Sparkle
5. tripleS - 24
6. FTISLAND - T.I.V.
7. IVE - Ice Queen
8. ILLIT - Lucky Girl Syndrome
9. Kep1er - Problem
10. VIVIZ - Cliche
11. QWER - Soda
12. Yena - Good Girls in the Dark
13. Purple Kiss - BITTER SWEET
14. NMIXX - Love Is Lonely
15. Yerin - Permeate
16. Weeekly - Twenties
17. RESCENE - Pinball
18. Dreamcatcher - Fireflies
19. SAY MY NAME - 8llowme
20. CSR - HELLO
21. Younha - East wind
22. Purple Kiss - Voyager
23. STAYC - 1 Thing
24. ARTMS - Butterfly Effect
25. NMIXX - Run For Roses",2,1737603674,IVE_RebelHeart
m8opke0,twice,"So far I’ve been to BP, Twice, IVE & Gidle and Twice was in a whole other league entirely. Legitimately the best concert I’ve been to, and that’s not just including kpop concerts. The energy that both Once & Twice bring is unreal! The visuals are amazing and the sound is next level with the live band. The general atmosphere of everyone at the venue was so exciting and hearing an entire stadium full of Once absolutely roar when Twice made their entrance is something I will never forget! I will throw any amount of money at the chance to see them again for their upcoming tour.",118,1737615222,IVE_RebelHeart
m8owvxm,kpopthoughts,"I dont really follow the others, but for Dami I wouldn’t worry too much. She said it herself that she just can’t eat as much as the others, few bites and she’s full. The others are sometimes worrying, sometimes making fun of her(the 7 of them really created a special bound) so I believe it’s not that worrying. Of course I do believe the industry had this impact on her, but it’s not as bad as in other cases.

Dreamcatcher in general are not that restricted when it’s about food. They talk a lot about food and I don’t think it’s just for the camera. Especially Jiu. Also in their debut years, they made friends among other idols by sharing their fruits and snacks during music shows cause other companies wouldn’t allow them to bring any food.

On the other hand, someone that really caught my attention during the latest comeback was Liz from IVE. I loved her since debut and I know she got lot of “criticism”(hate) for her weight and it seems it got into her head because she is really…changed. It doesn’t seem an unhealthy loss of weight cause she still seems fine, but who knows what’s in her head…",3,1737619432,IVE_RebelHeart
m8pb401,kpop,"We did it DIVEs. They rebelled and they won. Wonyoung sounded really good during that encore too, and Liz is so pretty these days, she's a real Ashley Graham.",56,1737628372,IVE_RebelHeart
m8pbtk2,kpop,IVE encore was so good.  ❤️,61,1737628806,IVE_RebelHeart
m8pbv4h,kpop,"Congratulation to IVE, the true Rebels in our hearts 🤍  The song is awesome and the performances as amazing as ever. Very well-deserved and hope they keep the momentum going for the rest of the year's activities!",37,1737628833,IVE_RebelHeart
m8pc5fn,kpop,Congrats to IVE and Dives!,18,1737629004,IVE_RebelHeart
m8pe08i,Aespa,"Hey there, 
I did check their Twt profile, unfortunately they had only Armageddon era pics 🥲.
Thx for that by the way 🙌🏻.

If you don't mind, may I ask you another question?
Is whitewashing/over-editing of Idol's press photos by korean media and fansites norm?? Why do they do that?
(I'm new to k-pop, still learning about this music industry)😪🙃

Examples:
[pic1](https://www.reddit.com/r/Aespa/comments/1hlvpk6/241225_aespa_2024_sbs_gayo_daejeons_red_carpet/)
[pic2](https://www.reddit.com/r/Aespa/comments/1gtag90/241117_aespa_2024_korea_grand_music_awards_red/)
[pic3 from fansite ](https://www.reddit.com/r/IVE/comments/1i6fojx/241220_wonyoung_fansite_update/)

In contract here's how press/editorial images form Getty, Alamy, Shutterstock looks like


[pic1 ](https://www.reddit.com/r/Aespa/comments/13qtaln/230524_aespa_the_76th_annual_cannes_film_festival/)
[pic2](https://www.reddit.com/r/Aespa/comments/144p0hk/230608_new_york_yankees_twitter_update_with_aespa/)
[pic3](https://www.reddit.com/r/Aespa/comments/1fkmfxu/240919_karina_at_pradas_womenswear_springsummer/)",1,1737630081,IVE_RebelHeart
m8q3gsx,kpop,"Congrats IVE. 

Win 4 more times.",6,1737641066,IVE_RebelHeart
m8q44dp,kpopthoughts,"Yeah I get that. Im not asking them to be as active as like IVE or Gidle. I just think it was a waste to send them on Queendom, get them exposure and a new audience just to do nothing with it. At least 1 CB or maybe even 2 would’ve been good. Being an Idol is apart of their resume and I can’t imagine the girls resigned JUST to do their other jobs & side hustles",2,1737641288,IVE_RebelHeart
m8qfyrb,kpop,W IVE💯💯💯💯💯💯,7,1737645066,IVE_RebelHeart
m8qokf8,kpop,"Very happy for them. I saw a YouTube short yesterday showing the history of ive's wins rhat including rebel heart having 0 wins. I hate how fast ppl post these videos just to have the first one of the comeback. It's clickbaity, and ppl watching the video a year from now- bc yt shorts likes to repeat videos in your feed- won't actually know what songs ended up with wins by the end of their promotion",20,1737647593,IVE_RebelHeart
m8t497u,kpopthoughts,">I want kpop companies to not opt into dynamic pricing and not set their base ticket prices double and triple the amount of what other countries are paying

What you're asking for is legitimate and worthwhile. But you're calling for a boycott of the vendor to force this, when you know that doing so will greatly limit options for groups big and small to book tours. It will not magically lower prices and will instead force groups not to tour at all. There are better solutions. I don't disagree with your end goal really, only the means by which you think it can be achieved. 

Again, I don't disagree that dynamic pricing is a problem. But the problem is that generally, variance in pricing is not just because of dynamic pricing. Someone else explained the cost of living example, but that is a solid example of why you can't look at a ticket in the US and a ticket in, say Taiwan, and ask why the US ticket is so much more expensive. 

>Kpop companies stopped touring in Europe because they couldn’t exploit prices so it wasn’t worth it for them. 

This is an assumption, and it's also demonstrably false. Groups like ITZY, Dreamcatcher, Everglow, ARTMS, KARD, IVE, and more toured Europe in 2024. If I extend it back to 2022 there are even more groups. Larger groups like [aespa](https://www.nme.com/news/music/aespa-2024-synk-parallel-line-tour-tickets-dates-more-2-3589272) and [TXT](https://www.nme.com/news/music/tomorrow-x-together-txt-act-promise-world-tour-us-europe-asia-tickets-more-3599414) as well as [Taemin](https://x.com/taemin_bpm/status/1852213984415617125) have just declared Europe dates for 2025.  To purport that there are no tours in Europe or they ""stopped"" touring the region because of they don't allow dynamic pricing is something I'd like to see you show sourced evidence for, because I'm not seeing it.

The US gets more tours because they are perceived as the larger market with more venue flexibility and thus more profit potential. It's that simple. Additionally, mid-tier to local promoters willing to bring K-Pop acts appear to be less plentiful in Europe, and we've seen some pretty blatant examples of some of them having challenges bringing in artists (see: KPOP FLEX, Mik Festival, and the KPOP Fusion tour). There's just so much at play so to boil it down to ""they can't exploit EU fans so they don't come"" is an extremely narrow viewpoint with no evidence.

>The breathless defense of companies who are unapologetically taking advantage of the average Kpop fan is mind boggling. Holing companies accountable is a good thing.

Reading your comments in this thread, I really think you're making assumptions when they're not there. I've linked plenty of articles and supporting info to boost my points, but have not seen you do nearly the same to support your argument, so I'm really not convinced. As I said, I do not agree with dynamic pricing as a practice - it should be disallowed or at minimum have more transparency, such as with junk fees, should be placed onto seating chart interfaces. A boycott is doomed to fail for all the reasons I stated and is the incorrect way of going about things.

We are better off doing one of the things I linked in my last comment. Legislation, such as [the bipartisan agreement to ban junk fees for things like live events](https://www.ftc.gov/news-events/news/press-releases/2024/12/federal-trade-commission-announces-bipartisan-rule-banning-junk-ticket-hotel-fees), remains the most effective path.

Again, I don't disagree with your intentions. It's your method and your confidence that you think it's the best way to go about it that I think has a high chance of failure. It doesn't help that you're attributing those of us with criticism of these ideas as defending exploitation, especially when some of us are on your side in wanting to end the practice.

That's all I have to say about that.",6,1737671680,IVE_RebelHeart
m8t9nea,kpopthoughts,"IVE would be fine with i am, i think le sserafim would have been a bit less popular until crazy, then they would have been alright. this was aespa’s year so if their past discography didn’t exist i don’t think it’d change anything tbh.",6,1737673262,IVE_RebelHeart
m8uwfa1,kpopthoughts,"3rd gen idols are still only getting started into acting. 

When you look at 3rd gen groups, the IOI girls like Sejeong, Jung Chaeyeon, Kang Mina are outliers and were casted very early in their careers. Others like Bona really only took off since 25/21 and getting lead roles in last 2 years. Yeonwoo really got into acting after she left Momoland, and prior to that still focused on her idol career. Similarly like Jang Gyuri only focused on acting after her contract expiration in the last 2-3 years. 

4th gen are way too young at the moment, and realistically they can only play student roles or webdramas which is a good start to acting, but probably not worth their time financially as compared to focusing on idol things. There's some idols where it's only a matter of time like Yujin and Wonyoung when they eventually diverge out to acting activities. But for most, it's different to earlier gens where idols have more public recognition and it's easier to get roles since they're already known to public.",1,1737693186,IVE_RebelHeart
m8uyt10,kpop,"1. TWICE - RUSH
2. aespa - Set The Tone
3. TWICE - YOU GET ME
4. STAYC - Let Me Know
5. ENHYPEN - Moonstruck
6. LE SSERAFIM - 1-800-hot-n-fun
7. aespa - Kill It
8. LE SSERAFIM - Pierrot
9. aespa - Live My Life
10. TWICE - NEW NEW
11. aespa - Just Another Girl
12. NMIXX - Run For Roses
13. xikers - Supercalifragilistic
14. IVE - Ice Queen
15. ATEEZ - Selfish Waltz
16. NewJeans - Bubble Gum
17. ILLIT - Lucky Girl Syndrome
18. ILLIT - Tick-Tack
19. TWICE - Keeper
20. YENA - Damn U
21. STAYC - Flexing On My Ex
22. ATEEZ - Siren
23. NAYEON - Count It
24. ILLIT - Midnight Fiction
25. xikers - Red Sun",0,1737694130,IVE_RebelHeart
m8v2gdz,kpopthoughts,cough cough if i dare say IVE...... cough cough (exits the room),4,1737695652,IVE_RebelHeart
m8vin98,kpopthoughts,IVE Yujin is going to be a huge actress one day I promise you,35,1737703766,IVE_RebelHeart
m8w1l0u,kpopthoughts,"The GP is a fickle beast.  
Even among the groups you mentioned, LSF, Illit and Stayc failed to make an impact on the charts with their second release in 2024.

Similarly Baemon has been all over the charts and IVE can hardly be said to be gaining momentum in the GP's eyes. Sales might be up, but GP metrics like Melon and YT are down down. 

That being said, JYP groups have had a marked decline on the charts and we're a looooooong way from Twice's glory days.",5,1737715295,IVE_RebelHeart
m8wh7i6,kpop,"1. Kiss of Life - Igloo
2.  Yuta - Butterfly Depth ver. 
3. Everglow - Colours 
4. ATEEZ - Shaboom 
5. Stayc - 1 Thing 
6. tripleS - Vision 
7. NMIXX - Red Light Sign But We Go
8.  ARTMS - Butterfly Effect 
9. Le Sserafim - 1-800-hotnfun
10. aespa - Licorice
11. Chungha - I'm Ready 
12. IVE - Blue Heart 
13. NMIXX - Run for Roses",0,1737723037,IVE_RebelHeart
m8wicu2,kpop,Can't tell if they're pranking the IVE members or chef Seongjun here lol,7,1737723493,IVE_RebelHeart
m8x0lt9,kpop,"By the producers of **CRASH**: ENHYPEN - Fatal Trouble, ENHYPEN - Paranormal, ZEROBASEONE - In Bloom, OH MY GIRL - Nonstop, KAI - Rover

By the producers of **Glow Up**: aespa - Spicy, aespa - Armageddon , aespa- Drama, Sabrina Carpenter - Two Young Hearts, ENHYPEN - Still Monster, RIIZE - Siren, Conan Gray - Little League , BTS - LIE

By the producers of **Going On**: NAYEON - POP!, NMIXX - Love Me Like This, Red Velvet - Night Drive, ZEROBASEONE - Our Season 

By the producers of **In my lotion**: ILLIT - Magnetic, VIVIZ - MANIAC, fromis_9 - Supersonic, ENHYPEN - Hundred Broken Hearts, GroovyRoom - Yes or No

By the producers of **Cotton Candy**: LE SSERAFIM - Impurities, TWICE - I GOT YOU, TWICE - MOONLIGHT SUNRISE, IVE - I WANT, IRENE - SUMMER RAIN

^(Credit goes to @/resceneglobal on twt, the largest Rescene fanbase)",29,1737729832,IVE_RebelHeart
m8x2wfn,kpopthoughts,"They would still be very popular, the public would've just latched onto a different song. For IVE, LSFM and Itzy I don't think their status would be any different because the public was already into their debut song so it honestly wouldn't have taken long to get them to latch onto a catchy cb song. I know you listed Wannabe for Itzy but Dalla Dalla was definitely ""that"" song for them. So I Am, Unforgiven, and Wannabe would be the alternate viral/""that"" song for these groups imo. For Aespa, I think their popularity and timeline would look very similar to Red Velvet. They would have a very strong fanbase with cbs doing gradually better on the charts but hitting their first peak later on than their biggest competitors. I think Spicy would've been ""that"" song for them, similar to Red Flavor for Red Velvet and Drama would've helped to cement their status.",4,1737730539,IVE_RebelHeart
m8y10fr,kpopthoughts,"I'm just going to do one each. 



NMIXX: 

Favorite- Red light sign, but we go  
Least Favorite- O.O

RIIZE:

Favorite- Honestly  
Least Favorite- Siren

BTS:

Favorite- Outro: Tear  
Least Favorite- On ft. Sia

IVE: 

Favorite- Take It or Either Way  
Least Favorite- OTT (I don't know how controversial this is, don't kill me)

BLACKPINK:

Favorite: The Happiest Girl  
Least Favorite: Pink Venom

TWICE:

Favorite: Likey  
Least Favorite: Look At Me (just got annoying after it went viral)

RED VELVET:

Favorite: In My Dreams  
Least Favorite: Chill Kill (please don't kill me, it's just that the chorus puts me off)

LE SSERAFIM:

Favorite: The Great Mermaid  
Least Favorite: Fearless

AESPA:

Favorite: Yeppi Yeppi  
Least Favorite: aenergy (I used to like this a lot, but I've never gotten tired of a song this quickly before and I don't even know why)

NEWJEANS:

Favorite: Attention  
Least Favorite: Cookie by principle, Super Shy musically.",2,1737740133,IVE_RebelHeart
m8y1ga8,kpopthoughts,"G-idle is the luckiest 4th-gen group at present. Do they have the privilege of a Big4 company? No. But that didn't stop them from being successful, they went through a lot, even as far as losing a member. But, that didn't stop them from reaching new heights. 

Their contemporary ggs are debuted from highly reputed companies and have sales, streams, records, awards, ambassadorships, pre-debut privileges and whatnot. That didn't stop them from being one of the successful 4th-generation ggs. Competing with big4 groups is not easy. 

They don't have a stronghold in Billboard charts, but they are successful in Korea, a dream many 4th gen male idols are dying to have. They have a very strong vision, that's why they can have an incredible run on their accomplishment. Some of their contemporaries like Itzy and nwjns have almost fallen off. Fromis 9, despite coming from Hybe, ended up leaving due to mistreatment. With the debut of SMNGG, no one knows what happens to Aespa next. Only LSF and IVE are the competitors remaining in the long run, both of them have the privilege of coming from big companies and having some of the ""it girls"" of the generation. Compared to them, G-idle has to work and compete a lot, still a long way to go. 

Their music will not be my favourite apart from a couple of songs, but as a woman and a bg listener, I have a big admiration for Soyeon for leading one of the most successful ggs, despite all odds.",3,1737740256,IVE_RebelHeart
m8yqlek,kpopthoughts,"Yuri and Minju both very recently had pretty significant breakthroughs in acting so the timing of the post is not the best.

I also think Yujin will for sure act at some point in the future once IVE activities quiet down. It seems quite obvious she's good at it. For now she's more than fully booked with IVE + Earth Arcade + Crime Scene Returns, one of the busiest idols out there.",21,1737747242,IVE_RebelHeart
m90ti09,kpopthoughts,Wonyoung for IVE. Aside from being the most popular member and face of the group I think she matches the chique and elegant concept of the group perfectly.,13,1737770180,IVE_RebelHeart
m90tn1y,kpopthoughts,"Definitely agree on wonyoung for Ive I’d also say:

Chan for skz 

Seoyeon for g idle 

Hongjoong for ateez 

Karina for aespa

Nayeon for twice 

Jennie for blackpink",31,1737770227,IVE_RebelHeart
m91t3h3,kpopthoughts,"IVE Wonyoung, BP Jennie, Gidle Soyeon, Aespa Karina, NewJeans Hanni, LSF Yunjin. I can't think of just one for Twice but maybe Sana/Nayeon ??? Also for RV I feel like Irene stands out to me the most.",15,1737784539,IVE_RebelHeart
m91xrfg,kpopthoughts,HAHAHAHAAAAAA IVE NEVER SEEN THIS THEORY OH MY GOD AS AN AUSTRALIAN THIS IS HILARIOUS,2,1737787034,IVE_RebelHeart
m9281ml,kpopthoughts,but i think that the leader and face of group dont usually correlate? for ex wonyoung is the face of IVE and the leader is yujin,3,1737793132,IVE_RebelHeart
m92aemr,Aespa,"Not sure if this is true , wasn’t ningning literally in some Chinese singing show as a teacher ? And she released this bomb ass collab with Jay Park just a while back ? Since people are more into K-pop they are more likely only to see the Korean promotions I feel so when it comes to anything the members do in other countries it doesn’t reach the fanbase here but they are certainly being promoted. 

Even during the last collab Giselle got the most iconic part and devoured it. It really depends on how you see it, they all have their ambassador opportunities.

I do feel that this is always the case tho with groups with members who are just a bit less popular than others. With IVE I felt like every one was getting treated quite fairly - but if there’s a super popular member in the group it’s easier to blame the company.",5,1737794614,IVE_RebelHeart
m92ak3y,kpopthoughts,Wonyoung for Ive. She embodies the royal/elegant/princess concept,39,1737794713,IVE_RebelHeart
m92bema,kpopthoughts,"I don't think it will happen. Cute concepts and branding just target a relatively small audience. 

Generally speaking nowadays guys like ""hot girls"" more than cute ones, at least in terms of K-pop worldwide. You see it with Le Sserafim and Kiss of Life for example. And girls more often than not want to be cool and chic rather than cute. Even among ILLIT members themselves, who are teenagers and young adults, that sentiment is not uncommon. 

'Magnetic' was one of the best songs in K-pop last year and I think that drove popularity of ILLIT rather than their concept. They don't have the same resilience as some of their peers where even if the song underperforms, the idols themselves and their strong fandom can compensate for that. 

It doesn't mean that groups have to do only girl crush. For example IVE and NewJeans had their own vibes that were still very popular among both male and female fans. I just don't think ""cute"" appeals to a big audience in modern K-pop.",16,1737795244,IVE_RebelHeart
m92dr3a,kpopthoughts,"My buddy loves KIOF, and I love cute concepts like Oh My Girl. IVE is pretty much the only group we share an interest in.


Girlcrush is generally uninteresting to me.",0,1737796719,IVE_RebelHeart
m92f6rv,kpopthoughts,"Oh yeah, I'm not saying that everyone has to follow the same playbook, but there are definitely clear trends. 

Even IVE dabble a bit in the girl crush territory, because it works for so many groups.",6,1737797627,IVE_RebelHeart
m92naqr,kpopthoughts,Lisa with BP and Yujin from IVE,4,1737802737,IVE_RebelHeart
m92x7o6,kpopthoughts,"Newjeans - Danielle 

Aespa - Karina

BLACKPINK - Jennie 

Ive - Wonyoung

Illit - Wonhee

LSF - Chaewon 

Twice - Nayeon

But let's be honest, all members of these groups are loved 🙂",8,1737808351,IVE_RebelHeart
m92zper,kpopthoughts,"Bro yujin IS ive, i don't see the wonyoung angle",8,1737809540,IVE_RebelHeart
m9361kn,kpopthoughts,"Out of the ten years I've been into K-Pop I watched 6 if I remember correctly. 

1. Sixteen (My girlfriend at the time had me watch it with her)
2. Produce 101 (Girlfriend again) 
3. Produce 48 (I kind of liked 101 so I was curious) 
4. Girl's Planet 999 (Produce 48 was fine and had some great contestants, so I went for it) 
5. I-Land 2 (My current girlfriend bullied me into watching it)
6. Universe Ticket (Girlfriend again, after asking her like 10 times what was the name of the group of the songs she was playing, She told me we were going to watch Universe Ticket since I liked the music so much. I was very reluctant because I didn't knew much about it except, the contestants were very young, which is something kind of off-putting for me)

Since she seems to have a soft addiction for survival shows and now that I've watched two with her, she appears determined to make me watch every girl groups' one. 

As for the one I actively kept up... I didn't with Twice at first, as I completely forgot about them and pretty much only listened to Red Velvet at that time, K-Pop wasn't really a thing for me. I didn't follow I.O.I at all, wasn't really into their music. But I follow the contestants I like on their next venture. Same thing for IZ\*ONE. Despite half of my favourites making it, I really didn't like the songs. But I now stan IVE, Le Sserafim, Yena and Kwon Eunbi.

Kep1er I followed and keep following, love their music. izna I liked and intend to keep on buying their releases. UNIS kind of clashes with my principles but the talent is undeniable and their music banging, so I'll keep up with them also.",0,1737812263,IVE_RebelHeart
m93dxhm,kpopthoughts,"I don't find IVE concept cute at all, like no title track is cute from them, neither song wise or concept wise",9,1737815262,IVE_RebelHeart
m93jji7,kpopthoughts,"ive and wonyoung, T.O.P, gfriend, illit, lesserafim",3,1737817213,IVE_RebelHeart
m93k7rd,kpop,"1. Giselle - Dopamine  
2. (G)I-DLE - Bloom  
3. TWICE - New New  
4. ILLIT - Lucky Girl Sydrnome  
5. Taeyong - Ups & Downs  
6. Taeyong - Moon Tour  
7. TWICE - Bloom  
8. ARTMS - Butterfly Effect  
9. Red Velvet - Sunflower  
10. IVE - Ice Queen  
11. Red Velvet - Bubble  
12. STAYC - Twenty  
13. NMIXX - Run For Roses  
14. ARTMS - The Hitchhiker's Guide to the Galax  
15. IVE - Blue Heart  
16. Ateez - Selfish Waltz  
17. KISS OF LIFE - Te Quiero",1,1737817436,IVE_RebelHeart
m93ptqr,kpopthoughts,"Any changes to the bigger GG of the last 10 years would have a huge impact on the GG scene of the last 10 years. 

Miyeon debuts in Blackpink, and completly changes the 3rd Gen scene. And then Idle would be totally different. Soyeons career would be totally different.

What if Izone never disbanded? No LS, no IVE. The careers of the 5 most prominent figures would be totally different: Sakura, Chaewon, Wonyoung, Yujin, and Chaeyeon. Oh, and Yena, too. 

On a smaller scale, come to recent times and look at Yooyeon. TripleS has changed the game, jn some ways. If Yooyeon made it into Classy, they would likely have been at least a bit more successful, and TripleS would've been nowhere the level they are. A lot of their attention was grabbed by MTG viewers, and Yooyeon fans.",9,1737819229,IVE_RebelHeart
m93s6gt,kpopthoughts,"X1 had the potential to be the biggest produce group but unfortunately X1’s short lived career impacted its members.

WSJN debuted at a time where there was a lot of competition and probably didn’t have someone or something to set them apart from other groups.

IVE has Wonyoung and Yujin who are undoubtedly the biggest asset to IVE’s initial popularity. They had eyes on them, they were the first IZONE post group. They had the center and the mini variety star of the group.

IZONE were VERY big in SK. They were often called a girl group with a boy group  fandom because of how well they sold and also digitally.",34,1737819945,IVE_RebelHeart
m93s71a,kpopthoughts,Because IVE has An Yujin and Jang Wonyoung primarly and they debuted at a better period overall.,59,1737819949,IVE_RebelHeart
m93tcjh,kpopthoughts,"I love WJSN more than anyone, but even with the best promotion in the world they still wouldn’t be anywhere near IVE’s popularity. IZ*ONE were stupid popular. They were at or around the popularity of big 4 ggs, and Wonyoung and Yujin were two of the most popular members. I wouldn’t be surprised if in IVE’s first year Wonyoung’s brand deals alone brought in more money for Starship than WJSN did in their whole career.",31,1737820287,IVE_RebelHeart
m93txpx,kpopthoughts,Because it's not the company that made IVE popular and big,37,1737820459,IVE_RebelHeart
m93tyme,kpopthoughts,"ive benefinited massively from being the new group of wonyoung and yujin, generating a lot of buzz and making it so that ive's songs, which *are* awesome, would be checked out by a lot of people to begin with

x1 had no way of being as big as iz*one-where wonyoung and yujin got their ealy fame from-, considering x1 disbanded just weeks after debuting, so their members also couldn't go with as big of a name into their new groups, like wonyoung and yujin could when ive debuted

i'm not sure yueha being a big company in china was very relevant to wjsn's success, considering they aren't and weren't as big as sm, yg or jyp, those being the 'big three' companies, nowadays including hybe as well. even new debuts from a company with a number of established artists, like starship or cube, can't rely on that being enough buzz for the new group to be almost guaranteed success. and for what it's worth, yueha was only partially responsible for wjsn anyways",15,1737820467,IVE_RebelHeart
m93u8vw,kpopthoughts,"been a cravity fan since the end of 2020! they're a lot more popular in korea than a lot of kpop fans seem to think - my korean friends always go ""yeah! jungmo!"" when i talk about him. for the record, jungmo was rigged out of x1 so i do think he should be included alongside minhee and hyeongjun for popularity in pdx101 purposes. wonjin was also in the finals. 

cravitys debut... wasn't great. im sure a lot of people were tuning in, but i think for international audiences break all the rules wasn't the sound they wanted at the time - people were just comparing them to monsta x. flame would've done so well if it was released today. my turn was made fun of a Lot. for some korean fans, it was too fast after the produce rigging scandal, and a lot of the 4 from there's fans just didn't come through because of general disillusionment. 

we've got to remember, they debuted march 2020. their first ~2 years weren't in front of a live audience. no festivals or anything to build them up. despite having allen, who's american-chinese, their international promotion (at least in the west, tbf idk what it's like in the rest of asia) has always been lacking. 

they've never had any huge musical hits, and took a long time to find their musical identity. i would say it only started suiting them in 2022, with adrenaline. if they released flame now though....

wonyoung and yujin are just insanely popular, and starship did a good job at promoting other members. wjsn is no longer under yuehua, and the chinese members left years ago. both cravity and wjsn had too many people - even if both have popular members, it didn't translate as well to the rest of the group. starship is good at small groups.

but i refuse to count cravity out. they're pulling amazing sales, we've got members like minhee on a netflix variety show, wonjin our child actor who's reprised a role, and they proved themselves as performers in road to kingdom 2. 

they'll never be as popular as monsta x or ive, but they're more popular than people think, and im very proud of their journey and how hard they've worked. rather than posting things like this, tune into their variety show cravity park! they have 2 comebacks a year, so watch out for the next one :)",29,1737820550,IVE_RebelHeart
m93v78o,kpopthoughts,Wonyoung is the reason why IVE is popular.,-8,1737820826,IVE_RebelHeart
m93vees,kpopthoughts,"IVE had Wonyoung (who at the time was already an “IT” girl) and an insanely viral and masterful debut single with [Eleven](https://youtu.be/--FmExEAsM8?si=S-4MhxreNEZ0tK0W) with a sound that honestly was now well explored in Kpop. 

WJSN in contrast didn’t have any marque member (especially after silently getting rid of Cheng Xiao), and their music sound wasn’t quite as fresh (which is probably more of a reflection of their timing than the actual quality). 

That’s it IMO.",17,1737820885,IVE_RebelHeart
m93xnn4,kpopthoughts,"Cravity suffers from the same issue as nearly every other 4th gen boy group, the people just tuned out and didn’t care. If X1 hadn’t been disbanded and Cravity was more like IVE as a post-produce group, I think they’d be doing a lot better because a number of popular members from that season are now in Cravity. But the rigging scandal affected everyone and the “infection” of it spread to the entirety of 4th gen. There’s a handful of boy groups with big followings, but compared to 3rd gen it’s not the same. 

As for WJSN, they suffered mostly from the THAAD fallout and subsequent Hallyu ban in China. The most popular members were C-line and they left to do solo work in China after all that, which resulted in a lot of Starship fumbling the recovery for years to come.",42,1737821546,IVE_RebelHeart
m93xwpn,kpopthoughts,"I doubt WJSN would've been as big as IVE, but Starship biggest mistake was not giving them proper international promotions. They never had an international tour even if it was small venues and the moment they thought doing something for Japan which is crazy to me because their sound always gave me anime opening vibes, was the year COVID happened.",22,1737821620,IVE_RebelHeart
m9409u6,kpopthoughts,"Wonyoung - IVE 

WONBIN - RIIZE 

Karina - aespa",23,1737822310,IVE_RebelHeart
m941gui,kpopthoughts,"Well firstly it’s important to remember that Starship- though a Kakao backed label- is not a big 4 and does not have the brand loyalty those 4 companies have where people instantly check out everything they make.

WJSN suffered from a lot of the misconceptions of their era. For one- they’re a huge group. Companies have since learned not to debut their Produce members into large groups because it drowns out their popularity- people don’t want to stan tons of new people just to support their fave from IOI or whatever show. They also had several Chinese members which backfired when Chinas Hallyu ban took effect. They lost a lot of popular members who left the group to pursue careers in the Chinese entertainment industry. Also a lot of their early releases really blended into or were overshadowed by larger groups doing the same thing- for example Twice.


Cravity is a post-X1 group and the rigging scandal basically decimated every group involved. Additionally- they debuted in 2020. A lot of the 2020 debut groups aren’t doing well or have disbanded entirely as Covid really derailed their promotions in the early part of their careers. (If you don’t believe me go look at a list of 2020 debuts- aespa being a big deviation from the norm which is a lot of disbandments and underperformance). Also- I don’t really think they ever made a distinct identity sonically and that definitely hurt them. 

Ive is really just perfectly put together- a great debut song, came at the perfect time, great concept, and a smaller group so as not to drown out Wonyoung and Yujins popularity. Also Izone was the most popular produce group, that definitely helped.",34,1737822652,IVE_RebelHeart
m941vrt,kpopthoughts,"Wonyoung and yujin were kinda it girls level in izone but their careers establish better in ive with more solo schedules. 
Izone was really popular in korea and japan but ive get new fans bc their music in korea and international. 
Even senior singer reveal Starship was in bankrupt but IVE SAVE THEM",17,1737822769,IVE_RebelHeart
m942fex,kpopthoughts,"I think there are a couple of reasons

1. Cravity music kinda started to fall off after My Turn. They have some good songs and then some songs that aren’t memorable. I don’t really think Cravity has found their voice in music.

2. Though Cravity has members that have been on competition shows or in other groups, those previous shows/groups were never as big as their counterparts. Like IVE has members from IzOne and IzOne was BIG. X1 wasn’t as popular and was also extremely short lived. And MixNine was a useless show even though a lot of Cravity members were formed there. 

3. Lastly, Starship has an issue with marketing and promotions. It’s with all their groups tbh. If IVE wasn’t constantly booked and busy and constantly push to the public eye, they would be small too. Starship isn’t even a small company so I don’t see why they can’t allocate their resources to all of their groups. Other than various MNet shows and social media presence (though I feel like that has gone down especially with all the other groups utilizing social media much better like P1H and Zb1) I feel like they don’t even try to get Cravity out there anymore.",10,1737822924,IVE_RebelHeart
m942oe6,kpopthoughts,"Wonyoung is face of group when i think ive this is wonyoung name show
I did mean wonyoung cbar buy more 1 Millions sales and the international fans know more wonyoung than other members in ive debut.
Yujin was always popular in korea esp entertainement but recently get more popular in international as perfomer .
Liz gained popular but have really solid fanbase but more non dives trying hyped her",0,1737822995,IVE_RebelHeart
m942wsz,kpopthoughts,"Real i remember k will *senior singer in starship said ive save starship from the bankrupt. 
IVE deserve all the popularity",7,1737823059,IVE_RebelHeart
m943hlt,kpopthoughts,I disagree. I think Wonyoung gets a lot of credit for IVE’s gigantic popularity but even without her IVE would have been big. There is no member of WJSN as popular as An Yujin or Liz.,9,1737823221,IVE_RebelHeart
m9441hm,kpopthoughts,"Yeah I think IVE got stratospherically popular because of Wonyoung (not just her name, her actual talent—she is a once in a lifetime idol) but I think IVE would have hit pretty big even without her, to say she’s the only reason they’re popular is unfair.",9,1737823378,IVE_RebelHeart
m944umz,kpopthoughts,"As someone who been WJSN fan since Secret, Starship just never properly did anything for them and the fandom. WJSN never had an Asia tour though they had a sizeable fanbases there (they had one mini tour in Japan). Whoever was at their marketing, promotional team was lazy and stuck in old ways.
And since 2020 I would say everything started getting worse (in quality of their MVs, albums packaging...). There's a lot of things that Starship cheapend on WJSN even if they have  big enough fandom, like merch, fankits (a lot of them were poor compared to MX back then, sorry for comparing but that's the truth).
And the fact Starship didn't try any capitalizing over As You Wish. Overall, I do believe WJSN got offered really bare minimum and Starship kept killingany momentum they would have (I'm not assuming they would be as huge as IVE but they could had much more success).",50,1737823606,IVE_RebelHeart
m949okg,kpopthoughts,"Nah, IVE had hit after hit, nice concept, really catchy music and the rest of the girls are popular as well. Let's be real, you wouldn't buy and stream their albums JUST for Wonyoung, so that makes no sense.",7,1737824988,IVE_RebelHeart
m94aauh,kpopthoughts,"It also depends who is in the group. IVE had Izone’s center as their center, bringing in Wizones to them. If Somi had immediately debuted, her group most likely would’ve also blown up. WJSN has a member of IOI, but Pristin was still more
Popular (justice for Pristin) because Pinky and Nayoung were more popular than her. Sakura and Chaewon went into LSFM and LSFM blew up immediately. 

An example would be like, Chaeyeon and Hitomi. They were in the same group as Wonyoung and Yujin, but they are nowhere near as popular as IVE.  Though, Hitomi deserves some grace as she just debuted and she waited years to come back to SK. 

A popular group doesn’t mean all members will bring that popularity to them.",40,1737825168,IVE_RebelHeart
m94b877,kpopthoughts,I meant that they took all their popularity with them. I have also not heard anything about Korean izone fans boycotting IVE,17,1737825438,IVE_RebelHeart
m94eypy,kpopthoughts,"Nah, you can't even imagine the Wonyoung angle? U tripping, but I can see an argument for Yujin but in terms of vibe and concept of the group Wonyoung fits it a bit more with the luxury, thoughtful and self-love angle of their songs. If their songs were more playful/energetic or more spontaneous/impulsive, i can see Yujin.",13,1737826520,IVE_RebelHeart
m94hjc3,kpopthoughts,"With WJSN, I'm not a fan of them though I like some songs but I can remember a lot of their members because they had like solo schedules here and there, in shows that I watched. Even though WJSN isn't that popular internationally, at least they have a hit song that Koreans recognise them for and it climbs up the Korean charts (+even becomes the top song for some charts) every new year. 

On the other hand, Cravity still hasn't got a hit song even after 5 years in the industry. I was their fan for almost 3 years since debut and they've tried like everything - trying their own sound, trying what is trendy, or what sounds more like older gen kpop but it seems like the interest generated doesn't match their efforts at all. The thing is despite the fandom size growing, Cravity still feels stagnant? In many Kpop discussions, Cravity generally isn't mentioned as much as their fellow 4th gen peers despite doing ""well"".

People who said that Cravity is not flopping and still doing well because they've had some wins, always selling over 100k albums, won Road To Kingdom 2, doing the best among X1 etc -- they aren't wrong. Of course Cravity will look better because they're comparing Cravity with groups who are struggling more. 

But sadly there is a stark contrast in terms of their recognition when compared with the other Starship groups. Not just that, Cravity's songs are *rarely* covered by other groups. It's also very telling that even Starship knows that Cravity hasn't have a hit song yet or are not confident about them - judging from how the company doesn't seem to bother about making IVE cover Cravity's song even though IVE has covered other Starship senior groups (covers, not tiktok challenges btw).

Non-fans do recognise the X1/Produce members and there are those who watch/are aware of Cravity Park but that doesn't mean they are even aware of Cravity's music after 2020 (especially if they don't have Luvity friends). And with the lack of solo schedules or solo gigs with really popular shows/channels/events etc, it's hard for the public to be introduced to the Cravity members (especially the ones who were not on Produce). 

You need the public to know you or your group for them to check out your song. I remember when they were on Game Caterers and their song Breathing was played, many viewers who weren't their fans liked the song. If I remember correctly, it was to the point Breathing was trending on the Melon searchlist for the first time after 2 years (though I'm not sure if it entered the charts). It showed the importance of appearing on a popular show that many people watch. 

> Tl;dr + other thoughts:

> Besides group branding and unique sound/concept, I feel like Starship should've given them more solo schedules earlier during their rookie era to promote each member better. I feel like maybe Minhee and Hyeongjun could've benefitted Cravity more if Starship tried to get them to audition to be the MCs of the more popular music show a.k.a Music Bank/Music Core/Inkigayo rather than The Show. Man, maybe a member acting in a popular drama could've help them a bit more with recognition. And my last note is that among all the members, their maknae Seongmin is the most wasted potential, character wise. I remember during 2020-2021 whenever he went on radio shows, the radio hosts who met him for the first time adored him a lot and he has a very distinctive character that's fitting for variety shows.",26,1737827255,IVE_RebelHeart
m94hovb,kpopthoughts,"Girls Planet 999 was the first. Came for Tiffany & Sunmi, stayed for the gals. I enjoy Kep1er’s music a lot.

Boys Planet - love ZB1! I got very invested. Me & my husband made it a tradition to watch the show together & drink cheap wine. We had many fun evenings.

Produce 48 - watched this after getting into IVE & le sserafim as wanted to see the origin story. Fun performances but not as fun when you know who wins 😂

Iland 2 -I didn’t like as much. Found the editing a bit daft. Really liked all the girls but didn’t like izna’s debut.

Watched a bit of R U Next but gave up.",3,1737827300,IVE_RebelHeart
m94o7dr,kpopthoughts,"I don't think the vibe has anything to do with the question, we aren't looking for someone who best fits the concept, it's about which member makes the most impact in each and every comeback, for me I can't remember any of wonyoung's parts, they always sound the same and look the same, but when it comes to yujin, she always makes the biggest impact with her screentime and lines, I'm sure if you make somone who doesn't know the members watch every ive mv/performance, they will admire wonyoung's image at the beginning, but end up focusing on yujin's voice and performance, and remembering it the most.",-5,1737829165,IVE_RebelHeart
m94pvnd,kpop,"1. DAY6 - Monster
2. Tomorrow X Together - I'll See You There Tomorrow
3. IVE - Blue Heart
4. NMIXX - Run For Roses
5. Stray Kids - U (feat. Tablo)
6. Stray Kids - JJAM
7. Ten - Water
8. Stray Kids - Stray Kids
9. NCT 127 - Gas
10. LE SSERAFIM - Pierrot
11. Kiss of Life - Igloo
12. NMIXX - Boom
13. DAY6 - Sad Ending
14. NCT DREAM - icantfeelanything
15. Xdinary Heroes - Night of Fireworks
16. Stray Kids - Railway (Bang Chan)
17. ITZY - Mr. Vampire
18. Jaehyun - Completely
19. Xdinary Heroes - Moneyball
20. Jaehyun - Roses
21. Chungha - I'm Ready
22. Taemin - Horizon
23. Stray Kids - Bounce Back
24. NMIXX - Red Light Sign, But We Go
25. ATEEZ - Blind",0,1737829639,IVE_RebelHeart
m94vfcn,kpopthoughts,"It’s a tough, competitive industry. The cravity members you mentioned just don’t have the pull Wony or Yujin have. 

I also feel their music was (not anymore) all over the place. 

They are a solid group though. I would love to see them gain more fans and attention",35,1737831225,IVE_RebelHeart
m94yw84,kpopthoughts,"i disagree heavily about IVE. a lot of big wizone fanbases boycotted IVE and sent protest trucks at the beginning of their debut.. they mostly only retained yujin and wonyoung’s solo fans…

you can see this in the huge difference in fandom demo. not sure about international fans but izone’s korean fandom was majority male (and older). IVE’s current fandom is mostly female and young kids.",22,1737832221,IVE_RebelHeart
m952yz6,kpopthoughts,"That's what I said, their one new years song. They have one song, that completely eclipsed their other songs by going viral after release, and it charts for a couple of hours on new years eve.

Boogie up hit #60, roughly the same as their other songs.

WJSN never came close to IVE or Sistar in terms of popularity or sales.",17,1737833405,IVE_RebelHeart
m9538tu,kpopthoughts,"as a fan of IVE and WJSN, i think starship just didnt have the resources and know-how on how to sustain a big successful group and IVE blowing up was a cumulation of luck, perfect members, and learning by trial and error. it feels like with every new group they put out, they’re learning and trying to do better",28,1737833485,IVE_RebelHeart
m956k5m,kpopthoughts,"IVE didn't get many of the Wizone with them.

They got a lot of haters mainly.",9,1737834461,IVE_RebelHeart
m95efjl,kpopthoughts,"Some perspectives:

Prior to IVE's debut, Starship was losing money.  Even Yoo Jaesuk talks about how super stressed the CEO of Starship looked whenever he ran into him in the Gym pre-IVE. Starship's revenue literally doubled the first year after IVE debuted, and turned the company profitable.

It's not necessarily that Starship did anything particular special for IVE.  Starship had one ability going for them, and it's their ability to get quality songs for their groups that are far above what company of that size is able to get. They swing *way* above their weight class in that term.  They did well constructing IVE members, and it paid off for them *far better than anyone's expectation.  Tbh, as a Dive, Starship *really* lucked out on how successful IVE is, and I hesitate to give more than a marginal credit to Starship for IVE's success. They brought them good songs. Everything else was from IVE members' talent and efforts, and splash of good luck.

Cravity? For a non-Big 4 boy group that literally debuted during the absolute nadir of the Boy Group Dark Age (which, in my opinion, we're still kinda in) and was completely screwed by the Produce series controversy, they are doing *fantastic*.  All credits to them for overcoming those 2 catastrophic natural disasters and have the success they have.

WJSN? Very unfortunately, Starship constructed this group around a center that was only going to be temporary at best, and Starship paid for this poor planning by the group not going anywhere once the said center left.  At least Starship seems to be trying to do right by WJSN members by doing what they can to support their 2nd phase careers (w/ acting, producing, songwriting, etc).",49,1737836855,IVE_RebelHeart
m96i9dj,kpopthoughts,"It might help to know which groups you've looked at. 

Thinking about 4th gen girl groups that I'm more familiar with: 

gidle, IVE, NMIXX, le sserafim, stayc, aespa

all full of members who look different, unique personalities, up and coming variety show stars like Haewon, Yujin, Yoon etc (not exhaustive list, just naming a few) who all have their own established personas. No two groups of these are anything like one another, to me anyway. So I can't really empathize at all with what you're saying.",20,1737849518,IVE_RebelHeart
m96k8y6,kpopthoughts,I’m genuinely curious but why did some wizone boycott IVE?,0,1737850186,IVE_RebelHeart
m96tsws,kpopthoughts,"While WJSN wasn't as successful as IVE, they were more or less the only post-ioi group that had a stable, long career.

Another reason for IVE's success is that they literally have *the* it girl of 4th generation kpop. Wonyoung and Yujin ranked 1st and 5th respectively, meanwhile Yeonjung ranked 11th. Furthermore, IOI didn't have as much time as IZONE for the public to become as invested in each member, plus no one knew what they were doing since the whole concept of temporary groups were new. But still, they were probably the group that handled the transition the best out of the post-ioi groups (maybe Pristin as well, but they didn't last)",25,1737853387,IVE_RebelHeart
m975ugq,kpopthoughts,You underestimated how big influence Wonyoung is to IVE.They made the group with Wonyoung in mind so everything revolves around her. People wont noticed much about IVE without Wonyoung just like Jennie is to Blackpink.,1,1737857531,IVE_RebelHeart
m979g50,kpopthoughts,the A&R team has been consistent because starship has chosen a main producer (ryan jhun) for IVE and he does actually put in the work with organising song camps before every cb and reaching out to tons of songwriters during this time,6,1737858797,IVE_RebelHeart
m97cmcn,kpopthoughts,"“narcissistic my god i love it” was the most iconic line of love dive 😭

eleven pre-chorus where she sings the blue line and liz sings the other pre-chorus that’s quite famous as well. 

nowadays she doesn’t get much lines but let’s face it she always goes viral for her parts. your argument is just subjective and only caters to your own opinion, not a universal opinion LOL. personally i barely focus on yujin although i can recognise that she gets a lot of center time during performances like the dance breaks etc.",3,1737859921,IVE_RebelHeart
m97tzzw,kpopthoughts,"**enhypen - heeseung.** he suits all/most of their songs so well, even their covers.


**illit - wonhee.** i think a lot of people can agree that illit's concept was based on wonhee, or she was chosen because she most fits the concept.


**dreamcatcher - siyeon.** this girl was just made for rock i swear.


**bts - jungkook.** an amazing vocalist and dancer. also does a lot of the bg vocals in their songs, even in their solos (ex: agust d - so far away).  


**gidle - soyeon.** gidle would not be gidle if soyeon wasn't part of the group; she's their music producer and rapper.


**stray kids - bang chan.** their leader, part of their music production team (3racha), and one of their best vocalists.



**ive - wonyoung.** do i need to explain?


**day6 - dowoon.** without him, we'd be listening to songs that sound like acoustic or stripped versions. (/hj - all members of day6 are important imo)",10,1737866637,IVE_RebelHeart
m989up6,kpopthoughts,"Easy. 

Wonyoung and Yujin were very popular in Izone, and their popularity carried on with Ive.

WJSN had Yeonjung in IOI but she isnt like Sejeong, Somi and Chaeyeon, who were the popular members in IOI. Only Cheng Xiao and Bona got the traction when they were in WJSN as they had gone viral with their visuals.

Cravity isnt as popular, but they have a huge fanbase.",46,1737874320,IVE_RebelHeart
m98cykf,kpopthoughts,">- WJSN without Yeonjung would still be fine, but they will fall down to oblivion once the Chinese members went to hiatus and they will most certainly will not get any music show wins and be Starship's failed girl group

I'm gonna need kpop stans to stop speaking on WJSN if they don't know what they're talking about.

WJSN never depended on Yeonjung or IOI's popularity. For one thing, Yeonjung was already the least popular member of IOI (ranking 11 out of 11) and faced a ton of hate (they literally had to reupload the Crush MV with her screentime massively reduced because of backlash). She was promoting Secret with WJSN while IOI promoted as a 'subunit' without her, which helped kill support for her even more.

In short, Yeonjung helped raise WJSN's profile, yes, but she was never so popular that she massively boosted the fandom. 

That is literally one of the main reasons why WJSN grew while the other post-IOI groups floundered. Because the other groups made IOI their foundation, and WJSN didn't. 

Oh, and Starship has only had three girl groups to date. Between Sistar and IVE, WJSN is automatically seen as Starship's failed girl group anyway",4,1737876090,IVE_RebelHeart
m98fst8,kpopthoughts,"ive is basically just wonyoung and friends. not to say the girls are reduced to backup dancers, they still shine, but its clear wonyoung is pushed as the main character",9,1737877770,IVE_RebelHeart
m98gofn,kpopthoughts,"Fifty Fifty ! Chanelle, Hana, Athena, Yewon, Keena. They are all so freaking good.


Kep1er’s Dayeon, Youngeun and Hiyyih. 


IVE’s Rei and Leeseo

Enhypen’s Sunoo! I listened to Xo recently and fell in love with his voice.",11,1737878288,IVE_RebelHeart
m98lrmw,kpopthoughts,"Ive, not because they're great technical vocalists all of a sudden, but because they're improved and can actually sing their songs live. Liz & Yujin were always great, but has anyone heard Leeseo recently? She's great.  


Sullyoon- NMIXX has so many good singers that she often gets overshadowed, especially as a 'visual'. But her vocals are as beautiful as her voice, she has the prettiest tone in the group and is so competent she could've been main vocal were it not for the crazy duo that is somehow even better.

Yunjin- LSF because their songs don't utilize her vocals well. Anybody who doubts her should listen to her solos and collabs or watch her Lee Mujin episode. She sounds sooo amazing in the song Yes or No and i don't know with Hobi

Tiffany- SNSD who I didn't know could sing so well till I listened to her solo stuff. Lips on Lips is a masterful display of her smooth and sensual voice- like, hello???

I.N.- Stray Kids, because in the year of our lord 2025 why are we still doubting he can sing....",22,1737881370,IVE_RebelHeart
m98pxux,kpopthoughts,"No, I don't agree with this at all.... and it isn't even a matter of my personal opinion: sales and touring data tell the story all on its own.

Aespa's best year so far was 2024. Itzy, (G)I-DLE and IVE all went on large-scale world tours in big arenas. NewJeans enjoyed a high level of domestic success through the year. IVE played Lollapalooza -- huge success. Le Sserafim played Coachella to a huge crowd, did a Japan tour, had the Empite State Building lit up in their colours, and won two MTV awards. (Crazy has also been the #1 k-pop group song on Spotify in 2025, which is wild for a song that's 4 months old)

And then there's Stray Kids, who sold more albums in 2024 than 2022. When they came to Tokyo in 2022, they played the Yoyogi Gymnasium.... in 2024, they did two nights at the Tokyo Dome. Big, big step up.

And then there's Ateez, who played both Coachella and Mawazine, the latter of which was their biggest audience to date. 2024 was their best sales year as a group.",9,1737883919,IVE_RebelHeart
m98qvqz,kpop,"1. Le Sserafim - 1-800-hot-n-fun
2. NMIXX - Run For Roses
3. Yves - Hashtag
4. Irene - Start Line
5. Dreamcatcher - 2 Rings
6. Wendy - Best Ever
7. ITZY - Mr. Vampire
8. Le Sserafim - Pierrot
9. Irene - Ka-Ching
10. Wendy - Queen Of The Party
11. Young Posse - ROTY
12. Fifty Fifty - Gravity
13. Viviz - Cliche
14. Young Posse - Loading
15. Stray Kids - Mountains
16. ARTMS - The Hitchhiker's Guide To The Galaxy
17. Hwasa - Ego
18. ITZY - Bad Girls R Us
19. Loossemble - Cotton Candy
20. Taemin - Say Less
21. ITZY - Yet, but (YUNA)
22. NMIXX - Boom
23. IVE - Ice Queen
24. Misamo - Runway
25. Red Velvet - Sunflower",0,1737884493,IVE_RebelHeart
m98u5o3,kpopthoughts,"IVE  red carpets, still make me mad.",-2,1737886489,IVE_RebelHeart
m99099r,kpopthoughts,yujin from ive!!!!!!!!!!,4,1737890175,IVE_RebelHeart
m9957mj,kpopthoughts,"And certainly not from wizone either! IVE debut first day sales are 56K with 34K from Wonyoung cbar and 15K from Yujin cbar. Neither bar is wizone.

If you want the math, the HUGE total of 7K contributions are from 4 other girls’ new fans and so called wizones that make IZONE rivaling TWICE ❤️

It’s just hope and dream with a sprinkle of luck thanks to Leeseo viral moment and everything is going in the right momentum that makes IVE who they are today.",4,1737893002,IVE_RebelHeart
m99dz1d,kpop,"1. Yuta - Bad Euphoria 
2. Yuta - Goodbye
3. Yuta - Last Song
4. Yuta - Prisoner
5. ARTMS - Butterfly Effect
6. Dreamcatcher - Stomp!
7. QWER - run! run! run!
8. Billlie - dream diary \~ etching mémoires of midnight rêverie
9. LE SSERAFIM - 1-800-hot 'n fun
10. Dreamcatcher - 2 rings
11. Xdinary Heroes - Moneyball
12. LE SSERAFIM  - Chasing Lightning 
13. NMIXX - Run for Roses
14. Loosemble - Confessions (cotton candy)
15. Yuta - Butterfly (Depth ver.)
16. QWER - Soda
17. Xdinary Heroes - Money on my Mind
18. Everglow - Colourz
19. QWER - Ferris wheel
20. (G)I-DLE - Fate
21. NMIXX - BOOM
22. ZEROBASEONE - Solar POWER
23. Madein - DADARIDA
24. Yves - Diorama
25. IVE - Blue Heart

HMs: IVE - Ice Queen, Kep1er - Double up!, Dreamcatcher - Intro: 7' Dreamcatcher, Loossemble - FANATISCISM, Loossemble - Secret Diary, Yves - Diorama, QWER - Let's Love!, tripleS - S, Yuta - Save You",-1,1737897248,IVE_RebelHeart
m99oj2y,kpop,"This looks super interesting woww, I'm even more excited for this album now! IVE can really do no wrong.",9,1737901332,IVE_RebelHeart
m9al75q,kpop,IVE’s creative direction is always exciting,20,1737911350,IVE_RebelHeart
m9ao7q7,kpop,"1. IVE - Blue Heart
2. tripleS - 24
3. xikers - Supercalifragilistic
4. KISS OF LIFE - Igloo
5. NewJeans - Right Now
6. NCT 127 - Orange Seoul
7. NCT 127 - Rain Drop
8. IVE - WOW
9. aespa - Bahama
10. tripleS - Beyond The Beyond
11. NAYEON - HalliGalli (Prod. by LEE CHANHYUK of AKMU)
12. aespa - Pink Hoodie
13. aespa - Kill It
14. LE SSERAFIM - Swan Song
15. (G)I-DLE - Vision
16. ITZY - Dynamite
17. IVE - Ice Queen
18. xikers - Red Sun
19. tripleS - Dimension
20. IVE - Reset
21. aespa - Flowers
22. Stray Kids - Youth (Lee Know)
23. TWICE - Kiss My Troubles Away
24. Key - Overthink
25. ITZY - Yet, but (YUNA)",0,1737912213,IVE_RebelHeart
m9asbjw,kpopthoughts,"The famous starship communal iPads…yes there’s a clip of WJSN Exy at a fansign singing about your phone getting taken away as trainee at the age of 20-something. WJSN did have secret phones though, they actually dug a hole in the front lawn area of their dorm building and either hid the phones in a bag in the hole or carried them inside wet tissue packets (which is how they got caught)

Maybe bc of WJSN, Monsta X on the other hand did not have secret phones but bc they were constantly accused by the company of having them, they got pissed off and went and bought some. They all told the company it made it difficult making friends and it seems like things changed by the time of Cravity and IVE",5,1737913385,IVE_RebelHeart
m9b95we,kpopthoughts,i think liz from ive!!! she’s beautiful but especially irl,4,1737918065,IVE_RebelHeart
m9c0zp3,kpopthoughts,"I don't follow any of these groups but I think I can give examples for some of them , like Wonyoung got hate because she was the most popular , same with Eunchae in the beginning she got babied a lot which resulted in a lot of hate during the whole Lesserafim hate train , Yuna is also the same case from what I saw online she got hated for wearing hip pads and her vocal tone? Yeri because she was a late addition and also some considered her as a visual hole(as if that's a thing)??? And I don't really know about leeseo..
At the end of the day it's underlying misogyny in kpop,",14,1737925800,IVE_RebelHeart
