id,subreddit,text,score,created_utc,comeback
m0mjqra,twice,"More like SOWONEUL BARABWA (let me see myself out)

In all honesty, I'm always elated whenever members from these two groups get to interact, considering how long both groups have beared the torch for girl groups together. 

Although I do wish more ppl saw TWICE as a second chance to enjoy SNSD while still understanding how unique both groups are, rather than bearing resentment for what could have been. Two queens can hold the same crown, after all.",3,1733443467,TWICE_Strategy
m0mk4y0,twice,No I was introduced to twice by a friend and ICSM was one song she recommended but that was shortly after it came out. So technically the first comeback I was really there for was alcohol free!,1,1733443607,TWICE_Strategy
m0mlwgl,twice,"Step 1 version is literally the best 

Twice are also so generous with inclusions",1,1733444242,TWICE_Strategy
m0mlxvw,twice,LETS MAKE THIS CB SUCCESSFUL FOR TWICE.,3,1733444256,TWICE_Strategy
m0mnxgn,twice,"Twice is the 3rd Gen's vanguard still holding out in the frontlines, until at least BTS returns then there'll be two I guess.",16,1733444975,TWICE_Strategy
m0mr8zd,twice,"[Source](https://www.instagram.com/p/DDN3lkTTDG9/?igsh=Y2l4cXVkaDA5cTk3)

""NAYEON 

@nayeonyny @twicetagram 

TWICE, celebrating their 9th debut anniversary, returns today with their mini album <STRATEGY>. Among them, we met Nayeon, an all-rounder member with a lovely smile. Check out Nayeon's quiet moments behind the stage in the winter issue of Y Magazine.""",2,1733446167,TWICE_Strategy
m0msb5h,twice,"Been here since sixteen 😭😭 I remember the tears and heavy heart when the finale was coming to an end. Every now and then I go bk. and clips of the show dor nostalgia. I don’t idolize twice cuz of religious reasons but I do app and admire their hardwork over the years. I can’t forget their first win and jihyo crying 😔 seems like it was just yesterday. I even remember fircing my man to stream ICSM and M&M because they were sooooo good. 

Proud of twice alway, I am excited to see Dahyun show and future activities and achievements.",3,1733446554,TWICE_Strategy
m0mvbmg,twice,"10 years in and still the same excitement for twice comebacks. With all the craziness and controversies in kpop, members leaving and groups disbanding all the time, there’s something almost reassuring about it. Like an old favorite movie or home cooked meal.",17,1733447653,TWICE_Strategy
m0mxv28,twice,"it's insane. And then you have Misamo (2), Nayeon (2), Jihyo (1) and Tzuyu (1). Also a few OSTs. They woooooooooooork",7,1733448571,TWICE_Strategy
m0n1f9d,twice,"Nayeon.

The chart performance of her solos are evidence enough. And then you can check Google Trends, though it is not as popular as Naver.

Jihyo is probably the second most popular. 

Sana won't be, Koreans tend to prefer Koreans. I would expect Dahyun to be the 3rd most popular.",0,1733449845,TWICE_Strategy
m0n6oxq,twice,"If anyone has a spotify premium/apple music account and wants to support twice this cb, please download the stationhead app and join the ""Once"" station! Basically stationhead just streams for you, no need to do anything. Thank you to everyone for your support!",5,1733451765,TWICE_Strategy
m0n9hup,twice,Avid Twice follower since DTNA. Strategy will be my 11th kr cb. Cant wait!,1,1733452800,TWICE_Strategy
m0nch1y,twice,Chaeyoung been serving visuals this whole year,3,1733453890,TWICE_Strategy
m0nh9ce,twice,"This is my first Twice comeback, I never noticed them before, but Megan Thee Stallion got me interested. I think this comeback could be massive!",4,1733455680,TWICE_Strategy
m0nna43,twice,"I switched from Apple Music to Tidal in May so With You-th is missing from my stats. I suspect Bloom would top my songs list if the entire year was tracked. 

Top Artist

* Twice
* Twice (!?) (this is a weird bug in Tidal tracking)
* Nayeon
* MISAMO
* Tzuyu

Top Songs

* Count It - Nayeon
* Heartbreak in Heaven - Tzuyu
* Run Away - Tzuyu
* One Love - Tzuyu
* Butterflies - Nayeon",1,1733458014,TWICE_Strategy
m0nv813,twice,TWICE Megan twerk performance video now!!,38,1733461296,TWICE_Strategy
m0nvor7,twice,Its fast! This is new Twice!,90,1733461506,TWICE_Strategy
m0nvurt,twice,SOO good. TWICE always picks their English songs well. This went so hard and I’m so happy Megan filmed with them!,34,1733461582,TWICE_Strategy
m0nvvuu,twice,I’m not sure if I like this one. I love Twice so I’m going to give it more listens/watches before I decide for sure.,12,1733461595,TWICE_Strategy
m0nvwjr,twice,"HEYBOY IMMA GET YA!!  
Lyrics here:  
[https://kstarplanet.com/twice-strategy-lyrics-kstarplanet](https://kstarplanet.com/twice-strategy-lyrics-kstarplanet)",1,1733461604,TWICE_Strategy
m0nwcms,twice,"YESSSS!!! I LIKE!

I'm so glad they hadn't spoiled more of the song because I am blown away right now.

Also, the kick is probably one of my favourite point choreography in a Twice song. I don't know why, but I just love it.

I loved Megan's feature as well. Doesn't overpower the song at all.",118,1733461804,TWICE_Strategy
m0nwcws,twice,Definitely not the Twice you're used to but this is a welcomed change!  They still have the same old charm that they've always had but this is a different way that it's presented.  Love it so far and it's going to be stuck in my head for a while.,16,1733461808,TWICE_Strategy
m0nwj4t,twice,"This is my first (korean) MV since I started stanning Twice, it's so good!",7,1733461886,TWICE_Strategy
m0nwlh4,twice,When you aren't used to this new type of twice music.  Megan the stallion coming in hard and making my jaw drop. After 2nd listen with the lyrics...I was shocked. They ain't playing around in this song,27,1733461915,TWICE_Strategy
m0nwqzr,twice,"The song is fantastic, tho Megan's part just 😞 it's good but like why in the title track of a twice album. I'd prefer a version without",-8,1733461987,TWICE_Strategy
m0nxde9,twice,"I usually need a few listens before I LOVE a song, but this was an instant love. I adore Twice but even I’m surprised by how much I like it on first listen. So fun, so catchy, love Megan in it, and feels like a fun new path for the gals!",4,1733462278,TWICE_Strategy
m0nxhjb,twice,I feel like it’s crystal clear what direction Twice wants to push towards at this point in their careers and that is to the west! This is playing on every radio in America fr,1,1733462333,TWICE_Strategy
m0nxjd4,twice,they included me in the video [here at 0:46](https://youtu.be/Sz_wWzgh-vQ?t=46) just behind Tzuyu,20,1733462356,TWICE_Strategy
m0nxkae,twice,Ngl I needed more jeongyeon but this is good! Love the fun twice concepts,5,1733462369,TWICE_Strategy
m0nxq79,twice,"Oh my god, I've finally waited for the day that Twice releases a bass heavy album.

and 3 full English tracks?! Oh man, they're totally getting ready for that World Tour 2.0!!!",29,1733462446,TWICE_Strategy
m0nxt5u,twice,"Wow. It's basically everything I thought it would be and so much more. Always have faith in Twice and this deserves to be the title track, I'm glad they chose it. Megan's verse is fire and fits the song super well too. ∞/10.",8,1733462485,TWICE_Strategy
m0nxy0y,twice,"*Winning is my strategy, you'll never wanna leave* - Tzuyu, Dec 2024


*Real hot girl shit* - MTS, Dec 2024",24,1733462549,TWICE_Strategy
m0ny5p3,twice,"Thank you for submitting, /u/paralogicalknife! Unfortunately, your submission has been removed for the following reason(s):

---

Rule 7: Your submission has been removed because it falls under a disallowed content category.

Screenshots, memes, shitposts, personal rants, rumours, doodles, low effort edits/wallpapers are not permitted to be submitted as a self post in our main subreddit feed.

Memes should be submitted to r/twicememes.



---

If you have any questions about this post removal or [regarding the ruleset](https://www.reddit.com/r/twice/wiki/communityguidelines) of /r/twice, please refer to the sidebar or [send a modmail](/message/compose?to=%2Fr%2Ftwice).",1,1733462650,TWICE_Strategy
m0nygox,twice,Twice X Megan Unnie,8,1733462798,TWICE_Strategy
m0nyhez,twice,This whole album is literally no skips 😭😭 Twice you’ve done it again!,5,1733462807,TWICE_Strategy
m0nyjnb,twice,Ooh Magical is giving Last Christmas vibes. A new holiday Twice bop!,7,1733462837,TWICE_Strategy
m0nyr9x,twice,yeahh that chaeyoung solo is def on the wayy,30,1733462939,TWICE_Strategy
m0nyzau,twice,Also if you don’t like the feature there’s a version on the album of just Twice,2,1733463048,TWICE_Strategy
m0nyzza,twice,yall dont jump me!! im a diehard twice stan ive been to 4 concerts 😭😭 does anyone else agree that this genuinely might be their best title track ever?? if not then top 3!,4,1733463058,TWICE_Strategy
m0nz4o9,twice,"My god, Twice are ending this year on the highest note aren’t they? This is probably in my top 3 EPs just from the first listen. Thank you the girls for another masterpiece",22,1733463122,TWICE_Strategy
m0nz5lz,twice,"I really liked Keeper when I first heard the snippet, and the song absolutely stole my heart. Favourite in the album after Strategy, which is usually rare for me since I always end up liking b-sides more than the title tracks in most Twice albums.",3,1733463135,TWICE_Strategy
m0nz6ic,twice,Oh wow. This is a new sound and video for TWICE. I think this is my favorite comeback from them in a while. Loved the chorus and video — Megan blended in seamlessly with her feature.,6,1733463147,TWICE_Strategy
m0nz863,twice,So impressed with how Twice have been able to grow and keep expanding their sound with each release. This was so damn good! Megan was a great feature,1,1733463169,TWICE_Strategy
m0nzcaf,twice,So impressed with how Twice have been able to grow and keep expanding their sound with each release. This was so damn good! Megan was a great feature,5,1733463226,TWICE_Strategy
m0nzgpa,twice,Might be the worst title track. The westernization of Twice is honestly sad.,-10,1733463286,TWICE_Strategy
m0nzhjw,twice,JYPE's Weibo account posted about TWICE for the first time in 8 years. I guess they finally stopped avoiding the Chinese market,12,1733463298,TWICE_Strategy
m0nzs6l,twice,"Immediately loved it, Megan fits soooo perfect in there but OMG TZUYU?! CHAE?! MOMO?! Hell yes!!",5,1733463445,TWICE_Strategy
m0nzthb,twice,"Oh my god, this was extremely good. I didn't know it was fully in English, but it sounds excellent. Reminds me of how The Feels was so successful, because despite being in English, it stayed true to Twice's sound, rather than something completely different. I love it! Gonna be on repeat for the next few weeks.",4,1733463463,TWICE_Strategy
m0nzwav,twice,TWICE will be talking shits on STATIONHEAD in just over 20 minutes time,6,1733463502,TWICE_Strategy
m0o03cn,twice,SO SO GOOD TWICE HAS DONE IT AGAIN! MEG SOUNDS GREAT ON THE SONG TOO!,7,1733463599,TWICE_Strategy
m0o0iu8,twice,"Strategy is actually really good. I kinda bounced off of it on first listen, but I think that was largely due to Megan's part. I'm really not a fan of rap, but I really enjoyed listening to the other version of the song.

That said, the rest of the album is really good. I especially love Kiss My Troubles Away and Magical. 

Magical is simply magical. 😅 I really love the Christmasy vibe to the instrumental. The bells alongside the beat in the chorus sounds so good, and I really love their vocals. Jihyo's and Nayeon's verse is so good. It is easily my favorite track on the album.",13,1733463816,TWICE_Strategy
m0o0nor,twice,China Music Data also posted that Twice signed with QQ Music to sell their music digitally there,6,1733463882,TWICE_Strategy
m0o0oi2,twice,"Random thoughts:

\- ![img](emote|t5_3812p|4096)the choice of watching this vs the new Rose MV ... nah choice is obvious ![img](emote|t5_3812p|4099)

\- Why youtube decided to give me german subtitles for the premier ![img](emote|t5_3812p|4083)

\- Step 1-2 Michaeng, 3-4 Saida XD

\- Chae making up for her missing lines in One Spark

\- The choreo looks fun, I wonder if there's two versions to be performed *just* in case they actually perform with Megan.

Magazine Endings assuming reading left to right (someone point out if i misread):

Nayeon - What's in nayeons bag? Peek inside to discover the secrets she swears by for her ""Love Strategy"" 

Dahyun - What is love? To Dahyun, love is a beautiful mystery""

Momo - Where to? Momo's limo is ready for this ride! In this ""Limousine"" shoot, catch her glow in the city lights

Mina - Falling in Love. Mina at the scene of a ""love accident"" Love stirs emotions and blurs reality but do we still (fall/fail?) Mina reveals her thoughts.

Sana - All you need? A feathered dress, bold necklace, and a bright look! Sana is here to talk love waiting for sunny days, and today she's pure sunshine.

Jeongyeon - Bold Steps No Hesitation. Jeongyeon is heading straight toward love

Jihyo - Cupid? Making everyone fall in love with her fierce playful charm. Jihyo as cupid?!

Tzuyu - Fully immersed in love and shining brighter than ever. Starring Tzuyu.

Chaeyoung - Always shine. Living every day to the fullest, Chaeyoung shines on her own. Always trying something new. She shares her ""Love Strategy""

Megan - credits page lol",24,1733463893,TWICE_Strategy
m0o0qmp,twice,"Wow, another new side of TWICE. More mature (lol), but a very nice song, with Megan being well in vibe with the girls.


Hot girl next to hot girl next to hot girl... but this time, 10 times.",3,1733463923,TWICE_Strategy
m0o138s,twice,"Happy comeback, y'all. 

[Made an album thread](https://www.reddit.com/r/kpop/comments/1h7uagh/twice_strategy_the_14th_mini_album/) in /r/kpop for anyone who wants to discuss there.",13,1733464106,TWICE_Strategy
m0o14hp,twice,The perfect gift from twice!!,6,1733464123,TWICE_Strategy
m0o185z,twice,I'm kinda sad that newer twice songs aren't for me anymore but I hope I find something I like in the bsides,4,1733464175,TWICE_Strategy
m0o1b6d,twice,as someone who preferred the middle years I think maybe twice isn't for me anymore,-2,1733464220,TWICE_Strategy
m0o1kgm,twice,Twice has given us a year like no other group ever has. All I can say is Thank You!,4,1733464356,TWICE_Strategy
m0o1wd6,twice,"Lots of Dubu and Jihyo so I'm satisfied. 

I'm always surprised when they fit all 9 members in a 3-4 minute song. It seemed like every one of them was in your face the entire time. And then to add Megan for a bit. 

A master class in participation distribution.",12,1733464527,TWICE_Strategy
m0o1zu4,twice,i love twice. amazing title track. album is so amazing as well. i think my favorite title track since talk that talk,5,1733464577,TWICE_Strategy
m0o296t,twice,"> Also, the kick is probably one of my favourite point choreography in a Twice song. I don't know why, but I just love it.

We've had some memorable choreo over the last few years (One Spark final chorus, TTT's L-O-V-E, etc.) but that kick just hits like a truck lol. Really fits the song.",18,1733464714,TWICE_Strategy
m0o2bd0,twice,">Chaeyoung shines on her own.

👀❕❔",16,1733464746,TWICE_Strategy
m0o2ikm,twice,jihyo's bridge in magical made me ascend. currently listen to the rest of the album from heaven.,5,1733464853,TWICE_Strategy
m0o2n58,twice,Damn Twice you did it again!  Already stuck in my head.,5,1733464921,TWICE_Strategy
m0o37a6,twice,"There was no step 0, but 0 is the number of TWICE songs that are bad",3,1733465219,TWICE_Strategy
m0o39ym,twice,"I love it, definitely the best Twice albums are the ones they release at the end of the year.",7,1733465260,TWICE_Strategy
m0o3dd5,twice,Been a fan of Twice ever since I saw them use Vancouver as their music video on Likey. It was between the What is love to Dance the Night Away era over 6 years ago! I'm not an insane fan but I value what the group has given me over the years. They've helped me through some dark times and put me out of my comfort zone by flying to a new city just to see them for their first concert in Canada.,1,1733465310,TWICE_Strategy
m0o3shr,twice,"I liked the video because SO MANY THINGS happen and the girls look beautiful. Although I'm a little surprised that with all the fuss about MTS she almost didn't show up with the girls. 

Now, about the song: I really liked it... the version without MTS. I don't think she adds anything interesting to it, but without that part it's actually a very very good song.

What is once again clearer than water to me is that this return for JPYE is all or nothing to position TWICE completely in the West and not only be identified as a Kpop act. An aggressive strategy that will have to be seen if it works as they expect.",-5,1733465538,TWICE_Strategy
m0o3xb3,twice,The best TWICE title track since One Spark. LMAO.,6,1733465613,TWICE_Strategy
m0o3zq7,twice,Sweetest Obsession will be that song that'll just remind me of Sana and Nayeon kissing. Lol,5,1733465650,TWICE_Strategy
m0o48ep,twice,"Everyone looked great in the MV, but Tzuyu on the second chorus bias-wrecked me.",19,1733465783,TWICE_Strategy
m0o4cck,twice,[Source](https://x.com/JYPETWICE/status/1864912962160677208?t=iMYfJfjpoB4dK5b-RO2m7A&s=19),0,1733465844,TWICE_Strategy
m0o4g65,twice,NEED THAT JIHYO COMEBACK NOWWWWW,14,1733465904,TWICE_Strategy
m0o4jsw,twice,"Big time. Feels like the coincidences are piling up haha. I think Chae-lo and Jihyo2 will probably happen at some point next year, before any tour shenanigans kick off.",7,1733465960,TWICE_Strategy
m0o4kcm,twice,[Source](https://x.com/JYPETWICE/status/1864912702839361744?t=ZzXFaPOFv1oxneBdFwAk2A&s=19),1,1733465968,TWICE_Strategy
m0o4p54,twice,Jihyo 2 would be a welcome addition. Would love to see a few more fun projects alongside next ot9 project,3,1733466042,TWICE_Strategy
m0o4rnk,twice,[Source](https://x.com/JYPETWICE/status/1864912867818115215?t=oBfXf2buSqGh1wh4aBhQlw&s=19),3,1733466081,TWICE_Strategy
m0o4viq,twice,"It is literally just western makeup, Koreans hardly use bronzer or use browns. Literally watch the Tzuyu video for comparison.",2,1733466139,TWICE_Strategy
m0o511k,twice,[Source](https://twitter.com/JYPETWICE/status/1864912779771269344?t=B635fuDf7DR7P3m8lUW98A&s=19),4,1733466225,TWICE_Strategy
m0o52t8,twice,[Source](https://twitter.com/JYPETWICE/status/1864913056427577637?t=7SToiRUHmsBi7_fbU6l7BQ&s=19),1,1733466252,TWICE_Strategy
m0o53rb,twice,Jihyo’s been feeling herself holy,13,1733466267,TWICE_Strategy
m0o5pjv,twice,"Thank you for submitting, /u/Some-Ad-1426! Unfortunately, your submission has been removed for the following reason(s):

---

Rule 7: Your submission has been removed because it falls under a disallowed content category.

Screenshots, memes, shitposts, personal rants, rumours, doodles, low effort edits/wallpapers are not permitted to be submitted as a self post in our main subreddit feed.

Memes should be submitted to r/twicememes.



---

If you have any questions about this post removal or [regarding the ruleset](https://www.reddit.com/r/twice/wiki/communityguidelines) of /r/twice, please refer to the sidebar or [send a modmail](/message/compose?to=%2Fr%2Ftwice).",1,1733466605,TWICE_Strategy
m0o5vpg,twice,Wow I really didn't expect to make a song where Nayeon wasn't the center of attention. I like the concept. It's fast paced so that the blending with Megan feels and flows within the vibe and none of he typical Korean tricks of stopping in the middle and stuff . Good work girls!,3,1733466703,TWICE_Strategy
m0o68y3,twice,it's a good song. this is not a dig on twice because they were solid but megan was the best part of the song for me.,0,1733466912,TWICE_Strategy
m0o6ro9,twice,I feel like Chae has the soloist aura now. I thought the same thing about Tzuyu just before her solo was announced.,4,1733467212,TWICE_Strategy
m0o6t5w,twice,"they're going to up that ante in concerts, promise. This is going to blow the hell out of US stadiums if Megan performs with Twice live for this number",3,1733467235,TWICE_Strategy
m0o7bqe,twice,Jihyo firing on all cylinders my god.,13,1733467532,TWICE_Strategy
m0o7jur,twice,"Chaeyoung be like:

![gif](giphy|5UtazS7U2kF12d133z|downsized)",28,1733467661,TWICE_Strategy
m0o7mwd,twice,Twice cooked. Nayeon got cooked😭,-4,1733467708,TWICE_Strategy
m0o8ic7,twice,I've became a TWICE fan in 2019 and around that time Megan released her mixtape Fever. I had both artists on constant repeat that year. This is a dream collab for me!,15,1733468210,TWICE_Strategy
m0o8jpx,twice,TWICE [Strategy MV](https://youtu.be/Sz_wWzgh-vQ?si=ksLHNUIF8cbS4JEy) with Megan Thee Stallion ✨,10,1733468232,TWICE_Strategy
m0o8lbk,twice,God Jihyo,12,1733468257,TWICE_Strategy
m0o8v77,twice,Jihyotaro when she’s able to move during Za Warudo:,12,1733468417,TWICE_Strategy
m0o8xmm,twice,"Loved the M/V with all the different love strategy and hearts and you know Minari's shadow does look good indeed!! And as expected, the members look and sound sooo beautiful!! You can really vibe to the song, so this had to be their strategy right ![img](emote|t5_3812p|4080)

Now with the Megan's part, yeah no it feels strange and takes me out of the song, like what on Earth is that lyrics lol. I would've much preferred to have gotten a longer version of Chaeng's part in the bridge that comes after Megan's part. At least we got a 7th track that's Twice version of Strategy",1,1733468457,TWICE_Strategy
m0o922a,twice,[Pretty sure they were filmed on the couch together.](https://www.reddit.com/r/twice/comments/1h7uz3f/241206_twitter_update_hey_megan_were_coming_for_ya/),9,1733468531,TWICE_Strategy
m0o9e3z,twice,"The chorus is really great and Megan's feature is seamless too - really love the song vibe so far 🧡 Also everything about the MV theme is sooo good holy shit the styling - I thought Tzuyu looked especially stunning here what the hell lol + whoever made the decision to give Jihyo twintails: 🛐🛐🛐  
Great album overall I love cute twice",7,1733468731,TWICE_Strategy
m0oaf0q,twice,"in case anyone is interested, twice's first music show will be [live in 45 min on youtube](https://www.youtube.com/live/PGNTMseBIHw?si=XT9jq0h4LoTPbhBD)",10,1733469350,TWICE_Strategy
m0obcj8,twice,I remember nayeon saying cherries were a spoiler for strategy but I don't get why,1,1733469906,TWICE_Strategy
m0obkxv,twice,"This look is so good on Jihyo 

Love Sana’s shorts too",8,1733470049,TWICE_Strategy
m0obuj4,twice,You know it's a banger when Jihyo hits the first chorus,3,1733470214,TWICE_Strategy
m0obuv8,twice,"Mina opening ![img](emote|t5_3812p|4093)

Momo's first to make a mistake today ![img](emote|t5_3812p|4080)

Wonder when/where this was filmed considering the warm clothing.

Where does everyone fall on a twice member cheering scale from quiet Mina to enthusiastic Jeongyeon?",9,1733470219,TWICE_Strategy
m0ocml1,twice,"I'm very curious to see the video where they practice the choreography of ""Strategy"" and find out who ended up doing the most accidental kicks. 

My money is on Nayeon.",20,1733470690,TWICE_Strategy
m0ocpm3,twice,Nayeon’s and Momo’s ears were ringing lol,3,1733470741,TWICE_Strategy
m0od1uy,twice,Jihyo,9,1733470955,TWICE_Strategy
m0od26t,twice,Nayeon,4,1733470961,TWICE_Strategy
m0od3f6,twice,Tzuyu,7,1733470983,TWICE_Strategy
m0od4f7,twice,Chaeyoung,25,1733471001,TWICE_Strategy
m0odig2,twice,That’s tzuyu,1,1733471249,TWICE_Strategy
m0odoz3,twice,"Gfriend on killing voice OMG  
I used to listen to twice+gfriend a lot arnd 2016-2019? then strayed away from kpop for some time, I was heartbroken to hear they had disbanded :'D So happy that I'll be able to experience another gfriend comeback and this is gonna be a great december for me lol",7,1733471364,TWICE_Strategy
m0odvqx,twice,"Ok, I loved it 🥹 It's catchy and it just blended in so well, Megan was perfect and I loved the overall flow! Definitely a new style for Twice, more badass but still very poppy and girly. I'm afraid they ate and left no crumbs.

I really wish the girls smooth promotions and I hope they can be proud of themselves!",3,1733471482,TWICE_Strategy
m0oe5wl,twice,"The first thing i did when my internet came back on was open up youtube, it is almost 3am and I am t i r e d.

I love ittt, the ""hey boy"" is so catchy but I love love love the chorus. It was so sweet and catchy. The prechorus with Tzuyu's voice I loved she sounded so good. The verses were fun and overall I want to go back to listen again right now. It's a really catchy song.

I loved Megan's part she sounded so good! I'm so glad she got to film with twice (unfortunately without misamo) Putting her at the bridge to mark the climax of the song was a good idea she really does an excellent job at making you feel hot and wanna rap along.

Anyways, I really like this song so thank you internet for coming back on instead of being off for another 2 days.",2,1733471657,TWICE_Strategy
m0oeb1h,twice,"had to google and realized Megan was born Feb 1995, 7 months older than Nayeon, def the unnie among them lol!

Fire collaboration!",9,1733471746,TWICE_Strategy
m0oekwd,twice,Chaeyoung tbh,3,1733471923,TWICE_Strategy
m0og9yx,twice,Apparently Strategy has officially been certified GOLD on QQ Music. This is supposed to be Twice's first ever certification in China.,20,1733473020,TWICE_Strategy
m0ohc8y,twice,Nayeon looking so fine,3,1733473721,TWICE_Strategy
m0ohcqo,twice,This is my 17th comeback I believe. I got introduced to them with TT so my first comeback was Knock Knock.🩷 I vividly remember watching every episode of Twice in Switzerland when it came out around the same time,1,1733473730,TWICE_Strategy
m0ohdy4,twice,"I Like It Like It!

Twice’s Strategy is Magical, my Sweetest Obsession, they’re definitely a Keeper. This release will help me keep (Kiss) My Troubles Away!",3,1733473752,TWICE_Strategy
m0ohgse,twice,"Thank you for submitting, /u/flipflopsocks! Unfortunately, your submission has been removed for the following reason(s):

---

Rule 7: Your submission has been removed because it falls under a disallowed content category.

Screenshots, memes, shitposts, personal rants, rumours, doodles, low effort edits/wallpapers are not permitted to be submitted as a self post in our main subreddit feed.

Memes should be submitted to r/twicememes.



---

If you have any questions about this post removal or [regarding the ruleset](https://www.reddit.com/r/twice/wiki/communityguidelines) of /r/twice, please refer to the sidebar or [send a modmail](/message/compose?to=%2Fr%2Ftwice).",1,1733473806,TWICE_Strategy
m0oht5x,twice,I like how Nayeon and Jihyo's eyes met each other (at 1:56) and mumbled something after being surprised by Jeongyeon's energy haha.,5,1733474036,TWICE_Strategy
m0oigig,twice,This album is GREAT. All I can say is I am glad I ordered the vinyl. Every track is fire. TWICE are amazing talents. How are they this good?,2,1733474461,TWICE_Strategy
m0ojdma,twice,"I know everyone can have their own opinion but ppl being divided on this is crazy to me LOL, anyways twice and megan ate so hard easily their best group comeback since TTT, MV is sooooo good",6,1733475084,TWICE_Strategy
m0ompj5,twice,Twice Private Life,1,1733477344,TWICE_Strategy
m0oo2xt,twice,"Strategy has got to be Twice's best title track and music video since Talk That Talk! As someone who wasn't keen on Set Me Free & One Spark, I'm so glad they're moving on from that Melanie Fontana and Lindgren sound and working with new producers who can bring something new to their musical palette. At the same time, Strategy also feels like a companion piece to Nayeon's ABCD, & considering I'm 0.005% listener of that song on Spotify, I have a feeling this one will have as much longevity on my music rotation. 

I will say though that as a big supporter of the collab & a casual fan of Meg's own music, I enjoyed her first verse, but am sorta ambivalent on the second one. Maybe it'll grow on me though, and her scenes with the girls in the MV were an absolute joy to watch. 

As usual, Twice's B-sides are full of hidden gems. Like It Like It was the immediate standout for me, as it feels like an older, more mature sister to Basics and Rush. I would not be surprised at all if these 3 become a holy trinity in Once lore. Though I do hope LILI will graduate from fan-favorite B-side status & become their next single since they opted not to do a pre-release this time. And other songs that stood out for me on first listen were Kiss My Troubles Away and Magical. 

In conclusion, not that this should even be in doubt, but Twice has still got IT, they're at the top of their game, & they're here to stay. 🤭",2,1733478287,TWICE_Strategy
m0op6r4,twice,Why is Tzuyu playing with trash... 😵‍💫,0,1733479024,TWICE_Strategy
m0orwh1,twice,"I can't be the only one reading [Strategy's lyrics](https://colorcodedlyrics.com/2024/12/06/twice-strategy-feat-megan-thee-stallion/) side-to-side with [Pharrell's Frontin'.](https://genius.com/Pharrell-williams-frontin-lyrics)

Crazy how after 21 years of that song's release, we not only have the most sound response to a classic song in a TWICE title track, but an excellent pop song that sits right next to a classic Pharrell song while standing out on its own.",9,1733480794,TWICE_Strategy
m0orzy7,twice,[Source](https://x.com/jypetwice/status/1864979523248492734?s=46&t=O-e_ONnQgboX1zxfeCnhjg),1,1733480858,TWICE_Strategy
m0osqop,twice,Remember when Twice were shy to be sexy? Now they are not anymore. I'm so proud of them!,1,1733481353,TWICE_Strategy
m0ouy7c,twice,jihyo looks sooo good omg,5,1733482764,TWICE_Strategy
m0ovtbe,twice,"Iirc, this is a rare trio.  Please check on your friends who are Jihyo biased like myself.  We're likely not okay 🙃.",2,1733483300,TWICE_Strategy
m0ovwyk,twice,"Good lord, Jihyo.  I need to survive for at least the rest of the promos.",1,1733483362,TWICE_Strategy
m0owe3w,twice,"Things awesome about this mv :

The last chorus feels so complete, unlike one spark (that's the only part of the song I dislike)

The mochaeng rap

The kick in the chorus part

1st mv with collab

Chaeyoung era for sure

Nayeon acapella in the end 

there is like a hundred more slay things abt this song... 

c'mon onces lets stre4m this year-end banger!!!",2,1733483648,TWICE_Strategy
m0ox93b,twice,It isn't a Twice cheering guide without parts being messed up and total chaos,5,1733484170,TWICE_Strategy
m0oyvb9,twice,"🤣 JIHYO talking to a mancunian in Bangkok is definitely a rare chance


lucky he wasn't speaking like he's in Manchester",3,1733485109,TWICE_Strategy
m0ozh2i,twice,"Promote the album in the US instead, please Twice.",3,1733485450,TWICE_Strategy
m0ozifp,twice,Chaeyoung is becoming more predominant in the music here recently. It may just be my bias speaking but i love seeing her be more involved. Waiting on her solo! 🫣,1,1733485470,TWICE_Strategy
m0ozo85,twice,"Thank you for submitting, /u/diedalatte! Unfortunately, your submission has been removed for the following reason(s):

---

Rule 7: Your submission has been removed because it falls under a disallowed content category.

Screenshots, memes, shitposts, personal rants, rumours, doodles, low effort edits/wallpapers are not permitted to be submitted as a self post in our main subreddit feed.

Memes should be submitted to r/twicememes.



---

If you have any questions about this post removal or [regarding the ruleset](https://www.reddit.com/r/twice/wiki/communityguidelines) of /r/twice, please refer to the sidebar or [send a modmail](/message/compose?to=%2Fr%2Ftwice).",1,1733485559,TWICE_Strategy
m0ozsyx,twice,"Thank you for submitting, /u/LevelAcanthisitta847! Unfortunately, your submission has been removed for the following reason(s):

---

Rule 7: Your submission has been removed because it falls under a disallowed content category.

Screenshots, memes, shitposts, personal rants, rumours, doodles, low effort edits/wallpapers are not permitted to be submitted as a self post in our main subreddit feed.

Memes should be submitted to r/twicememes.



---

If you have any questions about this post removal or [regarding the ruleset](https://www.reddit.com/r/twice/wiki/communityguidelines) of /r/twice, please refer to the sidebar or [send a modmail](/message/compose?to=%2Fr%2Ftwice).",1,1733485633,TWICE_Strategy
m0oztsc,twice,"Thank you for submitting, /u/Alarming_Ability_949! Unfortunately, your submission has been removed for the following reason(s):

---

Rule 3: Your submission has been removed because it does not follow our [Title Guidelines](https://www.reddit.com/r/twice/wiki/communityguidelines#wiki_iv._title_guidelines).



---

If you have any questions about this post removal or [regarding the ruleset](https://www.reddit.com/r/twice/wiki/communityguidelines) of /r/twice, please refer to the sidebar or [send a modmail](/message/compose?to=%2Fr%2Ftwice).",1,1733485646,TWICE_Strategy
m0p04xq,twice,They have the best fanchant videos lol. Poor Momo and Nayeon were victimized by Jeongyeon's voice.,3,1733485818,TWICE_Strategy
m0p1ehs,twice,Jihyo 🔥🔥🔥🔥🔥,1,1733486497,TWICE_Strategy
m0p1pxh,twice,THEY ATE THAT DOWN. I am in love. Now if twiceshop would just ship my preorders 👀,2,1733486666,TWICE_Strategy
m0p1pz9,twice,Twice Swag Era,2,1733486667,TWICE_Strategy
m0p32ys,twice,"As much as I love this song, I can’t help think about the “what ifs”. JUST IMAGINE, after Momo and Chaeyoung’s little bridge after meg’s verse, they start doing a big end chorus like TTT and we get that high Jihyo note, then it goes back into the “Hey boy, I’ma getcha” Regardless, this song is absolute cinema.",2,1733487364,TWICE_Strategy
m0p464j,twice,Yeah. this time around the general consensus of kpop fans is enjoying it but i’ve already seen complaints about megan and the fact it’s completely in english. it’s definitely sounds more kpop like than MLSR for me tho. The bsides are definitely classic Twice.,0,1733487904,TWICE_Strategy
m0p4w5x,twice,"Thank you for submitting, /u/urfavbandkid2009! Unfortunately, your submission has been removed for the following reason(s):

---

Rule 7: Your submission has been removed because it falls under a disallowed content category.

Screenshots, memes, shitposts, personal rants, rumours, doodles, low effort edits/wallpapers are not permitted to be submitted as a self post in our main subreddit feed.

Memes should be submitted to r/twicememes.



---

If you have any questions about this post removal or [regarding the ruleset](https://www.reddit.com/r/twice/wiki/communityguidelines) of /r/twice, please refer to the sidebar or [send a modmail](/message/compose?to=%2Fr%2Ftwice).",1,1733488261,TWICE_Strategy
m0p59dr,twice,[Source](https://x.com/jypetwice/status/1865011367654363554?s=46&t=O-e_ONnQgboX1zxfeCnhjg),1,1733488440,TWICE_Strategy
m0p5v4n,twice,Did you like the feels? Every time i think Twice isn't making music that made me love them i remember that the feels was just a year ago and alcohol free was the year before. Even this year had One Spark which was very mid Twice-y.,1,1733488729,TWICE_Strategy
m0peenj,twice,"I think currently 


Nayeon
Sana
Tzuyu 
Momo
Jihyo
Mina
Jeongyeon 
Chaeyoung 
Dahyun


But I feel dahyun will jump up after acting debut like jihyo jumped up after solo debut. But nayeon is no.1 from the beginning.",0,1733492393,TWICE_Strategy
m0peppc,twice,Jihyo wearing a Star Wars t-shirt - always knew she had class 😀,4,1733492515,TWICE_Strategy
m0pfrhn,twice,"Look at nayeon dress in the mv, when she is on the book/magazine",2,1733492932,TWICE_Strategy
m0pi473,twice,[Source](https://x.com/jypetwice/status/1865033571624456242?s=46&t=O-e_ONnQgboX1zxfeCnhjg),1,1733493852,TWICE_Strategy
m0pibfn,twice,"lol @ ""forced"".

Twice members have often said that the group themselves choose who sings what parts of songs based off who the group thinks each part best suits. 

Also... it's weird that even in 2024 people are still learning that songs have different keys and... yes, notes. If a person can sing those notes in tune, then they are eligible to sing that part of the song. Forcing them... really? No.",11,1733493930,TWICE_Strategy
m0pjkdc,twice,"Strategy specifically? Maybe a little but I don’t think it sounds unnatural. When Jihyo comes in with “gotchu on my radar…” and Jeongyeon’s part after are my favorite parts of the song, honestly. Nayeon always sounds a little nasally to me but, like Jihyo, she’s got a very identifiable sound that you instantly recognize. The most identifiable and signature voices in kpop IMO so I don’t think it’s anywhere near too nasally or unnatural. Sounds like her. 


Overall I think their voices suit the tone of the song perfectly. I can tell they all worked hard on their English too, Jeongyeon especially. I can only imagine how many hundreds of takes they all spent getting pronunciation right considering even the title “Strategy” seems especially difficult for Koreans to pronounce lol.",4,1733494406,TWICE_Strategy
m0pm80r,twice,"Two blurry pics! Chaeyoung is on a roll.


Also, she looks so pretty.",9,1733495388,TWICE_Strategy
m0pnydt,twice,"Jeongyeon, Nayeon, and Jihyo singing Domino was so cool!!!!",12,1733496019,TWICE_Strategy
m0po6l9,twice,[Source](https://x.com/jypetwice/status/1865043466717401190?s=46&t=O-e_ONnQgboX1zxfeCnhjg),3,1733496100,TWICE_Strategy
m0ppi1k,twice,TZUYU LOOKS SO GOOD,2,1733496564,TWICE_Strategy
m0ppz1c,twice,"Despite what the lyrics say, Twice's *actual* step 2 is to just unleash Sharon",2,1733496728,TWICE_Strategy
m0pr8ro,twice,"I'll admit that I was a tad skeptical about this comeback BUT WOWWWWW! I am SO OBSESSED with this song it's not even funny. 

AND OH MY GOD JIHYO! SHE AIN'T PLAYING!",2,1733497161,TWICE_Strategy
m0ps7yz,twice,YoungJi's dream has come true. She became the 10th member of TWICE.,44,1733497494,TWICE_Strategy
m0psc44,twice,Reminds me of when Youngji asked Jihyo why they didn’t ask her to feature 🤣,12,1733497535,TWICE_Strategy
m0psjyv,twice,omg nayeon,7,1733497607,TWICE_Strategy
m0pvv4u,twice,"Youngji is the best host, glad Twice were able to go on both of her shows this promo cycle - this one & No Prepare (JiChaeng for the S3 2-part finale)",20,1733498703,TWICE_Strategy
m0pvwuk,twice,Jihyo getting lucky and running into locals that learned Korean once again!,2,1733498719,TWICE_Strategy
m0pxvxl,twice,"i think some parts of this song are particularly high, but i'm not hearing nasally tones at all. i actually think they've improved their tones the past few years. Twice songs have always been vocally challenging (i'm a singer), and i think sometimes they push the boundaries of their personal vocal limits, but i admire that about them. i don't think Twice has been ""forced"" to sing any particular way for years now.",3,1733499366,TWICE_Strategy
m0pz0nv,twice,SaNayeon casually explaining the kiss IN DETAIL for 2 minutes straight,1,1733499732,TWICE_Strategy
m0q1yxk,twice,"Twice biggest 1st day sales.... 


1. With Youth 758K 


2. Strategy 579K 




👏 👏 👏 👏 👏 👏 👏 👏 👏",0,1733500673,TWICE_Strategy
m0q27hq,twice,"This solidified my desire for a full song from them. Can I get a full album now? Or at the very least a full cover of this song.

Their voices really balanced each other out well. I think there’s a lot of charisma to Nayeon’s voice, where it’s a very clear pop star voice and she just makes you wanna listen. 

I think Jeongyeon’s voice is the middle ground between Jihyo and Nayeon. It has the power of Jihyo‘s voice with the sweetness of Nayeon’s voice and power to boot. 

And then Jihyo is of course the Twice vocal queen.",21,1733500749,TWICE_Strategy
m0q2izu,twice,"MISAMO, Tzu and even Jongyeon are more comfortable and go harder live after their (solo) activities this year. And ofc Chaeyoung 👀 

They are all gonna be getting better as they try new things!",16,1733500850,TWICE_Strategy
m0q3792,twice,Omg I was thinking about you after watching strategy and Nayeon taking center in the last few seconds. You doing ok? No but fr how do you like Strategy?,2,1733501064,TWICE_Strategy
m0q4ra3,twice,I was presently surprised. I'm not a fan of Megan so I was uncertain how she'd fit into a Twice song but damn if it didn't actually work.,2,1733501567,TWICE_Strategy
m0q62q9,twice,Jihyo’s voice is so amazing,5,1733501987,TWICE_Strategy
m0q72g3,twice,"It's great...it's really great...

TWICE just said a while ago that they have been taking English classes and even vocal lessons

How can you not love TWICE? I will cry after watching this show (it has not been an easy journey)",14,1733502303,TWICE_Strategy
m0q7pva,twice,"Now I can see how the formation will be when Twice perform with Megan in the future


On a side note, Youngji really does fit well in a Twice song to my surprise",7,1733502510,TWICE_Strategy
m0q84vt,twice,"[momo and jihyo](https://x.com/twoapplesjihyo/status/1865011199936704664?s=46) are so fucking funny 😭😭 touching abs is aparently okay but holding hands is awkward 💀

they’re the duo I find most entertaining and they’re not even trying to be",14,1733502641,TWICE_Strategy
m0q8qpc,twice,Jihyo and Tzuyu stage presence here is no joke. What a treat.,12,1733502832,TWICE_Strategy
m0qbszq,twice,"Credit to Div3 for doing a great job with the various pre-release promo, both in the US (e.g. Amazon Live) and especially Korea (i.e. bookings on trendy shows like Youngji's & Hyeri's as well as established ones like Running Man & Idol Theater).


I was skimming the YT comments on the Strategy live performance ft. Youngji [The Seasons on KBS - https://m.youtube.com/watch?v=f4VCRBWNvms] and there's a ton of Korean comments praising Twice and Youngji. Kinda hoping they surprise us and Youngji fills in for Megan on MusicBank next week - provided that it doesn't get cancelled due to the ongoing impeachment crisis & protests.",4,1733503787,TWICE_Strategy
m0qcqyi,twice,"I was skimming the YT comments on the Strategy live performance ft. Youngji [The Seasons on KBS - https://m.youtube.com/watch?v=f4VCRBWNvms] and there's a ton of Korean comments praising Twice and Youngji.


Actually hoping they surprise us and Youngji (she crushed it) fills in again for Megan on MusicBank next week - provided that it doesn't get cancelled due to the ongoing impeachment crisis & protests.",6,1733504081,TWICE_Strategy
m0qfhzb,twice,"yeah as many issues as I've had with JYPE's strategies involving Twice, this time I do think they deserve a lot of praise.",5,1733504939,TWICE_Strategy
m0qgkgi,twice,"this was fire they all sound confident and happy.
I kept repeating nayeons adlibs!!!",3,1733505269,TWICE_Strategy
m0qh208,twice,"Thank you for submitting, /u/shad0wdash! Unfortunately, your submission has been removed for the following reason(s):

---

Rule 7: Your submission has been removed because it falls under a disallowed content category.

Screenshots, memes, shitposts, personal rants, rumours, doodles, low effort edits/wallpapers are not permitted to be submitted as a self post in our main subreddit feed.

Memes should be submitted to r/twicememes.



---

If you have any questions about this post removal or [regarding the ruleset](https://www.reddit.com/r/twice/wiki/communityguidelines) of /r/twice, please refer to the sidebar or [send a modmail](/message/compose?to=%2Fr%2Ftwice).",1,1733505420,TWICE_Strategy
m0qj9jq,twice,Pigtails Jihyo 🔥,1,1733506108,TWICE_Strategy
m0qk5ko,twice,"omg TOO cute! i was going to swing by today and grab a jihyo ver, but now i might just get momo too 😂",3,1733506383,TWICE_Strategy
m0qkbqx,twice,i wanted jihyo too but my target only had momo and nayeon 😭,3,1733506437,TWICE_Strategy
m0qksrc,twice,Jihyo’s shoes are so big🤣🤣,0,1733506585,TWICE_Strategy
m0qlqsi,twice,"Thank you for submitting, /u/secretr3ader! Unfortunately, your submission has been removed for the following reason(s):

---

Rule 5: Your submission has been removed because it violates our no piracy rule.

This includes links to sites which promote or facilitate piracy as well as direct links to pirated materials such as torrents. Link to officially licensed sources when available. Unofficial audio uploads should be limited to YouTube only. Unofficial video uploads should be linked only when an officially licensed video is not available in the same format (subbed or raw).



---

If you have any questions about this post removal or [regarding the ruleset](https://www.reddit.com/r/twice/wiki/communityguidelines) of /r/twice, please refer to the sidebar or [send a modmail](/message/compose?to=%2Fr%2Ftwice).",1,1733506881,TWICE_Strategy
m0qtyux,twice,"And the director for Strategy MV is excellent. Someone mentioned his name but I forgot about it. Along with Kudo Works also excellent promotion by Division 3 this takes care of the promotion part. As for the production part, I think the producers of Strategy album are competent - earattack, FULL8LOOM, Lauren Aquilina and Boy Matthew some of the names I read. Twice members already been writing songs and I think one day the Title Track be written by them.",6,1733509449,TWICE_Strategy
m0qu293,twice,"I would expect this to be each member once, but that doesn't seem to be the case. I see chaeyoung at least twice and Mina at least 3 times?",5,1733509479,TWICE_Strategy
m0qugxx,twice,"Target Edition. Went with Step 3, which is actually version 2 (1,3,2),  when version 2 always seems to be the best concept. ![img](emote|t5_3812p|4085)

Came with 5 photo cards, got different members which is a plus, along with a bonus photo card (Tzuyu, not shown). Also not here are the main poster, the 10 pre-order POBs, and the Christmas ornament (Momo)",2,1733509608,TWICE_Strategy
m0qupxj,twice,"As this is currently a rumor and has not been posted by an official account it is currently against our rules (to post rumors).

If it has been confirmed by an official account then please repost using proper title and sourcing guidelines found in our rules.

https://www.reddit.com/r/twice/wiki/communityguidelines#wiki_iv._title_guidelines",1,1733509687,TWICE_Strategy
m0qzjeh,twice,Album Discussion Megathread has been posted. Please find it here: [Strategy Discussion Megathread](https://www.reddit.com/r/twice/comments/1h88nzc/241206_twice_the_14th_mini_album_strategy_album/?),1,1733511202,TWICE_Strategy
m0r27gb,twice,"This looks all right to me except I think you have Momo & Sana backwards.  
Even from a more event post we can see that Momo's lower lip is fuller than upper: [https://www.reddit.com/r/twice/comments/1h7vj2a/241206\_momo\_instagram\_update\_strategytwice\_come/](https://www.reddit.com/r/twice/comments/1h7vj2a/241206_momo_instagram_update_strategytwice_come/)

Sana's upper lip has a very characteristic profile you can see here: [https://www.reddit.com/r/sana/comments/1h87lp7/sana\_x\_kissing\_heart/#lightbox](https://www.reddit.com/r/sana/comments/1h87lp7/sana_x_kissing_heart/#lightbox)",2,1733512045,TWICE_Strategy
m0r2rwt,twice,I made one in /r/kpop but I think most people just used the [Spotify thread here](https://www.reddit.com/r/twice/comments/1h7tqmh/241206_spotify_update_strategy/) or this weekly thread to discuss it so far.,5,1733512225,TWICE_Strategy
m0r3g2j,twice,"It does sound like something they released before and considering the songs twice promoted this year (I got you, one spark, dive), it does go align with the sound. I’m glad they changed it up a bit with strategy bc the songs and promotions finally feel like they’re trying to break into the scene again instead of being safe.",5,1733512439,TWICE_Strategy
m0r42q4,twice,My friend believes the ones I have backwards are Dahyun and Tzuyu lol,3,1733512637,TWICE_Strategy
m0r44va,twice,"Condensing my previous thoughts: 

I think this is genuinely one of their most cohesive and consistent projects in their discography. The last Twice mini with this kind of cohesion was probably Taste of Love for me, and that one was also one of my favorites in their storied discography. 

I really love all the songs on the project, and I genuinely think they picked the right song for the title track this time. It's fresh but still familiar, the feature is great, and they even include a feature-less version for cohesive stages and another option. Genuinely hard to pick a favorite b-side this time because I love them all. Kiss My Troubles Away and Like It Like It are probably my favorites that I hope they make the next tour's setlist. 

Overall, I'm loving this release. I liked With Youth a lot but I think this is their strongest release as a whole in a few years. Definitely one of their best mini albums!",32,1733512656,TWICE_Strategy
m0r4rs4,twice,"it’s def a fun mini, good b-sides I think anyone could enjoy. Kiss my troubles away is my favorite and Magical will definitely be fun to see for Christmas time. I’m happy with Strategy as well but I do prefer the ot9 version, nothing to complain about with Megan’s part i’m just not a huge fan of features in songs and not particularly the biggest fan of her music imo. But i do see the appeal and i’m happy that Twice got the opportunity here. Hope everyone likes it as well!",7,1733512858,TWICE_Strategy
m0r5ngg,twice,There was a fan cam I saw where Nayeon and Jeongyeon were giving support vocals 🥰,4,1733513140,TWICE_Strategy
m0r60oi,twice,They'll probably still give jeongyeon 3 lines and have jihyo and nayeon sing high notes in the background 💀,0,1733513259,TWICE_Strategy
m0r6eu0,twice,"Just like I thought, Magical is probably my favourite track from the album. But that doesn't mean, the rest are bad. This is a very good album. Will definitely hear it more in the coming days. TWICE really delivered some good songs this year, happy I got to be a part of it.",2,1733513387,TWICE_Strategy
m0r766o,twice,they're all correct except dahyun and tzuyu are switched,4,1733513631,TWICE_Strategy
m0r7x7v,twice,"Heya! I would ask this in the Megathread.

https://www.reddit.com/r/twice/comments/1h88nzc/241206_twice_the_14th_mini_album_strategy_album/",1,1733513869,TWICE_Strategy
m0r8s6c,twice,"Genuinely one of the fun and better comebacks we had in recent times

Again not to dislike their previous eras but ever since FORMULA OF LOVE, we ONCES have been having a rough time whether it is

Underperformance of some albums or fandoms riling things up or ONCES getting frustrated with JYPE lack of promotion etc. 

So many issues we ONCES and TWICE had to face so it's nice we finally get a comeback where most of the people are satisfied 
(Including TWICE who met MEGAN and it is a life changing memory for them for sure)

Now TWICE has always provided quality in their albums so I am now used to them giving minimum 8/10 albums as a whole every time they comeback and that's how consistently putting out quality works

I still wanna rant about the disrespect and sheer negligence regarding TWICE discography because I feel they still are not praised enough for their craft 

Earlier SK loved them but now idk what happened and it still irks me the wrong way but meh nevermind moving on

My favourite tracks are

1)  STRATEGY feat MEGAN ofc
2)  STRATEGY normal version also slaps
3)  Magical 
4)  Sweetest Obsession 
5)  Like it Like it",6,1733514140,TWICE_Strategy
m0r97i3,twice,"Loved the title track & MV, but also want to note Twice continues to excel on the b-sides. So much so I can't hope but Like It Like It or Kiss My Troubles Away is the Special MV song.

I'd say Strategy, in terms of lyrics, is a continuation of Twice's cutesy era tho now they are grown they feel comfortable making the first move. 

The b-sides though I think are more along the lines of the Mature Era, in the sense that they focus on appreciating being in a relationship with someone. I actually think these songs are what makes Twice a ""woman group"" and hope we get more stuff about what young adults are going thru even if it's not romantic.",8,1733514275,TWICE_Strategy
m0r9x8m,twice,I just want them to ship my albums already. Looking at you twiceshop 👀 but otherwise I absolutely love this mini album,10,1733514501,TWICE_Strategy
m0raegd,twice,"I only got into them earlier in the year. While it’s a bit sad to have missed out the ride up until now, there’s a boat load of content to watch. I’m enjoying that for the foreseeable future I have plenty of TTT episodes to watch. I don’t think we have to worry about them disbanding any time soon. Their group activities might slow down at some point but they seem very committed to being Twice as long as life allows.",25,1733514654,TWICE_Strategy
m0rbyn7,twice,"Much better than I expected! To be completely honest, I thought Megan Thee Stallion would make the song feel too western for Twice, but the song is actually really good, and Megan’s part fits right into the song! I’m pleasantly surprised, and this is one of my favourite mini albums!",12,1733515150,TWICE_Strategy
m0rd0xr,twice,Not the twice members having the millennial pause 😭😭,179,1733515497,TWICE_Strategy
m0remnn,twice,"I know that they aren’t touring anytime soon but I’m so looking forward to it or even just their next live show so that they can perform songs from this album ASAP. Special shoutout to Dahyun for writing another beautiful song even with her busy schedule, I’m sure that everyone would love the day comes when we have a title track written by her


All 3 Twice albums this year have been consistently amazing so I can’t wait to see what they will explore more with the next (and hopefully full) album",11,1733516021,TWICE_Strategy
m0rh5lb,twice,"Thank you for submitting, /u/vladdragovych! Unfortunately, your submission has been removed for the following reason(s):

---

Rule 3: Your submission has been removed because it does not follow our [Title Guidelines](https://www.reddit.com/r/twice/wiki/communityguidelines#wiki_iv._title_guidelines).



---

If you have any questions about this post removal or [regarding the ruleset](https://www.reddit.com/r/twice/wiki/communityguidelines) of /r/twice, please refer to the sidebar or [send a modmail](/message/compose?to=%2Fr%2Ftwice).",1,1733516837,TWICE_Strategy
m0rjrjz,twice,Twice with a fan,8,1733517685,TWICE_Strategy
m0rns5g,twice,Honestly every release feels like their best work to date. Love twice,6,1733518980,TWICE_Strategy
m0roc3a,twice,"TWICE X Pokimane: the two that first introduced me to K-Pop, together in one frame 🥰🥰",1,1733519163,TWICE_Strategy
m0rog3j,twice,"TWICE X Pokimane: the two that first introduced me to K-Pop, together in one frame!! 🥰🥰",41,1733519199,TWICE_Strategy
m0rpbtr,twice,"As an advice for the future, dont even care about streams that much. In terms of sales (where the actual money comes from) they are overperforming everytime so lets keep it that way. 

Also yeah, you gotta understand that general public moves on. Everyone loved guns n roses and after 5 years really only rock fans cared about them. That's just how life works. Its not like Twice had gone underground or anything",9,1733519490,TWICE_Strategy
m0rux6m,twice,Log into twiceshop and check your orders. Unfortunately we can't really help.,1,1733521336,TWICE_Strategy
m0rwc49,twice,"Thank you for submitting, /u/Ihyobias! Unfortunately, your submission has been removed for the following reason(s):

---

Rule 7: Your submission has been removed because it falls under a disallowed content category.

Screenshots, memes, shitposts, personal rants, rumours, doodles, low effort edits/wallpapers are not permitted to be submitted as a self post in our main subreddit feed.

Memes should be submitted to r/twicememes.



---

If you have any questions about this post removal or [regarding the ruleset](https://www.reddit.com/r/twice/wiki/communityguidelines) of /r/twice, please refer to the sidebar or [send a modmail](/message/compose?to=%2Fr%2Ftwice).",1,1733521808,TWICE_Strategy
m0s007h,twice,"Mina looks beautiful in any hair color, yea because she's at least top 3 most beautiful woman ever

The blonde will grow on me again, just like it did back in 2020


As long as Jihyo is banned from going blonde ever again",3,1733523048,TWICE_Strategy
m0s0ao9,twice,"i totally agree i also really like getting lots of photocards with my albums. the same thing happens to me too, but instead of mina i always get chaeyoung! 

good luck with your pulls!",1,1733523148,TWICE_Strategy
m0s3mny,twice,"Hahaha I bet if jihyo goes blond it will also grow on you over time. 

But agree, the same way back hair suits mina for its elegance, tan skin and brunette hair suits Jihyo for its sexiness.",2,1733524310,TWICE_Strategy
m0s6559,twice,"She clearly barely likes TWICE. Didn’t even seem to know most of their names.
All good. I get it. But don’t pretend that she’s a big fan of theirs lol",-85,1733525197,TWICE_Strategy
m0s68b8,twice,"Thank you for submitting, /u/OutrageousNobody6397! Unfortunately, your submission has been removed for the following reason(s):

---

Rule 12: Your submission has been removed because it violates our no selling or trading rule.

Submissions or comments offering to buy/sell/trade merch, concert tickets, or albums are better suited for r/kpopforsale. r/twice is not affiliated with r/kpopforsale so use it at your own risk.



---

If you have any questions about this post removal or [regarding the ruleset](https://www.reddit.com/r/twice/wiki/communityguidelines) of /r/twice, please refer to the sidebar or [send a modmail](/message/compose?to=%2Fr%2Ftwice).",1,1733525229,TWICE_Strategy
m0s69v8,twice,"Thank you for submitting, /u/ListAffectionate9039! Unfortunately, your submission has been removed for the following reason(s):

---

Rule 7: Your submission has been removed because it falls under a disallowed content category.

Screenshots, memes, shitposts, personal rants, rumours, doodles, low effort edits/wallpapers are not permitted to be submitted as a self post in our main subreddit feed.

Memes should be submitted to r/twicememes.



---

If you have any questions about this post removal or [regarding the ruleset](https://www.reddit.com/r/twice/wiki/communityguidelines) of /r/twice, please refer to the sidebar or [send a modmail](/message/compose?to=%2Fr%2Ftwice).",1,1733525244,TWICE_Strategy
m0s86du,twice,"Bro what are you even talking about lol. She was trying to get them to introduce themselves for her posts. You know… the way they do before literally every appearance they make lol. There was obviously a language barrier. Even if she isn’t a huge fan, why does that even matter? Some people can like Twice without being obsessed and she’s also introducing them to hundreds of thousands of people who likely hadn’t heard of them before lol. Megan can definitely sit with us.",47,1733525926,TWICE_Strategy
m0s9bpk,twice,Isn't Nayeon the only Millenial in the group? And even then she's more of a zillennnial.,32,1733526342,TWICE_Strategy
m0s9cj1,twice,Im seeing it. 2025 world tour in US. Megan unnie x Twice performing Strategy. 🙏🤭,14,1733526350,TWICE_Strategy
m0s9hks,twice,"Don’t worry, they’ll come soon enough. Jihyo wishes for a world tour in 2025 for New Year’s Resolution 🙏🏽",6,1733526403,TWICE_Strategy
m0s9p4x,twice,I’m so excited for when TWICE is going to drop another full-length album.,4,1733526478,TWICE_Strategy
m0saxxi,twice,"But Red Hair Jihyo is the most beautiful woman of all time 

Well Jihyo in general is but red hair Jihyo is the Tom Brady of alternate twice hair colors",2,1733526932,TWICE_Strategy
m0sb6k9,twice,"Nice!  

I do think Twice are gathering a loyal group of fans. Think many are older and maybe don't have time/energy for playing the stat game online (views, streams, etc) but they do buy stuff & go to concerts \~",10,1733527018,TWICE_Strategy
m0sfi20,twice,"Hello if there are any USA ONCES who want to support twices cb for the hot 100 chart, please buy the strategy (ft. Megan) digital song on iTunes and Amazon! Also if you can pandora premium offers a free 1 month subscription (cancel it in 3 weeks) that allows you to loop the title track (strategy). Most importantly, please use playlists from @oncestreamtwice on Spotify with 6 Spotify accounts (6 accounts are allowed to count per ip address for charting purposes like Spotify global and the bbhot 100. Each account is allowed 20 filtered streams per song per day. Any streams after the filtered ones will still count for Spotify counter, or unfiltered streams). 

Thank you to all ONCES who are supporting twice this comeback; TWICE and us fellow ONCES appreciate all your efforts!!",13,1733528617,TWICE_Strategy
m0sioax,twice,"I’ll be honest, love Twice, love the song, can’t really stand Megan and watching her kind of ordering them to say their names and do something cute was very difficult to watch. 

I don’t really know anything about Megan, she might be a great person, she might be amazing, and obviously I have to respect that she has made it to where she is. But, she kind of reminds me of everything that made me run to Kpop to begin with.",-35,1733529815,TWICE_Strategy
m0sjd2e,twice,"I don't know who she is, but TWICE are in the picture so you instantly get my upvote",23,1733530077,TWICE_Strategy
m0sjepo,twice,"twice did some tiktok’s for the today show page, guess we should expect some sort of shoot for them soon",9,1733530094,TWICE_Strategy
m0sm80s,twice,"Ugh this is such a dream having two of my fave pop artists collab and hang out and it ended up so good. I can't believe it.


This album is just what I needed right now. Stuff really sucks in the world RN but TWICE and Megan helped me feel a bit better about things this month. I am so glad to be a Once.",9,1733531168,TWICE_Strategy
m0snu6o,twice,"Me: Tzuyu has reached the peak of beauty.  She is the prettiest woman ever.  If she gets more beautiful, more pretty, and/or more fine, I will call bullshit because it's impossible to become more beautiful 


Tzuyu:

Me: well damn she did it again.  But she can't possibly get more beautiful/pretty than this, right?

Right?",3,1733531789,TWICE_Strategy
m0spkf6,twice,"Wym, I thought literally everyone in the Universe knows who twice is smh /s",15,1733532455,TWICE_Strategy
m0sq8we,twice,"Thank you for submitting, /u/jeffthemetalfan666! Unfortunately, your submission has been removed for the following reason(s):

---

Rule 3: Your submission has been removed because it does not follow our [Title Guidelines](https://www.reddit.com/r/twice/wiki/communityguidelines#wiki_iv._title_guidelines).



---

If you have any questions about this post removal or [regarding the ruleset](https://www.reddit.com/r/twice/wiki/communityguidelines) of /r/twice, please refer to the sidebar or [send a modmail](/message/compose?to=%2Fr%2Ftwice).",1,1733532717,TWICE_Strategy
m0ss7ct,twice,"[Video proof of the members signing the postcards](https://x.com/jypetwice/status/1865199549385707753?s=46&t=pN-YJp3s7ZQlCXqnTAgSfw), for those that wondered if they’re legit as STRATEGY might be your first TWICE comeback.",16,1733533488,TWICE_Strategy
m0ssjb4,twice,"There has been hate for Megan Thee Unnie across different posts and subs and I rebuke it!!!!!!


Did a spicy feature, flew over to film WITH the girls, dresses up and shimmies and dances and has fun, promos tf outta the single, features TWICE on a remix of her own song -- like she has gone thee extra mile, the haters mad the Hot Girl Coach stays coaching our OT9 can stay far away (especially those who are commenting adjacent to ""she ruins the aesthetic HMMMMM).",126,1733533621,TWICE_Strategy
m0swngg,twice,Youngi is killing it for megan's part! Twice should consider having a different female rapper join them every time they perform. Jessi next time? CL? Lisa? Soyeon? The possibilities!,2,1733535237,TWICE_Strategy
m0t0ybw,twice,"Preach! Theres definitely some weird comments here and elsewhere but thankfully for the most part it’s been minor, at least from what i’ve seen so far. 

Its saddening how some fans want Twice to stay in a box and not branch out and grow as artist. This collab is cute and fun, and Megan is really sweet. 

I actually know a few irl Megan fans and they got interested in Twice’s music because of the Mamushi remix.",46,1733536940,TWICE_Strategy
m0t11l2,twice,[Source](https://x.com/JYPETWICE/status/1865214653774680162?t=D0oygu86macTj1OI4WTdvQ&s=19),1,1733536977,TWICE_Strategy
m0t222n,twice,What does Mamushi have to do with twice. Not even same country or genre,-38,1733537386,TWICE_Strategy
m0t223q,twice,"And to be fair, Twice’s numbers on Hanteo were never as strong as other GGs so WY becoming their peak there after 9 years is really impressive",6,1733537386,TWICE_Strategy
m0t4616,twice,[Source](https://x.com/jypetwice/status/1865214653774680162?s=46&t=O-e_ONnQgboX1zxfeCnhjg),2,1733538255,TWICE_Strategy
m0t59i9,twice,"Thank you for submitting, /u/Twnty21_29! Unfortunately, your submission has been removed for the following reason(s):

---

Rule 8: Your submission has been removed because it contains similar or identical content to that of a previously submitted post.



---

If you have any questions about this post removal or [regarding the ruleset](https://www.reddit.com/r/twice/wiki/communityguidelines) of /r/twice, please refer to the sidebar or [send a modmail](/message/compose?to=%2Fr%2Ftwice).",1,1733538701,TWICE_Strategy
m0t5mtj,twice,The first Twice album to reach No.1 in Billboard Top 200. After denied twice ( pun intended) by Taylor Swift and Morgan Warren. I think Twice is the best-selling girl group in America for for 4 consecutive years.,24,1733538853,TWICE_Strategy
m0t62b4,twice,"I wish the colab had been with her instead. Still love the song, love Twice, they just have this ability to make you smile.",-3,1733539030,TWICE_Strategy
m0t6s6v,twice,"FWIW, Step 2 and Step 3 are still available on twiceshop for those having FOMO.",2,1733539331,TWICE_Strategy
m0tacho,twice,They're still available! [https://twiceshop.com/](https://twiceshop.com/),1,1733540804,TWICE_Strategy
m0tayfi,twice,[TWICE 7th Anniversary Secret Box With ONCE](https://youtu.be/1Ac7VbZETvE?feature=shared),4,1733541059,TWICE_Strategy
m0tc6t6,twice,"The photocards are really cool!  I guessed wrong about pulling a Mina card, but I did get Sana, Jeongyeon,  Momo, Jihyo, and Tzuyu.  And my Target exclusive card was Nayeon.  The ornament was Jeongyeon.  And I got the POB card pack in my box.

The package as a whole feels premium.  It felt like a really neat mystery box.  The book is hardcover, and the value of everything makes me feel like I got way more than my money's worth.  It feels like they really upped their game for this release and gave Once a really present.",1,1733541585,TWICE_Strategy
m0tcv8p,twice,"This is wild.  Jihyo forced into an English speaking ""frat"" party haha",1,1733541872,TWICE_Strategy
m0tde0j,twice,"Their best since B1&2 and maybe a top3 Twice mini, which is a lot to say. It's just THAT GOOD.

I'm still astonished by how good Like It Like It is. The production is top notch. I'm in love",5,1733542093,TWICE_Strategy
m0tdxzd,twice,I pulled that same Jihyo card!,4,1733542333,TWICE_Strategy
m0tf0sz,twice,"I thought the cards were going to be towards the bottom of the box next to the POB cards and Target exclusive.  I went to open the book, and the cards fell out first.  I didn't see Jihyo right away, but Sana was the first.  She was towards the end of the bundle.  I'm happy with my pulls from one album.  I might go back and get at least one other version next week!",3,1733542803,TWICE_Strategy
m0tgjmx,twice,"Same here. I knew about them since like 2018 but never really went deep, I only listened to a few of their popular songs and that was it. I became a hard-core once like 3 months ago and I'm so glad I did but it makes me sad and emotional that I knew about them so long ago but didn't bother to dive deep. I feel like I've missed years of twice. I really wished I dove deeper sooner.",3,1733543471,TWICE_Strategy
m0tgz1y,twice,Same here :( knew about their popular songs for years but never really dove deepers until a few months ago. Wish I had done it way sooner. But still I love them and hope they keep being twice for a long long time.,2,1733543662,TWICE_Strategy
m0th8f5,twice,"1. Chaeyoung Solo Debut
2. Jihyo Solo Comeback 
3. Twice Japan Single Comeback
4. Dahyun k-drama debut
5. 4th English Single
6. 15th Mini Album (allude to debut year 2015)
7. MISAMO Single Comeback - Red Diamond to be released as single’s b-side 🫣
8. 4th Studio Album for 10th anniversary
9. Announcement/start of 6th World Tour
10. Contract Renewal? Or maybe we don’t hear anything at all because they’ll just keep going as nothing changes 🤭",2,1733543780,TWICE_Strategy
m0thd2i,twice,"Title is correct except ""Twice exclusive interview"" needs to instead be the actual youtube video name.

Please correct and repost.




Submissions must adhere to our [title guidelines](https://www.reddit.com/r/twice/wiki/communityguidelines#wiki_iv._title_guidelines). Do not use vague or overly editorialized titles, they should be detailed and direct. When submitting an article and when possible, use the exact article title. Posts with a title that is entirely Korean will be removed.",1,1733543837,TWICE_Strategy
m0thjyz,twice,"Please use our current megathread from today to talk about the album/songs.

https://www.reddit.com/r/twice/s/jqHGZf0vMB",1,1733543924,TWICE_Strategy
m0tjy34,twice,"조금 느리면 뭐 어때 나 이렇게 기다릴게
(Who cares if you’re slow?
I’ll wait for you)

I love this lyrics from Turtle, you should listen to it too. 
I’ve been a fan since 2017, i stanned Twice 1.5 years late from their debut. But even then, I also had the same feeling with you. 

But then Twice released this song, it assured me that its ok to be late as long as you do really love them for their music and for who they are. Welcome to Twiceland 🥹",4,1733545010,TWICE_Strategy
m0tkngt,twice,TWICE is in the lead on the Pop Golden App ✨ for Group of the Year AND Album of the Year! Voting ends soon on December 10th 23:59 (GMT-5),11,1733545334,TWICE_Strategy
m0tl0xu,twice,"...Meg doesn't know Korean and Twice barely knows English, what interactions are you expecting exactly? They're literally doing their typical English intros... which is saying their names and then copying Meg so she ran with it.",15,1733545507,TWICE_Strategy
m0tmuyt,twice,"I wonder if the views on YouTube are frozen? Before I went to sleep it was 5.7M & now it’s 5.8M? Interestingly Rosé was on 9.9M and now she’s @ 13M. I’m not comparing them maliciously, just that she’s the only other artist I know that released a MV today so I’m using it to compare. I know BP gets crazy streams on their MVs but this is kind of weird for twice. I mean Nayeon on her own got like 12 (or was it 15?)M views first day so this is weird",13,1733546372,TWICE_Strategy
m0tp99k,twice,"In regards to youtube views, I think views are being deleted or something because strategy has more likes then one spark did in 24 hours despite having 4M less streams. I think youtube is deleting views of artists that don't buy ads. And again jype has not bought twice youtube ads in SO LONG. crazy",9,1733547519,TWICE_Strategy
m0tpfxe,twice,Really disappointing to see Twice collaborate with this trash.,-18,1733547608,TWICE_Strategy
m0trdij,twice,According to nayeon today music core will be the last music show for this comeback,16,1733548545,TWICE_Strategy
m0tsy2k,twice,"Question: Why is Twice promoting in music shows only for 1 week?

I find the promotions getting shorter now. Last time foe 2nd gen Kpop it was for a month!

Why?",1,1733549327,TWICE_Strategy
m0tu1b7,twice,"Nayeon and Jihyo both signed the front, let's go. Just bought 2 more copies.",1,1733549874,TWICE_Strategy
m0tvgg7,twice,"Thank you for submitting, /u/frendore! Unfortunately, your submission has been removed for the following reason(s):

---

Rule 7: Your submission has been removed because it falls under a disallowed content category.

Screenshots, memes, shitposts, personal rants, rumours, doodles, low effort edits/wallpapers are not permitted to be submitted as a self post in our main subreddit feed.

Memes should be submitted to r/twicememes.



---

If you have any questions about this post removal or [regarding the ruleset](https://www.reddit.com/r/twice/wiki/communityguidelines) of /r/twice, please refer to the sidebar or [send a modmail](/message/compose?to=%2Fr%2Ftwice).",1,1733550605,TWICE_Strategy
m0tvi95,twice,"Thank you for submitting, /u/ONCE-TWICE-12! Unfortunately, your submission has been removed for the following reason(s):

---

Rule 7: Your submission has been removed because it falls under a disallowed content category.

Screenshots, memes, shitposts, personal rants, rumours, doodles, low effort edits/wallpapers are not permitted to be submitted as a self post in our main subreddit feed.

Memes should be submitted to r/twicememes.



---

If you have any questions about this post removal or [regarding the ruleset](https://www.reddit.com/r/twice/wiki/communityguidelines) of /r/twice, please refer to the sidebar or [send a modmail](/message/compose?to=%2Fr%2Ftwice).",1,1733550633,TWICE_Strategy
m0tw6gs,twice,"Twice does not do ""singles"" for their korean releases like that. If anything there's pre releases sometimes. Two times to be exact, and that's it.

Japanese singles are a entirely different story. Twice does however tend to release Japanese single within 1-2 months around a korean release and we onces associate korean releases with the jp singles SOMETIMES IF the timeline fits 

Example : I can't stop me - Better. And most recently, Talk That Talk - Celebrate.

Nothing has happened like that since 2022. Hare Hare was the single after Celebrate and it was released May 23, TWICE's ready to be was march..will I guess you can say they go together idk


But this year we've had one Japanese group release, dive and that was in July, so I guess it would moreso correspond to Nayeon's NA? but that's it. We likely are not getting anything else till the end of the year and that's okay because we just got a whole album yesterday",3,1733550993,TWICE_Strategy
m0txow9,twice,"I hate whoever thought of this. Now, that's all I'll hear when listening to Strategy. 😂

[Source](https://twitter.com/JYPETWICE/status/1865275366664999183?t=CSD6_kgwPqqF9n57KMw3LA&s=19)",15,1733551816,TWICE_Strategy
m0txvvp,twice,"They look amazing in these pink outfits! 💙

[Source](https://twitter.com/JYPETWICE/status/1865275176184914104?t=IbAX2oWcaUCidrW0BLnGZA&s=19)",5,1733551926,TWICE_Strategy
m0txy57,twice,[Source](https://twitter.com/JYPETWICE/status/1865275272523858372?t=Ikz_rtb-Jfi2l9GHGOil2A&s=19),1,1733551961,TWICE_Strategy
m0txzu0,twice,[Source](https://twitter.com/JYPETWICE/status/1865275325443383643?t=i-k9v0aXdeDhGQxXGGxZSw&s=19),1,1733551989,TWICE_Strategy
m0tycqs,twice,I'm happy for her! Offline TV dancing to Likey was how i discovered Twice.,6,1733552201,TWICE_Strategy
m0tz6bf,twice,"Nayeon get up, this is serious!",15,1733552685,TWICE_Strategy
m0tzeya,twice,Clumsy Nayeon is my favorite Nayeon,15,1733552828,TWICE_Strategy
m0tzotq,twice,[Source](https://x.com/JYPETWICE/status/1865275176184914104?t=OaWVhZhWvBf3ONX3Uy_4Bg&s=19),1,1733552989,TWICE_Strategy
m0u01lg,twice,[Source](https://x.com/JYPETWICE/status/1865275366664999183?t=62X1AR1rIYnuN5IqKKA32A&s=19),1,1733553201,TWICE_Strategy
m0u0b1x,twice,"The problem with the end of the year is that many of the December music shows get canceled anyway for end of year events or award shows (which Twice usually skips). 

Strategy released first week of December so there were plenty of potential music shows available, but with the state of Korean politics it becomes dicey. 

Civilians are protesting for a presidential impeachment after a failed coup attempt, so it’s about as serious as it can get. The broadcasts being cancelled to cover this and the potential consequences are going to take precedence until there’s stability.",10,1733553357,TWICE_Strategy
m0u0im3,twice,[Source](https://x.com/JYPETWICE/status/1865275325443383643?t=_WMdM4CRsGSBoky2LCqB1g&s=19),1,1733553483,TWICE_Strategy
m0u0p2x,twice,[Source](https://x.com/JYPETWICE/status/1865275272523858372?t=mAwSD2IUJTq82TRYC2AzuQ&s=19),1,1733553590,TWICE_Strategy
m0u31up,twice,Lmao Nayeon's ending pose. Completely gave up,6,1733555017,TWICE_Strategy
m0u39fu,twice,MTS needs the TWICE rub cause she's irrelevant now. Twice is WAY bugger than she will ever be.,-8,1733555148,TWICE_Strategy
m0u3f0w,twice,Great classic hits that are crowd favorites. I love how Jihyo is always adding in audience interactions to hype up the crowd. Such an amazing performer.,1,1733555244,TWICE_Strategy
m0u4hsj,twice,I love this with my whole heart lmao. It's so very Twice 😂😂,7,1733555915,TWICE_Strategy
m0u68k4,twice,"To be fair, I don’t think anyone could’ve possibly predicted the president would invoke martial law to try a coup right before the comeback lol. 

It’s definitely frustrating, but in the grand scheme of things I’m glad it was resolved peacefully and nobody got hurt.

I have a feeling Twice will still do something for the fans. We’ll just have to wait and see what happens, I guess.",7,1733557032,TWICE_Strategy
m0u6xmz,twice,"I remember finding out about the news the morning it happened. Was in a train station's food court on my laptop and headed to the platform in shock, especially bc my own country never resolved their own Martial Law peacefully. 

For the record, a lot of Filipinos who weren't even alive to witness an era of Martial Law  (myself included) still feel its aftereffects in the country's current society and economy. So I thoroughly applaud the South Korean parliament for shutting their leader's plans immediately.

That being said, no one loves TWICE as much as TWICE themselves. They'll definitely find a way to make up for this, and it's kind of a relief that the group is treading carefully considering how many politically related incidents and events have surrounded the members and their careers before.",5,1733557485,TWICE_Strategy
m0u7m7i,twice,"You’re here now! This is the important thing.
Just enjoy the music and explore the twice world, you have plenty of stuffs to watch and listen.
I’ve been an once for a while, but now I’m fully dedicated to supporting the group. Good times coming soon!",3,1733557926,TWICE_Strategy
m0u9u72,twice,"After hearing Tzuyu rap on the MTS remix, she looks a thousand times sexier💕💕💕💕",5,1733559397,TWICE_Strategy
m0uffgt,twice,4 of the members are millennials. jihyo is the cutoff and starts the gen z line since she was born in 1997. feels so weird that jihyo is gen z for some reason even though she was born the same year as jungkook😭,22,1733563157,TWICE_Strategy
m0ufvwo,twice,sorry bro but do you know anything about twice?😭😭 they were on the remix and have a whole line of japanese members that are HUGE in japan😭 come on now,11,1733563468,TWICE_Strategy
m0ugr1n,twice,"Definitely this is a sign that a significant percentage of TWICE fans are older now and many have greater purchasing power than they did a few years ago because when it comes to buying albums there has always been a very loyal fan base, but with With You-th I did begin to notice that a greater number of fans began to buy multiple copies. Many even bought up to twelve or thirteen. 

I also think that the fact that it is easier to buy the album in more countries helps a lot. Until before RTB it was really difficult for many international fans to acquire it at launch because, outside of Asia, JYPE was only interested in the US market (well... that hasn't changed much hehehe) but now they have opened up a little more in that sense. 

I have been able to see it here in Canada and also in Mexico. And from what I read in Europe it is also easier.",5,1733564052,TWICE_Strategy
m0ujgcd,twice,[Source](https://x.com/JYPETWICE/status/1865335446060093898?t=bZfSdCsspVUYQsrQl2n9cA&s=19),2,1733565886,TWICE_Strategy
m0ujilz,twice,[Source](https://x.com/JYPETWICE/status/1865335510606245936?t=S_mntsVwNO2DdztJiKIaaQ&s=19),1,1733565925,TWICE_Strategy
m0ujro7,twice,MEG AND JIHYO>>>>>,7,1733566093,TWICE_Strategy
m0ulhrk,twice,I wanted to see Jihyo play beer pong so bad 😫 especially with how competitive she is 😂,1,1733567187,TWICE_Strategy
m0umx9j,twice,Man choreo is so good. I really like Momo and Chaeyoung's parts at the end. So bossy.,10,1733568065,TWICE_Strategy
m0un7vo,twice,They're never breaking up. They'll be Twice when their ages are in the triple digits.,3,1733568246,TWICE_Strategy
m0unebr,twice,I think Onces never had any problems in opening their wallets for Twice 😆,3,1733568353,TWICE_Strategy
m0uuf06,twice,"beautiful 😍 


SANA and TZUYU posting almost same time so better drap a SATZU selca too 😍",1,1733572437,TWICE_Strategy
m0uv2g9,twice,"nice pull


JEONGYEON in red hoodie with JIHYO & TZUYU heart cheek are so cute",1,1733572793,TWICE_Strategy
m0v2vpi,twice,Am I hallucinating that a member actually mentioned it? I think this year in some interview Jeongyeon or Jihyo said that it would be fun to do something as 3mix. I can't find it now. Is it just a delusion I started to believe?,2,1733576701,TWICE_Strategy
m0v3m3k,twice,Twice Lovelys x Labubu???,2,1733577028,TWICE_Strategy
m0v58ol,twice,They restocked the target exclusive on Twice's shop for 25$ few weeks ago along with the first pressing of Ready To Be. Nayeon sold out in two minutes. Probably resellers got it that's why its all over eBay.,1,1733577736,TWICE_Strategy
m0v7ikt,twice,Twice la vie en rose era,2,1733578698,TWICE_Strategy
m0v8nlv,twice,"TZUYU was super funny in today human theatre
poor JEONGYEON got lash out by TZUYU 🤣",6,1733579172,TWICE_Strategy
m0vapxh,twice,🤣 🤣 🤣 this was super funny TZUYU was definitely MVP with the questions quotes and scolding JEONGYEON,25,1733580009,TWICE_Strategy
m0ve3cu,twice,"I don’t think it’s either. A lot of people think Megan makes terrible music. I’m one of those people, I can’t stand her music, but that’s just personal opinion. Yet that doesn’t mean I’m not going to support twice. Dont automatically assume it’s racism and sexism",-10,1733581335,TWICE_Strategy
m0vem7f,twice,"Me too. I’m pretty bummed out about the track and the collab/ yet if I say that it automatically makes me racist or sexist. Like no, Twice deserves better than Meg",-5,1733581530,TWICE_Strategy
m0vens6,twice,I preordered one myself hopefully I pull that Mina and Tzuyu PC,1,1733581547,TWICE_Strategy
m0vepvd,twice,"![gif](giphy|UnixUQzZBUb4I)

Me listening to the Twice Comeback",-5,1733581569,TWICE_Strategy
m0vimle,twice,"WONDERFUL THING ABOUT YOUTUBE AND THE INTERNET.  YOU CAN CATCH UP SO EASILY.  WHEN I FIRST LEARNED OF TWICE, AND K-POP, 5 YEARS AGO I WAS BEHIND THE SO CALLED ""8-BALL"".  BUT I SPENT JUST ABOUT EVERY WAKING MOMENT OF THE NEXT YEAR WATCHING EVERY TWICE, BTS, GIRLS' GENERATION AND A HOST OF OTHERS LEARNING ALL I COULD ABOUT K-POP AND TWICE.  I WAS 63 THEN.  AND STILL THEIR BIGGEST FAN.  I HAVE A COMPUTER I LEAVE ON 24/7 SINCE I BOUGHT IT 2 YEARS AGO AND ALL IT DOES IT PLAY TWICE SONGS ON SPOTIFY ALL THE TIME.",1,1733583015,TWICE_Strategy
m0vir4k,twice,She actually makes Jihyo look tall😅,5,1733583060,TWICE_Strategy
m0vme4e,twice,She’s a garbage human that twice should be saved from.,-1,1733584323,TWICE_Strategy
m0vmoln,twice,Thought the same thing! First time in Jihyo's life 😅,2,1733584424,TWICE_Strategy
m0vnj3a,twice,OMG handsome Tzuyu!,6,1733584714,TWICE_Strategy
m0vodju,twice,"I feel the same way. I just hope everything gets resolved soon because stuff is looking hairy and chaotic right now. I hope everyone stays safe and it doesn't escalate further.

At least their content has been a very welcome break for the K-Onces. It's been kinda funny to see K-Once feeds go back and forth between rants about the government and twice posting.",10,1733585001,TWICE_Strategy
m0vr8uf,twice,Patrick Mahomes has been seen Twice facilities,2,1733585970,TWICE_Strategy
m0vwm8f,twice,"Even when their faves have comebacks, Twice antis still here and there focusing on our girls...sometimes antis seem to keep track of Twice better than I do lol \~",1,1733587752,TWICE_Strategy
m0vxdir,twice,If you want to find twice stuff at good prices go to Bookoff. It's a second hand store so each store will have different things so try to go to different ones near you. I don't really collect twice stuff but I've seen those in every single one I've visited.,2,1733588001,TWICE_Strategy
m0vxdog,twice,Tzuyu has been the MVP for most of the episodes already lmao. Her outburst at Jeongyeon killed me 😂,7,1733588003,TWICE_Strategy
m0w0606,twice,"1. The site is in Japanese, but there are still reservation slots open to visit the JYP Pop-up store with exclusive merch. More info here:
https://jypj-store.com/pages/jypj-popup2024-winter 

2. GIGO Ikebukuro or anywhere in the country to see the lovelys crane game collab merch!

3. Tower Records Shibuya to see all the albums on sale. They still have the Misamo signatures when I visited last week, hopefully they will still be around there.

4. Family Marts across the country to see the collab items. Not sure if they will still be available at the end of December though. Details:
https://www.family.co.jp/campaign/spot/famima-xmas2024_sgucwc9p7qps/pick-up-cake.html

5. If you have access to a TV in your hotel room, you can watch the NHK Kohaku Uta Gassen from 7 PM on December 31st. Twice will perform there.

6. K-pop stores in the Shin-Okubo area of Tokyo to find merch in general.

7. A fun small thing might be to go to beauty / make up / pharmacy stores and find the beauty aisle. There are several makeup brands sold in Japan that have the members as brand ambassadors:
- Naming (Nayeon)
- Wonjungyo (Momo)
- Missha (Sana)
- Milktouch (Jihyo)
- SK-II (Mina)
- A'pieu (Dahyun)
- Cipicipi (Chaeyoung)
- Visee (Tzuyu)",12,1733588911,TWICE_Strategy
m0w0cbh,twice,"1. It’s being discussed, look in the weekly discussion thread, the Strategy MV thread, and the album discussion thread. It came out a day ago and was one of the top posts in /r/kpop. 

2. It can’t instantly jump into their top 10 on Spotify, that’s not how the system works. It’s capturing what tracks are trending for them, so by the end of the week it’ll probably be in the top 10. 

3. The girls are at a point in their career where they have some decision making power, so I doubt they would come back without wanting to. The album is already selling extremely well, too. 

4. Because of the political situation in Korea, most music show performances have been cancelled during the time Twice would be promoting, so it’s unclear if they will have that much to do during this time anyway.",1,1733588967,TWICE_Strategy
m0w1mee,twice,"So i really liked this mini album, but it kind of lacked the twice wow factor. Do you get what i mean? I'm not saying that i want them to go back to their previous sound that would just be not a good idea, but i just want jype (yes jype and not twice because twice doesn't control how their albums are gonna look and the concept. For example by TTT) to try to shape twice's identity a bit more and be a bit MORE expiramental with twice's sound. Which i feel like they aren't really doing, they are just grinding uk-garage song after uk-garage song and fingers crossing that it will turn out great. I think at the end of the day it's k-pop, so it's kind of the point or way of making music but it really isn't a good why in my opinion.",1,1733589376,TWICE_Strategy
m0w3p6d,twice,"To add on what has been commented already, in case you are into twice merch:

1. There are Lovelys Gacha everywhere. Mostly i was able to get at Ikebukuro branch. There is also a new gacha released on December.

2. Kbooks Ikebukuro for me is one of the best for finding official merch from previous Japanese releases. 

3. They have tower records cafe event for December i think but i am not familiar with the reservation system. 

[link](https://tower.jp/article/news/2024/11/29/c101?srsltid=AfmBOoqxzKHWnAhDftXtcPZn8jINQa818Zci-e-bh2edg2TJVdzuEEDu)",1,1733590031,TWICE_Strategy
m0w3u2j,twice,"Tzuyu was undoubtedly the MVP of this, my stomach hurts from laughing",10,1733590073,TWICE_Strategy
m0w4jha,twice,🤣 🤣 🤣 JEONGYEON keep sitting whenever TZUYU turn is,6,1733590298,TWICE_Strategy
m0w56j1,twice,"she's just playing what the game intended.   
  
the Tzuyu unnie era is getting stronger and stronger every comeback.",9,1733590499,TWICE_Strategy
m0w99f8,twice,"I have heard people complaining about strategy line distribution (as they do with every song) but I'm actually really happy with it. In past twice songs I've gotten frustrated when nayeon and jihyo get every chorus. In this song so many different members sing the prechorus/chorus.   
  
Prechorus: Jihyo, Jeongyeon, Nayeon, Tzuyu  
Chorus: Momo, Mina, Sana, Jihyo

Anyways I wish people would focus on the song itself instead of the # of seconds each member sings for",1,1733591799,TWICE_Strategy
m0wdx2i,twice,"Pretty clever. They are trying to make it so that when you search for “Twice kissing”, these sunglasses will pop up.",15,1733593285,TWICE_Strategy
m0we5w5,twice,"Idol human theatre really does something to Tzuyu. she is crazy fun and totally uninhibited everytime she makes an appearance here.![img](emote|t5_3812p|4099)

Last time she wanted to beat Jeongyeon, this time scolded poor JY.",8,1733593365,TWICE_Strategy
m0wgq6r,twice,may god jihyo bless you and make your wish come true.,1,1733594187,TWICE_Strategy
m0wpovt,twice,"Squidzu 🤣 Our favorite Maknae comedian!

On the absence of MISAMO, Jeongyeon becomes the clingiest member.

Nayeon replicating the TWICE flop release % with her bouncing ball skills

Hard to beat Variety Queen Dub and Ambitious Zyo

Chaeyoung was way more involved than usual today!",4,1733596995,TWICE_Strategy
m0wtyr8,twice,i feel like every generation definition has different cut offs 😭😭😭 i thought the cutoff was 1998 which means everyone but chaeyoung and tzuyu is a millenial,2,1733598330,TWICE_Strategy
m0wv9cg,twice,"I'm so so so so so happy with this comeback. Strategy is great, most people outside of the fandom have liked it as well, Like It Like It may be my favorite bside in all kpop this year, the whole album is just so good. This year was so good for Twice and Once. I'm enjoying every single repeat of the album",15,1733598742,TWICE_Strategy
m0x0j3q,twice,"Step 1 signed sold out. 

Added: STRATEGY (Sugar Frost Vinyl) (TWICE Store Exclusive)",1,1733600403,TWICE_Strategy
m0x20rb,twice,"Thank you for submitting, /u/imprintent! Unfortunately, your submission has been removed for the following reason(s):

---

Rule 13: Your submission has been removed because it does not follow our no self-promotion rule.

Submitting videos from your own channel or blog is considered self-promotion and will be removed. More information regarding self-promotion can be found [here](https://www.reddit.com/wiki/selfpromotion).



---

If you have any questions about this post removal or [regarding the ruleset](https://www.reddit.com/r/twice/wiki/communityguidelines) of /r/twice, please refer to the sidebar or [send a modmail](/message/compose?to=%2Fr%2Ftwice).",1,1733600879,TWICE_Strategy
m0xcqn3,twice,"This is why:

[https://www.koreaboo.com/news/twice-stylist-takes-heat-after-sanas-overly-exposing-outfit-goes-viral/](https://www.koreaboo.com/news/twice-stylist-takes-heat-after-sanas-overly-exposing-outfit-goes-viral/)",317,1733604396,TWICE_Strategy
m0xd9zb,twice,Does anyone know how long gigo x twice collaboration will last?,1,1733604573,TWICE_Strategy
m0xeb72,twice,how struggle it is for NAYEON and JIHYO (ambitious sisters) in ping pong ball bingo,5,1733604913,TWICE_Strategy
m0xfsw4,twice,I'm so obsessed with them 😭😭😭 One of my favorite twice videos is still that snippet of them making eye contact and Momo looking like she just got electrocuted 😭(sucks that I can't find that video anymore!),1,1733605403,TWICE_Strategy
m0xgq9q,twice,"I am so obsessed with them 😭😭😭😭😭 There's something up with those two because they were so cuddly in the early eras then they turned into whatever they've got going on right now 😅😅😅 One of the funniest TWICE videos to me is this [fancam of Samohyo in Mexico](https://x.com/jihyoschae/status/1754039573095776680); Jihyo looked so shocked it was Momo she was going to form a heart with and not Sana 😭 (They made up for it in Brazil when Jihyo sat on Momo's thigh during the ment, but DAMN HAHAHA)",0,1733605707,TWICE_Strategy
m0xmuio,twice,I saw some scans and I legit believe the Step 3 Photobook might be my favorite TWICE photoshoot of all time! 😍,8,1733607734,TWICE_Strategy
m0xmxop,twice,"On a slightly different topic, did everyone see how Momo's mic transmitter must have fallen off, and she spent the first half of the stage holding it behind her back, then Nayeon noticed it and fixed it for her. All of that happened without a hitch in the performance. That's why they are professionals, amazing!",100,1733607764,TWICE_Strategy
m0xrwgl,twice,"I’m loving this release - each song seems complete and stands out separate from each other while maintaining a cohesive sound throughout the album. 

This feels more like a TWICE album than the last (I loved the last one too no complaints here) with the bubblegum track KISS my troubles away and Sweetest obsession. 

Keeper is just another great lyrical track from our Dub - and Like it Like it and Strategy are my current obsessions  for dancing and getting things done and feeling good throughout the day! 

Current listing for me:

1. Strategy
2. Keeper
3. Like it like it 
4. Sweetest obsession 
5. Magical
6. Kiss my troubles away


Another banger no skip of an album! 💖💖",1,1733609399,TWICE_Strategy
m0xsfoo,twice,Yessss. And Nayeon fixed it so smoothly. It was so satisfying to watch tbh.,35,1733609577,TWICE_Strategy
m0y0cak,twice,Idol human theatre is my favourite part of their promotions for Twice come backs 😂 so sad Misamo is missing for it though 😭,4,1733612233,TWICE_Strategy
m0y2ve4,twice,"So far only Momo, Jihyo, Nayeon, and Dahyun signed the front. Can't wait for mine to arrive.",5,1733613123,TWICE_Strategy
m0y4b87,twice,"Unfortunately reading the document made me think of a lot of what TWICE discussed about predebut and it sounded quite similar, like Sana sneaking food up through a window on a rope because of security cameras watching them. Just hoping for the best for the VCHA girls.",9,1733613631,TWICE_Strategy
m0y4gv8,twice,right?? and they’re close enough that Jihyo can steal her clothes and her barbie towel but other more typical idol stuff is off the table??,-1,1733613684,TWICE_Strategy
m0yat6e,twice,"But at the end of the day, does that really work? Twice & skz probably had enormous power renegotiating because if they left, jype would be done for",4,1733616014,TWICE_Strategy
m0ybaho,twice,"It's extremely disturbing to say the least. Self harm and attempted suicide are extremely serious matters and I hope those affected receive proper care and treatment. It's sad that the kpop industry (and music industry as a whole) has so many of these situations come up. 

I think we were all enjoying the relatively smooth sailing Twice have had for the last few years but this is a reminder that JYPE are still an agency who are capable of the same fuckups as every other agency. 

VCHA used to be under Division 3 before everything was re-organized, too - though given how busy Twice are I'm guessing they had separate groups of individuals within the division managing each group (especially since they have since split off/reorganized into JYPE USA and STRIDE). 

As an aside: I also think JYPE miscalculated how strong their pipeline was for artists entering the western scene. Their biggest groups all established themselves in Korea first before looking westward, which is different than just starting in the west. Without the HYBE resources they haven't been able to push like they were hoping for, and appear to have mistreated the group in the process. 

Crazy that she mentioned this decision being made in May but there being no resolution since. Also surprised at the idea of trainee debt exists at JYPE, I thought the Big 4 didn't have that in the way smaller agencies did.",9,1733616193,TWICE_Strategy
m0ycuhl,twice,"(hopefully this isn't a double post, my last one seems to have failed)

the intention is cycles. so Twice would make money for a time, but the other groups would make more while they make less & less until they go from flagship to legacy. nothing against their juniors, they were likely meant for the same fate.

it's the best reason to explain why Twice's comeback strategies are so cheap compared to their flagship peers...until now we're finally seeing something comparable.",7,1733616776,TWICE_Strategy
m0ydpf7,twice,maybe in korea it's nayeon then sana. but outside I think it's sana. Just look her high end endorsements left and right. Very indemand,1,1733617094,TWICE_Strategy
m0yea51,twice,"I do remember something about an investor report leaking in 2021 & there being talk about wanting a boy group to lead jype rather than twice. I’m thinking they meant skz. Their investment in skz paid off but it has not worked for other groups. Unfortunately for jype, twice is still a pillar of the company. & skz is going to start military enlistments within the next two years. Not that they’ll be unsuccessful during it but if jype wants to rely on others, they better pray their new bg & any other gg is a hit on debut",5,1733617303,TWICE_Strategy
m0yep8w,twice,iirc in their 2wicedate I heard they didn't get awkward about it until the members started teasing them....... I wonder what they (\*cough\* Nayeon \*cough\*) said that got in their heads 😭,1,1733617458,TWICE_Strategy
m0yf3sk,twice,I'm jealous. My Twice shop orders haven't even shipped yet.,10,1733617602,TWICE_Strategy
m0yg45t,twice,"I’ve always said that JYPE is as bad as any other company. Twice went through a lot during their rookie days, but every other day we see people saying they’re happy that Twice is under JYPE they are best one.

 I not trying to dunk on those people, but we forget that the only reason Twice is treated well is because they’re one of JYPE’s biggest acts. The members can now havev still have stable careers with jype, so the company treats them well for now to keep them . This will only last as long as they keep racking up numbers. Once that’s gone, they’ll likely face the same fate as Wonder Girls and Miss A.",6,1733617968,TWICE_Strategy
m0yh1j1,twice,"not really SKZ b/c there was a bg hole at JYPE for some time. more that whenever Twice gets traction in a new region JYPE would debut a gg.

and to be clear i think these ggs are great, and i get not relying solely on a flagship group...just that JYPE, IMO, wanted to overwork Twice and exhaust their popularity while investing in new ggs.",4,1733618310,TWICE_Strategy
m0yilqo,twice,I’m so glad they were able to meet and work with someone they admire. Megan’s work ethic actually reminds so much of Twice because they are both literally always working towards something.,10,1733618884,TWICE_Strategy
m0yktar,twice,"The division system is there to increase output—it’s like an assembly line. But at their core,  they follow the  same  morals.

Starving members and similar issues were present even during TWICE's trainee days, which was about a decade ago. This shows that nothing has changed at the core. If something has existed for so long in a company, even after knowing it’s problematic, it shows that it’s an integral part —something that is followed and upheld.",8,1733619696,TWICE_Strategy
m0ylzku,twice,Add Tzuyu to the list. Waiting to see Mina’s. IIRC she only signed RTB on the front.,2,1733620132,TWICE_Strategy
m0yqjyi,twice,"You've hit the nail on the head, and with Twice JYPE was happy to overwork them to the point [JY was crying on a Vlive](https://www.youtube.com/watch?v=zmX3pqlXIok). 

Clearly the plan was to drain Twice, use the $$$ made to make junior groups, and then give OT9 some weaker contract as a legacy act. So even when Twice were the flagship they still weren't treated well.

If any of JYPE's plans had worked out for a younger gg to replace Twice it's doubtful we'd get the MTS collab. But as a I said earlier no hate to their juniors, the machine had/has the same plan for them too.",10,1733621876,TWICE_Strategy
m0yqqqj,twice,"I don't know if it was on bbl or at one of the release-related events, but Jihyo said something like, 'Megan looks edited in, but she actually came to Korea to film the MV with us.' I guess they felt the same way.",18,1733621947,TWICE_Strategy
m0yuxer,twice,"After hearing Tzuyu rap on the MTS remix, she looks a thousand times sexier💕💕💕💕",1,1733623565,TWICE_Strategy
m0ywysh,twice,nayeon's as well... people just love to cry for other people,41,1733624365,TWICE_Strategy
m0yx4rb,twice,I'm so happy I met Twice during their second contracts because this would have utterly ruined my experience of them otherwise.,5,1733624430,TWICE_Strategy
m0yx8l0,twice,"Before Twice, I didn't like KPop. I didn't until late 2020, the EWO era. They already started their more mature genre and less of the cutesy bubble pop; which is regretful since I really loved their old song. Regretful that I wished I had stanned them earlier, that I would have enjoyed they earlier era as much as I enjoyed every era since stanning them. But thankfully, they never turned their backs on their earlier hits and still played them on Twice III, RTB, and RTB Special.
Haha, my wife was the one bugging me to listen to them way back, and I regretfully dissed them. Nevertheless, I am happy I got into the fandom and still get to see them going strong even after 9 years since debut.",1,1733624474,TWICE_Strategy
m0yxlyx,twice,"Tbh, if this didn’t come out, I wouldn’t have known that this fucked up structure of treating trainees/artists/ HUMAN is *still* existing. Maybe I was being too naive considering Twice’s position there but back when I started to become their fan, it was *horrible* knowing their stories in the past or during the 4 years before Covid


God, who knows what is happening with those that are in other companies (big 4 or not) but I hope more stories will be brought to light and all the VCHA members and their families have the best support to get through this",10,1733624622,TWICE_Strategy
m0yy6ya,twice,Surprisingly that wasn’t a vlive but a vlog edited and posted by the TWICE channel. Always was surprised that was allowed in.,7,1733624855,TWICE_Strategy
m0z0x81,twice,"I know of Megan but not really following her and stuff but this friggin collab made me an instant fan. She’s really a hardworking gal, and it really shows in how she conducts herself. What a way to end 2024! Thank you, Megan and TWICE for such a banger!",8,1733625951,TWICE_Strategy
m0z22g9,twice,TWICE don’t stress about view counts and neither should you.,9,1733626405,TWICE_Strategy
m0z4xvt,twice,"This is more of a problem with YouTube deleting views. Strategy MV received more likes than the one spark MV in 24 hrs, however strategy MV had 4 million views less than one spark. It’s obvious YouTube is more likely to delete views if the artist does not have ads. And of course, jype has not bought ads for twice since 2021.",5,1733627571,TWICE_Strategy
m0z7f3y,twice,"Too many notes for too much chaos 😂 so I’ll only list a few

UJB being kangaroos in the beginning 
Jihyo switching places with Nayeon to let her have her chorus part",18,1733628618,TWICE_Strategy
m0z8jrw,twice,"My favorite lines of each song on this gorgeous album:
1- Strategy: Jihyo's part: ""You're feeling things now, so confused Watching my body getting loose You don't know what you're gonna do You're mine"".
2- Kiss my troubles away: the whole chorus.
3- Like it like it: Again jihyo's line ""on your lips something sweet..ect""
4- Sweetest obsession: Mina's bridge.
5- Keeper: Momo & jeongyeon's rap.
6- Magical: the whole chorus.",1,1733629089,TWICE_Strategy
m0z9qgy,twice,"JYP actually pushes for staying an artist for a long time. They have a project group called Golden Girls under their label that consist of members around 50 trying to show that Kpop doesn’t need to stick to the youthful stereotype. JYP himself continues to perform and always praises how kind and great the girls are. He’s complimented 3RACHA (Stray Kid Members) as well for bringing success to their own group. Members were allowed hiatus times as well before.

That all said, no Kpop company is the best and things have long since been needing to change. The Kpop industry is rough, JYP idols still face the same as newer idols do too. Nayeon was told by JYP she should get in shape before her comeback but it was because of the harshness of Kpop. People did in fact made fun of her weight during her NA comeback with her waterbomb performance. One person alone can’t change the Kpop industry though, the Kpop community needs to be the one to do it and honestly now seems like a good chance with the Kpop community coming together to protest in SK.

Also, TWICE has a strong presence as they’re continuously having concerts, new merch, new events, solos and sub-units and then some like Dahyun’s upcoming drama. Are they using the money they earned for new groups? Probably yes. I don’t like it either and feel like they should focus more on their current groups but sometimes the community wants something new and it doesn’t always go as planned.

I really hope KG wins and the members get the support they need to also be free and healthy",9,1733629584,TWICE_Strategy
m0zccsw,twice,"i feel like they've been pretty consistent in their roles, though JY's girl crush brash personality felt forced on her. I think Mina's love of action movies, saying the Rock is attractive, and wanting to play a villain might've surprised people who liked her closer to debut...but maybe I'm just not recalling all the content?

Tzuyu was actually more like her savage self now in the early days but the flag incident really spooked her I think so she became more reserved.

Outside of that, because a lot of Twice's early success was tied to their extensive V-lives, I feel we got to know a lot about their personalities. Ofc Sana has said to fans saying they want to marry her that they only see a facet or her personality and maybe would not want to be her romantically if they got to know her.

All to say like any celebrity we only know so much about them, but I do think overall they've been consistent in who they are and what they show us.",10,1733630691,TWICE_Strategy
m0zd8nl,twice,"Just watch the video whenever you feel like it and enjoy. Anything else would be a form of manipulation. Twice has been in the industry long enough that most Once are now more relaxed and simply appreciating whatever content they release. 
 JYPE needs to invest in playlisting and autoplay if they truly want to promote the song effectively.",11,1733631055,TWICE_Strategy
m0zei8b,twice,"Recent news reminded me of a [comment](https://old.reddit.com/r/twice/comments/j59hg3/201005_weekly_discussion_thread/g7x0it2/) I made four years ago, back when the American group was still hypothetical. It's insane how their solution was doing the same old shit and hope nobody paid attention.",13,1733631593,TWICE_Strategy
m0zi9ck,twice,"ah they wouldn't have gotten rid of Twice, they'd just give them a weak renewal contract.

This isn't to say JYP himself is a bad person, Bam Bam has talked about meeting with JYP after leaving the company and having a great time.

It is a business after all, even the idols know that. And to be clear this is largely about the past as MiSaMo are getting cinematic VCRs and MVs, and the solo budgets are pretty high as well...",9,1733633210,TWICE_Strategy
m0zibcz,twice,"I feel like the fact Rose dropped her mv one minute after twice’s also took some eyes off their comeback……

Like she’s been doing this entire time…..",-2,1733633233,TWICE_Strategy
m0zoi29,twice,There's already a thread for this https://www.reddit.com/r/twice/comments/1h8atv9/strategy_mv_outfits/,1,1733635998,TWICE_Strategy
m0zpfur,twice,"JYP himself may not be directly involved in this issue, but as the face of the company  I agree he can't change entire k-pop but can at least make changes in company. 

A person can maintain a clean image in front of the media but behave very differently in workplace conditions. Much of the image-building regarding JYP happened in recent years. If you asked fans before, they likely had a completely different opinion about him.

After Sewol Ferry disaster, JYP's wife's uncle was allegedly part of a cult connected to the incident, which caused significant controversy. Even now, many view JYP with suspicion due to his vocal participation in Bible study seminars. 

I’m not claiming he is outright a bad person, but as the face of the show and  the one who auditioned those girls, he should have ensured their safety. While he may no longer be the CEO, he remains one of the biggest shareholders, making him an integral part of the company

In the past, many ex jype idols have raised concerns about JYP's being controlling, particularly regarding how he limits members from pursuing their own projects  even solo activities. This is one of the reasons why artists like Sunmi and GOT7 left JYP. 

Even now 5/6 twice unit/solo have his involvement so I don't think he has gone through any drastic changes",1,1733636447,TWICE_Strategy
m0zrild,twice,Nayeon and Momo were also a malfunction?,1,1733637472,TWICE_Strategy
m0zrjzz,twice,Nayeon looks fire,1,1733637492,TWICE_Strategy
m0zs7sj,twice,Tzuyu's iconic squid face lmao,5,1733637837,TWICE_Strategy
m0zskws,twice,[Source](https://x.com/JYPETWICE/status/1865638076313178490),2,1733638036,TWICE_Strategy
m0zsmcs,twice,[Source](https://x.com/JYPETWICE/status/1865638058353442878),7,1733638057,TWICE_Strategy
m0zsnex,twice,[Source](https://x.com/JYPETWICE/status/1865637997066010830),2,1733638073,TWICE_Strategy
m0ztfd4,twice,Twice Queens are legendary. The greatest of all time. 💕,3,1733638486,TWICE_Strategy
m0zwo7j,twice,"Thank you for submitting, /u/zyvinxy! Unfortunately, your submission has been removed for the following reason(s):

---

Rule 8: Your submission has been removed because it contains similar or identical content to that of a previously submitted post.



---

If you have any questions about this post removal or [regarding the ruleset](https://www.reddit.com/r/twice/wiki/communityguidelines) of /r/twice, please refer to the sidebar or [send a modmail](/message/compose?to=%2Fr%2Ftwice).",1,1733640318,TWICE_Strategy
m0zy3iw,twice,"I don’t know if you know how words work, but saying, “Like she’s been doing this entire time…” insinuates that there’s a history of BP as a group or each member’s solo stuff and TWICE comebacks have shared the same release dates to then open the door of one siphoning views away from the other, when simply there’s no history of that. In fact there’s only been one time previous to STRATEGY and ROSIE coming out on the same day in which each group released something on the same day and I’m pretty sure society didn’t collapse on that day.

June 15, 2018:

TWICE release “I Want You Back” cover/Japanese single

BP release Square Up EP",-2,1733641139,TWICE_Strategy
m0zy7zv,twice,"Nope, you've listed all of the TWICE x Studio Choom stuff as a group and the solo and sub-unit endeavors.",6,1733641214,TWICE_Strategy
m0zyjmd,twice,Nayeon our saviour unnie as always,2,1733641407,TWICE_Strategy
m0zz8g8,twice,"Chaos ensues, leader-nim let Nayeon take the chorus part, love it!",8,1733641827,TWICE_Strategy
m100u1m,twice,Did momo say that on vlive? She took permission from Jihyo before saying it. I've always wondered why Jihyo agreed to it and what the company thought about it after it was revealed. I'm pretty sure they got scolded for that.,1,1733642825,TWICE_Strategy
m101wr0,twice,"Not sure what they filmed specifically, but I’d be surprised if they went all the way there in different outfits to only do the relay dance. 

If they did film Studio CHOOM, I doubt it was decided that quickly as a “make up”. They probably scheduled everything in advance as usual and things are getting drip-fed out as the week goes on. 

The truth is this political situation was completely unexpected so any kind of “make up” stuff probably won’t happen immediately or at all, because scheduling is a bit difficult on such short notice - especially at the end of the year. 

Anything they aren’t filming themselves has the possibility to get cancelled if things escalate or are prolonged, too - so if they do film something else I imagine it’ll be internally for Twice’s YouTube.",6,1733643511,TWICE_Strategy
m102csw,twice,"Some Twitter Onces are truly just something else actually, somehow you had to involve yourself and Twice into this serious issue is just baffling me",15,1733643801,TWICE_Strategy
m105z8e,twice,Yeah I agree with you last paragraph. I like Itzy & NMIXX but the way jype was trying to go about establishing them somewhat at TWICE’s expense was not it,1,1733646190,TWICE_Strategy
m109jf5,twice,Seems unlikely.  The sexy side of kpop reddit posted no malfunction and twice is very followed there.  Very weird it was removed tho.  There was nothing lewd or distasteful showing.,1,1733648607,TWICE_Strategy
m109o0o,twice,"She has produced contemporaneous notes (text messages) substantiating her account and feelings at the time which also detail similar feelings from other members. 

Her story is in no way “outrageous” if you’ve been paying attention to Kpop at all for the last twenty years, most of what she’s said is known behaviour. 

1. Encouraging eating disorders. Momo herself has spoken about not eating for days at a time as a minor to satisfy constant weigh ins. This is rife in the industry. 

2. Being forced to board when you don’t want to and being contractually forced into debt. Common idol practice, nothing she’s said about this is unknown. 

3. Being forced to work without food or water for extensive periods. Again, twice members have spoken about needing to be snuck food, working with very little or no sleep. Several twice members have said they would never allow their child to be an idol given what they know about being one. 

4. Filmed without consent, again a known idol thing. Twice were probably subjected to this too and we know they were actually filmed in their living spaces for publicly streamed content like their early mnet stuff lol. 

5. Suicidal ideation. Many idols have died from self harm. 

I’m sorry but the fans here who have convinced themselves that jype is the only company free from abusive practices DESPITE the members of the group relaying abusive experiences is just totally a them problem. Some fans need to believe the company itself is good which is utterly bizarre. The industry is abusive, misogynistic, sexualises children, makes EDs systemic etc. It is an abhorrent industry and jype are just as in it as any other company. 

You can learn to support the groups and the members without having to pretend all of this stuff isn’t going on.",9,1733648694,TWICE_Strategy
m10a0jv,twice,"Basically, a lot of fans of groups in JYPE are wanting to boycott the company but some certain Onces (but not all) want to boycott this comeback as well. Now suddenly, everyone is just talking more and more about this boycott and specifically with Twice",4,1733648928,TWICE_Strategy
m10ax7m,twice,"JYPE is a K-pop company. As such, the company will pursue similar goals bound by similar rules. That still doesn’t discredit them as being the best choice for Twice, especially considering what has been going on with other companies. 

SNSD, Taeyeon as a soloist, TVXQ at their prime were even the biggest in the industry. How were they treated? Slave contracts and career suicide when you try to get a better deal somewhere else. It’s not even in the slightest comparable to the ~70% Twice are getting or the many idols who have since left the company, and are still on good terms with JYP. 
 
Anyone who has actually read KG’s statement will understand that the criticism is directed at the whole K-pop industry. How often have we been debating issues like misogyny, the overworking culture in Korea and the impossible unrealistic standards alone in this sub?

The company is no family, no company is, and JYP himself might be weird but it’s the best company currently available for idols. 

We can even go back to Sixteen to get a clear picture about JYP/E within the idol industry. Weight has always been a huge factor for female idols. It was so normal to rip on Jihyo for her weight, she got constantly criticized and it would have been deemed as fair game to not debut her because she wasn’t able to manage her weight and by extension, herself as an idol. However, JYP brushed it off and prioritized other aspects such as skills and character. Jihyo had a fixed position in Twice right from the start. 

What about the greedy industry aspect of debuting children who would definitely make you money? He could also have debuted Somi, who clearly was a star even back then, but considered her age. Debuting also means you will have to deal with all the other aspects that cause mental health issues. Sulli comes to mind. Somi would have been a great addition to Twice but her debut was delayed until she was older to deal with the many aspects of idol life. We also recently heard from JYP that education is mandatory for trainees because he can’t guarantee that everything will pan out for those kids so at least they’ll have a plan B. 

Lastly, mental health. We have mentioned many times that before JYPE it was unheard of to get a mental health break. Your career was basically over if you can’t deal with the idol pressures that comes with overworking to stay competitive in this market and the unrealistic expectations placed on you. Yet both Mina and Jeongyeon came back happier and more confident. 

Right now Twice and JYPE are actively pushing the industry forward by setting an example that you can invest in a girl group that is pushing to its 30s, give them good contracts, expand their market overseas, keep them active like the most in-demand active girl groups. So while I understand wishing that the industry would improve, I don’t get how punishing/boycotting two of the main players who actually advocate for better conditions in the industry. That actually sets the industry backwards.",4,1733649540,TWICE_Strategy
m10cgh6,twice,"Like I said, it’s some certain fans, not even a majority of the fandom but there are some specific tweets got big engagement on wanting to boycott this cb. And the boycott solution? It’s to not stream Twice’s music because they think JYPE will benefit the most out of this",3,1733650568,TWICE_Strategy
m10dqsl,twice,"It's funny how Twitter Onces have been dragging K-Onces for supposedly boycotting the Seoul RTB concert, but now they want to boycott Twice's comeback? (Maybe it's not the same accounts, but still)",10,1733651442,TWICE_Strategy
m10dvy0,twice,"I don’t doubt her claims at all but I’m bewildered by that black and white thinking about JYPE or any company. Parts of what I’ve written as a reply to a different comment but which touches upon the same points:

JYPE is a K-pop company. As such, the company will pursue similar goals bound by similar rules. That still doesn’t discredit them as being the best choice for Twice, especially considering what has transpired with other K-pop companies.

Anyone who has actually read KG’s statement will understand that the criticism is directed at the whole K-pop industry. How often have we been debating issues like misogyny, the overworking culture in Korea and the impossible unrealistic standards alone in this sub?

The company is no family, no company is, and JYP himself might be weird but it’s the best company currently available for idols.

We can even go back to Sixteen to get a clear picture about JYP/E within the idol industry. Weight has always been a huge factor for female idols. It was so normal to rip on Jihyo for her weight, she got constantly criticized and it would have been deemed as fair game to not debut her because she wasn’t able to manage her weight and by extension, herself as an idol. However, JYP brushed it off and prioritized other aspects such as skills and character. Jihyo had a fixed position in Twice right from the start.

What about the greedy industry aspect of debuting children who would definitely make you money? He could also have debuted Somi, who clearly was a star even back then, but considered her age. Debuting also means you will have to deal with all the other aspects that cause mental health issues. Sulli comes to mind. Somi would have been a great addition to Twice but her debut was delayed until she was older to deal with the many aspects of idol life. We also recently heard from JYP that education is mandatory for trainees because he can’t guarantee that everything will pan out for those kids so at least they’ll have a plan B.

Lastly, mental health. We have mentioned many times that before JYPE it was unheard of to get a mental health break. Your career was basically over if you can’t deal with the idol pressures that come with overworking to stay competitive in this market and the unrealistic expectations placed on you. Yet both Mina and Jeongyeon had theirs and came back happier and more confident.

Right now Twice and JYPE are actively pushing the industry forward by setting an example that you can invest in a girl group that is pushing to their 30s, give them good contracts, expand their market overseas, keep them active like the most in-demand active girl groups. 

So while I understand wishing that the industry would improve, I don’t get how dragging JYPE/boycotting Twice’s comeback would achieve anything else than setting the industry back by punishing the two main players who actually advocate for better conditions in the industry",1,1733651538,TWICE_Strategy
m10dy7v,twice,"I don’t doubt her claims at all but I’m bewildered by that black and white thinking about JYPE or any company. Parts of what I’ve written as a reply to a different comment but which touches upon the same points:

JYPE is a K-pop company. As such, the company will pursue similar goals bound by similar rules. That still doesn’t discredit them as being the best choice for Twice, especially considering what has transpired with other K-pop companies.

Anyone who has actually read KG’s statement will understand that the criticism is directed at the whole K-pop industry. How often have we been debating issues like misogyny, the overworking culture in Korea and the impossible unrealistic standards alone in this sub?

The company is no family, no company is, and JYP himself might be weird but it’s the best company currently available for idols.

We can even go back to Sixteen to get a clear picture about JYP/E within the idol industry. Weight has always been a huge factor for female idols. It was so normal to rip on Jihyo for her weight, she got constantly criticized and it would have been deemed as fair game to not debut her because she wasn’t able to manage her weight and by extension, herself as an idol. However, JYP brushed it off and prioritized other aspects such as skills and character. Jihyo had a fixed position in Twice right from the start.

What about the greedy industry aspect of debuting children who would definitely make you money? He could also have debuted Somi, who clearly was a star even back then, but considered her age. Debuting also means you will have to deal with all the other aspects that cause mental health issues. Sulli comes to mind. Somi would have been a great addition to Twice but her debut was delayed until she was older to deal with the many aspects of idol life. We also recently heard from JYP that education is mandatory for trainees because he can’t guarantee that everything will pan out for those kids so at least they’ll have a plan B.

Lastly, mental health. We have mentioned many times that before JYPE it was unheard of to get a mental health break. Your career was basically over if you can’t deal with the idol pressures that come with overworking to stay competitive in this market and the unrealistic expectations placed on you. Yet both Mina and Jeongyeon had theirs and came back happier and more confident.

Right now Twice and JYPE are actively pushing the industry forward by setting an example that you can invest in a girl group that is pushing to their 30s, give them good contracts, expand their market overseas, keep them active like the most in-demand active girl groups.

So while I understand wishing that the industry would improve, I don’t get how dragging JYPE/boycotting Twice’s comeback would achieve anything else than setting the industry back by punishing the two main players who actually advocate for better conditions in the industry",9,1733651581,TWICE_Strategy
m10e19m,twice,"IKR! Now some Once want to stop streaming and boycott Twice for VCHA.

Those Once should leave and never come back.",10,1733651638,TWICE_Strategy
m10fb0y,twice,[Source](https://www.tiktok.com/@twice_tiktok_official/video/7445978787457584392),3,1733652495,TWICE_Strategy
m10fq3v,twice,"Some K-pop fans’ reasoning skills really make me question my sanity. How would boycotting Twice’s comeback help anyone?

Twice is actually the girl group which has the best contract and the best treatment within JYPE, and with BP likely the best for GG in the whole industry. 

This comeback they have made huge efforts to not end up with the dreaded “old girl group, let’s just let them slowly die” treatment and this is how parts of their own fandom “help them” by making sure that they won’t get any investment in the future again.",19,1733652778,TWICE_Strategy
m10h6lk,twice,"People praise JYPE for how they treat Twice, but let’s be real—it’s all about business. Twice is one of JYPE’s biggest moneymakers, so of course, they’re going to get pushed and treated well. This isn’t unique to JYPE; if Twice were under SM, YG, or HYBE, they’d still receive the same treatment because they’re profitable. You said snsd and tvxq but ignored got7 when they were vocal about jype treatment.

We talk about SNSD’s issues, but it’s worth remembering that Wonder Girls and Miss A ended in even worse states under JYPE. This shows that when a group stops being profitable, JYPE is no different from other companies. Do you think Twice would still get the same treatment if one of their ggs had  became more popular? JYPE has already debuted four girl groups after Twice—it’s just they never got anyone.

Praising JYPE for pushing Twice is unnecessary. It’s the same as how HYBE pushes BTS, YG pushes BLACKPINK, or pledis with seventeen . It’s business, not morality. Praising JYPE for doing what any company would do for their top act doesn’t make sense. It’s like fans of Taylor Swift praising Republic Records for sending her on a big tour—it's just business. They know money so they are investing in them 

I’m a fan of Twice, but I don’t need to praise JYPE for doing the bare minimum. The real issue is the entire K-pop industry and its exploitative nature. If we want better conditions for idols, we should focus on them instead of blindly praising companies for treating their top-earning groups well.


I didn't say anything about the boycott/ punishing twice they are  non factor in this it's about jype. You come at me when they advocate basic human rights to everyone working under them.",4,1733653767,TWICE_Strategy
m10nrvt,twice,weirdest place I've ever heard TWICE is at this lookalike competition 0:50 https://x.com/ScooterCasterNY/status/1865459736151245251,16,1733658112,TWICE_Strategy
m10oxt8,twice,Nayeon looked like she was having so much fun.,3,1733658837,TWICE_Strategy
m10rocj,twice,I’m honestly baffled by how Twice got involved in this conversation but it’s stan twitter so I guess anything is possible lol,5,1733660473,TWICE_Strategy
m10rz1z,twice,"Thank you for this viewpoint. As a JYPE stan, after reading this news I've been on the verge of giving up on K-Pop altogether (except TWICE).",2,1733660646,TWICE_Strategy
m10tcvv,twice,"Of course it's business. And because it is precisely that, let's use the past to ascertain if JYPE is better than these other K-pop companies.

SM: I love Twice, but SNSD in their prime is unmatched as the nation's girl group. While 2NE1 was big as well, they never seriously threatened SNSD's position. Blackpink on the other hand has reached new areas that Twice hopefully will also reach. What did SM do for SNSD? Their usual m.o., just like they did with DBSK - not invest at all anymore in their senior groups, hold them on a tight leash so contract negotiations would be in SM's favour, and just milk their established fanbase dry with some half-assed comebacks and low-budget Asian tours. When the artist can't stand it anymore and leave SM, their career is worth nothing. So you either stay there and accept your demise although you still have so much steam left or you go into a long, arduous legal battle. On the contrary, Twice has a really good contract and others who have left JYPE, including GOT7 which you mentioned, have been able to take their name with them and flourish in their careers in and outside of Korea.

YG: Blackpink and Twice are outliers but let's assume the next gen girl group is moderately successful. As I understand, Babymonster has a sizeable following. Usually, the company will invest heavily in the new group to build up for the future while still milking the established group, just as YG is doing. Because of all the scandals, YG are additionally forced to bring back 2NE1. So in Twice's case, at YG, they will still be actively just like Blackpink but the content we get for their entire career would likely be as much as we have gotten this entire year from Twice at JYPE.

Pledis/HYBE: Funny that you've mentioned[ pledis/HYBE, since I've recently read a thread about the whole fromis\_9 situation](https://x.com/flovaces/status/1864929556173590870). If you ever wondered what a shitty company treatment looks like, feel free to take a look. HYBE with the whole NewJeans situation is not exactly screaming great working environment for a successful group.

In regards to JYPE's other groups: Iirc Miss A ended because Suzy's success was just way too big compared to the group's and there were disputes about the shares, so they disbanded. It also cautioned JYP/E to not repeat it with Twice which is why their solos came in (too) late. Wonder Girls ended not because ofJYP/E lack of investment but because they thought at the height of their career it was a great idea to push them towards the US market. They didn't get the US market and lost the Korean market to SNSD. From what I read in this sub, because this huge investment put them in debt and JYPE had to sell off or rent out their building.

I stand by my stance that the K-pop industry is exploitative by itself and JYPE is also just a K-pop company, but compared to what other companies have done/are doing and based on past experiences, JYPE is still better than other K-pop companies, and as a fan, I'd rather have Twice here than in any of the other options.

My bad, the boycott/punishing things are remains from another discussion.",2,1733661429,TWICE_Strategy
m10v1gf,twice,"""why is Twice in the middle of the street asking for directions"" lmaoooooo",28,1733662316,TWICE_Strategy
m10vocw,twice,it is incredibly frustrating to see onces turn on each other over the VCHA situation and the idea of boycotting Twice is now the main focus of onces attention on social media…..,17,1733662637,TWICE_Strategy
m10wjvh,twice,"Hahaha no worries, I'm just relaying what I've witnessed in terms of K-pop. I'm not a company stan but I think there are many instances where JYP/E walks the talk. 

Watching Sixteen I thought yeah sure, character is important, right. But if we take Twice as an example, it would be really hard to fake a kind character for a whole decade. They still get praises from everyone they've been working with. For example, during Nayeon's ABCD filming, there was a dancer who had a bloody foot injury and they were already running late. Instead of throwing diva fits, Nayeon kneeled down and offered her knee for the dancer to rest her bloody foot on and was overall really sweet to her. We know Korea has a huge payment gap when it comes to gender but there is actual data that lists JYPE as the one with the smallest gap of all companies. JYP also spoke up about Melon's chart manipulation and received an international certificate for fair industry practices. 

I don't think everything is perfect, but these are aspects that we should acknowledge as well if we truly wish that conditions for idols in the K-pop industry improve.",6,1733663067,TWICE_Strategy
m10wx3q,twice,"I'm surprised Tzuyu is doing so well in variety shows!

She is so effortlessly funny. 🤣",2,1733663239,TWICE_Strategy
m110q3q,twice,Idk why people are making twice the main characters of this issue. Like something is happening with vcha & the main focus is boycotting twice who have no direct link to this issue…,16,1733664985,TWICE_Strategy
m112a4w,twice,"I’m sorry but I’m still glad twice is under JYPE. If they were under SM, they would’ve been shelved after alcohol free. Those world tours? Nope. Say hello to touring only in Asia. All those writing credits? Bye! They would have been held back.",1,1733665677,TWICE_Strategy
m11dnjs,twice,"Well, I like it because I like TWICE, the song and the Visuals! We shouldn't have had crazy expectations ![img](emote|t5_3812p|4078)",55,1733670238,TWICE_Strategy
m11ghju,twice,Bruh I still don’t understand why Tzuyu’s set for these MVs is a pile of trash lmao,6,1733671250,TWICE_Strategy
m11i445,twice,"I mean when was the last time we got a TWICE B-side MV? For them it might have been. The main problem was how both these Specials were presented. On the other hand, there have been Live Clips released without pre-announcement often enough",20,1733671825,TWICE_Strategy
m11pvao,twice,"Yeah I heard Jeongyeon tried to hit her with a final flash but Jihyo dodged and gut checked Jeongyeon 

They were just training for the Tournament of Power",25,1733674417,TWICE_Strategy
m11q4zu,twice,"When I saw this news yesterday I had a quick thought that somehow people would try to spin this involving Twice but quickly realized how dumb that sounded lol. The only link between the groups is the division and even then they had different staff. 

IMO, anyone genuinely suggesting boycotting *Twice* over this stuff is not an actual fan or someone who is actively buying albums or listening to Twice to begin with. It’s just a ridiculous idea, and quite frankly it doesn’t do anything for VCHA either.",13,1733674504,TWICE_Strategy
m11q77k,twice,"I’m confused too. What is the purpose of this? And why are you releasing another MV that will compete in views for the one already out? 

I don’t understand the thing with Div. 3 & twice. The fact that they almost never consider giving them bside videos when they easily could. Basics & up no more were such wasted opportunities",16,1733674523,TWICE_Strategy
m11qzs1,twice,"At some point we gotta start sending trucks … not to be dramatic but I’m amazed at how they’re fumbling such a big collab. They got a title track with one of the biggest rappers around today and there’s zero ads, playlisting, or strategic promo from republic records or jype. Republic records only tries to use twice to push merch or the Roblox collab (or that other collab in some other metaverse). They never do anything actually effective. Not to bring up another kpop artist but I’ve gotten so many ads and even push notifications for rose and her songs are in every major playlist. JYPE needs to learn they can’t rely on the fandom for every single release. They need to attract new fans too",14,1733674777,TWICE_Strategy
m11s6vo,twice,My KPop friend who hasn't really gotten into Twice told me she really liked Strategy.  This might be her jumping in point and I couldn't be more proud lol.  Early bias seems to be Jihyo too ![img](emote|t5_3812p|4084)![img](emote|t5_3812p|4084)![img](emote|t5_3812p|4084),22,1733675162,TWICE_Strategy
m11sxh5,twice,I wonder if Jihyo really sleeps at the guesthouses or finishes filming and heads home or to a hotel...![img](emote|t5_3812p|4084),6,1733675404,TWICE_Strategy
m11tefu,twice,She mentioned that before. They fought and Jihyo punched a wall. That was years ago when they were young. Jihyo doesn't even remember why they were fighting.,4,1733675559,TWICE_Strategy
m11u4pl,twice,Nah for real. You’d think with the hundreds of millions twice rakes in they could you know spend some money on a proper marketing campaign loool,14,1733675793,TWICE_Strategy
m12b1s7,twice,"yeah this is first instance i think JYPE dropped the ball for this comeback. Should have said it was the Strategy Special MV. 

Twice makes the company more than enough $$$ to get a b-side MV, especially if their juniors are getting them...",9,1733681144,TWICE_Strategy
m12brvf,twice,"that's because a chunk of these ""Onces"" just use Twice for their own clout and nonsense about a virtue signaling boycott brings bigger clout.",5,1733681369,TWICE_Strategy
m12dcui,twice,"Tbh I don’t even think lower budget b-side MV’s can be considered high expectations anymore. High expectation for Twice promos maybe, but fairly common in the current kpop landscape - and definitely for other JYPE groups. It was an assumption, yes, but felt logical given how it was phrased. People expecting the tour announcement were expecting too much IMO, but the MV being a b-side wasn’t a stretch. 

I’m always on maximum copium that one day we’ll get b-side promos when a song gets popular within the fandom. So many opportunities over the years… Love Foolish, Basics, Rush, Like It Like It, etc… One day. 😩",10,1733681860,TWICE_Strategy
m12gp3d,twice,">b-side wasn’t a stretch

especially given that their only Korean bside* MV was *Merry & Happy* and most people I saw assumed the mystery MV was for *Magical*. So it’s not like people were hoping for something that’s never happened before.

*I know M&H was basically promoted as if it was a double title track with *Heartshaker* but it’s not actually listed as one in the tracklist so I am still taking it as our first and only Korean bside MV!

My personal hope is for them to do an animated bside MV one day. Twice won’t have to film it so it wouldn’t add to their workload, an artist would get work + the opportunity to work with Twice and it could have the potential to be gorgeous like *Candy Pop* MV.",4,1733682871,TWICE_Strategy
m12hfcf,twice,"I don’t know what everyone is expecting, especially the B-SIDE MV  
You can say don't use ""special"" to describe it  
And this MV is quite cute  In your schedule to see TWICE, you said there will be BSIDE? Please... don’t force the girls to be serious  
By the way, they will be filming TTT (probably for New Year) and some filming (for Christmas release) in the near future. It would be more practical for everyone to make wishes for these",-8,1733683090,TWICE_Strategy
m12jvp5,twice,"https://www.reddit.com/r/twice/s/SeopsFz8El

There is already a thread up asking the same thing from yesterday. So far no one knows.



Posts that are identical or very similar to previously submitted posts will be removed.",1,1733683834,TWICE_Strategy
m12m64v,twice,"honestly my guess is at least some of these people are fans of other groups.

there's this weird thing where Twice is someone's secondary fave and so they will dismiss expectations for Twice or even dismiss Twice themselves to big up their true faves.",2,1733684536,TWICE_Strategy
m12mea8,twice,"This is normal with TWICESHOP orders. Labels were created last week, but really the pickup by FedEX and UPS will be on the next business day, so Monday, and some movement should start showing up on the tracking page(s) this week.",2,1733684605,TWICE_Strategy
m12nl25,twice,I dont think twice ever had a bside mv unless u count brand new girl.,5,1733684970,TWICE_Strategy
m12x6j1,twice,ah gotcha. yeah the work Twice has put into b-sides is getting buried even tho it's some of the best k-pop I've ever heard,4,1733687952,TWICE_Strategy
m135mwk,twice,"I’d agree with you if it wasn’t for fourth gen. 

We’ve seen mini albums from NewJeans, IVE, Le Sserafim, GIDLE, ITZY, NMIXX, etc. receive multiple MV’s. Some do it as pre-releases, some do it as post-releases, but it’s pretty common. I haven’t kept up with 5th gen that much but it seems like it still happens. 

Hell, one of NewJeans’ minis had *each song* get a MV. One song even had 2 MV versions haha. 

Obviously the new groups are going to get more promo but the top groups still get serious investment. 

I’ve loved the rollout and promo for Strategy so far and it does feel like they’ve invested/planned - well but Div3/Stride could probably make things easier for themselves with how they announce things since Onces have very active imaginations, thinking it’s finally time for Twice to get some of the stuff we see from other groups lol.",5,1733690625,TWICE_Strategy
m137f01,twice,"It’s all so performative. 

Like, are the people advocating this gonna return the concert tickets they already bought for next year? 

Are they gonna stop ordering albums all next year and cancel whatever they ordered already? 

None of these big music agencies (in Korea, America, or anywhere for that matter) operate “cleanly”. If people are going to play this card, they better not support YGE, HYBE, or SM either. 

Twice are not even related to this scandal and are somehow the target because they came back most recently? Bullshit. Feels like engagement bait from people already disinclined to support.",3,1733691174,TWICE_Strategy
m138jp8,twice,"100% on that last line. These ""Onces"" could leave the fandom and Twice would prolly only notice a decrease in hate since this type always get into if not instigate fanwars",6,1733691528,TWICE_Strategy
m13b3p3,twice,"well, we can be dissapointed since twice is the only jype group that does not receive bside MVs. However we can all still work hard (streaming, buying, voting) for twice! Thank you for your support.",2,1733692337,TWICE_Strategy
m13cot6,twice,"yeah i'm prolly not remembering everything, and Mina did say she had the sexy/dark role in Twice.",0,1733692843,TWICE_Strategy
m13d9nu,twice,"One thing I noticed while streaming the album is how perfect the opening lines of each song are. The voices of Chaeyoung,  Nayeon, Mina and Tzuyu sound beautiful!",7,1733693026,TWICE_Strategy
m13ercc,twice,"This isn't the first time a Twice song popped up during a random crazy twitter post or tiktok of some sort. I recall some Once blasting a Twice song during their car crash, and another one where a Once fought some old guy from their passenger window while What Is Love played IIRC 😭 That juxtaposition of upbeat kpop against all this drama Lol.",0,1733693506,TWICE_Strategy
m13gdni,twice,"I mean, of course. But the disappointment onces are feeling now is because it seemed realistic that they’d do a bside MV - because they said there’d be a “special MV release” in [special announcement 2](https://x.com/jypetwice/status/1862149466037362886?s=46). It’s not just being sad about no bside MVs, everyone’s used to that. Rather it’s the build up of hype for something mediocre to most fans.

The easiest way they could’ve avoided this was by calling it “Strategy - Twice Ver” in the second special announcement rather than “Special MV Release”. A bunch of outtake clips mashed together isn’t a special event. Div 3 just set themselves up to disappoint people by branding it as such.",5,1733694030,TWICE_Strategy
m13gy1h,twice,"I know I’m going to get hate, not that I’ve paid any less attention to them, but for me personally I prefer old twice when their songs weren’t always in English and when they weren’t trying to appeal so much to international fans.",-1,1733694214,TWICE_Strategy
m13hxdc,twice,">*new K-pop fan and ONCE*! I've been a fan of TWICE for *a few months now*

Twice's fanbase is still strong, they've just got done with a mostly sold out stadium tour.",25,1733694535,TWICE_Strategy
m13i5lt,twice,"By comparing to before, what period do you actually mean? 2016? 2017? I think you need to manage expectations. The sound of Twice from those years Is very different from recent releases, so some fans might’ve drifted away.   


The average age of the fan is also very different, so they aren’t able to stream as often as they are now working instead of studying. By every metric, Onces are still very supportive of the group, whether you’re looking at streams, views, sales, concerts, etc",9,1733694609,TWICE_Strategy
m13innp,twice,"The real answer is that it's getting harder for fandom spaces to exist online nowadays. Ten or fifteen years ago, there were multiple sites for fans to have groups, work on edits and gifs, and chat together. Today? Twitter went down the garbage, tumblr is nonexistent, reddit doesn't foster fan works like gifs or edits (which ends up limiting hype and discussion), and there's no one central place for fans to 'hang out' virtually. I can't speak for tik Tok since I don't have one, but I can guess that fancams and dance challenge content are popular there. Those two things don't really create a community within a fandom, so even when a TWICE member goes viral it doesn't really create new connections between fans. Plus, pop music discussion as a whole has become clogged with chart obsession which I personally find very exhausting and unproductive.


All this to say, I think ONCE are just as supportive and passionate as ever. Just look at any concert TWICE has, and the energy of the crowd. But the online landscape makes it hard to connect with the community and bring that energy into virtual spaces.",17,1733694776,TWICE_Strategy
m13is8a,twice,"Idk people get older and stop caring as much and not caring makes being a kpopfan easier

People switching to other groups has alot to do with fomo and being a part of the newest fandom 

Though I find it funny in 2019 people said twice is only popular in Korea but nowadays people say they aren't popular enough in Korea",2,1733694818,TWICE_Strategy
m13jh8x,twice,"I’m so tired of people who don’t know how Friday sales work. Everytime the koreansalestwt account posts people will be like “what’s going on??” Like how many years have you been here that you don’t know weekend shipping is always low? They’re doing it under twice & rosé’s tweets and it’s annoying as hell 

The dummies whose faves probably drop on Monday who are calling them “nugu” are also annoying",10,1733695050,TWICE_Strategy
m13jn53,twice,"The fanbase is no longer as young as it once was. The ""serious"" supporters they had before are now busy with their own lives and don't have time to stream or join a trend party.

I love Twice as a group, but I personally believe they should focus on solo activities for now and make a comeback as a group in 2–3 years with a FULL length album. The members, as individuals, have so much potential that cannot always be fully showcased in their group activities. I'm more excited to see what else they can do individually.",0,1733695104,TWICE_Strategy
m13oqa7,twice,"I do like the Japanese songs, I own all the &Twice albums and most of the singles. Plus I never said I didn’t like the English songs, I just prefer the Korean ones over the English.",0,1733696805,TWICE_Strategy
m13q37c,twice,"Funny enough I'm seeing the same thing in /r/twice with a wave of newer accounts popping up saying ""what happened?"" 

Like clockwork, every comeback... 

It has been 2 days y'all, the sky isn't falling.",6,1733697264,TWICE_Strategy
m13v1j7,twice,"In all the discussions around B side music videos and additional promo nobody seems to ever mention that maybe Twice themselves literally dont want to do it.

Marketing cant snap their fingers and make a music video appear. We know Twice has more say than ever after their contract renewals, so maybe theyd rather just have 2 days off to spend time with their families than spend it filming a music video, which btw is a huge pain in the ass.

People know that Twice works incredibly hard and is super busy despite being in their 10th year, maybe they just want to relax.",7,1733698975,TWICE_Strategy
m13wbza,twice,"Frankly, this song sounds better WITHOUT Magen Stallion. It sounds more like a TWICE song than whatever they were trying to do with Megan. My parents hated the version with Stallion when they heard it. I'd prefer this version on the album instead of the original. (No, I don't care what others think about my personal view).",-5,1733699435,TWICE_Strategy
m13z0gl,twice,"People get so worked up with all these k-pop issues when there's so much more important things going on in the world.

I like Twice because they bring joy to my life, so I won't waste my time getting worked up on things that 1, doesn't affect me and 2, wont make me feel good.

I've noticed that k-pop fandoms are a place where things are mostly black or white, either good or wrong, you are with them or against them. When the real world is so much more complex than this.",3,1733700397,TWICE_Strategy
m13z2gb,twice,I feel like it’s anti’s or borderline anti’s pretending to be true ONCEs. There’s no reason to boycott TWICE. Logically they need to go after JYPE USA. The girls had nothing to do with it,1,1733700417,TWICE_Strategy
m1417ct,twice,"Insert Nayeon’s perfect English: “I agree” (to an extent)

There are a lot of really fucked things the VCHA situation highlights, but if moving beyond purely speculating is just drama at this point. We’ll need to see how things settle before it makes any sense on what opinion to give / who to assign blame, and should only be really hoping for the girls’ health and safety. 

I feel similarly about why I enjoy Twice in the first place and I’m just not interested in petty drama or correlating things that aren’t correlated just to ragebait or get drama interaction. If there is something very serious going on (like mistreatment allegations), I just don’t find it productive to go beyond speculation until there’s a clear account of everything that happened.",1,1733701183,TWICE_Strategy
m1418lf,twice,unrelated but make sure to vote for twice to get them music show win starting tomorrow for strategy,1,1733701195,TWICE_Strategy
m1461ml,twice,"I thought a b-side MV was a reasonable expectation.  Given how they did have their first ever full english TT along with a collab, it wasn't that much of a reach to think we'd get a b-side MV.  Oh well.  Twice have been slowly pushing the envelope so who knows?  Maybe we'll get that b-side MV some other time.",2,1733702921,TWICE_Strategy
m1480sd,twice,"In K-pop: Twice obviously heh, though in addition to the new album I've been revisiting some of the old stuff especially EWO.

Out of K-pop: Immortal Girlfriend's [Seeker](https://www.youtube.com/watch?v=5pj7OvpAtYg) has a hold on me. Beyond that Tem's [Tiny Desk Concert](https://www.youtube.com/watch?v=YleSYAEYdrg), Hikaru Utada's [Electricity](https://www.youtube.com/watch?v=9Ef8ZId58WY), Cosmic Kicks' [Higurashi feat. natsuyu](https://www.youtube.com/watch?v=hdKE5pf-iq4), Nuvveth - [Fly Away](https://www.youtube.com/watch?v=LzvEWbkyh6M), Velvet Velour's [Rococo](https://www.youtube.com/watch?v=cDP5d9tnRPE) & [Blood Moon](https://www.youtube.com/watch?v=GAgkE_ex-rY).",5,1733703624,TWICE_Strategy
m149qwf,twice,"with the comeback this week, i've just been re-listening to all of twice's discography in full. i just gotta say, we are so lucky as once to have twice. what an incredible, consistent discography. 

coming up on 10 years with phenomenal music in three languages is just insanity. we are so lucky. i can't even fathom what we'll get next year!",18,1733704239,TWICE_Strategy
m14bgn8,twice,"When I first joined this sub-reddit there were 100+K members now heading towards 700K.

I am glad u/ParanoidAndroids, u/Veritek25, u/SunnydaleHigh1999, u/Striking_Writer3642 and u/Stan-nas still drop in to give valuable input. 

Yeah they sometimes disagree with the general consensus but we need different opinions to avoid the pitfall of groupthink. 

The struggle has been long not against JYPE and Division 3. The fruits have shown by the promotion of the Strategy album. Youngji, Gangnam, Hyeri, Myungsoo ; Amazing Saturday and Running Man and the crowning jewel IU's Pallette. I know the 3mix- Nayeon, Jeongyeon and Jihyo are fans of IU.

But Div 3 still has improvements to do. Specifically the so-called Special Announcements. The #1 of the Premier Event. Look we I-Onces just love to smack K-Onces but this 2024 was after the last one in 2019. It is a Thank You for K-Onces who stuck with Twice till today. While the Korean GP has moved on to the new GG, they are still here. (I did troll the announcement that it would be the new World Tour next year).

The #2 of Special MV. So many expected MV for Magical in view of Christmas. I know I know Div 3 stumbles on the wording. But some Onces are pissed why Twice doesn't have at least 2 MVs. When others at JYPE do. 

And this brings us to why JYPE is so stingy to Twice. Twice brings a truck load of money. Is it because the profit ratio is 7:3 (if I'm not mistaken)? Is it JYPE prioritize more the shareholders ?JYPE has always the best P/E ratio among the Big 4. Or it is the decisions of the company AND Twice? Since Twice is a senior group now.",15,1733704854,TWICE_Strategy
m14bpb2,twice,"This subs had 300K last year now we are almost 700k, this fanbase is getting bigger but the demographic is much older, we didn't engage in social media but support Twice in buying merch, albums and concerts. You can see how supporting and passionate younger groups fans like my (aespa), dive (ive), or lesserafim fans in social media. But non of them can do stadium tours like Twice.",5,1733704940,TWICE_Strategy
m14ev61,twice,"It has already happened. There are books about them already, and some Japanese textbooks have mentioned them as well. (Another proof that Japan is TWICE country.)


Also, I will make sure that Pepperridge Farm remembers.",19,1733706097,TWICE_Strategy
m14f9cu,twice,It does. I think you need a whole day to go through all the TWICE stuff there because there are a lot.,1,1733706246,TWICE_Strategy
m14fm27,twice,"ever since the reshuffling of divisions at JYPE I personally think things have taken a step up for Twice imo. as a community we still call it Division 3 but it’s really called STRIDE now, hopefully this division continues to grow and get better post Strategy but I definitely think it’s a good sign that there was so much Korean promo and Variety shows this comeback and it helps shows the reinvestment going back into the group again",11,1733706379,TWICE_Strategy
m14h25y,twice,"Agree to be honest. 

I mean Twice and Stray Kids have been insanely successful under this management and both have renewed, apparently Twice have renewed...well twice lol.
So I can sort of understand the staff thinking this way works so why change it. 

But ob the other hand Japanese and Korean people grow up with these idol industries and it's a know thing that it's incredibly tough and harsh mentally so I can also understand that this system is t something the average teen in the west is going to be ready for.",1,1733706923,TWICE_Strategy
m14hsqd,twice,"JEONGYEON was cuteness overload on Idol human theatre
TZUYU was savage and full of passions to win 
CHAEYOUNG was having a nightmare giving wrong STRATEGY to 2yeons 
DAHYUN was as usual winning with the words games (smart student) 
NAYEON seems to be going easy with the games and just having a blast and smacks on JIHYO (wrong place wrong time 🤣) 
JIHYO having a go at NAYEON is as good as TZUYU having ago on JEONGYEON",13,1733707199,TWICE_Strategy
m14m4nb,twice,"This comeback might be the busiest cb period for Twice ever. Jihyo, Jeongyeon and Nayeon have their own YouTube show, Twice and their own show TTT, there are almost 20 different variety shows on youtube all at once for this comeback alone. We are still waiting for Twice and IU show and so much more. The average of the views is I think 400k-1M. This is better for me personally than having 10M views on the choreography video. Kpop is so much more than just the music, through all these variety shows, this is how u build loyal fanbase",3,1733708832,TWICE_Strategy
m14naei,twice,"This comeback, despite riddled with so many ""roadblocks"" is one of the best TWICE comeback in my opinion.
Loads of promotions, first collab TT, and most importantly the girls looks really happy with this CB. I love every song on the album!

I'm currently lagging behind their content as there's so much content to watch just for this CB alone,, they're promoting harder than some of the newer generation groups! What a time to be alive for ONCEs worldwide!",27,1733709263,TWICE_Strategy
m14p9hd,twice,"Thank you for submitting, /u/ducmanx04! Unfortunately, your submission has been removed for the following reason(s):

---

Rule 8: Your submission has been removed because it contains similar or identical content to that of a previously submitted post.



---

If you have any questions about this post removal or [regarding the ruleset](https://www.reddit.com/r/twice/wiki/communityguidelines) of /r/twice, please refer to the sidebar or [send a modmail](/message/compose?to=%2Fr%2Ftwice).",1,1733710015,TWICE_Strategy
m14peq5,twice,"while I appreciate the western collab and generally think it was decently put together and didn’t feel like a total toss in at the last second. I fall into the category of not liking features in general, If there is a collab between two artists I like duets and such if done well. I think a good recent example of this really is Rose and Bruno on APT where it isn’t just a feature and they both worked on the song and made it work within their respective styles. I think Megan’s style was well woven into the song and the beat serves her and twice’s style okay. I am happy they decided to include both the OG version and the ot9 version since it helps appease to everyone and also the fact they are just gonna perform the ot9 version anyway",3,1733710071,TWICE_Strategy
m14pq8z,twice,"I really enjoyed Strategy and all the content they put out, quite sad that this song and album didn't hit the numbers I thought it would even with a collab with Megan but then again, it's more than obvious now how JYP is doing absolutely nothing to promote them. In terms of album sales, they're really pulling wonders though and I'm really proud of them. They've been at it for 9-10 years, even after this comeback people call them washed because they weren't able to pull up good numbers on charts, but they're definitely making waves, especially with iTunes and sales. I think their b-sides got a lot more attention this time around especially Like it Like it and Magical and people really wanted the Special MV to be one of b-sides, sighs, it is what is though. I learnt how to properly stream on YouTube and Spotify starting this comeback thanks to Twitter folks lol.

I wonder what's up next though, MiSaMo's going to perform in Tokyo Dome in January, and are we getting a Chaeyoung's solo next probably? And then a new Japan release?",4,1733710193,TWICE_Strategy
m14prna,twice,"I love the performance on Lee Youngji's show so much! Besides the main video (posted [here](https://www.reddit.com/r/twice/comments/1h830ss/241206_twice_strategy_with_lee_youngji_the/)), there's also a [fixed camera version](https://www.youtube.com/watch?v=j_RYNBQLAdM) and a vertical [member-focused version](https://www.youtube.com/watch?v=kjoaTzjeHPE).

Some fansites also managed to record fancams: [Nayeon](https://www.youtube.com/watch?v=w_up7XGZwfk) (ORO), [Sana](https://www.youtube.com/watch?v=g4qv7l92EAY) (Very Sweet Berry), [Mina](https://www.youtube.com/watch?v=bP0swegIJVM) (love me now!), [Chaeyoung](https://www.youtube.com/watch?v=avvIIr8zYrs) (Red Point)",24,1733710208,TWICE_Strategy
m14t0dp,twice,From an American who wants to hear Twice on the radio here someday I think it’s one of their best title tracks,9,1733711445,TWICE_Strategy
m14u04t,twice,"![gif](giphy|3oxHQrWxMdyOOwLHaw)

Nayeon be like.",3,1733711821,TWICE_Strategy
m14unk3,twice,"Strategy has been on repeat for me since it was released on Friday. I joined the Stationhead listening parties as well, and encourage everyone to do so but also to not get too invested or stressed out about the numbers, or be too negative about the lack of this and that from the company. What matters to me is that the members are enjoying themselves, they are already an outlier in terms of longevity and unity among K-Pop groups, and as a new fan, it's amazing to see how they could still innovate with completely new sounds. This comeback feels like a solid return to form for Twice while still sounding fresh.",16,1733712075,TWICE_Strategy
m14v77u,twice,"I might have overrated One Spark too lol.  I think I meant One Spark feels more like a title track than Straregy, which feels more like a pre-release English single than a Korean title track.  

Most twice albums have the title track not be the best song (Here I am, Bloom, Jealousy/Runway, Hali Gali, Lazy Baby, are examples of the superior b sides), and it's the same as strategy.  The sweetest obsession might be the best song",-1,1733712286,TWICE_Strategy
m14xujv,twice,"it's long been funny to me people call Twice ""washed"" but pay close attention to what they do.

as i've said before i'd love it for antis to treat Twice as ""has beens"" and leave them alone but somehow our girls stay in their minds rent free...heck some are more on top of what is happening with Twice than I am lol \~",17,1733713315,TWICE_Strategy
m14y7vl,twice,"Twice puts out so many different concepts, and have had a significant shift in their sound over the years so you have fans who have wildly different expectations.

Difficult to please everyone, and part of why I think every Twice release should have 2-3 MVs to try and hit these different demographics.",6,1733713462,TWICE_Strategy
m14yvm5,twice,You can see at the end of the choreography group dance that her mini skirt was raised practically above her butt. But then Nayeon had to hold her down 🙄 costume staff knew what they were doing,-1,1733713724,TWICE_Strategy
m1513ba,twice,In January it is Twice's holiday time. The exception is Misamo going do Tokyo Dome at Jan 15 & 16.,2,1733714582,TWICE_Strategy
m15456i,twice,"strategy is good—it’s the best comeback post-Talk That Talk. Megan’s part was great; she adapted well. Momo and Chaeyoung's portions were my favorite. I think from Megan’s part onward, the song went up a notch.

The album is good overall. I think Strategy and Like It are my favorite tracks. 

 They are promoting the ""Hey, boy, I’ma get ya"" part through the dance challenge, but I think it’s difficult to get hooked on. The choreography also doesn’t seem like something that could go viral or encourage fans to take part in the challenge.


I feel they should have gone with the ""Left, right, do it to the best"" part instead. It’s more earworm-worthy.

TWICE’s biggest strength has always been their hooks, both in their songs and choreography (especially with hand choreo). These hooks were energetic, repetitive, and incredibly catchy, forming the essence of their music.

Nowadays, we rarely see the distinctive hooks that were a hallmark of their earlier hits. Talk That Talk was perhaps the last song to exhibit these qualities. The absence of such hooks might explain why their newer songs don’t grab audiences as effectively. Sometimes it's just a few words that can get you hooked—like ""Likey,"" ""TT,"" or even ""Pop."" It’s those small, repetitive phrases that make them earworms.

Interestingly, Nayeon’s solo work seems to perfectly capture the essence of TWICE’s earlier style. Songs like Pop and even ABCD incorporate those catchy hooks, and I think that’s why her songs are getting more traction.",10,1733715777,TWICE_Strategy
m159eoe,twice,"They are in their tenth year, if it were October 21st 2015 you would say ""Twice are in their 1st year as a group"", if it was October 21st 2016 you'd say ""Twice are in their second year as a group"", and so on. 

Their next anniversary will be celebrating COMPLETING their tenth year since debut, meaning that they are currently IN said year.",1,1733717930,TWICE_Strategy
m15b2yp,twice,"Mine is still stuck at label created, but this isn’t atypical for Twiceshop. I usually get the notification that it shipped when it really only had the label made, then shipping actually starts a few days later. It usually arrives before the Friday after release.",1,1733718622,TWICE_Strategy
m15dmds,twice,"Yes, definitely improvement in promotion wise. As for the production side - there are new producers like FULL8LOOM, Lauren Aquilina and Matthew Boy. 

As for charting, it is difficult but not impossible. As Korean GP has moved past Twice to new girl group, but as long the song goes viral as Day 6 did the possibility is there. Sure I like Twice to chart like Cheer Up and TT but if not won't crush me. Twice earns more from album and merchandise sales. And from concerts.",4,1733719767,TWICE_Strategy
m15g0kx,twice,"This is normal for orders from TWICESHOP.

Movement will realistically show up on the tracking page(s) this week.

They’ll ship out of Michigan like previous comebacks (UMG’s warehouse is located there), and obviously distance adds time to everything. Live in or closer to Michigan, you’re gonna get it sooner than someone in say California.

And it’s December, meaning it’s winter weather everywhere and the reality is packages can be delayed because of adverse weather. And also the holiday rush. Every shipping center has LOTS of boxes to ship out and UMG's is no exception. FedEx, UPS, the USPS don’t have beef with you and are intentionally being slow with your order(s) of STRATEGY just to mess with you. Be patient, the album(s) with the signed postcard(s) will get to you in due time.",1,1733720894,TWICE_Strategy
m15g5xe,twice,Twiceshop. Looks like the signed ver Step 1 is sold out. But the rest are still there.,2,1733720964,TWICE_Strategy
m15h2if,twice,"A reminder to all who ordered from TWICESHOP and surely got the shipment confirmation e-mails last week and the package tracking likely still showing ""Label Created""...

This is normal.  
  
Movement will realistically show up on the tracking page(s) these coming days.

They ship out of Michigan like previous comebacks (UMG’s warehouse is located there), and obviously distance adds time to everything. Live in or close to Michigan, you’re gonna get it sooner than someone in say California or Florida.

And it’s December, meaning it’s winter weather everywhere and the reality is packages can be delayed because of adverse weather. And it's the holiday season, any and every fulfillment center and warehouse that the couriers uses is at capacity with LOTS AND LOTS of boxes going through. FedEx, UPS, the USPS aren't intentionally being slow with your order(s) of STRATEGY because they have beef with you.

Be patient, the album(s) with the signed postcard(s) will get to you in due time.",11,1733721401,TWICE_Strategy
m15idca,twice,It's mostly because of their shift in sound. But this shift has also allowed them to expand into the west and bring in larger money through world tours. So it was a financial decision. They can put out an og Twice song and chart well in sk but that won't bring in the big bucks in the long term. Jihyo admitted that gp like the early Twice in hyeris show. You can't have longevity in this business with that cutesy/teenage vibes coz there will always be younger groups who are cuter. And also none of the gg in jype is doing particularly well except niziu coz they don't throw money at promotions.,2,1733722038,TWICE_Strategy
m15jkp1,twice,"Yea I think they've needed to move to some new producers as they've used lingren a lot. I really would like to see the consistency of both quality and sound that we saw in Formula of Love. Here's hoping their next comeback is also a full album too.

Yea I get that, but also still seeinb groups like BTS and BP still streaming a charting so high still shows that possibility is there, it's just Twice is missing that something that could keep that consistency with the GP that they did. Though I know the situations are quite different. And it won't crush me either, but it does seem quite important to them and you can tell they are trying to come up and change things up to try to get that sort of international presence that those two groups have. Either way all we can do is enjoy the music and the content they do have because most groups don't keep it going for this long, which is impressive in itself.",4,1733722645,TWICE_Strategy
m15k8gy,twice,I think so too about the hooks. Twice singing Domino reminded me of the bright and energetic songs of them.,6,1733722987,TWICE_Strategy
m15kl1t,twice,This woman is the opposite of everything Twice is.,-3,1733723168,TWICE_Strategy
m15knp9,twice,"Twice themselves might not prefer it. But, in this case, Div3 should have just dropped it normally instead of making a special announcement. The video is simply just bside cuts with lyrics. There is nothing special about it.",2,1733723205,TWICE_Strategy
m15lbs4,twice,"I mean just listen to 10 seconds of this and tell me this is consistent with the positivity and beauty that is Twice

[https://www.youtube.com/watch?v=F8PIVGNn4kI&ab\_channel=ThePulseMusic](https://www.youtube.com/watch?v=F8PIVGNn4kI&ab_channel=ThePulseMusic)",4,1733723556,TWICE_Strategy
m15lisp,twice,"I wanted it to be Magical, but expected it to be Strategy TWICE version. And I was right in that regard. However... it feels a little amateur-ish? Don't get me wrong, I love the extra clips of the members. I'll never complain about that. But it feels like a fan-made MV in a way that it's just a dump of random clips PLUS some clips from the actual MV. I can't explain it.",1,1733723659,TWICE_Strategy
m15n70v,twice,[Source](https://x.com/JYPETWICE/status/1865999958626943346?t=G8qBQrtMOO2dgWbRdi6Xgg&s=19),1,1733724568,TWICE_Strategy
m15nmlg,twice,[Source](https://x.com/JYPETWICE/status/1866000006555324545?t=bKSyfuZQ7bwaLkQMKrfbfg&s=19),3,1733724809,TWICE_Strategy
m15nvuj,twice,[Source](https://x.com/JYPETWICE/status/1865999866939486469?t=xHJxfz2yx7TJe0WKp0tAvg&s=19),1,1733724955,TWICE_Strategy
m15o1fl,twice,[Source](https://x.com/JYPETWICE/status/1865999901143998573?t=MvAYalCOCrFzs-jQKpJlsA&s=19),1,1733725041,TWICE_Strategy
m15o6qu,twice,[Source](https://x.com/JYPETWICE/status/1865999935096987711?t=2o5uEAqREPc_wfE0dTIjbg&s=19),1,1733725125,TWICE_Strategy
m15oct2,twice,[Source](https://twitter.com/JYPETWICE/status/1865999866939486469),1,1733725222,TWICE_Strategy
m15oegr,twice,[Source](https://twitter.com/JYPETWICE/status/1865999935096987711),1,1733725250,TWICE_Strategy
m15paju,twice,Twice hasn't topped the charts since Fancy. At this point it's just better to accept that Twice is past their prime. Also doesn't help that their direction post-Fancy is the complete opposite of what got them to the top in their earlier years,-17,1733725764,TWICE_Strategy
m15pk90,twice,"I usually wait a few days to give my opinion on any new TWICE album to avoid the normal overreaction from fans (positive or negative) but since the next few weeks will be somewhat chaotic I don't think I will have enough time to listen to it in such detail like these days, so here it is:

In general I liked Strategy, it is a solid mini-album that shows a lot of care in the selection of songs and general consistency of the music. It also continues to push the girls to look for new things without losing the essence of TWICE and that helps to ensure that at no point does it feel boring or with a song out of place (although ""Magical"" for many could feel that way).

Regarding the title track, I have already mentioned which version I prefer (ot9) and that the feature does not add anything special, but I do think it is the best song. In addition, I understand perfectly well why JYPE chose it considering that it was the one that had the most potential to be heard on the radio or perhaps go viral, which is very important considering the company's strong push to solidify the group in the US market.

My song ranking:

\- Strategy (ot9)  
\- Like It Like It  
\- Kiss My Troubles Away  
\- Keeper  
\- Magical  
\- Sweetest Obsession

As mini-album, Strategy is definitely not above Between 1&2 or Taste of Love in my personal ranking and I still don't know if I like it more than With You-th. But I did enjoy it more than Ready to Be.",4,1733725920,TWICE_Strategy
m15qhvt,twice,"BTS and BP are seen more like western artists than they are korean artists in Korea. It's why they have managed to remain relevant for so long in there.


Tbh twice's music just hasn't really been it for me after feel special. They're still catchy but don't elicit that feel good feeling I have when listening to their older songs. Talk that Talk was a nice return to form and I'd wished they leaned more into that direction but alas",1,1733726464,TWICE_Strategy
m15qogw,twice,"Hey, although we appreciate the sentiment with which you wish to make this post. Unfortunately it references and touches on an ongoing controversy which isn't really directly related to Twice but can and will attract trolls and bad actors to the community, ultimately spoiling the mood for everyone (which by your post seems like the last thing you'd want to do).

So with that in mind, we cannot in good faith allow this post. Hope you understand and have a nice day.

P.S. You are still free to discuss this in the WDT, but try not to engage with any users trying to create hostility in the sub. We will be keeping a close eye on the WDT, at least for this week.",1,1733726573,TWICE_Strategy
m15rysf,twice,"Thank you for submitting, /u/Twnty21_29! Unfortunately, your submission has been removed for the following reason(s):

---

Rule 8: Your submission has been removed because it contains similar or identical content to that of a previously submitted post.



---

If you have any questions about this post removal or [regarding the ruleset](https://www.reddit.com/r/twice/wiki/communityguidelines) of /r/twice, please refer to the sidebar or [send a modmail](/message/compose?to=%2Fr%2Ftwice).",1,1733727318,TWICE_Strategy
m15rz7t,twice,"Thank you for submitting, /u/Twnty21_29! Unfortunately, your submission has been removed for the following reason(s):

---

Rule 8: Your submission has been removed because it contains similar or identical content to that of a previously submitted post.



---

If you have any questions about this post removal or [regarding the ruleset](https://www.reddit.com/r/twice/wiki/communityguidelines) of /r/twice, please refer to the sidebar or [send a modmail](/message/compose?to=%2Fr%2Ftwice).",1,1733727326,TWICE_Strategy
m15xb54,twice,"Does anyone know what the concurrent viewer stat was for the Twice on AML event on Nov 21, 2024? Did it perform well? I'm interested in comparing viewership across various AML shows/artists. I'm curious how K-pop performed and if AML is inclined to add more K-pop acts. Thanks.",1,1733730713,TWICE_Strategy
m15xk6t,twice,"Twice is finished in Korea after the renewal. 


They do most for the Koreans fans in every released but they don't care any more.


This time too they done lots of promotions in Koreans shows. 


Twice is the only one from 3rd gen to performing in music shows tirelessly be it solo or group. 


Imagine early morning filming, many time recording and full day just went like this way for like 7-8 music shows for some 50 something fans.


Someone saw Koreans comments on the MV. It tells a lot.....


80% Sales n Streaming are coming from internationally. 


So Twice should focus more on it",-8,1733730879,TWICE_Strategy
m15zlky,twice,"so Tzuyu’s school in Taiwan posted about their outstanding alumnis and [Tzuyu was one of them obviously](https://x.com/manydubu/status/1865994954625216596?s=46).

Her highest academic qualifications are listed as Hamlin… and a bachelor and masters in psychology…? On the one hand, when would she have had the time? On the other hand, why would her school lie about her having a masters?",12,1733732252,TWICE_Strategy
m15zvvw,twice,"I saw many tweets about it, hope it's legit. Tzuyu apparently in the middle of years of busy schedules found time to earn her bachelors degree and then completed a 2 year program to earn her Masters degree in Applied Psychology. Not only talented, but smart too. An inspiration to us all 👏",1,1733732449,TWICE_Strategy
m1606ct,twice,"Seems quite weird. If she had a masters in applied psychology, it was bound to have come up in some context or the other in Twice content or behind the scenes. It also says that it was online? Maybe she did it during the pandemic? Maybe the school just heard it from someone who heard it from someone else and printed this out?",10,1733732649,TWICE_Strategy
m1627gc,twice,"I know there’s still time for them to release one but is JYP not doing performance videos anymore? Tzuyu never got one for runaway and usually it’s the first thing released after the song is. If not then that’s a shame because I always liked seeing the choreography in a professional setting, although I guess you could say they were redundant with the two dance practices also released.",3,1733734085,TWICE_Strategy
m163px9,twice,"There's something about Idol Human Theater that always makes Tzuyu so funny. It's clearly one of the shows she enjoys being on and the producers clearly already know her quirky way of answering questions.

When she yelled at Jeonyeong I laughed so hard that my stomach hurt.",1,1733735153,TWICE_Strategy
m163pxw,twice,[Source Link](https://x.com/JYPETWICE/status/1866042747385503964/),2,1733735153,TWICE_Strategy
m167bim,twice,"Honestly, I'm a sucker for this kind of B-roll footage being used, especially because all the handheld clips add to the nostalgia that you get from watching their older MVs. It's like a grown-up version of Likey's teasers and MV being shot on different mediums.

Also, TWICE are a bildungsroman in the form of a girl group. It's nice to see all of these clips of the members having fun, and gives you the feeling of watching a home (or in this case, in-house) video in the making.

Not to mention that a lot of old school hip-hop videos were put together almost exactly like this - a mix of handheld B-roll footage and some well-composed shots. It does justice to the production of the song itself.",2,1733737715,TWICE_Strategy
m168jtm,twice,[Source Link](https://x.com/JYPETWICE/status/1866060274509451650),3,1733738580,TWICE_Strategy
m16b6g8,twice,"Tzuyu on bbl: oh that info is incorrect, I also got my PhD from Oxford last week ![img](emote|t5_3812p|4099)

Apparently the online MSc is from University of Edinburgh. While I don't trust this fully, I don't find it that preposterous, some online courses are lax with attendance and duration",8,1733740397,TWICE_Strategy
m16b785,twice,"might not be true or may be true




TZUYU really want to know what NAYEON thinking in her head she even study it hard on the subject",11,1733740412,TWICE_Strategy
m16b8rr,twice,"[Chaeyoung's live on NTS. ](https://www.nts.live/shows/guests/episodes/chaeyoung-9th-december-2024)

Can't explain how big this is, especially because this is reaching a very niche audience of music nerds, DJs, and artists.",20,1733740441,TWICE_Strategy
m16c9yg,twice,"The photo books missing are only Nayeon, Jeongyeon and Momo - maybe they can finish them up next year fitting for their 10th anniversary. Maybe JYPE is keeping it as a ""rainy day"" content, meaning if really nothing is going on schedule wise",52,1733741136,TWICE_Strategy
m16galu,twice,I wish JYPE could add more variation to the digital albums on Twiceshop than just voice memos. It'll give more motivation to buy them.,8,1733743700,TWICE_Strategy
m16galx,twice,[Source](https://www.nts.live/shows/guests/episodes/chaeyoung-9th-december-2024),4,1733743700,TWICE_Strategy
m16gr2q,twice,It's a podcast featuring her presenting and sharing her favourite songs and Twice songs,5,1733743980,TWICE_Strategy
m16h05h,twice,"Same, but it makes me incredibly happy that an opportunity like this came around to her. TWICE are about as mainstream as a girl group can get, and yet the quality of their music is of a value that can in fact reach very niche audiences, especially given that NTS's typical audience does not tune into K-Pop.",7,1733744132,TWICE_Strategy
m16iccr,twice,"Twice is the only group that can release new bangers and give you nostalgia at the same time, I can’t manage to hold myself listening to Strategy then straight to Ice Cream 😭",8,1733744909,TWICE_Strategy
m16if7t,twice,Full episode: [https://www.nts.live/shows/guests/episodes/chaeyoung-9th-december-2024](https://www.nts.live/shows/guests/episodes/chaeyoung-9th-december-2024),1,1733744954,TWICE_Strategy
m16ig31,twice,"Thank you for submitting, /u/booboosnack! Unfortunately, your submission has been removed for the following reason(s):

---

Rule 8: Your submission has been removed because it contains similar or identical content to that of a previously submitted post.



---

If you have any questions about this post removal or [regarding the ruleset](https://www.reddit.com/r/twice/wiki/communityguidelines) of /r/twice, please refer to the sidebar or [send a modmail](/message/compose?to=%2Fr%2Ftwice).",1,1733744967,TWICE_Strategy
m16jueq,twice,"Words can't describe how important this episode is. One of the most important promo opportunities TWICE has received, and in K-Pop as a whole.

For context, NTS has only recently opened itself to international pop acts having guest mixes. Prior to this, their most famous guests were actors, grime MCs, and well-established electronic music producers. For the most part, NTS platforms independent DJs, curators, and musicians within their artist residencies and regular programming. 

In a climate where more K-Pop idols are exhibiting eclectic tastes in music (Ningning, Seulgi, and Sohyun to name a few, as well as Krystal and Sulli before them), this episode just makes me happy that this will give idols with broader tastes in music future opportunities to share it, whether they are promoting domestically or overseas. 

A member with an NTS guest spot is a massive milestone for this group once again. This is considering that NTS are anything but commercially driven. Because of it, this is one of the best possible ways to broaden a very popular group's audience. And TWICE are about as mainstream as a girl group can get, but the quality of their music is now of a stature that can in fact reach very niche audiences, not least those who seldom tune into K-Pop. Here's to future idols and members being able to do the same.

God, this was so important to experience. I really have to extend my endless thanks to everyone that made this possible.",77,1733745746,TWICE_Strategy
m16l48e,twice,"I don't doubt Tzuyu's commitment to attending an online university, but the name of the university makes it hard to believe this is true. Tzuyu can only speak Mandarin and Korean. I doubt a Spanish university offers a course in either of these languages. But I'm happy to be corrected.",8,1733746431,TWICE_Strategy
m16off3,twice,"God how I love your posts and thoughts you share! what a gem of a comment! people definitely won't be appreciating this as much as they should!

this is 100% absolutely the right move for chaeyoung, and honestly? the signs couldn't be clearer that she will be having her solo next and it will be huge. I'm just so happy to be a once right now, thank God everything's going the way it should and they just dropped the song of the year WHICH CHAEYOUNG CHOSE AS A LEAD SINGLE TOO. I'm incredibly happy for the girls, they're doing so well, so excited to show us what they're working on. you can tell, and they've even said countless times, they're having the best time right now and geniunely love what they're doing and it's just incredible to witness and be on this journey with THE greatest current kpop girlgroup. It feels historical honestly",24,1733748109,TWICE_Strategy
m16pmlw,twice,"Listening to this rn and damn she has incredible taste! She is giving off this badass vibe and I love her for that. She was also incredible in the comeback (one of the standouts for me actually) and I am beginning to warm up to her a lot!

If she drops a solo, it will surely be a special one and I am 100% certain it would be uniquely Chaeyoung",22,1733748680,TWICE_Strategy
m16pp2t,twice,"Hey could I ask all Onces join the stream on StationHead for a bit so we can hit 4K listeners? The admins there have promised us that they will sing for us if we hit 4K listeners. Now we can't miss this opportunity, right ![img](emote|t5_3812p|4080)

[Once Station](http://stationhead.com/c/once) or [Twiceland9](https://www.stationhead.com/twiceland9)

Both of these links will take you to StationHead and will count towards the stream, but one has a pink background while the other one has black background. And this will also help with Twice stream chart.",11,1733748711,TWICE_Strategy
m16rsb4,twice,"I was literally asking myself if they would do studio choom this comeback 

Last time was Alcohol Free right? Welcome back Twice 🥺",22,1733749667,TWICE_Strategy
m16swcq,twice,Oh wow TWICE is back on Studio Choom & it's OT9!!!,9,1733750153,TWICE_Strategy
m16uzgk,twice,"you know what to prioritise


TWICE over your final 🫡🫡",3,1733751037,TWICE_Strategy
m16v8sl,twice,I would like to see level 1 5 10 of left right left right part challenge please TWICE,5,1733751144,TWICE_Strategy
m16ykf0,twice,We need more dahyun thumbnails in Twice videos. Brightest smile humanely possible.,8,1733752493,TWICE_Strategy
m171w6l,twice,Twice content=am happy,4,1733753806,TWICE_Strategy
m176p75,twice,"It’s a trap, Nayeon! Winter’s never going to leave!",15,1733755594,TWICE_Strategy
m17911p,twice,you should have seen my face when I saw this. Spotify F1 Tracks Twice Strategy WHAT,4,1733756417,TWICE_Strategy
m179578,twice,Y’all what is this about [Tzuyu having a master’s degree](https://x.com/manydubu/status/1865994954625216596?s=46) excuse me ma’am?,13,1733756457,TWICE_Strategy
m17ayo8,twice,"They never gave them b side music videos even before the profit split changed in TWICE’s favor 

Jype is a company that doesn’t know how to promote. They got lucky with Twice & they never really had to try. So now that every song isn’t #1 on Melon they’re scrambling. They’re also the “dumbest” of the big 4 to me. They don’t innovate like SM, nor do they have their pulse on trends like hybe. I also don’t think they’ve been able to develop this cult-like following that YG has which is one of the reasons BM’s stats are so good. They’re just “there” imo. Always playing catch up.",4,1733757091,TWICE_Strategy
m17bgii,twice,Tzuyu so funny and I'm sure Jihyo's stress is Nayeon lol,1,1733757260,TWICE_Strategy
m17fpx4,twice,"It's probably not real, but I totally want to live in the world where our girl Tzuyuita balanced her idol duties with earning a Masters degree in Applied Pyschology in the Spanish language. ¡Mi hermana muy talentosa!",8,1733758695,TWICE_Strategy
m17kn3g,twice,"Externalities aside, let downs about some marketing aside, and so on...this is a pretty great comeback.

Our girls seem super into everything, have enjoyed promoting, and we also got to see the benefits of solos & sub-units strengthening the abilities of members.

Also I do think this new incarnation of DIv 3 is trying more things and do seem to have taken feedback from Onces. I am going to trust they take feedback from this comeback about what worked and what didn't.

All to say even with the issues - almost all feel out of JYPE's hands - really proud of Twice and thankful for their continual hard work \~",27,1733760289,TWICE_Strategy
m17q9tw,twice,"the “source” claims Tzuyu also has a bachelor’s degree in psychology.

I feel like they could have attended uni during covid but they all seem so busy now with a huge variety of endeavors (except Chaeyoung lowkey, I’m sure she’s just cooking up chaelo though).

but then again, the only ones we know for sure have taken the university entrance exam are Nayeon and Dahyun. tbh Dahyun could randomly tell us she went to uni and I wouldn’t be shocked at all.",7,1733762091,TWICE_Strategy
m17qcez,twice,"Something about that is weird. There’s seems to be some connection with the school to China so maybe they offer online courses in Mandarin but at the same time the website says that the courses are only taught in Spanish, which as far as I can Tzuyu can’t speak or understand. Also when I would she have the time to complete a whole masters program? Those things are very time consuming especially if you already have a job. More power to her if true, but an elementary school that hasn’t had a connection to Tzuyu in at least 10-15 years being the one to reveal she has a masters doesn’t seem likely to me.",6,1733762114,TWICE_Strategy
m17ty4b,twice,"Breakdown of all TWICE X STUDIO CHOOM CONTENT

1. I CAN'T STOP ME. this was their first ever studio choom performance. jeongyeon wasn't there as she was on hiatus just like the rest of ICSM era.

2. ALCOHOL FREE. jeongyeon was, once again, on hiatus while twice was filming this. despite her participating in literally all the promo for Alcohol Free and Taste Of Love, she was not well enough to do Choom which is shot a long time in advance. she was thankfully okay by the time CB happened but yeah no JY. 

ALSO these are the ONLY TWICE group performances on Choom. and they're not even OT9.

CUT TO

3. POP! Nayeon's solo
4. ABCD, Nayeon 
5. TZUYU - RUNAWAY
6. MISAMO - IDENTITY 

So in total 6 appearances on Choom, 3 of which are solo appearances and 1 is subunit and the other 2 are group performances but without jeongyeon as she was on hiatus.

thus, strategy will be the first ever OT9 studio choom, and Jeongyeons very first time appearing on it.",26,1733763239,TWICE_Strategy
m17uvmx,twice,Jihyo looks like she could be the maknae of TripleS,2,1733763529,TWICE_Strategy
m17za8b,twice,Every time twice releases a new album wether its japanese or korean i always think its their best. Thats just how good their whole discography is. Whats funny is that my favorite bside is ffw 😂,10,1733764906,TWICE_Strategy
m182832,twice,"yeah, i've always assumed this was the case -- the ""yes i am"" photobooks get done when they don't have much else to do. nayeon and momo were particularly busy this year, so i suppose jeongyeon could've done one this year if she was interested in doing so since her schedule was a bit lighter.",3,1733765815,TWICE_Strategy
m183ax5,twice,thank you for the info! Will definitely be doing this to support twice!,3,1733766143,TWICE_Strategy
m187xl6,twice,"Watched live on twitch and rewatch now again at prime video... twice is always amazing live but this kind of lights, stage, cameras... dope shit... beyond amazing",1,1733767552,TWICE_Strategy
m18au39,twice,I literally JUST opened the one I got and I was so badly wanting Jihyo and was so happy to get her! This is my first time buying any album,15,1733768453,TWICE_Strategy
m18blfk,twice,Congrats omg! I got Jihyo’s photo card actually lol,4,1733768686,TWICE_Strategy
m18d43n,twice,"Whether this story is true or not, I think it’s also highly unlikely for Tzuyu or JYPE on her behalf that will clarify this info. But of course, I know we would all be very proud if this is confirmed to be true",2,1733769150,TWICE_Strategy
m18ds0s,twice,"Yeah same for me, Twice members with glasses makes me Fanboy even more",1,1733769356,TWICE_Strategy
m18e88h,twice,According to [this tweet](https://x.com/achihihihuhu/status/1866127303857856568) with video from the event of Lidia (Tzuyu's Mom) at the event accepting the Outstanding Alumni Award in place of Tzuyu.. I don't see why the school would lie about it.,8,1733769494,TWICE_Strategy
m18mknc,twice,Praying I get Dahyun or Chaeyoung and not Jeongyeon 🙏🙏🙏,-1,1733772066,TWICE_Strategy
m18mov0,twice,Please vote on the [All Chart App](https://koreaallchart.com/audition/168/5788) to help TWICE win an award for Strategy 🙇‍♀️ We’re currently in the lead for pre-vote but barely,7,1733772102,TWICE_Strategy
m18n1ig,twice,jihyo with the hair dryer is iconic,3,1733772213,TWICE_Strategy
m18ne45,twice,I’m having the same issue. I just emailed the Twice store to see what is going on with my order.,3,1733772321,TWICE_Strategy
m18pg65,twice,"this was so, so great to listen to. i'm seriously so happy. i've listened to a few nts episodes prior so to think that twice!!! that chaeyoung!!!! is on here is really something special",4,1733772955,TWICE_Strategy
m18qpr6,twice,"It gets picked up when it gets picked up by the couriers.

It's December, aka the holiday rush and supply chains impacted by adverse weather. Everyone has lots and lots of boxes to ship out and get picked up by the couriers. TWICESHOP orders are always like this in that the actual package movement comes the following week or so. And obviously where you live is gonna add time to the journey with TWICESHOP orders coming out of Michigan. These orders are not purposely moving slow just to mess with you.

Be patient, your stuff will get to you in due time.",55,1733773347,TWICE_Strategy
m18qzwn,twice,"IA the hooks are missing. They were so important for their earlier songs and were so prominent in a large part of their career. But so many newer titles lack it. On first listen when it came to the hook for Strategy I audiably went ‘oh…’ since I knew it happened again where it’s not as catchy as it could be. I think the last catchiest hook was in Nayeon’s Pop and it was so addictive and went viral for that very reason. 

Luckily Strategy is doing a lot better than a lot of their recent titles so it is doing something right for fans! But I’d be surprised if it takes off with casual listeners.",2,1733773433,TWICE_Strategy
m18scdp,twice,"I didn’t order from twiceshop but from what I’ve seen over the years it seems like they always have problems. People’s orders taking way too long, pre order’s getting cancelled ect.",2,1733773848,TWICE_Strategy
m18sgbx,twice,"Mine is out for delivery, praying for a Dahyun or Chaeyoung signed postcard 🙏🙏🙏",19,1733773876,TWICE_Strategy
m18u9pp,twice,Twiceshop always has the worst shipping. Just have to expect it at this point.,11,1733774438,TWICE_Strategy
m18w7cy,twice,Everything from Twiceshop ships from SK. It’s imported and transferred to a domestic courier (FedEx). The reason it says “Shipping Label Created” is because the domestic courier hasn’t received it from SK yet but it’s ready to be processed once it arrives.,-4,1733775044,TWICE_Strategy
m18xgtz,twice,">the domestic courier hasn’t received it from SK yet

Except, there are people on this sub that have already received their twiceshop orders. So, it's the holiday rush.",10,1733775440,TWICE_Strategy
m18yp4f,twice,My Twiceshop order was shipped last week and is (supposedly) arriving on Wednesday.,1,1733775824,TWICE_Strategy
m194ecq,twice,"things are blown out of portion about TZUYU having master degree 


I hope it's true for the sakes of her childhood school 


sometimes ONCEs need to chill out and think about certain things",12,1733777588,TWICE_Strategy
m196a2f,twice,Probably the vinyl. I ordered the limited TWICE store exclusive and I am still waiting for it to be shipped.,2,1733778166,TWICE_Strategy
m197p2a,twice,"Pop Star is criminally underrated and unreported. How a feature with a Twice member can exist for a year without me knowing, I'll never understand.",4,1733778605,TWICE_Strategy
m19ctzg,twice,"Anything shipped from the Twiceshop is already in the states, they're not shipping them from SK the week of the comeback itself.",8,1733780194,TWICE_Strategy
m19d9ms,twice,i'm praying for nayeon! i got jihyo last time and was so happy!,2,1733780331,TWICE_Strategy
m19he5k,twice,twiceshop has the worst shipping on earth LOOOOL i wouldn't worry too much. i've had times where it never changed the shipping info at all until it arrived at my house suddenly,3,1733781637,TWICE_Strategy
m19hzme,twice,"No backup link. Nobody sharing it outside low quality clips on X/Twitter.

Here's the story with image explainer:

[https://www.koreaboo.com/news/twice-stylist-takes-heat-after-sanas-overly-exposing-outfit-goes-viral/](https://www.koreaboo.com/news/twice-stylist-takes-heat-after-sanas-overly-exposing-outfit-goes-viral/)",3,1733781832,TWICE_Strategy
m19j7cp,twice,"Mine is stuck at label created, too. I've ordered from Twiceshop a bunch of times, and generally, the shipping has been a lot faster than this time, so my guess is that the delays are due to the influx of holiday orders impacting shipping. I have orders from other stores that are taking longer than usual as well.",6,1733782228,TWICE_Strategy
m19jiuf,twice,"yeah I paid a good Bill for these copies, I ordered more Twice content on SubK Shop (LA based) and Twice Store is Detroit based. SubK Shop emailed me about holiday ordering and Delays. So i can expect the same.",1,1733782333,TWICE_Strategy
m19ngm5,twice,AHH I finally realized how to edit the names for the TWICE flairs!! 😭💖🫶I feel so dumb because I knew how to edit on others but thought these were all set,7,1733783637,TWICE_Strategy
m19nzfy,twice,"The [Mubeat App](https://mubeat.applink.info/gUqQ7cfamY) has opened up the Fan Voting for the week, TWICE is currently in 4th Place with less than 15k votes for 1st!",7,1733783815,TWICE_Strategy
m19ozxc,twice,"I go on Twitter and I see Tzuyu has a college degree. I was like really, is this true?",8,1733784156,TWICE_Strategy
m19w87a,twice,Ah! Good to know at least. Hopefully they start fulfilling orders soon! In the meantime I’m still searching for whichever Target got all of the Chaeyoung stock for Step 4 version 😆,3,1733786674,TWICE_Strategy
m1a6shf,twice,I have a height obsession so I wanted to see Meg standing side by side with tzuyu.  I know she would be dwarfed but I wanted to see by how much lol.,1,1733790439,TWICE_Strategy
m1a6yum,twice,HOOD JIHYO BEST GAL JIHYO!,1,1733790502,TWICE_Strategy
m1aa9u0,twice,"Bang Chan’s friendship with Sana goes back to trainee days. I think he’s closest with their J-line? I remember hearing how he used his food coupons and brought food to the members before and got in trouble cause they were on diet restrictions. A true bestie. They’re known to be close but currently both groups are really busy so interactions may be a bit more limited. SKZ is on tour rn and MiSaMo was doing concerts a bit ago in Japan and now it’s their TWICE Strategy promotions.

It’s nice to see Stray Kids getting even more popular lately though. Han from SKZ was on [Jeongyeon’s YT inspector show](https://youtube.com/@people_by_people?si=0bSMHDjeWYTAVKmt) a bit ago so that’s something with TWICE x SKZ interactions. I also feel like Momo may have danced to a SKZ song recently too",6,1733791695,TWICE_Strategy
m1aerii,twice,I got it from the official Twice store,2,1733793323,TWICE_Strategy
m1afc2p,twice,"Thank you for submitting, /u/DefiantYam2060! Unfortunately, your submission has been removed for the following reason(s):

---

Rule 12: Your submission has been removed because it violates our no selling or trading rule.

Submissions or comments offering to buy/sell/trade merch, concert tickets, or albums are better suited for r/kpopforsale. r/twice is not affiliated with r/kpopforsale so use it at your own risk.



---

If you have any questions about this post removal or [regarding the ruleset](https://www.reddit.com/r/twice/wiki/communityguidelines) of /r/twice, please refer to the sidebar or [send a modmail](/message/compose?to=%2Fr%2Ftwice).",1,1733793533,TWICE_Strategy
m1akbbo,twice,"I ordered the normal signed versions.

Compared to signed copies of previous albums and, the inventory for this one is just a lot more, thus a lot of orders to fulfill. Signed versions of Step 2 and Step 3 are still available, it’s only natural that they still have a bunch more orders to pack up and ship out.

TWICESHOP does not operate like  Amazon’s network of fulfillment centers to where you can like get what you ordered before you even actually placed the order. This is normal speed for TWICESHOP.

Waiting isn’t fun and can be excruciating, I get it, but you will get your order soon enough.",2,1733795343,TWICE_Strategy
m1an4tq,twice,"“Thank you my Twice fan”. It knows Twice, knows Likey, but not “Once” instead of “Twice fan”. More training needed!",18,1733796381,TWICE_Strategy
m1axcyh,twice,Still waiting for my signed albums to ship. Got 1 at Target just to open and see and got the same Tzuyu poster!!! Also a Dew Boy!,1,1733800235,TWICE_Strategy
m1b0v6f,twice,"[Here's Sana crashing a 3Racha Live.](https://youtu.be/yjf5XbivjgQ?si=ysG7-BNj3OUXR8b-).  Chan has been a longtime trainee.  He joined the company in 2010 so his trainee period overlapped with a lot of other JYP idols.  He's even been with the company longer than Twice members outside of 3Mix.  They all essentially grew up together.  Iirc there were stories early on when Twice along with other female trainees were put on strict diets only for male trainees, including Chan himself, to get food and sneak it over to the girls.",7,1733801625,TWICE_Strategy
m1b1mrx,twice,During the live premiere Nayeon mentioned that Strategy wasn't originally the title track (https://www.youtube.com/live/ui3VKtUsIAY?t=39m44s) they were going to go with then later when they talk about Like It Like It (https://www.youtube.com/live/ui3VKtUsIAY?t=46m23s) Jihyo says it was originally the title but I guess Chaeyoung started the discussion to change it.,1,1733801935,TWICE_Strategy
m1b1y2b,twice,"I weirdly felt that Like Ooh Ahh is somewhat similar to Strategy, concept wise. Hip-hop, retro, confident music. Despite early Twice being known for the cute concepts, I feel like Like Ooh Ahh, their first release, which was not very successful at first, are more similar to older JYPE girl group songs such as Wonder Girls or Miss A songs. 

The recent trend of music going back to Y2K aesthetics and sound, Strategy included, somehow made me appreciate Like Ooh Ahh even more. It might have been behind the trends at the time but at the same time it's also ahead of its time.

Lyrically it also feels like, Strategy is the sequel to Like Ooh Ahh.

Like Ooh Ahh (English tr., Genius.com):
---- Verse 2 ----
Look at me and see me again
Pass by once and look back (TWICE)
Wherever I go, I go without makeup
And I still shine the most
Flat shoes can’t hide my high value

Movie like scenes run through my head la la la
Just thinking about it
Makes me excited yeah
Now I want to love somebody
Wanna fall in love baby
Listen up my boy

Strategy
---- Verse 1 ----
Step one, do my highlight
Make me shine so bright in the moonlight
Step two, silhouette tight
Baby, even my shadow looks good, right?
Step three, when I arrive
Make you look my way with your heart eyes
Step four, got you on the floor
Make you say, ""More, more, more""",10,1733802061,TWICE_Strategy
m1b2gpm,twice,I ordered for twiceshop and the website says they ship out Dec 12th,2,1733802271,TWICE_Strategy
m1b4k46,twice,This reminds me of that one video of twice in some sort of tv show interacting with one of these and Sana tells the robot something and after it answers immediately starts laughing and then it abruptly cuts to commercial break mid laugh 🤣,3,1733803120,TWICE_Strategy
m1b597v,twice,"I'm skeptical as well. To get a master's, you first need a bachelors degree. Bachelors take 3-5 years of full-time enrollment. As a member of Twice, she would have 0 time to be a full-time student.

So just on that alone, I'm skeptical. But additionally, the university everyone is saying she got the Master's from, I'm unable to find anything that says they offer an online 2 year Master's of Psychology.

And on top of that, the university is in Spain? Would they even offer an online Master's degree in Mandarin (Tzuyu doesn't speak English).

Lastly, she's a member of the highest-selling kpop girl group of all time. Why would she need a formal education in psychology?

Based on the above, as much as I love Twice, I'm giving this a <1% chance of being true. If its true, she's the hardest worker on the planet.",6,1733803414,TWICE_Strategy
m1b6ozo,twice,[Source](https://x.com/jypetwice/status/1866334568518975656?s=46&t=O-e_ONnQgboX1zxfeCnhjg),3,1733804004,TWICE_Strategy
m1b8r32,twice,"was quite suprised to see this, Chaeyoung NTS Session! (casually looking for some Autechre fans in here, who knows lol)",2,1733804880,TWICE_Strategy
m1bd6ui,twice,"Mine has been stuck as well since 12/4. I emailed twice shop about it, and this was their response:

Thank you for reaching out, our apologies for the lack of tracking updates on your shipment. However, we kindly ask that you allow up to two weeks from the date your label was created for tracking to update, as it is likely that your package is still on its way.
 
If after this time frame your tracking information still has yet to update or you have yet to receive your package, please contact us again and we can assist you further.",2,1733806919,TWICE_Strategy
m1bdgtg,twice,"I was part of a committee for a dissertation defense, and one of the respondents had Twice as her wallpaper on her laptop. But I can't comment on it because I have to be ""professional"" and ""critical"". Bruh, I just want to ask who her bias is. LOL Anyway, hopefully she was listening to strategy while preparing for her presentation.",20,1733807051,TWICE_Strategy
m1bdqv3,twice,So glad they put that cap on sale on Twiceshop. Wondering why they didn't do an album bundle for it since Billboard started counting those iirc.,8,1733807183,TWICE_Strategy
m1bed2w,twice,I'm heading to japan later this month. Are there any specific stores you'd recommend? I'm trying to find some rare twice stuff while I'm around.,1,1733807476,TWICE_Strategy
m1beo5u,twice,https://twiceshop.com/products/b6s38x3la7sr1oqnqazdu8fvb0aeabve,4,1733807622,TWICE_Strategy
m1bgbx4,twice,"I don’t think I’m spiritually and physically ready for Yes I Am, Nayeon so they can take their time.",1,1733808420,TWICE_Strategy
m1bgx48,twice,"Thank you for submitting, /u/Competitive_Big_1818! Unfortunately, your submission has been removed for the following reason(s):

---

Rule 3: Your submission has been removed because it does not follow our [Title Guidelines](https://www.reddit.com/r/twice/wiki/communityguidelines#wiki_iv._title_guidelines).



---

If you have any questions about this post removal or [regarding the ruleset](https://www.reddit.com/r/twice/wiki/communityguidelines) of /r/twice, please refer to the sidebar or [send a modmail](/message/compose?to=%2Fr%2Ftwice).",1,1733808719,TWICE_Strategy
m1bh7gi,twice,Is the signed one Nayeon? Hard for me to tell,1,1733808867,TWICE_Strategy
m1bl9hs,twice,Jihyo on our date:,86,1733811021,TWICE_Strategy
m1bla40,twice,[Source](https://twitter.com/JYPETWICE/status/1866362406672490699?t=wT_EMxYK01K3R5naA4HUyA&s=19),1,1733811031,TWICE_Strategy
m1blff8,twice,"TWICE out here stealing hearts like the phantom thieves

[Source](https://twitter.com/JYPETWICE/status/1866362452662989056?t=tZ9yQefxoVKaoz3ER1m6fg&s=19)",2,1733811113,TWICE_Strategy
m1blhmz,twice,[Source](https://twitter.com/JYPETWICE/status/1866362490499874817?t=widf06aP1n6JtxQ1uZIznA&s=19),3,1733811148,TWICE_Strategy
m1blizl,twice,[Source](https://twitter.com/JYPETWICE/status/1866362532107288634?t=VOqrja-awmvCd2uhgi4iCA&s=19),2,1733811170,TWICE_Strategy
m1bnkw4,twice,Yes Jihyo please keep looking at me like I’m a piece of trash,63,1733812339,TWICE_Strategy
m1bnmcl,twice,You have been judged by GodJihyo.,102,1733812364,TWICE_Strategy
m1bp9m7,twice,"Even though this is not related to Twice, I will still answer your question. The cost per album when ordering through a group order varies by country, by the person doing the order, by the number of order he/she gets. There's 10s of variables that change the price the end users end up paying. So you will need to get in touch with the person doing the group order and ask them.",1,1733813336,TWICE_Strategy
m1bq3ym,twice,Jihyo please forgive me 😭,95,1733813836,TWICE_Strategy
m1bruvh,twice,Aura Likey TWICE,6,1733814921,TWICE_Strategy
m1bue7k,twice,"Jihyo be like:  

Pathetic.",41,1733816573,TWICE_Strategy
m1bxml0,twice,Jihyo breaking 4th wall and being judgy here,21,1733818720,TWICE_Strategy
m1c370w,twice,The only thing the would have made this better is if they used Jihyo's tiktok phone,12,1733822624,TWICE_Strategy
m1c5qs6,twice,oh to be judged by jihyo like that,13,1733824451,TWICE_Strategy
m1c6qch,twice,[Source Link](https://x.com/JYPETWICE/status/1866422752271536523),9,1733825142,TWICE_Strategy
m1ca0il,twice,"Mina and Jihyo

![gif](giphy|3oEjI7esR4E8L1UhhK)",21,1733827383,TWICE_Strategy
m1cangm,twice,"Wonder if we have any Hotties here that only discovered TWICE after Mamushi and STRATEGY.  If yes, hello 👋",14,1733827799,TWICE_Strategy
m1cbqna,twice,"So Tzuyu is going viral for apparently having a bachelor’s and master’s in psychology and I really need some confirmation on this cuz this is just one of those things that are so crazy that it seems fake. She graduated from HS in I believe 2019, so she would’ve had to start the university classes that same year to have a masters? Getting a bachelors and masters while having a regular full time job is already hard, so if it is true, then this is such an incredible accomplishment",8,1733828499,TWICE_Strategy
m1cc2jg,twice,"self written. heavy promotion. fun and poppy even punkpop or something that suits her, I don't wanna something like my guitar - like it's beautiful but also I need her to show herself!! it needs to be minimum 8 songs, some rap heavy, some vocal heavy, and even one ballad would be okay I would allow it as long as we get a lot of energy on the album. I need chaeyoung to serve main character energy. I would love for her hair to stay how it is now OR maybe brown or red or blonde? I just need it this pretty like now AND NO BANGS. PLEASE. NO BANGS


I need her to love the song and write every single song by herself (even cowriter credits work) even try her hand at producing but only if she wants to, I personally just want her to do what she loves so idc if she didn't write any of it actually. Just loving it and being excited to show us and perform and a good MV is good for me",12,1733828709,TWICE_Strategy
m1cd5p6,twice,TWICE channel played it last night and chat was going crazy lmao,5,1733829394,TWICE_Strategy
m1cdgf4,twice,"It’s been 9 years, I’ve given up on hoping I’ll see something similar to chaeyoung at sixteen",11,1733829577,TWICE_Strategy
m1cedpu,twice,Jihyo made me rethink my life.,10,1733830139,TWICE_Strategy
m1ch1a5,twice,"Man I'll be really disappointed if she isn't next. She is slaying so much for this CB.

That Megan -> Momo -> Chaeyoung part was insane.

Sassy CY is the best CY.

I would love her to spit bars in her solo.

I think she is one of the best rappers.",19,1733831654,TWICE_Strategy
m1cj6zq,twice,[Source](https://x.com/JYPETWICE/status/1866422664342196547?t=GgwsWaAFEWLTxFp06QJbkA&s=19),3,1733832797,TWICE_Strategy
m1ckhrt,twice,"Me: Jihyo, you're so beautiful 

Jihyo: 🗿",9,1733833459,TWICE_Strategy
m1clfdf,twice,"I'm expecting something similar like when she featured on Pop Star with Coco & Clair Clair. Off the top of my head artists like Cults and The Front Bottoms have two different sounds that I think she'd nail. Maybe I'm totally off and it'll be a pop album though and I'm not saying no to another basics/rush.

I want more lyrics by Chaeyoung! Let me know if I'm wrong but hasn't she posted before about learning to produce? I think My Guitar was entirely her. I also want it on the album and more songs like this, like its just her in a quiet room with the thoughts in her head. Ik it's just a song about buying a guitar and letting it collect dust but I enjoy that!

I want the Chae weirdness/artistry too. Bring back the gigantic kinda scary bunny. The funky outfits, the arttt I want it to be entirely her. She has such a unique brand that I want it all over.",7,1733833928,TWICE_Strategy
m1cmuve,twice,JIHYO THAT WAS PERSONAL,11,1733834620,TWICE_Strategy
m1cpvxt,twice,"I had to go shave and take a shower after that look from Jihyo, I'm sorry.",9,1733836003,TWICE_Strategy
m1cqz07,twice,"For me, a Chaeyoung solo only works if she has a lot of control over it. I would want something that isn't typical K-pop and more in line with her interests in music and art style. If she drops a solo, it better stand out a lot and break the mold; she is the kind of artist that can pull that off and go against the grain. The girls said that she marches to the beat of her own drum and her solo should also do the same. It may not be the traditional K-pop that mainstream audiences would look for, but as long as it is an extension of her personality, I think it would be a success. She is a very complex person and I would hope that would translate well on a hypothetical album",11,1733836475,TWICE_Strategy
m1cr1t1,twice,"Oh wow, finally OT9 TWICE in Studio Choom",14,1733836508,TWICE_Strategy
m1crhi2,twice,Looool is Nayeon's beanie basically Strategy+pussy=stussy?,4,1733836692,TWICE_Strategy
m1cu0o5,twice,Good morning USA-ONCEs if you have time and if you like please join in Stationhead for TWICE 's STRATEGY listening Party it will start in  just over 20 minutes 9 AM ET,7,1733837754,TWICE_Strategy
m1cub4s,twice,"Thank you for submitting, /u/LesbianLikesLadies! Unfortunately, your submission has been removed for the following reason(s):

---

Rule 1: Your submission has been removed as it is not directly related to Twice. 

Content that is not directly related to Twice should not be submitted as a separate post. Depending on the content, you could post it in the ongoing Weekly Discussion Thread.



---

If you have any questions about this post removal or [regarding the ruleset](https://www.reddit.com/r/twice/wiki/communityguidelines) of /r/twice, please refer to the sidebar or [send a modmail](/message/compose?to=%2Fr%2Ftwice).",1,1733837871,TWICE_Strategy
m1cw9oa,twice,"The single shots at the end have their official colors for the backdrop. Of course, Chae still struggles with winking, and all the unnies still gush at whatever Tzuyu is doing.",34,1733838660,TWICE_Strategy
m1cxr27,twice,"Honestly, I don't even know if it will happen... I feel like JYPE couldn't give a shit about chaelo, I mean they give twice the bare minimum a special MV 😂, and not even any Bside videos.... would love chaelo but idk",-3,1733839242,TWICE_Strategy
m1cyl3i,twice,"Seriously though, you can put Tzuyu in any time era and she'll still be one of the most beautiful women of that period...",1,1733839571,TWICE_Strategy
m1d1r12,twice,The screams at the end for Tzuyu's wink 🤣,19,1733840774,TWICE_Strategy
m1d4ytv,twice,"Lmao no, it's some brand

Chaeyoung wore a STUSSY shirt a few months ago and someone edited it to say PUSSY N÷GGA",13,1733841959,TWICE_Strategy
m1d5tvs,twice,"I was 100% sure that Chae will get her solo even before they announced Tzuyu solo and Nayeon's comeback. A lot of things were pointing at that, but I'll share only one of my observations.

I think we can expect Lil Cherry as one of the collaborations, because they filmed a Tiktok together on a studio (during Talk That Talk are) and shared some photos from that studio as well. I'm pretty sure they were recording something for Chaelo (or at least Lil Cherry's album).",3,1733842267,TWICE_Strategy
m1d6gkg,twice,I just got an email saying theyre being shipped tomorrow! i never ordered from twiceshop before so i was getting a little nervous because when i ordered my signed lsfm album from their us shop it took a month to get to me and it said it was stuck in Ohio. thanks for your response!,2,1733842490,TWICE_Strategy
m1d6rcl,twice,"Isn’t lil cherry the one that has weird rap on yves’ song? Idk I don’t think I want her to work with Chae and possibly cause an issue 😩

It’ll be 100 times worse with a twice member involved",1,1733842595,TWICE_Strategy
m1d7hrg,twice,"yeah, that's her. but the thing is that she's close friend of Chaeyoung, so... Like, Chae was hanging out with Coco & Clair before, and then she released a remix on their song. I guess the chance of getting a collab with Lil Cherry is even higher, since they're friends",2,1733842850,TWICE_Strategy
m1ddcfc,twice,"I really hope she keeps diving into the more indie / bedroom pop vibe since she executes it so well ! 

Pop star, basics, rush are all some of my favorite twice related music ever put out so I hope she continues to put out music with similar vibes",6,1733844845,TWICE_Strategy
m1dhviv,twice,"I hope she gets to showcase her more 'weird' side - which she clearly embraces fully in TWICE already, don't get me wrong! just, being part of a group means putting limits to that, and I get it. I'd love to see her being unapologetically herself. 

the official release of <i>내 기타</i> (<i>My Guitar</i>, her solo song during the READY TO BE Tour) is also something I'm looking forward to! I love that song and not being able to listen to the studio version is a crime.

lastly, feats! somi, youngji, lil cherry, dahyun... her besties in general. a dubchaeng track would kill me.",7,1733846331,TWICE_Strategy
m1dpvsm,twice,"So I was on twitter today & unfortunately came across a Nayeon akgae (who I had already blocked interestingly) and tbh the most ridiculous akgaes to me are Nayeon akgaes. Anyway in the comment section, they were talking about her alleged mistreatment & mentioned that despite the fact the she studied acting, jype apparently chose to give the film opportunities to Dahyun. 

And I’m like ???? when would she have had time to act when she had a comeback? Do you really think if she wanted to act, she wouldn’t? Do you even know if she’ll do it in the future? People are so ridiculous acting like the members have 0 agency now. It’s just like how onces joke about Chaeyoung not doing anything but do you think if she wanted her own show she wouldn’t get it? The way the rest of them do? Like these people want them to be oppressed and secretly hating on each other so bad 

Also I’ve only ever come across Dahyun, Tzuyu, Jihyo & Nayeon akgaes. Haven’t yet seen the ones of other members",5,1733848898,TWICE_Strategy
m1drpww,twice,This is basically the Itzy BtB tour hat except with TWICE in RED...I mean I'll still get it but damn they could have changed it up a little bit.,2,1733849465,TWICE_Strategy
m1dww3x,twice,"Ohh yes like imagine if we got solo activities from say 2019? The fandom would be so much worse. We have it the best out of a lot of big groups so it was a sort of good trade off

Tbh I don’t know how one interacts with twice content and develops into an akgae but people will always surprise you",9,1733851093,TWICE_Strategy
m1e07uk,twice,It's Momo and Jihyo for me.,49,1733852129,TWICE_Strategy
m1e2kj7,twice,"-Full album of 10 tracks 
-Features from Youngji, Rose, Mimi, and Soyeon
-Something that like Jihyo's solo, is so specifically tailored to what she wants to do that she's satisfied and those who live only within the K Pop bubble can't stop complaining.
-Feature from Zion T because it's time to start dragging the hardcore weirdos towards normalcy
-Ultra gothic music video featuring Timothy Chalamet",1,1733852861,TWICE_Strategy
m1e4dhl,twice,"I've personally seen a Sana akgae hate on Nayeon and MiMo and it was the craziest thing to witness. Not only does she seem like a ride-or-die for the rest of TWICE, but those three in particular are probably some of her closest members in the group. 💀",10,1733853417,TWICE_Strategy
m1e4mfo,twice,"Got my vinyl today! I was real worried when I saw they just left it sitting out in a light rain but it seems the cardboard and plastic kept it dry, thankfully. I’m happy to see that they used quality vinyl packaging for Strategy (like they did for both of my Nayeon vinyls and my Jihyo one) instead of the cheaper plastic stuff they did for Ready to Be and With You-th.",9,1733853494,TWICE_Strategy
m1e4ytt,twice,"Momo and Chae definitely felt like they got some more screen time in the MV and the choreo and they definitely have been popping off this comeback. I would also say Jihyo as well, ever since her solo she has been glowing",48,1733853600,TWICE_Strategy
m1e6z1p,twice,"1. Chae - obviously knew she’d eat this up
2. Momo - her and chae fit the more Hip-hop type of concepts the best
3. Tzuyu - might seem random but to me she shined a lot in this comeback with her vocals and energy",132,1733854230,TWICE_Strategy
m1e7jbl,twice,"OT9 like for real.  I remember for the concept photos, I was blown away by everyone, especially Jeongyeon.  Then when the MV came out, Momo and Jihyo really had a hold on me.  Then for the MuBa stage, I couldn't pick who I wanted to focus on.",25,1733854407,TWICE_Strategy
m1e7qao,twice,Chaeyoung easily,22,1733854467,TWICE_Strategy
m1e8mzt,twice,Tzuyu vocals have been fire this comeback,14,1733854749,TWICE_Strategy
m1e9qzg,twice,Chaeyoung. Strategy seems like it was made for her and the video fits her style the most.,25,1733855089,TWICE_Strategy
m1ecmki,twice,Tzuyu hits different after her solo debuted!! She’s so confident now!,64,1733855976,TWICE_Strategy
m1ecrfa,twice,"Here's my ranking for the era based on who owned strategy as an album

1. Chaeyeong - definitely her, just everything about her this cb, especially the MV, just pops off. Everything from the outfits, the choreo, and even her vocals are top notch. Fingers crossed this might be a foreshadowing of CHAELO 🤞

2. Momo - strategy is more of a Hip kitsch song, with the tempo of the beats really matching Momo's style of dancing so well. Blonde bob cut with her abs just screams confidence, sexy and cool. Hats off to her raps and verses as well 

3. Jihyo, Nayeon and Jeong Yeon - for me, they are all equal, especially in the MV. Especially NaHyo chorus parts and Jeongyeon's vocal prowess being emphasized in the MV and album. Their parts are also really catchy and will leave you with LSS. As expected of our 3MIX

4. Mina and Sana - Both of them really shined with their hot girl energy in this MV. All the people I know who are MiSa biased had their jaw dropped so hard when they saw the MV. 

5. Dahyun and Tzuyu - both of them have that post-solo glow. You can definitely see Tzuyu having a really different vibe now compared to before, where she shows more confidence. Dahyun also had that post actress glow, which will make you look at her when it's her parts. Also as always, she has her golden pen, which is one of my tops in this album. Sadly they have fewer lines here to really shine, especially Dahyun only having more or less than 10 seconds with no raps.",15,1733856017,TWICE_Strategy
m1eegrs,twice,"Definitely Chaeyoung, it's her era. Momo as well.",5,1733856543,TWICE_Strategy
m1eenla,twice,"Chaeyoung, definitely.",5,1733856601,TWICE_Strategy
m1eeodb,twice,"Chae, momo and tzuyu for me",13,1733856608,TWICE_Strategy
m1eeph3,twice,"This version is better than the one with Megan. They should perform it this way moving forward. 

Anything with twice will sound good no matter what but some collabs are better than others.",1,1733856617,TWICE_Strategy
m1ef6ic,twice,"Tzuyu has been outfacing (?), outsinging, and outdancing her pre-solo-debut self. This is her absolute peak.",40,1733856763,TWICE_Strategy
m1eit1v,twice,Chaeyoung absolutely.,4,1733857888,TWICE_Strategy
m1ejpp2,twice,"Chae, Momo and Tzuyu!",7,1733858170,TWICE_Strategy
m1ejwyb,twice,Chaeyoung for me,3,1733858233,TWICE_Strategy
m1ekgxi,twice,Jihyo 1000% but I will also give an honorable mention to Tzuyu!,19,1733858405,TWICE_Strategy
m1epc6v,twice,Tzuyu,6,1733859916,TWICE_Strategy
m1epxgw,twice,Jihyo and Chaeyoung,5,1733860099,TWICE_Strategy
m1et6b2,twice,"Can you imagine a Momo and Chaeyoung duo? Crazy.

Sometimes I feel that Momo feels out of place because MISAMO has certain concepts that I think are not 100% Momo, however with Chaeyoung it would be a Strategy style and could be varied but balanced",3,1733861109,TWICE_Strategy
m1evl5h,twice,"Chaeyoung, Momo, Jihyo",9,1733861868,TWICE_Strategy
m1ezp0l,twice,CHAEYOUNGIEEEEEEEE,5,1733863146,TWICE_Strategy
m1eztxm,twice,"I love WiL, TT, and Fancy so much too! (I've been a once since 2023, but I knew a few songs before and I love how TWICE makes even newer fans like me feel like they've been staining all along, there's so much good content put out basically daily!)",2,1733863188,TWICE_Strategy
m1f0jpw,twice,"Chaeyoung

Momo

Megan Unnie",6,1733863410,TWICE_Strategy
m1f3vwp,twice,For me I think Mono and Mina like the blonde hair deff allowed them to shine this era and Tzuyu rlly surprised me also.,2,1733864427,TWICE_Strategy
m1f403g,twice,chaeyoung,4,1733864462,TWICE_Strategy
m1f4kze,twice,"Chaeyoung, Jihyo & Momo

Shoutout to Tzuyu & Mina as well",6,1733864642,TWICE_Strategy
m1f4zax,twice,Chaeyoung without a doubt,5,1733864765,TWICE_Strategy
m1f8imi,twice,Chaeyoung 🥰. I'm glad they gave her more lines — she ate in this album,3,1733865848,TWICE_Strategy
m1fer62,twice,"CHAEYOUNG, JIHYO, TZUYU, MOMO, JEONGYEON, NAYEON, MINA, DAHYUN and lastly my shashawasha SANA",1,1733867765,TWICE_Strategy
m1ffkw9,twice,Yes it was mostly JIHYO and JEONGYEON filming,2,1733868021,TWICE_Strategy
m1fgqlv,twice,"Yes, some people have started to receive them and post their pulls behind spoiler tags here.

If this is your first time ordering from TWICESHOP, this is normal speed in terms of processing the orders. Compared to signed copies of previous albums and, the inventory for this one is just a lot more, thus a lot of orders to fulfill. Signed versions of Step 2 and Step 3 are still available, it’s only natural that they still have a bunch more orders to pack up and ship out.

TWICESHOP does not operate like Amazon’s network of fulfillment centers to where you can like get what you ordered before you even actually placed the order. This is normal speed for TWICESHOP, and add to the fact that we're in the December holiday rush, every warehouse with orders to ship, and the couriers tasked with picking up stuff are all working to and beyond capacity.

Waiting isn’t fun and can be excruciating, I get it, but you will get your order soon enough.",3,1733868395,TWICE_Strategy
m1fhe04,twice,Tzuyu could end wars with that wink at the end,7,1733868606,TWICE_Strategy
m1fj1df,twice,"1. Chae

2. Momo

3. Tzuyu/jihyo

4. Mina

5. Nayeon

6. Jeongyeon

7. Sana

8. Dahyun


Everyone shined in their own way but this is my ranking based on who wowed me first",6,1733869138,TWICE_Strategy
m1fjoiq,twice,Mine arrived yesterday. I pulled signed Nayeon postcard and Dahyun ornament. Also got Ice Cream Dahyun photocard and Tzuyu poster,1,1733869348,TWICE_Strategy
m1fk7we,twice,Right? I hope the girls “intern” with Meghan and just have Chae or Dahyun take Meghan’s part for future projects. Or Jihyo but that’s too much god for one member,-1,1733869524,TWICE_Strategy
m1fnoyf,twice,"Thank you for submitting, /u/hxllyng! Unfortunately, your submission has been removed for the following reason(s):

---

Rule 8: Your submission has been removed because it contains similar or identical content to that of a previously submitted post.



---

If you have any questions about this post removal or [regarding the ruleset](https://www.reddit.com/r/twice/wiki/communityguidelines) of /r/twice, please refer to the sidebar or [send a modmail](/message/compose?to=%2Fr%2Ftwice).",1,1733870669,TWICE_Strategy
m1foi8d,twice,ot9 for sure but i do think tzuyus increased confidence lately shines through so much and im very happy for her,3,1733870938,TWICE_Strategy
m1fqzfn,twice,"We can get over 100K!!! If you can buy the digital album on Twiceshop, Amazon, iTunes, Stationhead.",28,1733871765,TWICE_Strategy
m1froa3,twice,"This is huge, even if we land at 4th since it's very close, I didn't see this coming at all. TWICE definitely makes a huge splash with their album sales.",13,1733872002,TWICE_Strategy
m1frps8,twice,"Always biased towards Nayeon and her music video ending fairy killed me irl, and her and Jihyo’s adlibs leading up to that were also soooo good, but she wasn’t really heavily featured in the center this mv, so my vote goes towards Chaeyoung or Momo. Their performances in the center during the sweatsuit white room dance break went so hard.",3,1733872016,TWICE_Strategy
m1fszkc,twice,Congratulations Twice and US-Onces.,10,1733872454,TWICE_Strategy
m1ft5c1,twice,"For it was 

1 chaeyoung 

2 momo",2,1733872510,TWICE_Strategy
m1ft5g4,twice,"I know not everyone here cares about charts BUT if you want to help out and you live in the US, the $5 Nemo version on twiceshop counts towards this (I believe). There’s a coupon code out there that takes it down to $4!",14,1733872511,TWICE_Strategy
m1fupet,twice,Is playlisting something the labels need to push? Whyyyy don’t they ever do it for twice 😭😭😭,4,1733873054,TWICE_Strategy
m1fwp6g,twice,"That’s not very “heart eyes” of you, Jihyo",2,1733873764,TWICE_Strategy
m1fx1pf,twice,If you need funds for digitals you can contact the US fanbase [https://x.com/TwiceUSofficial/status/1866624677931524188](https://x.com/TwiceUSofficial/status/1866624677931524188),7,1733873889,TWICE_Strategy
m1fxm26,twice,"i think you mean Memo digital version, nemo ver is not on twiceshop",8,1733874093,TWICE_Strategy
m1fyle1,twice,I can’t believe both Taylor Swift and Kendrick Lamar dropped in the same time frame 😭 Twice always so unlucky when it comes to release weeks.,10,1733874446,TWICE_Strategy
m1g085a,twice,There are already 2 versions so I'm not sure if they wanted to avoid muddying things further. I wouldn't be surprised if Megan also approved the title track version as part of the deal but additional remixes aren't included (since Twice featured on one of her songs and Megan featured on one of their songs).,3,1733875023,TWICE_Strategy
m1g1ydv,twice,"I think some of them are just psychos. I’ve seen akgaes wishing de@th and r@pe to other members which, especially for a group as kind as Twice, is absolute insane behavior. Doubt it’s really screen time, line distribution or chart numbers that cause them to be that unhinged. That brokenness was there before.",6,1733875646,TWICE_Strategy
m1g2yy8,twice,Probably just Twice still.,41,1733876017,TWICE_Strategy
m1g4xvj,twice,"Twice

I see the 9 as their stylistic T logo",5,1733876733,TWICE_Strategy
m1g7y67,twice,"I Got You got me thinking they started giving Jihyo the Jeongyeon treatment for a bit there.

Also, Espresso line distribution is such a mystery because all the ""E.S.P.R.E.S.S.O. that's who I am"" parts sounds similar. I'm not even sure who sings each one till this day ngl 😭",24,1733877813,TWICE_Strategy
m1g8ian,twice,I personally still pronounce it as Twice and imagine the 9 being a “T” lol,1,1733878014,TWICE_Strategy
m1g8u60,twice,Nayeon: “TUAH-WICE”.,26,1733878132,TWICE_Strategy
m1g9fig,twice,"Chaeyoung has always been the biggest wildcard in Twice for me. From the way she presents herself, the art she makes, her insta, the vibe she gives off…it’s all very non-idol like and unique. 

She said she wrote the lyrics for Rush because she likes the Jersey Club beat. Her boyfriend is Zion T, Korea’s answer to Jamiroquai. She seems close to Lee Youngji, currently the most trendy Korean rapper and singer who’s bagging several awards this year. Her NTS DJ stint was full of gems from different genres. 

So, if she can somehow filter all that into one solo album, I think we’re gonna be in for an artistic treat.",3,1733878347,TWICE_Strategy
m1gahmd,twice,Chaeyoung vs winking: winking still undefeated,8,1733878734,TWICE_Strategy
m1gaxq7,twice,"I saw the recent videos on twicetagram, I loved the strategy coreo however my cousin and I paid attention to how flacid twice members legs are (specially Momo and Sana latest videos). They do a lot of crazy dieting but I thought their dancing routine would build some muscle in their tights. Although their bodies are quite pretty to attend the kpop standards they are human with flaws like us.",-3,1733878896,TWICE_Strategy
m1gbfd6,twice,"it's definitely not a perfect match, but I think most people would read ""il"" like ill, and that's a very different vowel sound from the long ee sound.

1 is 일  
2 is 이

The only difference is the ㄹ sound at the end of 1.

It's the same vowel sound as ""mi"" in Mina or ""ji"" in Jihyo.",13,1733879076,TWICE_Strategy
m1gee2y,twice,Twice's official content uses it a lot; mostly in video subtitles but also in some Twitter posts (recent examples [here](https://x.com/JYPETWICE/status/1847653940705579178) and [here](https://x.com/JYPETWICE/status/1862376005786296510)),4,1733880162,TWICE_Strategy
m1ggew6,twice,"Kinda bummed that we might not get a full dance practice video for this comeback. The CCTV-type one was fun, but the full video with discussions was one of my favorite content during a comeback.  
  
 I still remember One Spark's dance practice where some member are discussing and the correct positioning while Tzuyu and Chaeyoung was just in the back whining and laughing.",5,1733880920,TWICE_Strategy
m1gh7pa,twice,"I wasn’t able to, I ended up donating to twice fan vote union on PayPal!",2,1733881219,TWICE_Strategy
m1gln2k,twice,"The song is #242 on Melon. This is one of those instances where I genuinely feel bad for the members. I think they put in more effort than any other older group , and they were so passionate about this. It must be disheartening for them.

The situation in Korea is a factor, but even then, a few other new releases don't seem as affected, so there are likely other factors at play.

Personally, I think performance-based shows like Rainbow with Youngji and Studio Choom are more beneficial than variety shows since people tend to re-watch those performances.

Seventeen is performing at the Billboard Awards. I think JYPE/Live Nation could have easily pushed for a spot for twice. They have two albums in the Top 3 in single year first k-pop gg to do so definitely deserves it. Plus, with their comeback being so close, it would have been an excellent opportunity for exposure.",-1,1733882891,TWICE_Strategy
m1gphph,twice,"alright so time for the real questions, what twice songs(and solos) would you put on a twice winter/holiday/christmas themed playlist? even songs that don’t seem at first glance to include",5,1733884367,TWICE_Strategy
m1gr7fh,twice,"JYPE always does this, I GOT YOU also had positive reactions yet there was no promo whatsoever in the USA especially, TWICE also didn't go to US to promote now same with STRATEGY which has a major collaboration with MEGAN 

JYPE never really wants to push the needle for TWICE even though they can easily become more prominent and more celebrated, more so because their other acts are trailing behind by far bar maybe SKZ",4,1733885019,TWICE_Strategy
m1gss0e,twice,"It doesn’t make any sense to me… sort of sabotage your most successful group for what…? If not sabotage, at least we can agree they don’t do enough to promote twice",4,1733885621,TWICE_Strategy
m1guc2b,twice,Thank you for your explaining. As always JYPE won't do the full for Twice. Sound like a bitter old man but you know who JYPE will go full for...,3,1733886220,TWICE_Strategy
m1gv3qo,twice,"1. Chaeng
2. Tzuyu
3. Jihyo
4. Jeongyeon
5. Momo",4,1733886524,TWICE_Strategy
m1gxom3,twice,"Chaeyoung, Momo, and Tzuyu! With honorary mention to Jeongyeon because she is just glowing and seems so happy. 🥹",4,1733887553,TWICE_Strategy
m1gxtkq,twice,Yeah they don't promote TWICE enough unfortunately :/,1,1733887609,TWICE_Strategy
m1h3au7,twice,I can’t decide between mina jihyo tzuyu momo and chaeyoung all of their parts are so addictive and eye catching,5,1733889865,TWICE_Strategy
m1h6f3u,twice,"Not to be pessimistic here but honestly,  IDK if I should be more hopeful about more collabs in the future if this is the way they handle them. We don’t even know how this swap deal with Megan happened but I’m honestly glad that she is the first big feature for Twice. Even Hotties were really nice and even post things about music shows 


The Korean promotions this time has been amazing I’ll give them credits for that. I do see some outsiders that are curious and tuning in this comeback. Only thing left that has *yet* to be done is that there aren’t any significant push. Heck, even RR was silent for **a month** about this comeback on Twitter and IG until Twice went to LA and when they did something *for* this cb, it’s involving fricking Roblox again LOL 🤷🏻‍♂️🙄",7,1733891225,TWICE_Strategy
m1h8qjh,twice,Look at me was basically Nayeon feat Jihyo with cameos,19,1733892261,TWICE_Strategy
m1hceji,twice,"Dance the night away with poor chae not getting to say any more than ""let's dance the night away!"" lmfaoooo

just a bit funny because strategy line distribution is actually really good, but I was surprised to have to wait THAT long to hear Nayeon and Jihyo!!! obviously Jihyo took the chorus part but still",25,1733893987,TWICE_Strategy
m1hdau2,twice,"Yeah I’m not gonna lie I don’t know who thinks these Roblox events do anything for the group or why they are even a thing. If the members enjoy it, ok I can’t really complain about it, but I don’t think it has any real discernible benefit for the group. If this was all Republic could swing, or all JYPE is willing to pay for, we’d have serious issues. 

Thankfully this time we did get some new ideas like the Amazon Prime concert after the NFL game - a genuinely novel idea. The influencer stuff is take it or leave it but I don’t think it hurts them. 

I also think the staggered promo actually worked out well this time if not for the cancelled music shows, but domestic and US fans got to eat. I do hope they can figure out one stage with Megan in the US but I don’t know if that’s possible…

On the other hand, you have to wonder why their tour stats weren’t reported correctly or fully to get a BBMA nomination for a historic tour - which could’ve even led to a performance of their big new single. I mean hell, even Stray Kids are performing there and will probably play their new title track. Megan has performed there before, too. 

I don’t know what’s up with Republic, if they’ve shifted some priority, or if they’re saving up for a big push when the tour is announced - but I don’t think they’re abandoning Twice. I think overall the promos have been very strong. It’s just a shame that they or STRIDE don’t want to signal blast it further, capitalize on Like It Like It doing well, etc… but we have to make do with what we have.",6,1733894432,TWICE_Strategy
m1he46t,twice,Tzuyu. She is so confident with this choreo,2,1733894835,TWICE_Strategy
m1hfsvt,twice,"Nayeon just posted some selfies to insta with “Luther” as the song and I just about transcended.

(also s/o to dot and sza for one of the smoothest cuts of the year)",8,1733895699,TWICE_Strategy
m1hhkwm,twice,"I feel the only one who could match Megan's vibe is Jihyo. Also Momo, but only when she's moving her body. 

So, Jihyo and Momo and (Twice's next solo) Chae!",3,1733896647,TWICE_Strategy
m1hhqnz,twice,Yes! Original title track was Like It Like It but Chaeyoung said Strategy would be a better title track,2,1733896734,TWICE_Strategy
m1hijkf,twice,"Maybe it’s only bbl atm? Dahyun and Nayeon’s IG got new updates, I just don’t know if that’s their manager doing that or not. Idk about other groups in JYPE though",4,1733897177,TWICE_Strategy
m1hj15u,twice,[Source](https://twitter.com/JYPETWICE/status/1866724721095741693),4,1733897445,TWICE_Strategy
m1hj2xf,twice,[Source](https://twitter.com/JYPETWICE/status/1866724610810716517),1,1733897472,TWICE_Strategy
m1hj4cb,twice,[Source](https://twitter.com/JYPETWICE/status/1866724689391030362),2,1733897493,TWICE_Strategy
m1hjf2e,twice,"> I know JYPE has the highest profit margins (probably because they do the smallest amount of promo possible)

Yep. 

JYPE employ the fewest and spend the least out of the Big 4. They prioritize keeping a healthy profit margin, which keeps the company and stock in good standing. 

To be fair they do not have the assets nor connections of HYBE, so they can't just continuously spend (and even that is catching up to HYBE). Record-breaking tour revenue from Twice and (next year) Stray Kids should mean they get a healthy re-investment, but I've seen some Stays complaining that their budget doesn't seem to be increasing either. 

> this can’t be sustainable in the long term.

Probably not. Everyone sold less this year overall (music industry trend as a whole) but the dips from previous highs were higher than expected, even for younger groups. The only JYPE group who really charted domestically this year was Day6, who had a genuine viral revival - but every other group barely made noise on the domestic charts. 

It's hard to articulate why this happens in Korea, too. I don't know if Melon has a similar setup as Spotify, but it really wouldn't surprise me given how so much of their economy has a pay-to-play setup. JYPE had beef with Melon a while ago, but it has been many years since then...",5,1733897658,TWICE_Strategy
m1hknns,twice,I still have trouble picking Tzuyu’s voice 5 years later. Everytime I’ll be like ‘Who’s voice is that?’ and everytime is Tzuyu. You’d think I’d figure it out by now.,12,1733898351,TWICE_Strategy
m1hlhdu,twice,"Chaeyoung was first. This can only mean one thing 

![gif](giphy|rxy55jHaig16K2TV8x)",36,1733898829,TWICE_Strategy
m1hm4px,twice,"All of Momo‘s rap lines in set me free

Megan Thee Stallion yelling her lungs out in strategy when she needs to calm down. It’s a TWICE song.",-11,1733899207,TWICE_Strategy
m1hm4y6,twice,"Apparently it's for the annual JYP EDM Day (Every Dream Matters) charity event. For the past few years the video has been uploaded on Christmas Eve, although they haven't worn Hanbok in the past so I'm wondering if it has been moved this year to align more with Seollal (Korean New Year) in late January.  
If you search JYP EDM Day on YouTube you'll find the videos from previous years. Last year's event was co-hosted by Jihyo and Bang Chan, along with JYP.",2,1733899210,TWICE_Strategy
m1hmmpc,twice,"Tbf, no one saw Kendrick coming & no one probably knew Taylor was going to be releasing more vinyl versions last week. 

A month ago, it was probably between Rosé & Twice for the number 1.",3,1733899499,TWICE_Strategy
m1hpt2h,twice,I'm just glad that jihyo is treated like a main vocalist this comeback. After what happened in I GOT YOU and One Spark.,1,1733901432,TWICE_Strategy
m1hsv12,twice,"Strategy. The version without Megan. Although I didn't expect much from div3 at the first place, I thought they would let Chaeyoung, Dahyun, and Momo to do the Megan's lap part",3,1733903380,TWICE_Strategy
m1hvx0p,twice,"can someone tell why when i try to buy something from the twice shop it says “ Your order cannot be shipped to the selected address. Review your address to ensure it's correct and try again, or select a different address.” i typed it right so i don’t know whats wrong. is it because im in Europe? please help",1,1733905403,TWICE_Strategy
m1hw0kq,twice,The fact that it's the usual age order except for Chaeyoung is definitely interesting,9,1733905470,TWICE_Strategy
m1hw1vn,twice,"Having 100% say on a solo album is nearly impossible, but hoping she gets the freedom just like Jihyo did with her Zone album.  
  
Hope she'll have at least 1 collab song with Youngji or Somi.",2,1733905495,TWICE_Strategy
m1hxea9,twice,"I simply never use that term. “9WICE” makes no sense.

TWICE is nine. If one member is missing, then it’s incomplete. If it’s complete, it’s “TWICE”.",1,1733906429,TWICE_Strategy
m1hxfvb,twice,"don't know it's from JYP or JYPE
the donations of 200 millions KRW each  to 5 hospitals and medical centres in 5 provinces for the treatment of young people under the age of 20 from vulnerable family 


They have been doing these kinds of projects with EDM, even TWICE and NAYEON  donated on separate occasions 


even before that TWICE (probably most of the idols from JYPE) used to go to some hospitals and perform for the patients",5,1733906461,TWICE_Strategy
m1hziqo,twice,"The reason why 'TWICE' MOMO is so lovely is because she is: ""made in Japan.""",13,1733907910,TWICE_Strategy
m1i0ifz,twice,"lol people here were curious why Tzuyu’s scenes were happening in front of garbage and the members are also wondering. 

It’s always interesting to see how much they know and don’t know before the MV is done. So much happens in post production.",17,1733908608,TWICE_Strategy
m1i42kt,twice,"I can’t believe they thought of Team Silver for MiSaMo 😭Also, did they just say that Chaeyoung is the youngest? Lol Aaaand Jeongyeon filming videos as if she were a YouTuber to send to their group chat is hilarious fr
A really nice episode to watch! And I also didn’t think she had the choreo wrong in the Amazon music performance because she did it so confidently lmao",15,1733911104,TWICE_Strategy
m1i5xp6,twice,"unrelated to twice, but ten shows at Wembley?? wowee

tbh if they did 40 shows at Wembley…. It’ll still sell out.",57,1733912377,TWICE_Strategy
m1i635q,twice,Twice is in 3 Seoul concerts right?,9,1733912479,TWICE_Strategy
m1i6h06,twice,"0 - YEONG

chaeyo.0 - Chaeyoung (Chaeyoyeong??)",3,1733912734,TWICE_Strategy
m1i6tj4,twice,I mean DID YALL SEE LATINA JIHYO,1,1733912966,TWICE_Strategy
m1i8252,twice,Woah.. think I’d be more excited for Twice than Coldplay,12,1733913787,TWICE_Strategy
m1ialee,twice,Not the unexpected Twice and Korn crossover,29,1733915394,TWICE_Strategy
m1ibw3l,twice,"I know [Nayeon donated twice (ha) to Donggang hospital](https://x.com/twice_seung/status/1818260340943278133) for patients who can’t otherwise afford surgeries. 

1st time 20M won. Then another 30M won after they let her know that those funds were used up. She initially wanted to stay anonymous but because a patient wanted to know who made his surgery possible, it was then revealed to be Twice’s Nayeon.",4,1733916153,TWICE_Strategy
m1id9sw,twice,"So, similar to how English has different language roots (Latin, Greek, old English, and even French), Korean has both ""Chinese"" and ""Korean"" roots.

It's kind of like how in English, beef and pork are cows and pigs, but only in culinary contexts. Those are both French in origin

""Hana, dul, set"" is ""one, two, three"" in the Korean numbers. Generally, these numbers are used for counting, while the other numbers are used for most other things. Honestly, it can get pretty confusing. It can be like effect vs affect or lie vs lay in English-- not hard, but just complicated enough that it's easy to mess up. 

In fact, I'm pretty sure I've seen Momo and Tzuyu both mess it up

Edit for a detailed reference: https://www.reddit.com/r/Korean/comments/7paeil/numbers_when_to_use_sinokorean_or_native_numbers/

Chinese = Sino-Korean  
Korean = Native",3,1733916977,TWICE_Strategy
m1idnj2,twice,"ohhh, so Coldplay management did approach Twice for their Seoul leg. Wonder what Twice songs would fit into Coldplay's type of concert atmosphere",37,1733917197,TWICE_Strategy
m1ifrp5,twice,I just feel so lucky to have watched both of their tours 😀. Twice (Sept 2023) Coldplay (January 2024),14,1733918362,TWICE_Strategy
m1ihzy8,twice,Twiceshop is for the US only unfortunately,1,1733919520,TWICE_Strategy
m1ii6b4,twice,"TBH after NaMoSaJiMiTzu solo/subunit, only JeongDahChae are left. Since Dubu already went for the artist route, we can safely assume that she would focus on that next year assuming also that the drama casting would push through. That leaves us with JeongChae. Between the both of them, Chae is more likely to be the next considering that she has a lot of writing creds, she has a diverse vocal ability along with being a rapper in twice, and she is seen to be really involved in music, with her melpros and her Collab with coco&clairclair. 


Assuming that it would follow the trend where JYP would be the one writing the title track, I just hope that she would also have writing credits to the TT. I also want to see her produce her music ngl",3,1733919609,TWICE_Strategy
m1imh56,twice,"I know but its not about being number 1 or not just about the units sold, for example their first number 1 on billboard was with way less sales then their previous album I just thought because of the huge hype for this album the sales would have increased again.

Also its not the same for every group out there for example, Itzy was able to increase their sales again with their last album and interestingly Stray Kids also had a big decrease of sales with their last two albums overall but not in the US there their sales increased with each release.

That being said Twice's sales seem to be quite stable for now its mainly the streaming that would need improvement.",1,1733921654,TWICE_Strategy
m1io5to,twice,It’s interesting that Nayeon’s projects don’t have his writing credit on the TT. I wonder how she swung that,1,1733922397,TWICE_Strategy
m1iopsx,twice,For all of them. Look at the colors beside TWICE’s name and those beside the Goyang Stadium date,6,1733922637,TWICE_Strategy
m1ipqbw,twice,Get ready for bagpipes on the next Twice album.,8,1733923071,TWICE_Strategy
m1ipqfm,twice,"Lmao you’re not even korean… the most popular in Korea is (1) Nayeon (by far) followed by tzuyu or sana interchangeably. In the west, it’s (1) MOMO, (2) tzuyu, and then (3) Nayeon. Jihyo moves up a lot in the west but still not top 3.",1,1733923072,TWICE_Strategy
m1izq5d,twice,I'm requesting Chris and Jonny to bring TWICE to WEMBLEY for a few nights,2,1733927006,TWICE_Strategy
m1j1m2h,twice,"I always giggle when Jeongyeon opens her mouth during Like Ooh Aah for her ONLY lines and then you just hear Jihyo starting wailing over her. It was ICSM but funnier.  Like at least Nayeon started belting during ICSM before JY started the last chorus so you heard Jeongyeon come in, but with LOA they shared the first word except Jihyo drew it out into a belt so you don’t even hear JY say it. And then she continues and Jihyo just belts again",7,1733927705,TWICE_Strategy
m1j6ilh,twice,"Megan Thee Stallion, American female rapper featured on Twice's latest title track.",35,1733929435,TWICE_Strategy
m1j7gzu,twice,"was late to stanning twice, i remember watching oo ahh and just sat there waiting for jeongyeon. :(",1,1733929759,TWICE_Strategy
m1jeo8t,twice,"While watching Hyo Level Up, and hearing JYPNation mentioned. My first thought was that Twice's 10th anniversary could be a smaller version of that. With newer and older JYP artists doing covers of Twice songs. I know Nayeon mentioned on Star Dairy, saying she wanted the 10th to be a ""festival"". It sounds possible, if other groups have early Oct open in their future schedules, we might just see it.",9,1733932129,TWICE_Strategy
m1jfx34,twice,"ITZY thankfully increased their sales after an abnormally huge drop with the previous album, which seems related to member Lia returning. Stray Kids have been getting significant opportunities to expand their western fandom, like festivals, OST work for western projects like Deadpool and Arcane, US award show nominations and performances, a Met Gala appearance, etc… Twice were busy on tour in 2023 and most of this year but it’s clear they aren’t even being submitted properly for stuff like the Billboard Music Awards in touring where they would’ve been nominated at the least. It’s not a level playing field.",2,1733932532,TWICE_Strategy
m1jh0v0,twice,"Music of the Spheres is the tour that never ends lol.

I see some fellow Onces on here not very enthusiastic about Coldplay, and I understand because I used to feel apathetic about them too. I grew up during Coldplay’s prime, when Alt Rock still had a prominent presence in popular music. It’s crazy to me that the band that made “Yellow” would eventually become one of the world’s most successful touring acts, selling out stadiums wherever they go.

In 2017, my cousin brought me to a Coldplay show. I went in knowing only their hits and having no expectations for the show. It ended being one of the most spectacular productions I’ve ever seen. The whole experience was mindblowing. It didn’t matter if you were a big Coldplay fan or someone that just got dragged to the concert, you just get swept up by the atmosphere they created. On the drive home my cousin and I could not stop going on about how good that show was. We agreed that we would go again the next time they came to town, which we did in September 2023.

Twice and Coldplay have more in common than you think. Both acts are able to transcend the language barrier and their music genres. Coldplay has a charismatic frontman in Chris Martin. Twice has nine charismatic members. Both acts have a captivating stage presence. Both have big immersive productions that sweep everyone in. Many of us gave k-pop and Twice a chance, so for any Onces that don’t care for Coldplay and may get dragged to one of their shows in the future, I would urge you to give them the same chance.

Twice have never had a stage as big as this at home during any of their tours. This is a huge opportunity for them to show Korea who they still are and why they’ve survived nearly ten years in the ever changing world of k-pop. Good luck to Twice, and hopefully we hear more about their 2025 plans soon.",22,1733932883,TWICE_Strategy
m1jkizt,twice,"i definitely understand and agree with your take. it meg does add a bit to the track, i really like her raunchiness that you don’t usually get from a twice song.

and 100%! the thing i love the most about this song is the production value, they absolutely killed it with this song. it’s very addicting and high quality",50,1733933996,TWICE_Strategy
m1jko0s,twice,"I prefer without. I think it’s quite hard to have a feature with such a large group - normally I’d expect a featured artist would be sprinkled a lil more throughout the song so for me it feels a bit out of place.

I think it’s a good decision for Twice, and I don’t dislike Megan’s verses though.",81,1733934039,TWICE_Strategy
m1jojxc,twice,Without - the vibe gets derailed with Meghan IMO. She would be better for Twice songs like Go Hard,36,1733935259,TWICE_Strategy
m1jp85s,twice,"I like it more with her verse, I actually feel like that version leads better to Momo’s bridge. 
Tzuyu’s part in the chorus is not very intense (not that it’s bad, it’s just her voice is much softer than Jeongyeon’s in her part in the first chorus), so the transition to Momo doesn’t feel like enough of a drop. With Megan, Tzuyu leads up to Megan, then her verse starts building up tension and then drops to the bridge.
The Twice version is still good and I’m impressed they were able to pull it off and make it sound like a song on its own.",12,1733935465,TWICE_Strategy
m1jv34k,twice,"I'm on record to say that Twice doesn't need to do collaborations.  But no question Megan's verse elevates Strategy.  At the very least, someone else should do her verses because that transition into the Momo-led part hits harder than just the 2nd chorus into it.",2,1733937274,TWICE_Strategy
m1jvctg,twice,"Without. I agree with your take OP that the song flows better going straight from Tzuyu to Momo and Chae - Megan's verse is delivered well, but I feel it contrasts too much with the rest of the song. I also expect this version to be regularly performed at concerts as they can't have Megan at all of their shows.",24,1733937356,TWICE_Strategy
m1jx0y8,twice,"I prefer the version with Megan! She elevates the whole song. I believe a TWICE member said how if it’s just them, it’s a cute song, but with Megan, it becomes more grand—which I agree with. Her verse makes it a really solid title track.

Like, I get how it was originally a B-Side (I’m assuming it was just the TWICE version then). I feel it doesn’t pack as much of a punch as a lead track without Megan. And, tbh, when I listen to the whole album, I skip the version without Megan.

That being said, it doesn’t sound awkward without Megan. Both versions work as standalone songs, which is amazing to me. The producers did so good on that aspect.

I also think it’s fitting that their first major collab is a rapper. I Got You tested the waters by featuring Lauv but then I found adding another whole singing verse made it feel a little too long. However, by collaborating with a rapper, adding one whole rap verse breaks the monotony and adds some spice (granted if the rap is well written and incorporated, like this one).

I do wish we got some Megan ad libs in the verses and chorus for more dynamic interaction, but this is already pretty good as it is now.

I’m curious how they’d handle collabs from here on out, because surely we can’t always have a version that’s just TWICE that would work as well as this. It’s pretty hard to pull off (but amazing if they do).",88,1733937870,TWICE_Strategy
m1jztuc,twice,"MEGHAN verse elevates the whole song tbf 

It's kinda like the NIKKI/ DOJA remixes of TWICE TITLE TRACKS using AI, some of the bars hit really well and same for MEGAN

Unfortunately idk if we're ever gonna see the live version with a big ass crowd 

I really hate that TWICE don't do these MAMA/MMA etc. stages anymore, regardless of the issues with both the shows for us ONCES and even TWICE, these shows certainly showcases TWICE performances in better capacity - 

Example :-
TWICE CRY FOR ME performance in MAMA 2021",7,1733938731,TWICE_Strategy
m1k0nb2,twice,"A very unfortunate styling decision for multiple members, over multiple days. I first noticed it during the Amazon music live and brushed it off as a one off thing. But its continued to happen over multiple different days of filming with many different members, including the music shows and even variety content. I just don't get how the stylists and those monitoring their performances didn't see it as an issue. This is the type of stuff that I absolutely hate the most above all else when it comes to twice and has been legit the only misgiving I've had for this comeback.

That being said I have been absolutely proud of the amount of effort put in this comeback by the members",3,1733938981,TWICE_Strategy
m1k4xbw,twice,"Yea I don't mind both. The only thing for me is when I'm just listening to my Twice only playlist, when Megan's part comes, it takes me out of it for a second",7,1733940272,TWICE_Strategy
m1k5itx,twice,"Without. Nothing wrong with it, it just feels random having her suddenly rap about her ass. Doesn't fit with Twice's vibe",6,1733940450,TWICE_Strategy
m1k653f,twice,Nah.  Maaaaybe Twice's next world tour for the LA date...😂😂,66,1733940630,TWICE_Strategy
m1k6hvd,twice,"I prefer with.  Jihyo, Jeongyeong and Nayeon are the only members with quality voices so it was nice to have another artist with vocal presence on the track.",-11,1733940733,TWICE_Strategy
m1k7qdc,twice,"Definitely With. The rap is almost my favorite part. 

The next version would be with Youngji. I actually REALLY liked her energy. It was my first time seeing her perform so she really shocked me. 

Then the last version would be without the rap version. I've grown to like it since the release, but I definitely prefer the versions with the rap. 

I kinda hope they could rotate a female rapper who can do that English part during performances. I kinda liked seeing Twice as the hype girls during Youngjis performance lol",0,1733941091,TWICE_Strategy
m1k8nt6,twice,"With, the song is the perfect length with her verse and  she carries the song from Tzuyu to Momo and Chae really nicely and helps shift the energy.",-1,1733941361,TWICE_Strategy
m1k9n25,twice,Strategy with Megan's verse but with Twice singing in Korean.,-3,1733941647,TWICE_Strategy
m1kajwr,twice,"I totally prefer it with! I am a really big fan of Megan and her lyrical genius (example: “I’m a man eater you are just a light snack, I got him pressed like he’s working on his triceps”) I think she’s so smart and adds a mature vibe to the song that I think twice is trying to achieve these days. I’m proud of Megan and the impact she’s had recently and it’s so exciting to see two faves collab like this!",10,1733941914,TWICE_Strategy
m1kbrca,twice,"Definitely not that date lol. As the other user said, probably on Twice's next tour at a major US stop (LA, NY, or maybe Texas since she's from there).",39,1733942271,TWICE_Strategy
m1kcg05,twice,"Oh yeah, you're right. My mistake on nayeon's album. But assuming it would follow that trend with Hyo and Tzu's TTs being JYP, I hope it would have more of her personal taste on it 😩",2,1733942471,TWICE_Strategy
m1kcg7c,twice,"I heard the Megan version first, but I also like the ""Twice version"" as well.",0,1733942472,TWICE_Strategy
m1kdqib,twice,Albums from TwiceShop came in!,7,1733942847,TWICE_Strategy
m1kf052,twice,"Without, but our Girls will make anything good and look good. TWICE ❤️",6,1733943218,TWICE_Strategy
m1khp93,twice,"If anyone is curious, I can confirm that the Vinyl album sold in Europe is the same as the one sold on Twice shop. Both versions arrived Yesterday. They have different barcode stickers but the shrink wrap on both states ""Made in Canada""",8,1733944010,TWICE_Strategy
m1km1m4,twice,">we need to get on that

No we don't. A lot of fans don't prioritize/aren't interested in voting for music awards, and certainly not gonna put it over job, school, other life commitments.

Award/show wins are neat, but they are so not the end-all, be-all measurement (neither are stream/view counts) of recognizing/celebrating TWICE's longevity and continuing success.",10,1733945290,TWICE_Strategy
m1kmi89,twice,we won the pre vote on music bank and tzuyu got 1st on idolchamp but yeah in general onces don't vote much we just buy albums and merch,6,1733945425,TWICE_Strategy
m1kt6cw,twice,"Without. TWICE has nine people and doesn't need to ""feat."" anyone.",1,1733947392,TWICE_Strategy
m1l105u,twice,"With, 100%. I haven’t even listened to the other version and forgot it existed. I’m an American who loves rap music and kpop rap no matter what the group just doesn’t hit the same for me considering I’m not fluent in the language and sometimes it feels very forced. Megan is a rapper’s rapper imo and seeing as Twice has constantly said and shown that they wanna move towards a more mature direction I think Meg’s verse was perfect for the song",-2,1733949723,TWICE_Strategy
m1l15c3,twice,"Jeongyeon treatment:

line giving process of ICSM, 2020

""Oh shit we forgot Jeongyeon again""

""Just give her one of NaHyo's final chorus lines""

""Aiight""

""But make sure Nayeon adlibs at the top of her lungs simultaneously""",1,1733949766,TWICE_Strategy
m1l2na7,twice,"I like both, but the Megan version brings a different kind of vibe. I love Twice and I also want to see them do more title songs with other artists",0,1733950202,TWICE_Strategy
m1l32ac,twice,"I’m very excited to see twice’s performances and I wonder if they’ll do a performance with Coldplay.

Also having that many sold out stadiums shows is amazing, especially since there are multiple dates in one location",3,1733950324,TWICE_Strategy
m1l7dh6,twice,"I'll also point out that TWICE already has more music show wins than any other girl group, and by a wide margin. The only artist that has more is BTS",3,1733951604,TWICE_Strategy
m1l9i2b,twice,Megan was the highlight tbh. She made a relatively mid twice song quite a bit better.,1,1733952238,TWICE_Strategy
m1l9kpb,twice,"Definitely with for me. The other version is a bop too, but when Megan comes in it’s so explosive and fun, and just elevates the song even more for me. I feel like she fully understood what was required of her, she injects so much of her personality into it, which has elements that perfectly compliment Twice’s fun/playful/joyful vibe. Hope we get a live OT10 performance at some point lol",1,1733952261,TWICE_Strategy
m1l9u4q,twice,"I like the Megan version better but the Twice only version is good too!!! Megan for the ""left, right, left right"" thing!",0,1733952340,TWICE_Strategy
m1lbd9q,twice,Yeah I don’t have any issues with her whatsoever and I admittedly don’t pay any attention to her work outside of when she has Twice members on her drinking show but her version of the song just doesn’t move me in any way that would get me wanting a new version with her as a feature.,2,1733952803,TWICE_Strategy
m1ldwbm,twice,"coldplay gonna be pissed when 70% of the audience leave before they come on stage to bore everyone lol 

Twice are going to upstage them and then some.",-5,1733953558,TWICE_Strategy
m1ldylm,twice,dude i know that album sales matter more T-T i'm just saying that whenever i go on mnet or whatever to vote there's very little for twice and it's weird to me since it takes like less than a minute to do.,1,1733953577,TWICE_Strategy
m1le1tq,twice,"With easily, this is the only TWICE release i truly connected with this year tbh",1,1733953603,TWICE_Strategy
m1lf2c7,twice,"HYBE seems to have a few Webtoons that I admittedly have not read yet, but I think it'd be cool for Twice to get a Webtoon that is inline with the admittedly scant lore and/or centered around the theme of a comeback.

I could even see a b-side MV being a stop-motion comic or even just a slide show of art done by Webtoon artists.",4,1733953913,TWICE_Strategy
m1likqo,twice,"Twice doesn't need features to be successful, but as long as it makes the song better I'm on board. And Megan's verse was fire. It also breaks up the song nicely. So I listen to the full version.",2,1733955010,TWICE_Strategy
m1liwex,twice,"This should help.

[STRATEGY (Step 1 ver.) - Twice Official Store](https://twiceshop.com/products/strategy-step-1-ver?srsltid=AfmBOor3dblBcUPQrUo3_I_NWmpSCANLU6_OhSP3W2MwwuwT-LDHGLMr)",4,1733955113,TWICE_Strategy
m1lj6eu,twice,"Nothing confirmed yet - but Twice will be entering their 10th year next year - so it seems quite likely!

Not sure if you’re new to kpop altogether, but groups tend to put out EPs more often with 6/7 songs rather than full albums, so the next release will have new songs & a new title track.

A lot of Twice fans anticipate Chaeyoung may have a solo debut next year!",2,1733955201,TWICE_Strategy
m1ljist,twice,"Without. I don't dislike her verse but would rather that time go to one of the members instead.

What I would have preferred is a full 3-minute Twice version then her verse added on top.",6,1733955310,TWICE_Strategy
m1lk8rg,twice,"Twice really popping off this year, they are aiming for mainstream in the most unexpected ways and I love that for them. Also I love Coldplay so much they are amazing",9,1733955544,TWICE_Strategy
m1lmn90,twice,"10th year that crazy, time past so fast. But I’m so happy that they last for 10 years I hope they will keep and keep going !!!

Is it common for kpop group to last as long as her ? 

And ok ok thank for the EP tuto ahaha !!

Chaeyoung solo debut 😳😳 that will be so good for her !!",2,1733956319,TWICE_Strategy
m1lsby6,twice,"Not to come across in any negative way, but really - what do music show wins actually matter in any meaningful way? Year end awards, yeah I can kinda see that - but as others have said, it’s sales, tours, merch, and other tangible things. And I think we can all agree that TWICE definitely have all those on absolute lock.",3,1733958191,TWICE_Strategy
m1lxss5,twice,"i totally get that don't get me wrong, it just kinda breaks my heart when i see them not win :( (ex:tzuyu (if u think she didn't deserve it that's a talk for another time lmao) )

and i agree that small wins don't rly mean anything, it's just that like, for example, armys are AMAZING at voting so BTS wins literally everything (no hate lmao) and i never see the same energy with onces, and they're about the same age (if i'm correct) like i know it's not a big deal it would just be nice",1,1733960102,TWICE_Strategy
m1m581o,twice,"Ik it's so annoying. I would trust a twice stan with my life so it always surprises me when that happens 🥲 I think they should put an alarm on PCs so that when u walk out the store with a stolen one, nayeon yelling blasts on the store speaker",1,1733962758,TWICE_Strategy
m1m62zb,twice,"The best thing about Strategy as a song, for me, is that it sounds good either way! Like don't notice if something's missing without Megan's verse, nor does having it make the song too long or different. It's the same good stuff! 

What  i mean here is, just the song itself - nothing to do with Twice or Megan. Both versions sound basically the same to my ears, just the length is differenr",1,1733963061,TWICE_Strategy
m1m732y,twice,"Thank you for submitting, /u/Th3Craz3don3! Unfortunately, your submission has been removed for the following reason(s):

---

Rule 7: Your submission has been removed because it falls under a disallowed content category.

Screenshots, memes, shitposts, personal rants, rumours, doodles, low effort edits/wallpapers are not permitted to be submitted as a self post in our main subreddit feed.

Memes should be submitted to r/twicememes.



---

If you have any questions about this post removal or [regarding the ruleset](https://www.reddit.com/r/twice/wiki/communityguidelines) of /r/twice, please refer to the sidebar or [send a modmail](/message/compose?to=%2Fr%2Ftwice).",1,1733963421,TWICE_Strategy
m1m751b,twice,"Thank you for submitting, /u/Otherwise-Window-597! Unfortunately, your submission has been removed for the following reason(s):

---

Rule 7: Your submission has been removed because it falls under a disallowed content category.

Screenshots, memes, shitposts, personal rants, rumours, doodles, low effort edits/wallpapers are not permitted to be submitted as a self post in our main subreddit feed.

Memes should be submitted to r/twicememes.



---

If you have any questions about this post removal or [regarding the ruleset](https://www.reddit.com/r/twice/wiki/communityguidelines) of /r/twice, please refer to the sidebar or [send a modmail](/message/compose?to=%2Fr%2Ftwice).",1,1733963441,TWICE_Strategy
m1mafe8,twice,"Ah thanks for the info, heh it does seem like a mess. I wasn't super into EXO but I will admit I did get into the idea of their powers.

Some of the Dreamcatcher and Loona lore has been interesting to me.

I do think a Webtoon partnership would benefit Twice more than the Roblox one, which outside of making some funny content just feels random to me heh \~",2,1733964632,TWICE_Strategy
m1mcx68,twice,"well originally you got the twice gc, but it’s been inactive since the beginning",2,1733965538,TWICE_Strategy
m1mfpvh,twice,ONCE bitten & TWICE shy,2,1733966552,TWICE_Strategy
m1mgjwv,twice,"megan’s verse is definitely more one the nose,  but let’s not act like twice isn’t singing about the same thing here. “step 4, get you on the floor make you say more more more” and “you’ll be down on your knees, calling me up begging me don’t leave” are definitely hinting at something else. doesn’t take much to put 2 and 2 together lol",2,1733966856,TWICE_Strategy
m1mioqu,twice,"with for sure!! both of my worlds colliding like this is insane😭 my friend mentioned that this is the cleanest megan has ever been while simultaneously being the raunchiest twice has ever been 😂

that being said i’m so obsessed with this song it’s so good wtf!!",32,1733967636,TWICE_Strategy
m1mj7kc,twice,"Twice do have a manhwa , that was released a few years back .

It was about their pre debut stories . It wasn't very popular it was only in Korean.

[source](https://x.com/misayeon/status/1197425470129750016)",3,1733967825,TWICE_Strategy
m1mk0q8,twice,"no profanity for sure but it was still very on the nose and obvious 😂 with that being said i’d love to see a raunchier version of twice and i feel like this is definitely a step in that direction? being a bit more lose with their lyrics, “get you in the floor make you say more more more!” 😮‍💨 a sluttier twice?? #needthat‼️",5,1733968120,TWICE_Strategy
m1mr2ow,twice,"I don't live in Korea, so I don't have any local intel for you.

I can only guess that either/both the [FANS app](https://www.jypfans.com/) or the venue itself might have some info. Those could be your starting point. Make a post in the [Weekly Discussion Thread](https://www.reddit.com/r/twice/comments/1h9wl1c/241209_weekly_discussion_thread/) to see if someone might have some info.",1,1733970713,TWICE_Strategy
m1mxhc4,twice,🤣 I would completely step over Megan to get to any members of Twice.,-1,1733973133,TWICE_Strategy
m1mxs4a,twice,"Quick thoughts on the [Digital Remixes Album](https://twiceshop.com/products/strategy-2-0-digital-album): 

\- Loving the instrumental vers of Strategy. I could see a band playing this somewhere.

\- Moombahton vers I can see bobbing my head to when I'm in the car. I even ended up dancing in my seat while listening to it heh. Chae's last part went well with the background there.

\- House vers is another head bobber. Definitely a ""dance when no one's watching"" track. If I was playing a platformer or other action-y game and didn't like the music I could see myself switching to this. 

\- Slon vers at first made me think of a grainy 70s film, then switched it up to making me think of some sci-fi stuff you see with Daft Punk.",7,1733973251,TWICE_Strategy
m1n216p,twice,Wasn't my intention to be rude. I would literally step over her to get to Twice Queens. Megan is trash that offers nothing to music but fakeness and zero talent. Twice lowered themselves by collabbing with her.,-2,1733974956,TWICE_Strategy
m1n3rw4,twice,"Wow. What a terrible thing to say. Its one thing if you dont like her music, but to call her trashy and talemtless plus say Twice lowered themselves??? Twice said they enjoyed collaborating with Meg and If Twice saw this they would never allow you near them",2,1733975679,TWICE_Strategy
m1n3tpm,twice,"I'm glad they had a new chorus written for the song. That part as the chorus doesn't work and makes the song monotone.

You can also hear the slight changes in arrangement that really improve the song in the final version. I kinda wish they reworked the bridge into the final version. Although I like the way the final version has the second chorus flow into Megan's rap, I'd like to see a version that had the second chorus going into the bridge into Megan's rap. Keeping those adlibs from Nayeon at the end too would have been nice. Any fans know how to repurpose all this into a version 3? lol",8,1733975701,TWICE_Strategy
m1n3ujv,twice,"It is an incredible achievement. When you have ""With You-th"" album , Nayeon's ""Na"", ""Dive"" album, Tzuyu's "" abouTZU"" and Misamo's ""Haute Couture""... before that.",11,1733975711,TWICE_Strategy
m1n5kjg,twice,"If Twice keeps testing our wallets, Once will keep passing those tests, lol",9,1733976446,TWICE_Strategy
m1n6mom,twice,You do know that tickets were sold out before twice was announced as openers. Most of the people are there for coldplay not twice,4,1733976912,TWICE_Strategy
m1n9fi3,twice,"I have to agree with at least part of what was said about her not offering anything to music and not having any talent, like all US rappers. But Twice enjoyed the Collab and that what really matters. Support Twice no matter what.",-4,1733978174,TWICE_Strategy
m1na384,twice,WITHOUT!!  Having such trashy lyrics does not suit Twice Queens. Just another example of US rappers not offering anything to real music.,-2,1733978472,TWICE_Strategy
m1nbr93,twice,Seeing this weird nearly empty house gives me flashbacks to Tzuyu the realtor from the one winter healing TTT.,1,1733979248,TWICE_Strategy
m1ne16i,twice,"For my opinion, without Megan is a bit short because they don't have last chorus then it would be completed for me. With Megan, her rap saved the song. But on stage, she couldn't perform with twice and youngji also did rap her part.

But my opinion I choose is with Megan because my choice is I wanted full version like 3:00 above. But if strategy had last chorus, I choose without Megan.",2,1733980318,TWICE_Strategy
m1nk08h,twice,[Source Link](https://x.com/JYPETWICE/status/1867087015038292381),1,1733983397,TWICE_Strategy
m1nk5li,twice,[Source Link](https://x.com/JYPETWICE/status/1867087042838151424),3,1733983480,TWICE_Strategy
m1nk96n,twice,[Source Link](https://x.com/JYPETWICE/status/1867086997518684279),1,1733983535,TWICE_Strategy
m1npay9,twice,"If you ordered from TWICESHOP, then yes this is normal for their shipments to bounce around the midwest as they start from Michigan.

And it’s December aka the holiday rush/crunch. Every part of courier networks are at and beyond capacity. Not to mention adverse weather a factor in things moving through this big country of ours.

Your order will get to you, just be patient.",8,1733986441,TWICE_Strategy
m1npayw,twice,"TWICE only, I'm a purist",0,1733986441,TWICE_Strategy
m1nrhim,twice,"Momo is wearing a Korn top and now my biggest wish is to hear her sing the beatbox part of ""Freak on a Leash."" 

And of course this means a future collaboration. Nu metal TWICE is on the horizon. ![gif](emote|free_emotes_pack|joy)🤘🤘🤘",2,1733987774,TWICE_Strategy
m1nupoe,twice,"Does anyone Know Zard backup account on Twitter? I see they are suspended again and i know they will probably upload Misamo and Twice upcoming Japanese performances for Download? Man why do people report them, they seriously help out us international fans with watching regional exclusive content.",7,1733989838,TWICE_Strategy
m1ny7ux,twice,Twice will be attending this Sunday inkigayo,14,1733992169,TWICE_Strategy
m1o06ot,twice,"I’m just hoping they’ll get here before Christmas 😭I don’t mind getting my albums late but 2 of album orders are presents for loved ones who also love Twice but are not in the financial position to be buying Kpop albums. I know that Dec 6th is pretty close to Christmas so I shouldn’t have expected them to get here really fast, but previous album releases started the shipment process before the album even dropped and I’d usually get them like 3-4 days later.",1,1733993530,TWICE_Strategy
m1o10e7,twice,"Thank you for submitting, /u/jeffthemetalfan666! Unfortunately, your submission has been removed for the following reason(s):

---

Rule 8: Your submission has been removed because it contains similar or identical content to that of a previously submitted post.



---

If you have any questions about this post removal or [regarding the ruleset](https://www.reddit.com/r/twice/wiki/communityguidelines) of /r/twice, please refer to the sidebar or [send a modmail](/message/compose?to=%2Fr%2Ftwice).",1,1733994097,TWICE_Strategy
m1o10oq,twice,"Thank you for submitting, /u/jeffthemetalfan666! Unfortunately, your submission has been removed for the following reason(s):

---

Rule 8: Your submission has been removed because it contains similar or identical content to that of a previously submitted post.



---

If you have any questions about this post removal or [regarding the ruleset](https://www.reddit.com/r/twice/wiki/communityguidelines) of /r/twice, please refer to the sidebar or [send a modmail](/message/compose?to=%2Fr%2Ftwice).",1,1733994103,TWICE_Strategy
m1o51d9,twice,"I'm from the future - and your worries are for nothing 😂 I mean this is Twice we're talking about - the most hardworking GG in the industry. They never failed to deliver.

save your worries for BP or NJ.",1,1733996906,TWICE_Strategy
m1o55eq,twice,I'm not surprised with some idiots keep hassling him about boycotting TWICE a few years back (which never happened),5,1733996985,TWICE_Strategy
m1o5dfh,twice,we get a glimpse of Jihyo's daughter here. so cute,1,1733997139,TWICE_Strategy
m1o6h1x,twice,[Source Link](https://www.tiktok.com/@twice_tiktok_official/video/7447463295541333255),3,1733997898,TWICE_Strategy
m1o6jfy,twice,[Source Link](https://www.tiktok.com/@twice_tiktok_official/video/7447463064414211346),3,1733997944,TWICE_Strategy
m1o8fno,twice,"this was really hard because these concepts are pretty different but i love a fun challenge like this !!!

WITH (YOU)TH : 

1. I GOT YOU

2. KISS MY TROUBLES AWAY

3. STRATEGY

4. NEW NEW

5. KEEPER

6. MAGICAL

7. BLOOM

8. LIKE IT LIKE IT

9. RUSH

10. ONE SPARK

11. SWEETEST OBSESSION 

12. YOU GET ME

thoughts behind this:
- the name “WITH YOU-th” still best describes this as an album
- I GOT YOU / YOU GET ME are probably one of, if not the best opening/ending duo for an album in twice’s whole discography
- big fan of new new -> keeper
- i see the concepts for this album being forever, step 2, blast for the main albums… step 1 for digi packs, glitter for vinyls, keep step 4 and the highlight version.",2,1733999220,TWICE_Strategy
m1o8wse,twice,I wish it would be the title track!! This would’ve gotten like viral tiktok treatment the verse is giving new jeans but the bridge chorus is sooo twice I love the song,1,1733999539,TWICE_Strategy
m1odut1,twice,"And this may be replicated the next year- 2 Korean 1 Japanese albums, 2 solo (Jihyo & Chaeyoung) and 1 Misamo albums. And next year is their 10th Anniversary.",3,1734002677,TWICE_Strategy
m1oe2w7,twice,Lol why does Dahyun look like she’s trying to eat the cone while Momo looks like she doesn’t know what to do with it. Should be titled Twice the confusion!,1,1734002810,TWICE_Strategy
m1oisve,twice,"I expect from Chaelo❤️ some crazy dancing music, or like Lazy Baby from Tzuyu 💙 but with Chaeyoung 🍓 personality !🤗🍭",2,1734005424,TWICE_Strategy
m1ojcfx,twice,Park Jihyo 🧡 makes so many different kinds of  content for us!🤗,4,1734005701,TWICE_Strategy
m1ojts9,twice,I think both of them look amazing!👏 But why Tzuyu 💙 wearing such boots with the big platform!?🫣,8,1734005944,TWICE_Strategy
m1okqxd,twice,For me all 9 Twice 💖 Angels are amazing and I really Love them all!💖🤗🍭 But Sana 💜👑 from the begining til the end of M/V Looks amazing with any concept and her Ow(Scream) so perfectly fits to the song! Her heavenly beauty and Angelic voice Ate this song for me!❤️‍🔥😤🍭,1,1734006401,TWICE_Strategy
m1opivw,twice,"Screenshots, memes, shitposts, personal rants, rumours, doodles, low effort edits/wallpapers, etc... are not permitted to be submitted as a self post in our main subreddit feed.

Memes should be submitted to r/twicememes.",1,1734008621,TWICE_Strategy
m1orabe,twice,How the hell does Tzuyu keep getting prettier,11,1734009383,TWICE_Strategy
m1oxb9z,twice,Wow Ryujin's got the moves to look as good as Jihyo.,4,1734011800,TWICE_Strategy
m1oxy2i,twice,"can someone help me figure out who's singing the chorus in the Strategy 1.0 version? ""My strategy strategy like gravity gravity""? the part that ended up only being momo's in the final version? I can't recognize either of the voices who sing it 😭 My guesses are Tzuyu or Dahyun and possibly for the second chorus chae?",4,1734012043,TWICE_Strategy
m1oymm0,twice,"the choruses in the demo version are nayeon-jihyo, tzuyu-mina, and momo-chaeyoung :)",12,1734012307,TWICE_Strategy
m1p334t,twice,First chorus sounds like Nayeon and Jihyo. Second Tzuyu and Mina,5,1734013979,TWICE_Strategy
m1p5eis,twice,Hello! I got my signed Strategy Step 1 album and was wondering if anyone wanted to swap the jeongyeon signature for a jihyo! :),2,1734014818,TWICE_Strategy
m1p7mzp,twice,Chaeyoung feat. Mina,5,1734015602,TWICE_Strategy
m1pae6e,twice,"Strategy is the obvious pick, but given the time of year and I’m always a sucker for a Twice Xmas song, Magical takes it for me 🥰",2,1734016553,TWICE_Strategy
m1pamzj,twice,Maybe they mean Rosé seeing as she is also Chaeyoung,7,1734016635,TWICE_Strategy
m1pb74v,twice,"Jihyo wearing a cap is a yes for me.

Momo looks like Gwen Stacy with the hairband.",1,1734016823,TWICE_Strategy
m1pbmla,twice,"Sweetest Obsession - Everytime I listen to this song, I think about the kiss between Nayeon and Sana💋",3,1734016966,TWICE_Strategy
m1pc3dm,twice,"In Twice she’s the rapper but solo I think she would be more on the indie/pop/acoustic side like her My Guitar solo. The only way I think she blends well with Somi or Youngji is if she doesn’t do anything similar to her previous solo content and keeps the Twice “rapper” persona. 

I could see her doing a collab with somebody like Young K from Day6.",4,1734017121,TWICE_Strategy
m1pcvqa,twice,Park Chaeyoung aka Rose from Blackpink. They're good friends and pal around a lot (not as much as Somi) but it gave rise to the 2Chaengs eponym.,9,1734017379,TWICE_Strategy
m1pd78p,twice,Kiss my troubles away is actually peak twice,1,1734017483,TWICE_Strategy
m1pidta,twice,"Thank you for submitting, /u/BugEnvironmental8832! Unfortunately, your submission has been removed for the following reason(s):

---

Rule 5: Your submission has been removed because it violates our no piracy rule.

This includes links to sites which promote or facilitate piracy as well as direct links to pirated materials such as torrents. Link to officially licensed sources when available. Unofficial audio uploads should be limited to YouTube only. Unofficial video uploads should be linked only when an officially licensed video is not available in the same format (subbed or raw).



---

If you have any questions about this post removal or [regarding the ruleset](https://www.reddit.com/r/twice/wiki/communityguidelines) of /r/twice, please refer to the sidebar or [send a modmail](/message/compose?to=%2Fr%2Ftwice).",1,1734019159,TWICE_Strategy
m1pinal,twice,"Heya - we have a spotify wrapped megathread posted to the subreddit for these kinds of posts. Please use that one.



Screenshots, memes, shitposts, personal rants, rumours, doodles, low effort edits/wallpapers, etc... are not permitted to be submitted as a self post in our main subreddit feed.

Memes should be submitted to r/twicememes.",1,1734019242,TWICE_Strategy
m1pk420,twice,"She’s posted songs by the group Gliico and took pics with them at ones of TWICE’s concerts recently, so I wonder if they’ll be working with her.",3,1734019713,TWICE_Strategy
m1pnn8g,twice,"They are so cute. 🥰 Tzuyu especially. She looks so gorgeous in that outfit with the wavy hairstyle. And her smile is so adorable.

[Source](https://www.instagram.com/reel/DDeR3KYTvvI/)",29,1734020825,TWICE_Strategy
m1pnoyu,twice,"OMG tzuyu is so tall! 

They all look gorgeous! 😍😍💜",42,1734020840,TWICE_Strategy
m1pnvqp,twice,"I really need one of those pink hoodies. If they sell them on Twiceshop they would sell out, idk why they don’t do this!",1,1734020900,TWICE_Strategy
m1pq8ln,twice,"Ooooh I’m so excited for this one!! Because while I know they already have a certain standard for solo debuts (a mini album with 7 songs, 2 of which are collaborations, and 1 would be english), I’m still holding out for a Chaeyoung mixtape—a full album of her music and her plenty collabs. She has a great network both locally and internationally (and her style is so different from her co-members… she really leans more indie artist than full kpop idol).

I couldn’t picture her doing a full kpop dance song debut (especially since her RTB solo was an acoustic performance, and her choice of MelPros lean more mellow and raw). I’m ready to be surprised by what she brings out!

If she does stick to the formula… I think Coco&ClairClair could make a comeback for the english song. Locally, I wouldn’t be surprised if she tags an indie/k-hip hop male rapper.

Her sound and style is the most artistic and diverse all while slaying as a kpop idol so I’m so, so excited to see which direction she takes!",4,1734021633,TWICE_Strategy
m1psfr2,twice,The bridge was insane. Putting 3Mix to sing it was the best choice. The moment Jihyo sang that part gosh I was on my knees. I wish it made it to the song.,10,1734022315,TWICE_Strategy
m1py12t,twice,"i agree with momo n chaeyoung, but jihyo ate too. her voice..",1,1734024054,TWICE_Strategy
m1pysu9,twice,Good lord Tzuyu 🫨,13,1734024295,TWICE_Strategy
m1pz2vp,twice,Tzuyu rocking this look,5,1734024382,TWICE_Strategy
m1pz6hn,twice,"Ok this might be controversial but Zion.T, I think they fit each other’s vibes. I feel like Chaeyoung wouldn’t mind actually doing it or having a song produced by him, but I’m sure JYPE wouldn’t allow.",7,1734024412,TWICE_Strategy
m1q21ar,twice,tzuyu has this special charm on her and i love it,9,1734025299,TWICE_Strategy
m1q3bra,twice,Yeah went back to some old albums from Twice - FOL / EWO / TOL - and the b-sides are killer \~,5,1734025693,TWICE_Strategy
m1q3h8e,twice,"The most interesting part to me is how Momo & Chae ended up being the only ones left singing the original chorus in the final version, I thought that was intended to be a sort of soft rap part considering the members doing it but clearly not. Surprised they didn't make it Nayeon/Jihyo like the first 1.0 chorus (to clarify, that's not me complaining).",3,1734025739,TWICE_Strategy
m1q43ky,twice,"So Strategy \*could\* become a 1M seller, or at least get close. That's crazy to think given all the other stuff Twice has put out this year - 

Onces pat ourselves on the back for supporting our girls! \~",17,1734025929,TWICE_Strategy
m1q612u,twice,"i remember Chae putting up an IG story with Dean's song before, Die For You. yeees Chaeyoung x Dean would be a massive collab",3,1734026516,TWICE_Strategy
m1q80yu,twice,Jihyo and Ryujin ate like usual,2,1734027134,TWICE_Strategy
m1qgvwi,twice,My step 1 ornament came with TWO Nayeons in one string,13,1734029841,TWICE_Strategy
m1qhjwi,twice,Tzuyu just has like this special charm,7,1734030044,TWICE_Strategy
m1qlt2t,twice,[https://twiceshop.com/products/strategy-2-0-digital-album](https://twiceshop.com/products/strategy-2-0-digital-album),2,1734031361,TWICE_Strategy
m1qm9fs,twice,"Omg i want the twiceshop one 🩷 

My fave song is  ❄️ Magical ☃️",1,1734031500,TWICE_Strategy
m1qp7cu,twice,my favourite has got to be strategy with megan… such a hard choice though as i love them all!! twice never misses,1,1734032409,TWICE_Strategy
m1qrij8,twice,"Were you around for the eighth anniversary because twice literally calm down people like you Sana said at the eighth anniversary “you met us exactly when you needed to” nayeon even said “for those who just found us recently, don’t worry we have many more memories and years with you together” a lot of ones were upset they were not around during debut",1,1734033129,TWICE_Strategy
m1qrvcv,twice,"Welcome I knew who they were since 2017 and I wasn’t interested. My friends are no longer in my life got me in 2022 and I saw them in concert last year. Sana said at the eighth anniversary “you found us exactly when you needed to” NAYEON: if you weren’t with us in the previous years, don’t worry we have many more things on the way and Moore years together. “",2,1734033240,TWICE_Strategy
m1qryxg,twice,Reminder: JYP never ever sends artist on tour at the same time stray kids is taking up the first six months of the year. We’re gonna get a world tour for twice probably fall of 2025 into 2026 like twice world tour four,2,1734033271,TWICE_Strategy
m1qs3c0,twice,You are the perfect ones even if twice was to disband tomorrow you have plenty of content in several years to keep you going there’s so much to do. Why are people complaining that they weren’t into them in the past and not focused on the present in the future,2,1734033309,TWICE_Strategy
m1qxyf1,twice,"I prefer the chorus in the official release, makes Momo and Chaeyoung’s bridge much more memorable, but damn, Chaeyoung and Dahyun’s pre-chorus sounds so much better in the demo with the different instrumental, the official pre-chorus sounds a bit underwhelming IMO. As for the bridge, 3mix killed as always, but I don’t really like it, feels too out of place in such a hip-hoppy song. Still, I’m glad they released this, it’s cool seeing so many iterations of one song that still sound good.",3,1734035162,TWICE_Strategy
m1r1heg,twice,"magical, it's very festive and twice are the queens of Christmas bops",1,1734036265,TWICE_Strategy
m1r4d0i,twice,I know I should get off of Twitter/X but I’m so annoyed right now. There’s this new “trend” of antis faking to be Once trashing other groups just for them to set up hate tweets against Twice. I’m getting upset with this more than I really need to but the unprovoked hate makes me so mad :(,7,1734037129,TWICE_Strategy
m1r840v,twice,"I think it'll be possible by week 2. Really strong numbers regardless considering it's coming at the end of the year with the economy where it is. Compared to the rest of the industry, it's quite remarkable Twice are still near the top of physical sales. 

Honestly, year 9 has been pretty nuts for Twice. 

With Youth did 1M in the first week and is a new personal best, Nayeon and Tzuyu sold very well with solo releases, MISAMO came back and had a hit song in Japan (I don't know where to see their Japanese album sales tbh). Twice also released DIVE before doing their stadium shows in Japan, and MISAMO are doing dome tours themselves. 

Now they finish the year with Strategy and seem to have a busy 2025 in store for us. I can't wait!",9,1734038282,TWICE_Strategy
m1r8cm8,twice,"With. ‘Left right left right do it to the beat’ is one of the most memorable parts of the song, as well as Chae’s ‘calling me up beggin me don’t leave’

I will admit the MV scene with them all together was kinda awkward because Meghan was being her raunchy wild self and Twice just looked cute in comparison lmao. But I really like Meg’s rap, and I felt like it flowed into Momo and Chae’s part so well that once you started really grooving to the rap their part just kept the groove going",2,1734038356,TWICE_Strategy
m1rbhxc,twice,"I have been a fan of twice since 2019, believe me, I saw a lot of hate tweets about Twice and honestly my reaction is the same as you, I was upset, It triggered me to reply sometime. But in 2022 when Twice started their tour, I realized that Twice got so much love in real life, people fought for their tickets, millions of people filled up stadiums. I think Twice in general is one of the most if not the most loved kpop group, even for non fans. Those hate posts on the internet don't matter to me anymore, I simply ignore it.",12,1734039336,TWICE_Strategy
m1rd9xz,twice,"i mean it is crazy that we're talking about ""just"" 500K but I know what you mean heh.

still makes me wonder if this comeback should have waited until next year but you never know, the iron might be hot right now to bring in new Onces and our fandom feels pretty loyal rn.

plus who knows what Twice is cooking up for us after MiSaMo Dome concerts \~",6,1734039895,TWICE_Strategy
m1rjuds,twice,"Highly recommend no Twitter or Tik Tok. Both are a cesspool of hate and misinformation. But like in life, we can't control what others say/write. What we can control is we curate what we hear/read. 

As for Twice, when you are that popular even 9 years in K-pop. You know there will be antis, trolls and pathetic individuals all of them live in a life of misery and hate. It is not for us to analyze why. 

It is for us to support Twice.",9,1734042018,TWICE_Strategy
m1rpnso,twice,"This is just a thought but it looks like JYP is trying to promote Stray Kids as their face instead of TWICE. I mean just look at the past one or two weeks of content they've gotten for their HOP, the budget and resources they have looks damn crazy when you compare it with TWICE's Strategy. Their album Giant came out on Nov 13th, extended play ATE on July 19th, Hop is the upcoming mixtape and they're probably gonna release multiple MVs..? It's unfortunate. Even Republic Records did nothing to promote them until much later, when the pop-up opened up in LA and the album officially came out, no Instagram stories, zero, nil, nada to hype up the sellers. 

Roblox, Roblox hat, these things aren't gonna cut it. It also looks like despite TWICE's best efforts to promote in Korea, the fans and the general public there are just giving them the side-eye - and it looks like it's been going on for a while now. Mostly it's international fans from US, Japan and other regions who are pushing the viewership and streams for their songs. Makes no sense otherwise as to how their song wouldn't chart well in Korea. Meanwhile artists who spend their whole day living and promoting in other countries seem to have not been affected by the Korean fandom at all lol. Of course most of it is probably popularity but I really wonder how did a group who's been consistently working so hard and generating content for their fandom get pushed aside so easily?",4,1734043979,TWICE_Strategy
m1rr1qy,twice,"As a note, Seventeen's albums are one of the best selling in their whole industry, and even they had signed albums still available a week or two after their recent album released. It might simply be that Kpop companies are bumping up stocks of signed albums a ton to give their fandoms a chance to get one, including Twice.",10,1734044461,TWICE_Strategy
m1rya5c,twice,"Each of these six albums this year (six in a year is still crazy to think about 😭) are among the best selling of their categories, too. Insane.

Twice will stay among the best-selling amongst today's gg's and the overall best-selling girl group in total sales for a long, long time (if not forever, depending on if these other groups can stay together as long or longer than them). That, plus being the most-awarded girl group in history, if I recall right.",7,1734047066,TWICE_Strategy
m1rz8re,twice,anyone in nyc wants to exchange signed postcards? I got jeongyeon and tzuyu and I want mina and chaeyoung![gif](emote|free_emotes_pack|sob),1,1734047415,TWICE_Strategy
m1s1kbi,twice,So jealous of the Jihyo signed card!,2,1734048253,TWICE_Strategy
m1s5p0c,twice,That’s fucked man. You don’t get your photocards and Twice doesn’t get the album because I assume you’re going to return it too right.,3,1734049738,TWICE_Strategy
m1s6rjr,twice,"I totally agree, and it’s something that ONCEs on Twitter point out (but then often devolve into fan wars lol). It’s sad we can’t point out that there’s a clear disparity in the treatment between jype girl groups in general vs stray kids without it turning into a big fight. I did notice the RR tweeted about stray kids new release in advance but was silent about twice (other than roblox lol). It really is pretty blatant",4,1734050129,TWICE_Strategy
m1s7wvt,twice,"As to the point re Korea -  big part of it (as I understand) is that there was a concerted effort in 2019? 2020? The slave room - basically a concerted effort to spread negative comments about Twice on forums. A lot of once are mad that jype never did anything to stop the negative assault or deny rumors. Other companies take legal action (esp bc in Korea accounts are often tied to your identity/ID, so it’s easier than somewhere like the U.S.) but jype just stood to the side.",2,1734050551,TWICE_Strategy
m1s7y9v,twice,I hope I get a Nayeon too.,2,1734050565,TWICE_Strategy
m1s7zt3,twice,"Finally, a Twice choreo I can pull off",1,1734050581,TWICE_Strategy
m1sa81y,twice,I see Master Dubu has taught Tzuyu the ancient art of camera spotting.,4,1734051395,TWICE_Strategy
m1snhsi,twice,"i understand why some people would be angry- they bought the album for twice, not megan! but i have no bad feelings towards megan and i don’t think it would have been the worst idea to throw her into a photo in the photo book or into a freebie or something along those lines. doesn’t hurt anyone.",5,1734056272,TWICE_Strategy
m1sxh92,twice,I visited 2 targets in NYC yesterday employees could not find the any twice albums… I found one in behind the vinyls missing everything BUT the CD.,2,1734060008,TWICE_Strategy
m1sye6w,twice,Tysm for the giveaway my favorite song off of Twices new album is Magical!:p,1,1734060356,TWICE_Strategy
m1t1ctp,twice,"> The second collaboration between TWICE and TOWER RECORDS CAFE has been decided!
> This time, in line with the theme of ""JYP JAPAN POPUP STORE 2024"", you can enjoy a menu that will warm your body and soul, perfect for winter, in a store that is reminiscent of a lodge built on a snowy mountain. In addition, there will be special benefits with a cafe-exclusive design using other cuts of the artist photos dressed in pure white outfits!
> Don't miss this opportunity❄


If anyone is in Japan over the next few weeks, you might be able to visit this :) I went to a Sailor Moon one back in 2019 and it was lots of fun and you get some freebies as well!


> Shibuya Store / Umeda NU Chayamachi Store
> └ Tuesday, December 24, 2024 - Sunday, January 26, 2025

> Nagoya Sakae Skyle Store / Fukuoka Store
> └ Tuesday, December 24, 2024 - Monday, January 13, 2025 (Holiday)

*Advance reservations required for all dates
*All stores will be closed from Tuesday, December 31, 2024 - Friday, January 3, 2025.",6,1734061475,TWICE_Strategy
m1t4t5r,twice,ITS SO PERFECTLY ARRANGED!!! A WALL OF TWICE!!! I fricking love this!! Nice work fellow ONCE!,2,1734062829,TWICE_Strategy
m1t53jd,twice,This is goals for me!! My Twice wall is spread between 2 rooms that are pretty small!,2,1734062941,TWICE_Strategy
m1t61po,twice,"That's SO SAD!!! WHO WOULD STEAL TWICE?? And if it had a Sana PC, POOR SANA!! BEING STOLEN!! I am glad they let you return it though!",1,1734063320,TWICE_Strategy
m1t7us2,twice,"For me, Magical is a great song, Great music structure and uplifting tones. TWICE ❤️",1,1734064066,TWICE_Strategy
m1tei1i,twice,"I mean, Itzy's and Nmixx's sales back in January really did a number on JYPE's stock prices lol. I can't imagine how bad it would be if it was Twice that had such a downturn.",2,1734067084,TWICE_Strategy
m1tjp2w,twice,[Source Link](https://x.com/JYPETWICE/status/1867449473443803444),1,1734069738,TWICE_Strategy
m1tjur7,twice,[Source Link](https://x.com/JYPETWICE/status/1867449436760420658),2,1734069824,TWICE_Strategy
m1tk0me,twice,[Source Link](https://x.com/JYPETWICE/status/1867449520071881073),1,1734069913,TWICE_Strategy
m1u1xyv,twice,"Tzuyu sounds so good on this album 

""Every moment is a masterpiece""",7,1734081177,TWICE_Strategy
m1u3upl,twice,Because Twice have the worst team behind them for any top act.,-18,1734082538,TWICE_Strategy
m1u4o4s,twice,latina Jihyo forevaaaah,55,1734083098,TWICE_Strategy
m1u54vr,twice,"[Source](https://x.com/KshowAnalysis/status/1867503422972604441?t=PmvgcPBkiGMgOU3RnATyyA&s=19)

=====

Congrats TWICE and ONCEs! It's an amazing comeback that we sadly can't celebrate with an Encore or enough performances due to the timing. Everyone worked hard for this!

And congrats to Megan unnie, I believe that's her first Korean Music Show win as well! (Hotties you did great too!)",82,1734083414,TWICE_Strategy
m1u5dk3,twice,"I'm in ""the business."" I know this will break a lot of fandom hearts but it's the truth you don't want to hear.

TWICE are signed up with a US record label. The collaboration with a US artist is pitched to improve their standing with existing US audiences and grow the market outside Kpop fandoms. Someone at one label pitches and the other side agrees. Then its down to percentages, appearance fees etc. Someone brought up ""why is she selling photocards outside the TWICE album?"" that's why.

She's not in the photobook, she's not in Korea, she's not on the music shows. It's a cameo appearance. Though she did work with the members in person, which I think is more than Selina Gomez when Blackpink got her for Ice Cream if my memory is correct.

Some collaborations happen organically, but often its by artists who have known each other for years and hangout weekly - its not a ""slid into DMs after the last album"" situation. Companies REALLY don't like surprise drop ins because you don't know if the person you've just invited on your artists album is the next Diddy scandal about to drop looking for someone to save their public image.

Remember this isn't the members and Megan creating the track alone - they didn't write the thing, behind the scenes creatives did that people like to forget. The track existed long before Megan came into the mix.

\- Expecting this to be downvoted to oblivion btw. I know we all like the interview quote fantasy of ""I heard her music and loved it so I contacted her and me made a hit together."" But it doesn't work that way IRL.",105,1734083580,TWICE_Strategy
m1u5yto,twice,Congrats TWICE & Megan for STRATEGY Music Bank win,11,1734083986,TWICE_Strategy
m1u641k,twice,Congrats TWICE & Megan,45,1734084084,TWICE_Strategy
m1u677s,twice,[Source Link](https://x.com/JYPETWICE/status/1867509799044128962),2,1734084145,TWICE_Strategy
m1u6oqc,twice,"Doubtful. If that were the case, the members would have talked about it in their promotional appearances. American artists aren't exactly lining up to collab with them otherwise we'd have more by now. JYPE's trying to break Twice into the American market so they probably chose from a pool of artists that they thought would have that impact. It's most likely that the producers and record label chose someone who's had some good collaborations with other kpop acts as Megan has had with BTS and Lisa. Also remember that Twice doesn't produce their own title tracks so these are decisions made higher up.",13,1734084478,TWICE_Strategy
m1u7h5v,twice,Finally a win!! Grats to Twice and Once!,20,1734085013,TWICE_Strategy
m1u7lef,twice,[Source](https://x.com/JYPETWICE/status/1867509816077504867?t=tpv-0eMns6uKnU2Jb4TEdg&s=19),3,1734085092,TWICE_Strategy
m1u8011,twice,Whoooaaa okay i did not expect this but it's nice to see them reconnecting! 24kgoldn maintained good connections with CEO Jihyo hehe,32,1734085370,TWICE_Strategy
m1u88hd,twice,Congratulations twice and megan unnie!!,15,1734085531,TWICE_Strategy
m1u8d3t,twice,"I guess Megan was considered helpful to break through in the US market. Other than that the collab is not organic or natural at all. I don’t see any similarities between the members of Twice and Megan, be it in music, style or behaviour. It was a business decision.",8,1734085618,TWICE_Strategy
m1u8wzq,twice,"TWICE will also be participating in SBS Inkigayo on 15th, vote for them then as well please for the HOT STAGE poll! <3 You can download the app HIGHER to do so!",33,1734085990,TWICE_Strategy
m1u90n8,twice,"I think it’s still possible for Twice to attend the Kpop year-end shows again if they aren’t touring and if they are asked to perform. The girls have said it that they want to do it but as we can see, they have been very busy in the past 2 years. Some 2nd and 3rd gen artists still perform there but clearly, the lineup leans towards to most of the 4th and some 5th gen groups now and I understand that


For international festivals, I think this is quite the perfect time for Twice to be invited now even though I know lots of fans would prefer to see Twice at their concert more. Let’s just wait and see if Div.3 can pull the trigger",5,1734086059,TWICE_Strategy
m1ua0tg,twice,"AHHH congrats to Twice and Once on the win for Strategy, enjoy the day and eat good food everyone!",11,1734086723,TWICE_Strategy
m1ub5u5,twice,[Apparently Tzuyu confirmed she got her psychology degree and has been studying online for a year.](https://x.com/sorakonnn/status/1867522564429582464?t=BDiCaZVuWf7iPBmaZOIkiQ&s=19) * that's a true idol!,20,1734087456,TWICE_Strategy
m1ug7eh,twice,What does Chaeyoung have to do with this collab? All she did was suggest making Strategy the title track and that was decided before they started shooting for the concept photos which was in early August also the members have almost 0 control over anything ever that's very well known at this point. Also we know the Megan collab was planned already in July before Jihyo and Mina even posted that TikTok do you really think they changed the whole song and everything 1 month before the comeback?,5,1734090481,TWICE_Strategy
m1ugext,twice,Wow! That's impressive. Congratulations to Tzuyu our hardworking baby.,3,1734090597,TWICE_Strategy
m1ugxqh,twice,Congratulations to Twice and Megan!!!,7,1734090883,TWICE_Strategy
m1uhdbo,twice,Ngl I was hoping to see twice meet with Irene lol. Might be one of the last times we ever see 3rd gen idols really meet up like that,7,1734091115,TWICE_Strategy
m1uhrwh,twice,[Source](https://x.com/jypetwice/status/1867540020057583783?s=46&t=O-e_ONnQgboX1zxfeCnhjg),4,1734091331,TWICE_Strategy
m1ujhb1,twice,"And in more fancall news: Nayeon said she already has finished the photoshoot a whole ago for ""Yes, I am Nayeon"", but doesn't know when it would be released!",22,1734092214,TWICE_Strategy
m1up3oo,twice,"It's business like all collabs are. Twice's US label wanted a female rapper and Megan was available. I think Megan jumped on the opportunity to travel to Korea(she's open to other cultures and likes traveling) so that's why she was in the MV.




Twice didn't call Megan personally. Megan or Twice didn't see any tiktok challenges. Therr companies arranged everything.",23,1734094848,TWICE_Strategy
m1uqe8h,twice,"The first of *many* more wins to come, I'm sure. I just want to watch more performances! 🙃 Congratulations, TWICE & Megan!",8,1734095412,TWICE_Strategy
m1us4xn,twice,"I'd never heard of Megan Horse person before she was on the Twice album so I have no clue how they roped her into this.  Maybe they saw her prancing around in a music video somewhere and decided she should be on their record.  I don't know if she wanted to be saddled with that responsibility.  Who knows, maybe now that she has had success in the world of Kpop she might collab with some trot artists too.  Don't look a gift horse in the mouth.",-18,1734096142,TWICE_Strategy
m1uw94n,twice,Ok but my question is why would they give them a collab w a huge western artist and then not push or promote it? There’s very little playlisting and the twice Twitter account just asked Once to push for it on radio…. As if the record labels aren’t the ones with the actual power to push songs to playlists and radios?,2,1734097798,TWICE_Strategy
m1uxqr8,twice,Its uncomfortable for me when Tzuyu wears way too revealing,-36,1734098372,TWICE_Strategy
m1uxyrj,twice,"Hey lovely US ONCE 💗 Are you all enjoying the new STRATEGY 2.0 drop?
Let’s make the ONCE RADIO TAKEOVER happen! Request “Strategy (feat. Megan Thee Stallion)”at your favorite

Recent tweet on twice account.

Nowadays, most radio stations have  playlists  where charts are the main factor to get inclusion .Only selective time slots or niche radio stations give preference to fan requests, making them ineffective, as they will likely result in only a few hundred plays at best.


 Labels  play a huge role in getting songs played. big labels partners with those radio stations  to influence playlists plus they run advertisements or promotions, allowing new songs to be pushed for a set period of time. 


HYBE heavily pushed BTS  solo projects[jimin](https://x.com/USRadioUpdater/status/1822033673459528110?t=58hTk6VDGg4YklD4bsPJ_Q&s=19)[Rm](https://x.com/USRadioUpdater/status/1788933076426354837?t=KcwH6FipFUgjxwOVSqglZw&s=19)

Blackpink solo songs[sources ](https://x.com/USRadioUpdater/status/1846964870723653997?t=0VwAJHhWwbjddJFw_LBQmA&s=19)[rosé](https://x.com/USRadioUpdater/status/1850262096463675620?t=qobiIv33OMTaU50Y37C4rQ&s=19)

  JYPE also pushed Stray Kids' English single.[source ](https://x.com/USRadioUpdater/status/1789266365758529694?t=vuMHhOJ-rYfofWtXUlZoYA&s=19)

So, now even K-pop acts are not relying on fan requests due it's ineffectiveness. I don't know what JYPE is doing with this one ,it's just a wasting fans time.",8,1734098458,TWICE_Strategy
m1uzvy5,twice,"If you read the OP topic. They worded towards the standard a lot of fans do about collabs.

*""My theory is that it started from Jihyo and Mina’s challenge of Mamushi. Megan saw it and initiated the collab.""*",11,1734099190,TWICE_Strategy
m1v09tg,twice,"Speaking of Twice preparing their comebacks way in advance, any predictions on when our next OT9 comeback will be? I know they were following a pretty consistent schedule before solos/subunits were thrown into the mix. 

I know they just had a come back but I’m hoping for a Korean spring comeback and the usual summer Japanese single/album. I see some people are predicting another world tour next year. I assume they’ll put out another album to help generate hype around the tour. 

Maybe a Jihyo comeback in late spring or early summer and a Chaeyoung solo at the end of summer?",2,1734099334,TWICE_Strategy
m1v5p9q,twice,"I wonder if she actually got her degree or if she is still working on it? The translations make it sound like she is still taking classes in her spare time and that it has been over a year since she started. So maybe she is still working on the bachelor's but has plans to get her masters? Or did she already get the bachelor's and has been working on her masters for over a year? 

It's very impressive if she did get her bachelor's already. I don't know how she found the time or motivation to complete a 3-4 year degree while working as an idol. I only work 40 hours a week and still have little motivation to do anything productive after work. And she's going to school full time with a much more demanding and stressful job. Tzuyu is amazing. 💙

How dare she lie to us about being a lazy baby 😂",8,1734101309,TWICE_Strategy
m1v8pg9,twice,I don’t know how true this is but the story I heard is that Megan wanted to collab with the most popular girl group in Japan and she heard it was Twice,3,1734102350,TWICE_Strategy
m1vcs9z,twice,Pic 7 stares into my soul. Tzuyu is so pretty.,11,1734103719,TWICE_Strategy
m1vd0w1,twice,"Beauty and brains.


Some people are just Jihyo's favourites.",275,1734103799,TWICE_Strategy
m1vfzt8,twice,Pretty easy since she has 2 subjects - Nayeon and Momo as reference.,123,1734104774,TWICE_Strategy
m1vgk4r,twice,"Respect indeed. With TWICE's crazy schedule, you might ask where does she find the time. But she made time.",26,1734104956,TWICE_Strategy
m1vkduq,twice,"hey, just an update -- [someone asked nayeon at the today's fansign/fancall session](https://x.com/sorakonnn/status/1867539577587777832) about yes i am nayeon, and nayeon said she shot it earlier this year! so it looks like she'll be up next -- maybe preorders will start soon",1,1734106192,TWICE_Strategy
m1vm7g9,twice,"I wonder if she actually got her degree or if she is still working on it? The translations make it sound like she is still taking classes in her spare time and that it has been over a year since she started. So maybe she is still working on the bachelor's but has plans to get her masters? Or did she already get the bachelor's and has been working on her masters for over a year? 

It's very impressive if she did get her bachelor's already. I don't know how she found the time or motivation to complete a 3-4 year degree while working as an idol. I only work 40 hours a week and still have little motivation to do anything productive after work. And she's going to school full time with a much more demanding and stressful job. Tzuyu is amazing. 💙

How dare she lie to us about being a lazy baby 😂",165,1734106771,TWICE_Strategy
m1vpzfe,twice,Tzuyu wrote a thesis about Nayeon to get her degree /s,27,1734107966,TWICE_Strategy
m1vq7rj,twice,"Jihyo really is the most beautiful woman ever

The greatest short woman ever",5,1734108039,TWICE_Strategy
m1vqwcc,twice,"This account provides some context, explaining how she was able to enroll in a master's program in a Spanish University, that too without having a bachelor's degree: https://twitter.com/MIYABI_SaTzu/status/1866496462236078497?t=tn8O66wLgtPytisbo-p6ZQ&s=19

(I can't verify the info's accuracy, so take this with a pinch of salt. but it gave me some clarification on how it was actually possible for someone as busy as her all these years to do earn a master's degree)

Google translation of the tweet (it's a long read, and the last paragraph is interesting):

""[Tzuyu Earns Master's Degree in Applied Psychology]

During a time when group activities were reduced due to the COVID-19 pandemic, Spain's Cervantes University began offering online classes for the first time, including classes in Chinese.

Tzuyu was recommended by a university professor she knew and, because she was interested in human psychology, she chose the university's two-year ""applied psychology"" course, and took advantage of this rare opportunity to earn a Master's Degree in Applied Psychology.

Also, in October, Tzuyu's alma mater, Fuxing Elementary School in Tainan, celebrated its 30th anniversary and awarded Tzuyu as an ""outstanding graduate,"" with her mother accepting the honor on her behalf.

🇪🇸 The full name of the Cervantes University is UNIVERSIDAD EUROPEA MIGUEL DE CERVANTES, abbreviated as UEMC.
Since COVID-19, online classes have ended, so you will need to attend classes in person at the university.

Due to differences in the education systems of each country, some universities may allow students to study with outstanding work experience or work history as a qualification equivalent to a university degree.
Tzuyu started working at the age of 16, achieved great results in her job, and was recommended by a university professor to earn this degree. ☺️""",148,1734108257,TWICE_Strategy
m1vrdnj,twice,"Pasting my reply to u/griess543 here:

This account provides some context, explaining how she was able to enroll in a master's program in a Spanish University, that too without having a bachelor's degree: https://twitter.com/MIYABI_SaTzu/status/1866496462236078497?t=tn8O66wLgtPytisbo-p6ZQ&s=19

(I can't verify the info's accuracy, so take this with a pinch of salt. but it gave me some clarification on how it was actually possible for someone as busy as her all these years to do earn a master's degree)

Google translation of the tweet (it's a long read, and the last paragraph is interesting):

""[Tzuyu Earns Master's Degree in Applied Psychology]

During a time when group activities were reduced due to the COVID-19 pandemic, Spain's Cervantes University began offering online classes for the first time, including classes in Chinese.

Tzuyu was recommended by a university professor she knew and, because she was interested in human psychology, she chose the university's two-year ""applied psychology"" course, and took advantage of this rare opportunity to earn a Master's Degree in Applied Psychology.

Also, in October, Tzuyu's alma mater, Fuxing Elementary School in Tainan, celebrated its 30th anniversary and awarded Tzuyu as an ""outstanding graduate,"" with her mother accepting the honor on her behalf.

🇪🇸 The full name of the Cervantes University is UNIVERSIDAD EUROPEA MIGUEL DE CERVANTES, abbreviated as UEMC.
Since COVID-19, online classes have ended, so you will need to attend classes in person at the university.

Due to differences in the education systems of each country, some universities may allow students to study with outstanding work experience or work history as a qualification equivalent to a university degree.
Tzuyu started working at the age of 16, achieved great results in her job, and was recommended by a university professor to earn this degree. ☺️""",45,1734108410,TWICE_Strategy
m1vrian,twice,"It's not bad, it's just one of their weaker title tracks

Twice's English songs are in general worse than their other 2 languages since they're not fluent in English 

Sweetest Obsession should've been the title",-29,1734108450,TWICE_Strategy
m1vvs8g,twice,"What a surprise, Jype is no longer interested in twice.",3,1734109813,TWICE_Strategy
m1vwvhc,twice,This pretty much. I’m very open to how much of a sucker I am for Tzuyu but I’m starting to wonder if she isn’t just a little bit too perfect,52,1734110164,TWICE_Strategy
m1w1psq,twice,"yeah JYPE is being pretty disrespectful here to Onces and Twice. Onces bought something like 3 million albums this year, and that's on top of the tour.

Meaning there's more than enough $$$ Twice made for it to be reinvested into what is likely to be the longest active k-pop gg of all time + one of the longest overall.",9,1734111701,TWICE_Strategy
m1w2x5z,twice,"Fuck, she’s such a legend.

I originally figured it must’ve been a mix up or a mistranslation (I still think that was a fair assumption based on the little that we could verify/what we knew, and meant no disrespect to Tzuyu AT ALL). I’m so happy I was wrong and I feel so proud of her (and also motivated by her as a fellow student). Fuck yeah, Tzuyu.

“Lazy baby”, my ass.",1,1734112078,TWICE_Strategy
m1w60ds,twice,"I don't know much about these things so I just look for any info I can get, but I do agree with you that relevant work experience is required. Maybe the professor had good ties with the faculty at UEMC and gave Tzuyu a good letter of recommendation?",18,1734113045,TWICE_Strategy
m1w9jfs,twice,"I feel like there is still some missing pieces to the Tzuyu degree story. 

AFAICTell she may have gotten a bachelors in Psychology, or is still studying for it. Or she got the Bach of Sci and is now getting her masters.

I get wanting to know, but I feel like a more formal explanation is something we should be waiting on rather than a clip of a fan call?",5,1734114173,TWICE_Strategy
m1wd1ps,twice,"There was [a comment that went into it](https://www.reddit.com/r/twice/comments/1hddknq/about_tzuyus_psychology_degree_someone_asked_her/m1vrdnj/) on the sub. 

It's not your typical degree, and I don't know if it can actually be considered a masters (without a bachelors) or if she just completed the masters courses or what. Waiving the requirement of having a bachelors is one thing, but it's pretty crazy she could actually pass the masters courses without the bachelors education. 

It's definitely a unique situation. Quite frankly, I don't know why you'd even mention that in an elementary school's outstanding graduate award when she already has all these other achievements - but props to her for doing it.",8,1734115285,TWICE_Strategy
m1welzx,twice,Jeongy getting her heavy machinery operation license and Tzuyu getting her masters degree.  My super prepared girls got something locked up just in case being an idol doesn't work out lol,25,1734115781,TWICE_Strategy
m1wh0bz,twice,"yeah it's not about doubting Tzuyu's intellect, it's that the story is confusing.",2,1734116541,TWICE_Strategy
m1wmymz,twice,">Jihyo's favourites.

![gif](giphy|88iYsvbegSUn9bSTF8)",34,1734118421,TWICE_Strategy
m1wxact,twice,"I like hot Twice. I’m getting pretty girl type of swings here as these posts keeps happening 🫣

![gif](giphy|yjukPn2GGbMC4)",3,1734121779,TWICE_Strategy
m1wyfi8,twice,Does Tzuyu speak Spanish?,1,1734122156,TWICE_Strategy
m1x32fu,twice,"Thank you for submitting, /u/ContentFox7208! Unfortunately, your submission has been removed for the following reason(s):

---

Rule 7: Your submission has been removed because it falls under a disallowed content category.

Screenshots, memes, shitposts, personal rants, rumours, doodles, low effort edits/wallpapers are not permitted to be submitted as a self post in our main subreddit feed.

Memes should be submitted to r/twicememes.



---

If you have any questions about this post removal or [regarding the ruleset](https://www.reddit.com/r/twice/wiki/communityguidelines) of /r/twice, please refer to the sidebar or [send a modmail](/message/compose?to=%2Fr%2Ftwice).",1,1734123669,TWICE_Strategy
m1xh0s5,twice,"@[Jimhokey](https://www.reddit.com/user/Jimhokey/) Here is my TWICE Walls that I was talking about. I am sure I will add more over time, but I am also running out of wall space. Hahaha. Let me know what you all think! :D",9,1734128323,TWICE_Strategy
m1xh574,twice,"It's up now, I tagged you in it too! :D   
[https://www.reddit.com/r/twice/comments/1hdnw5u/posting\_this\_because\_another\_fellow\_once\_showed/](https://www.reddit.com/r/twice/comments/1hdnw5u/posting_this_because_another_fellow_once_showed/)",2,1734128366,TWICE_Strategy
m1xhakd,twice,Don’t understand how Twice’s projected [total](https://hitsdailydouble.com/sales_plus_streaming) reduced?,3,1734128418,TWICE_Strategy
m1xhhr4,twice,"Screenshots, memes, shitposts, personal rants, rumours, doodles, low effort edits/wallpapers, etc... are not permitted to be submitted as a self post in our main subreddit feed.

Memes should be submitted to r/twicememes.",1,1734128488,TWICE_Strategy
m1xhqnm,twice,Twicetastic :) I like it alot it looks very good.,2,1734128574,TWICE_Strategy
m1xiqpc,twice,"I'm a BIG FAN of using Govee Strip lights, we have them all around my house and they really make a dark room feel really lit up, they're really bright, run by automation, and can change a white-painted room into ANY color you'd want. So I have my personal theme colors in my room, TWICE's Theme colors, and then Sana purple around the fan sigh I made by hand for her when I went to the ATL Concert. Also that fan sign is glow in the dark and has like 7 layers of glow in the dark paint on it and it lasts all night glowing after the lights turn off. I tried to make sure there was some nice arrangement and order to my layout. Also, these photos DON'T Include my stack of TWICE merch which I DESPERATELY NEED a SHELF for! :'(",1,1734128924,TWICE_Strategy
m1xk0q6,twice,"It’s their worst song since Signal, I kind of fuck with those short kpop songs. 

Obviously they’re no match on 90% of twice singles.",-11,1734129375,TWICE_Strategy
m1xkd1t,twice,"Oh I could tell. Lol, the lights and layout are fantastic. The sign is great I wouldn't of known it was handmade. My entire house is decorated in twice and itzy I only showed a little of my madness lol. I'm glad you shared yours it's giving me ideas for some lights around a few aspects of mine. Thank you for sharing!",1,1734129494,TWICE_Strategy
m1xtreo,twice,Is the archer poster in honor of Tzuyu? She’s the first member that comes to mind holding a bow. I really admire your dedication to Sana though. My wife would divorce me if i ever did something like this. But 10/10 in aesthetics from me.,2,1734132967,TWICE_Strategy
m1xvu9l,twice,I feel like coming on a post where we are celebrating TWICE’s 122nd music show win by calling the song awful is in poor taste and that nasty opinion should’ve been kept to one’s self,13,1734133766,TWICE_Strategy
m1xwb5h,twice,"I got two Chaeyoung signed postcards I'm willing to trade for a Jeongyeon, Jihyo or Tzuyu?  I'm in Indiana USA",1,1734133943,TWICE_Strategy
m1y4j0u,twice,Thank you!!! I am really surprised everyone has fallen in love with my display of TWICE stuff! It feels good! And I enjoy it every day!,1,1734137077,TWICE_Strategy
m1y5ixd,twice,"As always you are the calm in stormy water. Rose is a fluent English speaker able to do interview in America and England. The viral hit with Bruno Mars no doubt play a significant boost. And the promotions are top notch. 

As others may notice the promotion for Strategy is mainly Korea. Of course there are Amazon Live and western interviews but Twice it seems going full on Korea this time. (Yes waiting for IU's Pallette to drop).

I don't need to elaborate on what JYPE is doing to SKZ and Twice. We all know the drill. Just maybe someday Twice will get the same treatment. Hope springs eternal.",7,1734137462,TWICE_Strategy
m1y9k82,twice,Don’t regret sana at the eighth anniversary said you met us  exactly when you needed to nayeon said for new people there’s plenty of more memories to share together. We have more in the future because a lot of ones at the 8th anniversary felt alienated. They were not around for the debut.,1,1734139046,TWICE_Strategy
m1ye85g,twice,Mine had like 8 Tzuyu versions only. I went to 3 Barnes and Nobles and they only have Dahyun 😂.,8,1734140914,TWICE_Strategy
m1yecg7,twice,"First real week actually doing my new job.  It was very intimidating at first I'm happy I made it out fine.  I'm grateful for those taking care of me were patient and answered every question I needed.  It certainly helps that I'm essentially in the same place and everyone I know everyone but now it's a different situation.

All this so I can afford KPop.  Twice really punished the wallet alone.  Then add in all the other groups I financially support lol.",10,1734140962,TWICE_Strategy
m1yeect,twice,"She almost failed, though, because her written thesis was eaten by Nayeon on the day of the presentation.",10,1734140983,TWICE_Strategy
m1ykxyo,twice,"Every Target seems to only get one member. I was looking for Chae and the first Target I went to had all Jihyo, the second all Sana. Finally went to my local K-pop store to get Chae.",2,1734143709,TWICE_Strategy
m1ypxhd,twice,"Have you double checked it's not stuck under Nayeon? Sounds crazy, but my PCs, especially the pre order ones in the envelope, have stuck together like this before many times. They can be really sticky sometimes! 

I'm not sure if JYP will do anything, but tons and tons of pre order cards are made and will be floating around for sale very cheap on eBay and elsewhere. Honestly, I'll have extra, so just dm in a couple weeks if you're still missing it.",4,1734145841,TWICE_Strategy
m1yqfd0,twice,Yeah I doubled checked. Rubbed two fingers together on Nayeon’s card to make sure. It’s not there unfortunately😢. It’s my first pre-order too,3,1734146056,TWICE_Strategy
m1yyb2g,twice,if you bought on twiceshop you can possibly contact them and see if they would be willing to send another album. They have insurance on orders so if there is any issues they can usually either refund or replace. I’ve had multiple issues with twiceshop albums and they were always resolved well. One of my Ready to Be albums was missing all of the PCS and they sent me a refund for it,5,1734149624,TWICE_Strategy
m1z4kzm,twice,"Thank you for submitting, /u/BigWaveBigWave123! Unfortunately, your submission has been removed for the following reason(s):

---

Rule 7: Your submission has been removed because it falls under a disallowed content category.

Screenshots, memes, shitposts, personal rants, rumours, doodles, low effort edits/wallpapers are not permitted to be submitted as a self post in our main subreddit feed.

Memes should be submitted to r/twicememes.



---

If you have any questions about this post removal or [regarding the ruleset](https://www.reddit.com/r/twice/wiki/communityguidelines) of /r/twice, please refer to the sidebar or [send a modmail](/message/compose?to=%2Fr%2Ftwice).",1,1734152720,TWICE_Strategy
m1zb0y1,twice,[Source Link](https://x.com/JYPETWICE/status/1867811764664250877),1,1734156239,TWICE_Strategy
m1zb549,twice,[Source Link](https://x.com/JYPETWICE/status/1867811759928512520),3,1734156308,TWICE_Strategy
m1zb9tk,twice,"I think they are just long overdue. So many Kpop groups/solo acts have either performed or headlined at festivals in Korea or international ones so it really can’t be that impossible for Twice. I understand that they were really busy the past 2 years with all kinds of activities so that’s why I think summer next year would be quite perfect


They release 2 albums this year and most of the b-sides haven’t been heard except for Rush. If we assume the next release is a full album, that would have been so many new songs to put on the tour setlist when they already had lots of title tracks and popular b-sides as well",2,1734156387,TWICE_Strategy
m1zbhfl,twice,"I got this version too! It's beautiful and sounds great. My first Twice album.


I was very happy it was a gatefold. Now I want more...wow, expensive!",3,1734156512,TWICE_Strategy
m1zciga,twice,"I think one critical error/missed opportunity was not reporting Twice's tour data properly and campaigning for some BBMA nominations and a performance. It would've been big enough to suggest to Megan, and worst case scenario they'd film something for broadcast in advance. 

JYPE choosing Strategy of all titles to *not* support with US content is a bit surprising, all things considered. December isn't a particularly strong time for releases as is, but are compounding the lack of stages with a lack of year-end performances. 

Part of me is wondering how the release would look if Strategy was a standalone pre-release like The Feels, with Like It Like It or something else as the main title to accompany the album. 2 MV's, a big lead-in, give themselves more time for promo, etc... but they had a busy schedule to end the year with AbouTZU, Haute Couture, MISAMO tour, 10th Anniversary, and Strategy.",6,1734157129,TWICE_Strategy
m1zezwt,twice,"Members all doting on Tzuyu as usual 🥰

[Source](https://twitter.com/JYPETWICE/status/1867811760104968288?t=YqltN9OTbJUDCdvW44TIFg&s=19)",19,1734158662,TWICE_Strategy
m1zfw91,twice,"Based on Nayeon's bubble messages, it sounds like Strategy Version 1.0 was recorded later and it's not the original version of the song. She said it's like a ""part switch"" remix since they sing different members' lines.",10,1734159216,TWICE_Strategy
m1zfwxx,twice,TWICE in their natural state.,21,1734159229,TWICE_Strategy
m1zga8h,twice,Unnies are so cute and Tzuyu‘s hi~~~~ so iconic,14,1734159463,TWICE_Strategy
m1zi4mb,twice,I think her motivation to study psychology must be from Nayeon and Momo; to find out how these two think and their behaviours :-),4,1734160667,TWICE_Strategy
m1zivb2,twice,"I bet Tzuyu has been studying, recording, and researching Nayeon and Momo for years already. These works should be sufficient for her application ![img](emote|t5_3812p|4076)![img](emote|t5_3812p|4081). Hehehe...",4,1734161166,TWICE_Strategy
m1zjd5j,twice,Just a usual day in TWICELand,11,1734161497,TWICE_Strategy
m1zl33w,twice,Yes.. I remember when Twice promoted in America because music shows being cancelled by broadcast of baseball games there were hue and cry by K-Onces.,2,1734162659,TWICE_Strategy
m1zm72t,twice,"The thing that sucks is that some groups seem to ""get away"" with being a western-facing group while others feel the need to capitulate to the domestic fandom. I don't think anyone should have to ""get away"" with that either, but it always feels like a tightrope act from most groups while a few just say fuck it and go full speed ahead to US and EU. 

I have immense respect for Twice but sometimes I wish they felt a little more secure with their international fandom. Maybe I'm wrong and the domestic fans are carrying the numbers but the trends seem to suggest the group is doing better worldwide. I don't want them to abandon anybody, but Korean GP seems to pay little attention to Twice. (They *were* genuinely unlucky with timing this time tbf.)

Maybe if we ever get to the point where they can be truly confident and conversational in English, they'll pivot... but honestly I just want some damn budget investment lol. Why only 1 MV/single, why no ads, why no playlisting or radio campaign, why cram 3 different releases into the end of the year, etc...",3,1734163381,TWICE_Strategy
m1zp0sl,twice,"Yeah.. while i wasn't present when SuperM  debuted. I know the story of SM stans furious. I think JYPE got more leeway from stans than SM. 

As for the different treatment for SKZ and TWICE, I can just offer the misogyny reason. And the Strategy album being launched in December? I guess the rush was to push another album before another world tour. Have to remember 2025 is their 10th Anniversary.",5,1734165346,TWICE_Strategy
m1zuiux,twice,"Actually there are only 7 unnies since Chaeyoung is same age as Tzuyu (considered as chingu, same age friend).",11,1734169239,TWICE_Strategy
m2038pt,twice,"So new predictions came out and Twice has now dropped to #4 and Rosé to #3. I like her & BP (you can check my account if you want) but some parts of this are so annoying 

After the predictions came out, she & her team started pushing the album like crazy. I’m part of her Instagram broadcast channel and she made a post about how the song that was only available on vinyl is now available for do digital download and it was available for 6 hours only & she really wanted us to have it. I’m like you wanted us to have it or you want top 3 on billboard? Lol 😂 I can’t even be mad cause that’s her team doing their freaking job. I’ll definitely say she took Taylor’s advice cause the amount of versions and special things this album has had is astounding. 

It’s the same thing BP did when born pink was predicted to be #3 with like 80k units or something. They started with massive discounts of the album and twitter influencers who had never said a thing about them before started talking about the album. It helped them get #1. Again I’m not mad, that’s what a team is meant to do 

Meanwhile stupid jype & RR are talking about new digital albums on twice shop and telling fans that _it will be available on all platforms later so they should buy it now_. Pray tell, why would I buy it now if I’ll get it for free later? Are they serious? How do you boost your numbers like that? You tell fans that it’s available for download, I don’t see why you need to add that it will still be available later on. Only a die hard fan or one with lots of disposable income will but something they’ll get for free later. If you want to be in the music industry at least do it right? 

Same with them shamelessly asking us to request songs on radio when that’s a label’s job. Jype is really useless. With almost all of their groups, you can tell they’ve never had to try before. They lucked out with twice & so now that they actually have to promote them like a normal label does, they’re flailing around. I won’t even speak on RR and their obsession with twice x Roblox. 

I’m just a little salty but I’ll be fine. Top 5 is still good. I mean didn’t EWO debut @ #200 just 4 years ago? It’s nice to see growth but the label is just stagnating at this point. 

Sometimes the conspiracy theorist in my head says that jype saw how much attention twice got during the billboard women in music award and were like nopeeeee, let’s do the bare minimum for American promotions from now on. Can’t have the girl group getting too big",4,1734175388,TWICE_Strategy
m204ftv,twice,All HAIL LATINA JIHYO,3,1734176186,TWICE_Strategy
m208ave,twice,My all time bias Tzuyu :-),2,1734178607,TWICE_Strategy
m208zte,twice,try twice@umgstores.com not sure if it’ll go through since it’s a weeknd but worth a shot,2,1734179013,TWICE_Strategy
m20cbss,twice,"I don't understand how all this charting and streaming stuff works.

If you were to speak objectively and not as a TWICE stan, how is Strategy doing commercially in South Korea and worldwide?",3,1734180838,TWICE_Strategy
m20fjvf,twice,"Purely business possibly to help Twice break the western market and MTS was available. 
Imo I don't like the rap part, don't like them in most songs tbh, and I think the non rap version is just as good.
I've seen a few live performances and there has been a lady I'm unsure of, doing the MTS part and it just sounds the same which makes me think it is purely a business decision rather than MTS saying she wants to work with Twice.
Then again pokemane is doing dance tiktoks with them 🙄🙄🙄🙄",0,1734182410,TWICE_Strategy
m20l59x,twice,"When you talk about it, it’s like you’re doomposting but you’re right! They had a collab with one of the most talked about rappers in America this year and there were practically 0 promotions for that. No interviews, no performances, no hype basically. This wasn’t a remix like Butter with bts. This was an actual title track. And even bts had Megan on stage with them during their PTD concerts. 

Like you said, they think posting 100000000 TikTok challenges of the girls dancing and looking pretty is promo. How will Twice grow when you don’t try anything new to innovate or be different? Twice is just an atm to them cause they know fans will buy albums and they’ll always draw in a massive crowd for their concerts. 

The company is honestly one of the most lackluster of the top companies. So boring and lacking in innovation. They need a team that understands how the western market works & they need to also leave RR cause they do the bare minimum for twice",10,1734184931,TWICE_Strategy
m20l8l9,twice,"In South Korea's performance is bad, charting at around #250 or so and peaking at #112.

On Day 1, it had 68k streams and 24k unique listeners, which is similar to ""One Spark."" Technically, it's near the bottom, with only 1/10th the unique listeners compared to Twice's hits.

Internationally, it stayed on Spotify Global for one day. While it's on the lower side, it’s honestly better than most of their recent comebacks. It performed better than ""I Got You"" and ""One Spark."" all recent solo projects are holding up well and showing better consistency even SMF.

Sales-wise, it’s doing really well, holding strong with minimal drop despite having 6 releases this year.

Commercially, I think it's underperforming by Twice’s standards. However, Twice's comebacks have struggled to click over  casuals for the past two years, so this definitely feels like a stepup. I haven’t seen any criticism of the song itself so far. The last time a comeback received such a positive response was back in 2022 with ""Talk That Talk.",5,1734184972,TWICE_Strategy
m20npth,twice,"Honestly, as someone who has witnessed both Twice and Blackpink grow their fandoms and constantly be at each other’s necks, I think this is one instance where I’m not even mad. Her songs are doing huge numbers in streams, so her getting that spot was just a matter of time.

her promotion just widened the gap. She signed with her new label, and it’s their opportunity to prove a point. However, those tactics feel unfair.

As for Twice, I’ve always said that JYPE treats them like a stepping stone, using them to push their junior groups. For example, when they saw Twice getting huge in the U.S. (in 2022, they were the most-streamed girl group in the U.S.), instead of giving them a bigger platform, they shifted their focus to VCHA. They did the same with Itzy and NiziU. At this point, it’s just how their company operates.

Out of all the places where there was demand, they chose to do stadium shows in Australia—just so JYPE could use it to plan other group tours—while skipping Singapore, which had over 150k people in the queue. At this point, nothing feels surprising. Groups like Seventeen have won more Western awards than Twice, which shows how unserious JYPE is about their international recognition.

The only thing that gets to me is that the members are still very passionate and want to reach new heights and achieve huge goals, but their company just sees them as a cash cow.",9,1734186022,TWICE_Strategy
m20tyuu,twice,"Chaeyoung said after their collab on Mamushi, they asked Megan to feature on Strategy. So it was a collab for a collab. Megan wasn’t just the only one available, they did a feature for her so she did a feature for them. Pretty standard trade of sorts. And you can sort of tell they had to arrange this pretty last minute given how late they filmed the music video and  had to do it when all of them couldnt even be in it. 

So i think her inclusion in the song was not planned from the start and the other ot9 versions of the song also speak to that. Like obviously their labels are handle majority of this but i don’t think that means Megan and the members were hands off and zero input in the matter. Megan also did see their Mamushi tiktok, because she reposted it lol. Suggesting that may have kicked off their initial connection isn’t a reach at all.",4,1734188539,TWICE_Strategy
m20wa24,twice,"Eyyyy this looks great! Totally wonder who your bias is? Lolzzzz! It's so funny that I'm seeing this post today, cause I'm actually working on setting up my Twice display today! It's gonna take awhile to get everything put up, but I'm excited!",1,1734189414,TWICE_Strategy
m20wgbr,twice,The single? One of the better kpop comebacks of the year. Really catchy and unique. The album? Honestly a little disappointed. I don't really love a single b side which is unusual for a Twice album.,1,1734189478,TWICE_Strategy
m20wp25,twice,"It's a tune for sure but so far for me it doesn't top the other English comebacks, and is still well behind my other favorites. It's just not my specific type of jam.

Can never complain about more Twice though!",2,1734189568,TWICE_Strategy
m218pgy,twice,"IDK how the girls feel but well, I just *hope* that they are happy with the people that they work with and if they aren’t, they can say their opinions and give feedbacks to the team. Tbh, I really don’t know if they have any long-term plans after having a western artist featured but not giving the song any major push and just relying on fans’ work *again* is just disappointing. It’s not even like we are asking the team to push Twice to reach their biggest potential or anything",9,1734193807,TWICE_Strategy
m21ekpk,twice,"It's clear that Rose's advertising budget was bigger and likely also had a bigger and more trend-conscious team. What aggravates me are the lost opportunities where div3 unnecessarily fumbled it which makes them look so unprofessional. 

* Not handing in the tour data for BB which would have resulted in a prestigious nomination, if not the award itself. This could have furthermore led to a performance at the show which is much better than the gazillion interviews they did in the US that cost time and reaches very little audiences in this time and age.
* Not having Megan be the surprise guest on Amazon Live where they could reveal the new song. OK, could be a timing issue but being in the States and not promoting your new English single while having a huge platform aiding you is sort of a miss.
* They have really good b-sides. If we take Rose's approach, an MV for Like It Like It or Kiss My Troubles Away (both imo stronger than Toxic Till The End) would have driven attention towards the album, leading to more plays and sales. Instead, these bops kinda went to waste.
* Crisis management: 
   * When the actor Song Jae-rim died, it coincided with a picture reveal. Other JYPE groups did push out content. It would have been fine if they prepared a statement that said, out of respect for the actor, they will postpone whatever was planned. Instead, this statement came much much later, which made it sound like they used the tragic situation as an excuse for some internal faux-pas.
   * When the VCHA incident happened, their social media still announced those Stationhead events. Everyone in the chat was waiting for the girls to appear and they didn't. A lot of confusion ensued. This happened twice (lol). I understand if for the first date, they didn't want to expose the girls to unnecessary questions and didn't know how to handle the situation, but by day two, they really should have prepared a statement or something at least? It's just hard to take them seriously after all that.

These are just some of the things that come to my mind. I have to say, Twice and div3 have been insanely unlucky this comeback with all that has been going wrong. It's just very disheartening to know that they worked so hard this whole year, been on so many programs, and the output is less compared to other 3rd gen idols, who are more successful while doing less.",10,1734195769,TWICE_Strategy
m21fu1l,twice,"IMO it's less about having a girl group getting too big and JYPE's eternal hope of keeping up with the other Big 4 without putting in the same amount of $$$.

I think MTS as a collab probably did more than the usual little Youtube interviews, so focusing more on SK promo made sense.

But it's very rare that any single song is going to make up for the fumbles JYPE has made. AF cracked the Top 10 Melon, signaling an opportunity for Twice to go from songs about wanting love to being in love. JYPE decided to force Scientist on the girls and we saw the results. The Feels was a mega hit, and there wasn't to my ear any real sonic follow up to that.

Really you need to get people to listen to every song an album, or at least multiple tracks, to see what works and what doesn't. Throwing a single song at the wall is just rolling the dice...though even there for the US at least you need playlisting.",11,1734196190,TWICE_Strategy
m21heb2,twice,The fact that twice missed out on that BBMA nomination is so infuriating. There’s so much that company could do if they wanted twice to expand more - they certainly don’t mind doing it for skz. It’s just unfortunate for the girls and the fans who have to watch this all go down,8,1734196718,TWICE_Strategy
m21hxib,twice,I love when they do these kinds of videos with Tzuyu even after all these years. 💙💕,6,1734196898,TWICE_Strategy
m21lxk0,twice,"> look we tried and it's the same result of just doing the bare minimum. At least when we did the bare minimum, we all made more money. 

And this is with Twice as the main artist in Div.3 and one of the top groups in the company btw but they are somehow always playing catch-up",2,1734198261,TWICE_Strategy
m21moin,twice,"Her team are desperate to push the album, but JYPE isn't and once again with Twice it's just fire it out and hope.",7,1734198516,TWICE_Strategy
m21n8td,twice,"There's the misogynistic industry factor. Apart from that, I've heard that Stray Kids produce their own songs which frees up some capital? At least that's the only point that Stays made that made some sense to me. 

Still, it's very evident that Stray Kids have received a much bigger push and seems to be priority number 1 for the company. Twice must have had internal discussions as well, so at least some progress was made, but there's definitely lots of room for improvement.",8,1734198711,TWICE_Strategy
m21ny94,twice,"I feel you on the not getting any Tzuyu PC's. I bought 8 copies total and didn't pull a single Tzuyu PC (and only got 1 Jeongyeon PC). I did get Tzuyu's signed card though from one of my signed albums so got that at least.

This time around I seemed to get a lot of Nayeon, Jihyo, and Dahyun duplicate PC's.

Next time we'll be lucky.. surely.",5,1734198951,TWICE_Strategy
m21otpz,twice,"People realize you can be trained in production, something Chae & Jihyo have had interest in if not more members.

Chae also went into Sixteen writing her own raps, one of the few female (maybe male too) idol rappers to do so at the time IIRC. Certainly in the Big 3.

JYPE just used Twice's $$$ to promote their juniors at their expense as artists and profitability. Whether that's misogyny or some other factor I think that's just a fact.",3,1734199249,TWICE_Strategy
m21r7py,twice,"Tbh, I think what Twice made/make was/is invested into every corner - new and old talents, new building, new staff, market expansion etc. The unjust aspect is that  it's clear, even if SKZ are now making just as much or even more, they get a higher share of the pie re-invested back into them. Stays will cry that a member called Ryan up and that's why SKZ are featured in Deadpool. They can't tell me a member called up Jinx too for that Arcane gig.",8,1734200064,TWICE_Strategy
m21rfay,twice,"Got a discounted projector over the USian ""Black Friday"" sale, and projecting Twice's Strategy and MiSaMo's Runway live were my first choices.

Really a new way to appreciate our girls, definitely going to project more lives especially as it feels awesome to see them on such a large ""screen"" as a projection on my wall! \~",10,1734200136,TWICE_Strategy
m21uzlu,twice,TWICE WILLOW COLDPLAY AND AYRA STARR?? WHOS COMING WITH MEEE,1,1734201356,TWICE_Strategy
m21wj0j,twice,One of the POBs that was stolen from me was a Tzuyu one 🥲.  Well at least we had her solo album lol,2,1734201881,TWICE_Strategy
m2201v8,twice,"No issue with posting this stuff BUT...this seems like Republic Records and JYP Entertainment's job?

Without proper playlisting the chance of this leading to success is minimal. I think fans might be better served sending multiple complaints about lack of playlisting and comparing promotion of Twice with what their juniors have gotten.

Apologies for the negativity, but I think asking Onces to put their efforts into something that is more the company's job is asking too much given the $$$ we fans have put into Twice compared to the re-investment we see in our girls.",1,1734203087,TWICE_Strategy
m228p1w,twice,"It is supposed to be republic records/jype who does this, however this tweet showed they do not want to spend money/time on this for twice.

[https://x.com/JYPETWICE/status/1867551084572815755](https://x.com/JYPETWICE/status/1867551084572815755)

Honestly hilarious the company is asking onces to do something that is their job, especially when jype has done major radioplay for other jype groups.",5,1734206064,TWICE_Strategy
m22b02o,twice,"I also did not pull any Tzuyu PCs (and Momo's). Hopefully people are willing to trade 🥹.

Also, similar to you I got a bunch of Jihyo and Nayeon^^",1,1734206877,TWICE_Strategy
m22bthl,twice,"Abcd and Strategy are hits Tbf, and New Look by misamo is a hit at least in Japan. Day6 has back2back hits in South Korea, chk chk boom by straykids is the best BGs song this year. Look at me by twice going viral this year, number 1 song in tiktok Korea. JYP makes a lot of money from their music still, but touring money is way bigger fish for them.",8,1734207164,TWICE_Strategy
m22dtoi,twice,"I can't speak for other groups, but twice it boils down to the selection committee and producers failing to capture audience sentiment.

Most other companies either bring in prominent outside producers or have really strong in-house producers who keep up with trends.

The production team Twice has been working with for the last two years has been very hit-or-miss.

Lindgren: He can be very inconsistent. This isn’t limited to Twice. For instance, he produced the title track for (G)I-DLE's English album, which performed poorly on the charts despite coming at a time when (G)I-DLE was delivering back-to-back hits. He also produced “Girls” for BLACKPINK, which wasn’t well-received by the K-pop audience.

Melanie: Most of her projects in the last 4–5 years have been misses. I think she has very few songs during this time that received a good response.

Earattack: .While he’s good for B-sides, his title tracks tend to miss the mark for casual listeners . if his last 4 to 5 projects aren't hit possibility of this one to become hit is rather low.

JYP himself: While he used to be a hitmaker, many of his recent works have been misses. I think “Alcohol-Free” was his last significant hit. Songs made for VCHA, ITZY, and NMIXX also weren’t hits.

“POP!” was JYP E last biggest hit, and it was produced by Kenzie. She has a great track record,  like even now she is involved in aespa’s “Supernova,” which was one of the biggest hits this year

They brought Pdogg’s for “ABCD” and it comparatively did well than other songs.

I personally think Twice would fare far better if Collapsedone was made their main producer. Or  they should bring in some big-name producers for title tracks.",3,1734207880,TWICE_Strategy
m22euoj,twice,"She looks great! 

Sidenote, I hate that most female idols (across the board, not just twice) are losing more weight. The trend is shifting that way and it just makes me sad - theyre already so thin and restrictive!",2,1734208245,TWICE_Strategy
m22kgvu,twice,"There’s an inclusion inside (this time it’s a postcard) signed by a random member. 

I got 2 Nayeon’s and Jihyo this time. Hoping someone has Chae and wants to trade for a Nayeon.",1,1734210238,TWICE_Strategy
m22m5oy,twice,"Hello when allowing remixes/Mashup, etc we normally don't allow submissions from your own youtube channels as that constitutes self promotion.

As well as using twices full MV but replacing the sound we tend to not allow.


Submitting videos from your own channel or blog is considered self-promotion and will be removed. More information regarding self-promotion can be found [here.](https://www.reddit.com/wiki/selfpromotion)",1,1734210839,TWICE_Strategy
m22zxx7,twice,Twice and IU?? More details please,18,1734215791,TWICE_Strategy
m231clo,twice,"Whenever I heard this song, I think of the imagine of Sana hopping backward from the TWICE Scientist Live version video they did. xD That little bunny hop is so cute!",-1,1734216311,TWICE_Strategy
m2322yr,twice,"I have the White version of ""Yes I am Sana"". But it's in my stack of TWICE Merch that has NO Shelf sadly as of right now but when I move out next year, I am hoping to give it all a proper display!",1,1734216586,TWICE_Strategy
m23cdu5,twice,"As much as I love Strategy & what it means for TWICE's artistic direction moving forward, a part of me also feels like this was the exact kind of single/collab they needed to push into the Western market when they were doing US promotions for RTB in early 2023. 

I don't really get the rationale of releasing a fully-English single and bringing on board a popular American act like Megan if they were going to focus on Korean promos for this CB. Even though I was in support of the collab, and ended up genuinely enjoying Strategy, I don't think I was alone in thinking it was going to be a hard sell for the GP in South Korea (and no, not because of Meg - that's just been the case with TWICE's title tracks for a while now). And though I doubt anyone at JYPE could've foreseen it, the unfortunate timing with wack YSY's martial law and now impeachment did end up putting SK promotions to a screeching halt. While I'm proud of the girls for having the autonomy to choose this title track despite the likely disinterest from the Korean GP, the second factor could have at least been avoided if the Dec 2024 release date didn't feel so....impulsive? ill-advised? too soon? coming from Division 3's end in the first place. 

I guess my overarching point is, I wish JYPE was a little more cognizant of timing and the necessity of spacing out the girls' releases. Magical could have been a cute standalone single for the holidays, while the rest of the album could've waited until Spring 2024. I really would not have minded waiting a few more months if it meant the girls could perform Strategy with Meg live on US TV, Misamo didn't have to miss parts of the video shoot due to their subunit duties, and they'd have less competition on the Billboard Hot 200 chart. Cause honestly, even as a dedicated Once, six releases in one calendar year was just too overwhelming for me to keep up with at times.",8,1734220536,TWICE_Strategy
m23da84,twice,Twice already performed at one of IU’s concerts a few years ago.,17,1734220884,TWICE_Strategy
m23ezgz,twice,"Umm, excuse me?! Twice and IU? That’s just too many princesses in one place.",45,1734221544,TWICE_Strategy
m23k1zb,twice,Tbh i need moorreeee twice appearance in other celebrities show,11,1734223522,TWICE_Strategy
m23or0r,twice,Hello! The twice public fansign is today and how do I know if it’s cancelled? I made a post on this previously before before the president was impeached. Is the fansign still on? Any help would be good :),5,1734225380,TWICE_Strategy
m23r87p,twice,"It is what it is. If JYP isn't working on it, then we have no choice but to do the best that we can. It's been like this for a while now if you haven't noticed, Strategy also received Remixes only 1 day before the Billboard's counting was ending while SKZ are getting it in a day or two after their HOP release. Republic made no promotion for TWICE whatsoever before their album officially came out while they have been doing it for SKZ Hop for much longer. It's obviously blatant that JYP wants to push SKZ as their main face.",2,1734226377,TWICE_Strategy
m23uaij,twice,Watching Eternal Sunshine of the Spotless Mind for the first time and can't help but think how similar a younger Kate Winslet looks like Jihyo lol,7,1734227604,TWICE_Strategy
m240z6o,twice,Damn lmao.  I bought 3 albums and also no Tzuyu in all I had lol.,10,1734230365,TWICE_Strategy
m244a4y,twice,"This is by far my favorite comeback of theirs because of what its future is going to hold for the many things it's already paying homage to.

I discussed this with a mutual recently, but everything about this comeback is a modernized approach to 2nd Gen in sound, style, and domestic promotions - from a co-ed variety appearance with TXT, an MV using the box format, POV shots (ie SNSD's Genie), unintentional product placement, and dance breaks in white rooms, Boys Over Flowers cosplays, and what is essentially a Sketchbook performance, Strategy is moving the needle forward for Western collaborations in contemporary K-Pop by (re)introducing its golden age in a landscape that is seeing more K-Pop acts entering the Anglosphere.

The song itself is a modernized 2nd Gen classic fully translated to English, tipping its hat to a past where K-Pop couldn't break through in the West and moving the needle forward so even those from the past could do the same, all while retaining the defining elements of their respective era, be it melodic choruses, full-group acapella intros, or ending codas. 

Overall, it's an excellent crossover whose Western appeal isn't forced, especially because it does not compromise what ends up being an enriched reinvention of TWICE, and more proof of the group being the ideal synthesis of their two predecessors (Wonder Girls and SNSD) in sound and style.",2,1734231741,TWICE_Strategy
m244h3k,twice,"the real wtf part is you buying 44 albums, i think you own more twice merch from this singular comeback than my local store has in their whole shop 💀",424,1734231824,TWICE_Strategy
m248o2b,twice,"Oof, the fomo hurts. With Tzuyu being my bias, i feel your pain.",5,1734233674,TWICE_Strategy
m248yxl,twice,"Thank you for submitting, /u/augustad96! Unfortunately, your submission has been removed for the following reason(s):

---

Rule 7: Your submission has been removed because it falls under a disallowed content category.

Screenshots, memes, shitposts, personal rants, rumours, doodles, low effort edits/wallpapers are not permitted to be submitted as a self post in our main subreddit feed.

Memes should be submitted to r/twicememes.



---

If you have any questions about this post removal or [regarding the ruleset](https://www.reddit.com/r/twice/wiki/communityguidelines) of /r/twice, please refer to the sidebar or [send a modmail](/message/compose?to=%2Fr%2Ftwice).",1,1734233809,TWICE_Strategy
m24ciwp,twice,[Source](https://x.com/JYPETWICE/status/1868144043362058256),2,1734235428,TWICE_Strategy
m24csq0,twice,[Source](https://x.com/JYPETWICE/status/1868144022398902650),2,1734235554,TWICE_Strategy
m24cuph,twice,[Source](https://x.com/JYPETWICE/status/1868144000190095578),2,1734235581,TWICE_Strategy
m24eyur,twice,"Thank you for submitting, /u/augustad96! Unfortunately, your submission has been removed for the following reason(s):

---

Rule 7: Your submission has been removed because it falls under a disallowed content category.

Screenshots, memes, shitposts, personal rants, rumours, doodles, low effort edits/wallpapers are not permitted to be submitted as a self post in our main subreddit feed.

Memes should be submitted to r/twicememes.



---

If you have any questions about this post removal or [regarding the ruleset](https://www.reddit.com/r/twice/wiki/communityguidelines) of /r/twice, please refer to the sidebar or [send a modmail](/message/compose?to=%2Fr%2Ftwice).",1,1734236559,TWICE_Strategy
m24fqxv,twice,"Thank you for submitting, /u/Otherwise_North7943! Unfortunately, your submission has been removed for the following reason(s):

---

Rule 8: Your submission has been removed because it contains similar or identical content to that of a previously submitted post.



---

If you have any questions about this post removal or [regarding the ruleset](https://www.reddit.com/r/twice/wiki/communityguidelines) of /r/twice, please refer to the sidebar or [send a modmail](/message/compose?to=%2Fr%2Ftwice).",1,1734236928,TWICE_Strategy
m24l0o5,twice,Can you give me those chaeyoung cards? 😂😂😂 Hehehe,0,1734239471,TWICE_Strategy
m24ld8f,twice,"Not Twice related, sharing some [Teddy Swims](https://www.youtube.com/watch?v=rHnj2kBx-38).",3,1734239647,TWICE_Strategy
m24lh4a,twice,"Now that everyone else already roasted you for your consumption problem, you planning on selling or trading those Chaeyoung signed pics? Sincerely, a Chaeyoung ult since Sixteen",3,1734239702,TWICE_Strategy
m24lrk0,twice,Yes it is clear that jype clearly has a favorite. It’s funny though that this cb stays are using “no promo” as an excuse for their worse performance when we know their faves still have much more promotion compared to twice.,3,1734239848,TWICE_Strategy
m24m2z6,twice,Clearly see Tzuyu cards in the 3 pic but title says no Tzuyu cards. Brain can't compute.,6,1734240006,TWICE_Strategy
m24nejx,twice,"DAMN! 44 albums is... way too much. 

I think your problem goes beyond not getting a Tzuyu card.",4,1734240683,TWICE_Strategy
m24ns1k,twice,"Try Target, maybe you'll have better luck on getting Tzuyu cards. I got 2 of them, the standard inclusion and exclusive card.",1,1734240875,TWICE_Strategy
m24o2bx,twice,"Well to be fair, let's look at some fun facts.

Fun Fact 1: I am ultra new to kpop and kpop collecting. I believe this is month 6 for me.

Fun Fact 2: I think my posts complaining are limited to Itzy and Twice. Granted both JYP, so learning it is a company issue, and even then I don't have enough data to prove it is bad distribution and not just my bad luck. This is my first Twice comeback that hit major retailers here in the US. I did buy all of Dive but I had to special order them, they were not at Target, Wal-mart, Barnes, or he'll even Korean retailers. Same with Gold, I'll Like You, I Sway, and Whiplash. All different groups and publishers (for the most part).


Fun Fact 3: My first albums were all New Jeans albums. Albums that require all of 6 purchases to get every album PC. I am ignoring POBs, Lucky Draws, and the like because those are a different beast altogether. I am still sorting out how to deal with this 1/9 in an album or 2/10, or whatever terrible low ration everyone but ADOR seems to be doing.

Fun Fact 4: I do trade within the community. I haven't sold because I don't know how to sort out the value of cards. I also buy, but I can tell you I have had a $400 package of Twice cards just disappear between Singapore and the US, so I am not really looking to be out several hundreds with nothing to show for it. All of my Barnes albums cost less than that missing package, so even having dupes on dupes is better than nothing.

Fun Fact 5: 44 albums is minor in my budget. Not for nothing, but the only debt I have is my mortgage. My cars are for weekend adventures so I use maybe 120 bucks on fuel, insurance is 667, food another 1200,  utilities are 250 thanks to solar panels, and I think that is all my bills. I put 2k a month into retirement and have 25k in my emergency fund. So I am not overspending. This isn't even my most expensive hobby, that would be Lego.

Fun Fact 6: I am just still trying to figure this all out. It is going to be a lot of trial and error and will continue to be for another 6 months to a year. I am still new. No one, as far as I know, has written a guide on the most cost effective manner to guarantee all PCs. I only recently learned pre-ordering to a proxy in Korea is cheaper than buying the POBs off eBay by a decent margin. I don't know people for GOs so I can't do that. Also it seems weird to pay a middle man when I can just bankroll an entire GO myself and get to keep everything. So unless someone can point me to a guide that 100% works 100% of the time, regardless of group, country, etc. I can only try things and see what sticks.

Fun Fact 7: while I live in a city, it's not like I have 10s if the same store. I think there are 6 Barnes stores and 2 of them don't have kpop. While I am sure we have over 10 Targets, half of them don't put out kpop. If I order in store pickup it kicks back the items are no longer in stock. If I ask them to check the back, most people don't even know what they are looking for or just go in the back for a bit, pretend to look, then come back and say they found nothing. I always go to the Target price check kiosk, search the item to find out where in store it is, check that spot (it is never there), press the button for assistance at the proce checker, wait for an associate, they look it up in their machine, walk off, come back 10 minutes later with nothing. I don't know how you can say I am obsessive but think I go to one store, throw up my hands and say fuck it, and come to reddit to complain. Just today to got to the 3 Barnes and Noble stores I went to I was out of the house for over 4 hours and drove over 60 miles in a big loop. Targets are even worse due to being more stops and larger stores. I try to spread out what my city will allow.

Fun Fact 8: I recognize that part of this is caused by my ASD (what used to be Asperger's when I was little). Hyperfixation is kind of our thing. Not to be stereotypical, for my birthday this year I spent a ton so I could ride up in the engine of a locomotive. It has been my #1 dream. I latch onto things and go 100% into whatever that thing is. That being said, it doesn't affect my family, I am not accumulating debt, and I have guardrails in place to make sure I never do. I grew up in a trailer park with an autistic mother who had no coping skills. The state took me away at 11. I think I am allowed to collect things that make me happy.

Fun Fact 9: While we do have a lot of kpop fans here, they are all BG fans. My girlfriend says I am not allowed to collect boy groups, because it would be the same as how I collect girl groups. She is one of my guard rails. I say this because it means there is no one to trade locally with or even split costs. 

I don't remember where I was going with all this, but I guess the point I am trying to share is, I am still in the ""figuring it out"" pase of collecting, I am not going into debt for this hobby, nor sacrificing anything but more Lego to maintain this level, I go to work, have my close circle of friends that I hang out with weekly, adult just fine, and am not hurting anyone. Even my therapist says I am not out of bounds here. I just like what I like and can afford to not have to be patient.",-29,1734241022,TWICE_Strategy
m24pbog,twice,"It's too funny that the girls tell Jihyo that her belly button looks like the Tesla logo.

This is going to haunt her for the next few months, fans are not going to let her forget it so easily. ![img](emote|t5_3812p|4085)",12,1734241675,TWICE_Strategy
m24qj48,twice,"There's nothing wrong with delaying the comeback for a month or two. With you-th also felt too squeezed in and was not properly planned and promoted. With Twice, as a senior top artist, they no longer need to constantly rush comebacks and hype.

Even Itzy's comeback felt a bit rushed, Gold sounded like it needed more work. But with Strategy, the promotion was the one that felt rushed.

JYPE does not need to constantly release projects when they aren't ready. They have many artists in their roster.",-5,1734242319,TWICE_Strategy
m24qj51,twice,"if it’s a addiction, then there are way worse addictions to be addicted to like drugs than spending a lot of money. This just falls into probably gambling addition.. most importantly is how it makes you feel and what you gain from it. Imagine if OP finds that tzuyu PC, it would make them happier.

Likewise, there is a spectrum for addiction and being addicted to coffee is so socially accepted and so is spending money because, well it’s something that everyone can relate to and you should not dictate how someone is spending their money.

You can’t judge and base OP’s entire persona and their addiction based on this post. You have no clue if it’s a actual issue in their life or their just addicted since that’s the part of joy in their life to be fond of something so much that you are personally INVESTING time or money into whatever you like.

Generally, besides the spectrum range of addiction, there is also the question whether it is an addiction that enhance a person’s life or dominate it (which you also have no clue of, just because you don’t relate to it? based on your closed ended response) if you really want to have a beneficial discussion, actually contribute to your reasoning that you feel so strongly towards in and it shouldn’t be hard to express what you’re feeling.",-12,1734242319,TWICE_Strategy
m24ywvi,twice,"also, consider [voting live for twice](https://t.co/GNJCWBGVdB) rn",3,1734247259,TWICE_Strategy
m253eaw,twice,"You keep mentioning JYP in your comments related to Twice music but he hasn’t actually produced a song for them since the one you mentioned (Alcohol Free) though? He has only been participating in the lyrics ever since, even for the one you mentioned that did comparatively well (ABCD)",3,1734250199,TWICE_Strategy
m2547n7,twice,Is jihyo ta smolest member rn?😭,5,1734250740,TWICE_Strategy
m257nl4,twice,"There's a lot of talk below about performance and charting etc and I think it really highlights how, unless an artist gets lucky and manages an ultra viral organic hit (Not Like Us for instance, no matter what Aubrey says) what determines results is payola and playlisting.

This isn't to say that popular artists aren't actually popular, but music streams have this snowball effect. If you get aggressively pushed by the app (like Spotify) and are included on a load of playlists it can kind of carry a song and artist through sheer inertia. Most people just throw on a random spotify playlist, or play a song and let the algorithm make its choices from there. And this of course creates a feedback loop of making the song even more popular so it gets pushed to more people and gets pushed to have repeat plays from people who have already heard it. Espresso by Sabrina Carpenter *is* a popular song, but it also got aggressively pushed by Spotify. If I played any random song from a search it would be the 2nd song played to me, no matter the genre. I even blocked her on Spotify back in June and Espresso was *still* my 5th most played song of the year. That song came out in April! 

This all culminates in this point though: Twice are usually one of my most listened to artists. I have never, *NEVER,* gotten a spotify pop-up ad from them announcing a new release. I have *never* seen them in the ""New Release for you"" section just below the recently played stuff. I saw one for Rose and Bruno Mars' song; I have never listened to either artist (except maybe once or twice on some rando playlist years ago) and it was there, being advertised to me. I checked the release Friday and didn't see Strategy in any of the New Music Friday playlists. Saw plenty of Rose though. Saw plenty of other, much smaller artists, being advertised and included in there. But no Twice.",18,1734253085,TWICE_Strategy
m259gd4,twice,"Using my college statistics, there's a 4.8% chance you won't get Tzuyu after 26 tries.  That's assuming the odds of getting Tzuyu is 1 in 9.",7,1734254307,TWICE_Strategy
m25as6x,twice,[Source](https://x.com/JYPETWICE/status/1868225509932646833?t=g569nTYUSgAL3VIuVvNxXg&s=19),3,1734255218,TWICE_Strategy
m25buwc,twice,Jihyo dancing to [Hesrtshaker](https://x.com/ivepics_/status/1868196865654829362?t=ECD0bH6CWy7ZHdhKlt739A&s=19) with IVE's Leeseo. So cute! 🥰,11,1734255960,TWICE_Strategy
m25bxx9,twice,"Exactly. I don't get why any mild criticism of JYPE turns into such a polarizing topic among Onces. While I have no doubt that the girls are hardworking, ambitious, and passionate about the music they release, I'm not going to pretend they're some ragtag group of kids in an after school garage band that spontaneously uploads tracks to Soundcloud for fun. When there's so many corporate interests involved (JYPE, Warner Japan, and Republic), it's absolutely fair to question whether releasing albums at the volume they have is a sustainable business model for the TWICE brand, and is optimal for maintaining their success. And more importantly, whether this is healthy for the women who've given so much of themselves to make us ONCES happy for nearly a decade. 

I wish Division 3 would give these new releases time to marinate, settle in, and stay fresh for longer before they turn all their attention to the next TWICE product on the assembly line. Since abouTZU, I've had this sense that that each new album just comes & goes because TPTB would rather make room for the shiny, new thing that's just around the corner than give the latest/current music time to flourish in the spotlight with its own proper era. 

Honestly, what ONCE would complain they ""aren't being fed enough"" if TWICE released something like two OT9 albums (KOR-KOR or KOR-JPN) & one solo/subunit per year?",1,1734256019,TWICE_Strategy
m25c80w,twice,Jihyo ❤️❤️❤️,3,1734256213,TWICE_Strategy
m25ch84,twice,Can I buy a couple Chaeyoung pcs off u,2,1734256393,TWICE_Strategy
m25deil,twice,"I think you must’ve just missed them on the new music friday playlists. they even [tweeted](https://x.com/jypetwice/status/1865223958309847195?s=46) about being on the main one, and I feel like I saw them on the UK one too.",6,1734257031,TWICE_Strategy
m25h8n5,twice,"I think it’s just really weird that JYPE still pushed for 2 album releases in JP and KR with just a month gap. I see the same thing happens with SKZ (I know that they are in different divisions but still)


I know that we as fans don’t know what are Twice planning for next year but I do think it would have been better to let one album gets the full attention first. This is nothing new for Twice but it isn’t normal either and I wish they would change this cycle a long time ago",1,1734259643,TWICE_Strategy
m25kqwv,twice,"I can’t comment about the other groups but Itzy? There was always a plan to debut another Korean group. Their concepts and sound also couldn’t be anymore different. 

That’s like saying Miss A was used as stepping stone for Twice and Wonder Girls for Miss A. Might be true but were they supposed to stop debuting girl groups after Twice? 😆 I’m pretty sure SM have also released GGs one after another (there’s a significant gap between RV and aespa because the group before aespa was scrapped)…

Why would JYPE use Australia to plan other group tours? Because SKZ have Australian members? They could’ve gone for a bigger venue in Singapore but wasn’t it technically still a stadium? And didn’t they also played stadium shows in Brazil, Mexico, Japan?",2,1734261992,TWICE_Strategy
m25mhn4,twice,I got extremely lucky then I pull two Tzuyu PC’s,1,1734263120,TWICE_Strategy
m25qmzf,twice,Is TWICE very rich? They don’t seem like it to me. I’m worried that JYP Entertainment is taking all of their money.,-26,1734265636,TWICE_Strategy
m25sznf,twice,"they’ve earned a higher percentage than JYPE for their activities for a couple years now. I’ve seen people say Twice themselves get 80% of the profits now but I haven’t seen a legit source for that (and that seems crazy high lol). we just know it’s more than 50%.

what makes you think they’re not rich, out of curiosity?",2,1734266918,TWICE_Strategy
m25tle8,twice,"They seem reasonably well-off, and that was true even before contract renewals. Maybe not fuck off rich, but pretty well off. I'm wondering what made you think they aren't?

Momo doesn't notice she accidentally bought 100 bottles of chilli sauce.

Mina bought Jeongyeon a washer and dryer as a gift.

Jeongyeon bought Tzuyu airpods on a whim. 

Jihyo thinks a normal 20-something's favored hangout place is a villa with a pool.

Nayeon bought all five Itzy members airpods also.

Tzuyu bought her parents a house.",9,1734267227,TWICE_Strategy
m25vjac,twice,"Miss A and Wonder Girls definitely helped Twice gain initial exposure. If Twice hadn’t been as successful, Miss A and Wonder Girls would likely have been kept active for longer. So, previous groups do act as stepping stones for newer ones.

What about YG di—they waited 7 years before debuting another girl group after Blackpink. Even SM never had multiple girl groups active for extended periods.SNSD and f(x) were active simultaneously, but once Red Velvet debuted, f(x) became inactive, and within 1.5 years, SNSD went on hiatus. On the other hand, JYPE now has 5 girl groups. Even if we exclude VCHA, having 4 active girl groups can lead to market saturation.

The issues with New Jeans and HYBE also stemmed from HYBE debuting new girl groups in quick succession, creating a sense of oversaturation.

Regarding ITZY, their debut happened when K-pop was gaining massive international popularity. Both bp and bts was stepping up .

The way ITZY was presented—with media articles and promotions—clearly showed that JYPE was aiming to capitalize on the international momentum through them .However, at that time, Twice should have been JYPE’s main focus. Instead, they delayed focusing on Twice’s international market push until 2021, which was too late.

2019 their was huge fandom wide uproar from once gainst jype was giving more international opportunity to skz and itzy while at that twice was

As for the Singapore venue, it wasn’t a stadium—it had a capacity of only 9k. Mexico and Japan are huge markets for Twice, so playing stadium shows there made sense. However, Australia is not a significant market for Twice, and the Australian dates weren’t even part of an encore tour. They were added just five months after their arena shows, which felt unnecessary.


---

This revision ensures better grammar, sentence structure, and flow while preserving the meaning of your argument.",1,1734268205,TWICE_Strategy
m2602ct,twice,Chaeyoung always wins,2,1734270337,TWICE_Strategy
m265uji,twice,My daughter hyper fixes on things too. But in this case it’s been since 2017 for Twice. I hope one day you will get to see them in concert. The girls are pure love. So enjoyable for all ages.,4,1734272850,TWICE_Strategy
m267ohd,twice,"Dude, did these stylists really not learn from the Chaeyoung debacle??",3,1734273601,TWICE_Strategy
m26867m,twice,I love twice but buying 3 of each version is about as far as I'm willing to go,-1,1734273800,TWICE_Strategy
m268jyz,twice,"“..Once and Twice, we never stop”",6,1734273952,TWICE_Strategy
m269mzn,twice,"Wow so of the 14 signed albums, you also pulled 6 signed Chaeyoungs?",2,1734274374,TWICE_Strategy
m26b7bc,twice,"No I dont think she sent something to any Twice members. I’m a OnceBlink too and I keep on looking for Twice x Blackpink interactions and the most recent I could find is when Mina and Lisa went out for shopping but that’s it. IMO, I think they are all friends but just dont interact much publicly because of the toxics fans 🥺",8,1734274978,TWICE_Strategy
m26eoov,twice,"Great job on that Michael Kors shoot Dahyun! Nayeon, that Louis Vuitton campaign Was fabulous!

Thanks, what's next? 

Hawking chicken. 

Year 9 is an absurd blast. Love it.",8,1734276267,TWICE_Strategy
m26f5qt,twice,"Like all the members in Twice, Mina is a grown woman who makes her own decisions. So, these kinda sending trucks are most of the time it is demanding, and it screams toxic fan behavior with a savior complex. It feels like it is directed to Mina, disrespecting the decision to not appear on variety shows. To give some context, MISAMO missed a few of the twice promotions as they were busy in Japan. So, there is a high chance they want to take it lighter this time.

As you said, Mina comes from a wealthy family, and she doesn't care much about money. Mina is also an independent grown woman, so she can rightfully make a decision to do lighter promotion this time.",1,1734276440,TWICE_Strategy
m26fiiz,twice,"Personally I dont think Twice is making hit music anymore but have transitioned to music that fans listen to. 

Their performances in chart wether solo or group comeback been abysmal.",-18,1734276569,TWICE_Strategy
m26fzid,twice,"Yess, I thought that as well so I even gaslighted myself into thinking that jennie might have sent to Nayeon at least but Nayeon might not have posted it bc yk the fans but might have thanked through dm or call lol am I that delusional",0,1734276740,TWICE_Strategy
m26hi2a,twice,"So GD wins inkigayo today, you leave [this comment](https://www.reddit.com/r/bigbang/s/rTaEQzRuGO) in /r/bigbang dragging Twice for no reason, and still feel compelled to come here and troll?",6,1734277288,TWICE_Strategy
m26j4wn,twice,"Jeongyeon: ""manager.. manager... pop up store manager""

finally a Twice meme I can use",1,1734277865,TWICE_Strategy
m26j82j,twice,Its unfortunate indeed. Still cant make twice chart though,-11,1734277895,TWICE_Strategy
m26jqpw,twice,Twice continuing their impeccable run of product tie-in songs.,11,1734278076,TWICE_Strategy
m26kiag,twice,I didn’t buy as much as you. But I got 8 albums and not 1 Tzuyu card.,1,1734278343,TWICE_Strategy
m26kovv,twice,"no one is being delusional here, i don’t see anyone in here claiming anything other than twice had a win the other day and that’s it. what’s the point of being all hostile about it.",7,1734278408,TWICE_Strategy
m26l16x,twice,[Source](https://x.com/JYPETWICE_JAPAN/status/1868310042916573345?t=dLSAhWE_vxuVGe7odNoBbQ&s=19),1,1734278526,TWICE_Strategy
m26l2ag,twice,"What is happiness... This is happiness

Thank you TWICE, ONCE and TWICE will always be together again",5,1734278537,TWICE_Strategy
m26lp6p,twice,"Twice get their remixes also like 2 days after, this was the first time it didn't happen",1,1734278759,TWICE_Strategy
m26mctk,twice,"Twice is nuts this year.

10 more years with Twice? Let's go!",19,1734278986,TWICE_Strategy
m26mnre,twice,Just missing the alcohol for a more typical TWICE gathering.,2,1734279088,TWICE_Strategy
m26nfri,twice,"Reddit recommended the topic, but you mentioned Twice in the Big Bang sub? And then came here?

Why? Isn't that very strange, to think this was a moral or good thing to do? It seems you did it to feel good about yourself, which again is very strange...",7,1734279354,TWICE_Strategy
m26t1bx,twice,Only twice can make elite music to sell Japanese KFC,4,1734281232,TWICE_Strategy
m26tjr4,twice,Twice JP6 era has begun!!! thank you the wish!!!,7,1734281400,TWICE_Strategy
m26twfg,twice,"[Source](https://x.com/FNATIC/status/1868215174106329590?t=gkaWRnEITLkQwVbPP0m9Kg&s=19)

>Hey boy, I'ma get ya
I'ma get you real good and I bet ya

>WE LOVE YOU TWICE",57,1734281518,TWICE_Strategy
m26tx7a,twice,"I think they are friends, they have mentioned it a couple of times. I think the main reason they don't interact is because both groups are busy as hell. Twice is busy with their personal and group schedules and BP mainly with their solo schedules. The stars would have to align for them to get together. Doubt they care about the toxic fans tbh.",1,1734281525,TWICE_Strategy
m26uv9x,twice,"Dancing to Twice, while XG is playing. I love it! 🫡",74,1734281847,TWICE_Strategy
m26vsc6,twice,"Use ebay advanced search and check the sold items box. Then you can search for the items and see when anyhow much they sold for.



Submissions or comments offering to buy/sell/trade merch, concert tickets, or albums are better suited for r/kpopforsale. r/twice is not affiliated with r/kpopforsale so use it at your own risk.",1,1734282151,TWICE_Strategy
m26wypl,twice,Current content refers to media released or distributed within the last 14 days. Content that is older than 14 days will be removed. No single image posts or gifs will be allowed after 14 days of an event. Please visit the [Current Content section](https://www.reddit.com/r/twice/wiki/communityguidelines#wiki_vi._current_content) of the rules for a detailed explaination.,1,1734282544,TWICE_Strategy
m26xqu6,twice,"thanks for writing this up, i really hope Twice make more demands on reinvestment given they are apparently going to enter contract renewal negotiations soon.",4,1734282796,TWICE_Strategy
m270al3,twice,"We've had a couple threads over the last few days about stuck albums. Best case scenario would be wait until Monday afternoon to see if any movement and if not contact customer support of wherever you bought from. Or contact the carrier if it's UPS or FedEx.
Remember it is the holiday season and if you ordered from twiceshop they've always had this problem.



Posts that are identical or very similar to previously submitted posts will be removed.",1,1734283633,TWICE_Strategy
m27130t,twice,hope chae also gets maknae treatment like tzuyu,1,1734283892,TWICE_Strategy
m27aq9f,twice,Look like TZUYU is hard to pull,1,1734286990,TWICE_Strategy
m27gn1j,twice,"isnt it wild that Twice has finally a collab with a western artist and a really good song yet there is ZERO promotion in the US for a full english song. Like why even bother jyp?


i really dont see twice existing past 2025 at this point",-26,1734288813,TWICE_Strategy
m27w5l8,twice,"Just like other Onces I def have concerns about JYPE, and have expressed them over the last few days...and I'm sure I'll have more complaints down the line - possibly meaning tomorrow heh...

But as always Twice brings me back to the real reason I'm a Once with The Wish. We're on a journey with these 9 amazing women, and we have a lot of stories about how Twice helped people when they were depressed or seeking some positivity.

So thanks to Twice for their incredible message of love, self-love, and finding joy \~",9,1734293707,TWICE_Strategy
m27y4fr,twice,"yup.. what a year. 2 Korean 1 Japanese albums, 2 solo albums (Nayeon and Tzuyu) and 1 sub-unit album (Misamo). The 3rd largest grossing K-pop tour, Ready to Be tour with first stops at Canada, Europe, Australia and Latin America (Mexico and Brazil). The dates included SoFi and MetLife stadium in America, and Nissan stadium in Japan.",22,1734294347,TWICE_Strategy
m27z4c2,twice,I'm pretty sure that twice charm was confirmed to be the makeup artist's🤔💕 I do hope we get a better crumb!!!,3,1734294673,TWICE_Strategy
m2802tu,twice,"They are def still friends but keep it on the lowkey both groups are incredibly busy so it may be hard to meet. But if we look sometimes there are those tiny crumbs that tell us they are still close. Lisa, mina and jihyo' friendship being one. I always think about the fact that Nayeon never fails to attend any Blackpink concert, she went to both their opening and ending show in Korea last year!!",1,1734294977,TWICE_Strategy
m28894j,twice,"3rd pic,, Tzuyu at the bottom right corner and the one below her blue photo book. Those are the 2 exact same cards I got from the Strategy album. One below the photo book is, the Target Exclusive.",1,1734297573,TWICE_Strategy
m289ccm,twice,considering there were 5 other twice albums released this year (including aboutzu na and misamo) these are pretty good numbers. 2 albums debuting in the top 5 this year is amazing,20,1734297930,TWICE_Strategy
m289jhg,twice,"Was in Japan for the first time recently and visited over a dozen Family Marts, and none of the fried chicken in the stores resemble the kind of fried chicken they advertise in these TWICE ads.  They were all boneless or small karaages.

I can’t speak or read Japanese, but I did see in store displays and a holiday brochure (same TWICE cover as the image in the post) for the fried chicken and other Family Mart products, so  is their fried chicken something you have to order through a catalog or reserve in advance, like how you have to order pre-made hams and turkeys in advance in the US?",1,1734297994,TWICE_Strategy
m28ahu5,twice,"So you only bought from two locations? That's just bad luck that each shop had cards without Tzuyu. Next time try buying from more locations, and/ or buying online. (Like any collectables, most are shipped on pallets in bulk straight off the manufacturing line, so are in batches of the same aka have the same pcs/inclusions in them.)",1,1734298306,TWICE_Strategy
m28avhc,twice,"Thank you for submitting, /u/No_Yogurtcloset7016! Unfortunately, your submission has been removed for the following reason(s):

---

Rule 8: Your submission has been removed because it contains similar or identical content to that of a previously submitted post.



---

If you have any questions about this post removal or [regarding the ruleset](https://www.reddit.com/r/twice/wiki/communityguidelines) of /r/twice, please refer to the sidebar or [send a modmail](/message/compose?to=%2Fr%2Ftwice).",1,1734298427,TWICE_Strategy
m28bylp,twice,Oversaturation. Western audiences are used to their favorite artists releasing maybe one album every year or two. Twice and sub groups releasing over 5 a year is legitimately insane and very difficult for people to continuously financially support. Especially if they also saw them on tour.,9,1734298775,TWICE_Strategy
m28c24r,twice,"Uh oh! 

I'm still waiting for my albums to arrive. 

And as someone who collects Tzuyu as a main... I am scared lol",1,1734298807,TWICE_Strategy
m28qmoj,twice,look like we need to recruit TWICE shooters over here 😏,3,1734303612,TWICE_Strategy
m28qr1x,twice,Hard to take people seriously when groups wish their entire careers matched Twice's 2024 stats. However many millions of albums sold this year along with some of the largest Kpop concerts of all time.,3,1734303654,TWICE_Strategy
m28rcf6,twice,"Congrats TWICE 🎊🎉


well done USA-ONCEs 👏👏


hope your wallet can rest peacefully for a few months knowing TWICE that's will be a hard job 😁",13,1734303866,TWICE_Strategy
m28shz4,twice,"I hope they are planning to have a lot of fun, some TTT for.me and make music they like to try... I will support them;)

I don't care about fashion shows or western collabs charts .... I want to enjoy Twice. That's all.",4,1734304273,TWICE_Strategy
m28tfc4,twice,"Their list of achievements is staggering, from their legacy, sales, reach, etc that would be the envy of any group that came before, during and after their time. The bragging rights are cool and all, but it's their constant, unending output that feeds the business and consumer machine (it is what it is) but most of all, their bond with each other. I don't really follow other groups as I'm a casual K-pop fan yet a pretty committed Once, so I don't know how it's like with other fandoms, but Twice are something special. Just how they've been together all these years and how strong OT9 are. They are One in a Million.",1,1734304597,TWICE_Strategy
m28wtr8,twice,"I gotta give it to Boaster for being a consistent Twice ""Fnatic"" for so long. He's been doing entrance dances for quite some time now, and he's just doing it out of love. Also nice to see his teammates letting him do it too. Dude's a true Once 🕹️🍭",15,1734305783,TWICE_Strategy
m28wzkp,twice,Jihyo on that bridge: goated,1,1734305839,TWICE_Strategy
m28xqr7,twice,"To answer my own question:

NAYEON - a barbie inspired bright pop concept.
Nayeon truly embodies bright pop, so just put her into a kitschy, plastic utopia where everything is colorful and full of joy, what could possibly top that?

JEONGYEON - since the rtb tour i’ve been yearning for an uplifting, fun pop song from jeongyeon. she needs to dip into lizzo’s bag and do something like 2 be loved and good as hell. jeongyeon’s personality is so wonderful and fun, her joy/craziness is infectious and an upbeat, happy pop song would just be perfect imo.

MOMO - a futuristic, c*nty space pop rnb similar to the music video of need to know by Doja cat but with a more k-pop-y twist. sonically, a song like UFHO by flyanna boss and the hot pink album by Doja cat would fit momo so well.

SANA - there’s no concept sana can’t pull off, but i would love to see her explore something with the same feeling as love cherry motion by choerry. something that’s bright and fun but has an unexpected sexiness to it when the chorus hits. something that highlights sana’s cuteness/loveliness and her flirty/captivating sides.

JIHYO — a femme fatale / sultry concept. As much as i adore the stronger/powerful side to jihyo, I’m absolutely OBSESSED with her softer/smoother/sexier side. Her voice in songs like Wishing on You, Basics, Handle It, and her cover of Dream on the masked singer just scratch my brain in all the right places. I’d love a softer rnb pop album with a playful and sexier feel (something along the lines of positions album by ariana grande, are you that somebody by aaliyah, dance for you by beyoncé)

MINA - a pretty, self obsessed, narcissism-esque concept. Mina is truly one of the most beautiful people to ever exist. Her presence and voice is so alluring, if she had an album/song just showing off how beautiful she is and how we should all be obsessed with her, we’d all fr start a Mina cult. let her feel herself!

DAHYUN — pure/elegant pop. dahyun has the sweetest and purest voice/image. it would be fun to see her interpretation of the older kpop pure/elegant concept that’s been somewhat lost over time. something like me gustas tu by gfriend, destiny by lovelyz, loona 1/3 love and evil album.

CHAEYOUNG - the indie bedroom dream pop style fits chaeyoung so well i NEED a full album of songs like pop star (chaeyoung remix), basics, rush, etc; with a more hip/rap feel to fit chaeyoung’s skills would be perfect. visual concept wise, chaeyoung has such a particular style to her that whatever she does will be perfect for her there’s nothing i can hope for more than her to let her artistry show.

TZUYU - a timeless beauty, first love, movie star concept. i would love a concept that shows tzuyu in a bunch of different styles from vintage old Hollywood movie star, traditional/historical dresses of women in Taiwan/korea, 60’s-90’s fashion, and even modern/futuristic fashion. something that evokes that feeling of tzuyu being the love we find in every life and every time. she’s timeless.

MISAMO - a spy concept. I need them in spy suits like Charlie’s angels and totally spies. Like it’s so serious for me 😭",30,1734306106,TWICE_Strategy
m28y8d6,twice,"TWICE has a good song as well :P

>Had you listen once, then made you look twice / Bad and hot like Meg, nine stallions on your mind

>All these trophies, we just winnin’ up the price / Then we sold out your closet like we did at MetLife (Oh)

>Sold out SoFi (Oh), Nissan on fire (Yeah) / One spark, baby, ooh la la, that’s what we like

>We’re the originators, global entertainers / Your favorite girl groups sing our song screamin’ “TWICE”",0,1734306273,TWICE_Strategy
m290blz,twice,"Really want Chae to go back heavy into writing raps, and doing more on that side \*if\* she wants. It feels like she's more into other genres right now, but I just think she has a lot of potential to develop her rapping ability further. I also feel that Chae could be a true ""ace"" meaning singing/rapping/dancing, a title I'd give very few idols since for me to be a true rapper means writing your own raps. Ofc I want her to play the guitar as well.

I'd like to see Tzuyu get a track that explores her ""savage maknae"" side. Something that has sass & attitude. I think the solo was really good for her as an artist and I'd love to see her confidence & humor explored in the music.

JY is similar to Tzuyu, as I think the persona she got in the debut years was the most different from what she is really like. I've even teared up when her ""feels so lonely"" line comes in Beyond Horizon....I would love for her to explore her emotional state in the music IF she is comfortable with that.

Mina is similar to JY, in that I would love to hear about her genuine personal feelings in the music IF she is comfortable. She's mentioned wanting to play a villain, and liking action movies, so I think it'd be cool if she by herself or Twice/MiSaMo got a chance to do a story MV like [what we got from T-ara in the past. ](https://www.youtube.com/watch?v=brnCe8lL7l4)She, IIRC, also mentioned wanted to do something more classical sounding with members - in fact I believe the foreign line was going to do a ballet stage that was sadly canceled due to COVID.

For Sana IMO her vocals get a bit slept on so I think something showcasing more of her ability and range would be good. I also want a fun, breezy, maybe mischievous song from her yet also \*if\* she's comfortable with maybe something more from her quiet/reflective side as well.  
  
Momo obviously should get dance heavy track, and a good rap part that she might help write, but I also want to hear her more gentle voice like [in the birthday cover she did a few years back](https://www.youtube.com/watch?v=I0o_OqZ4FjM). The only concern is when I hear her sing like this it strangely coincides with invisible smoke and ghosts cutting, er, ghost-onions. (O.O\*)

With Dubu I think it'd be cool to have instrumentals given she's studied piano since pre-debut IIRC and has given us a few guitar performances. I could see her doing some interesting takes on folk music. It'd be really interesting to see her release a Japanese song, as she has written a Japanese track before.

For Jihyo I actually think something along the lines of Nightmare would be cool. I could also see her doing something with Trot and/or R&B. Given her love of dancing you'd want a dance track...heck I could even see her doing a country song like Hubbard's [Dancing in the Country.](https://www.youtube.com/watch?v=Gp-xO-L9jho) Really she's the member I can see trying a lot of stuff just to see what works, as I'd love to see more exploration even if it doesn't hit with the public.

Nayeon to me is a quintessential pop princess, it's hard to imagine a timeline where she isn't a pop star heh. I actually find her ""vain persona"" hilarious, reminds me of Goddess Gyuri from 2nd gen. As such I wouldn't mind a full on confident track taken to the max, but ultimately centered on inner self-confidence over just appearance even tho she's obviously a top idol visual. At the same time like the other members it'd be good to get something that breaks from what we expect, so maybe a track that might even discuss dealing with sadness/anger?",5,1734306996,TWICE_Strategy
m2940xg,twice,please be understanding of KOREA political situation in the past couple of weeks which coincidental with TWICE promotion,3,1734308280,TWICE_Strategy
m2942oi,twice,Twice had a western collab? Didn’t they just debut a few months ago? Kinda weird to do the whole western collab thing this early in their careers.,1,1734308297,TWICE_Strategy
m2944nj,twice,"omg yessss! so many excellent takes!

chaeyoung is ace material. it’s almost palpable just how excited the fandom is for her inevitable solo. she has so much potential and such a unique sense of self and immense talent to back it up. i can tell we’re in for something special!

a sassy tzuyu concept that shows off her personality would be stellar! she’s been absolutely unstoppable since her solo. now that you’ve got this idea of a funny/confident concept for tzu i NEED her to do something similar to Sabrina carpenter. clever, witty, funny yet catchy lyrics with stunning visuals. maybe even just a bed chem or nonsense melody project will suffice!

i know whatever jeongyeon ends up doing we’re all going to feel every bit of it. she emotes/expresses herself so clearly through her voice, every line she sings can really be felt. 

omg a villainous mina concept with elements of elegance and ballet involved - maybe like a vampire-y concept? perfect world pt. 2 concept? absolutely stunning! 10/10

you saying breezy reminded me of sana’s freesia cover she did on that one vlive with tzuyu. something light and easy listening like that would suit her so well!

ghost onions 😭 very interesting, I’ve never thought of that before but werk! i totally agree a rap/dance heavy concept is right in her wheelhouse! 

dahyun is really a one woman show, she can do it all! i think her going down the most instrumental, ballad, girl w/ guitar route would be great. Korea would eat that up!

jihyo is such a gift! she’s so eager to do and try new things, i think she’ll be the most unpredictable for each comeback. I’m excited for whatever she decides to explore!

amen! Nayeon is the princess of kpop and no one can change my mind. she embodies pop music in such a way that’s hard to explain. she just IS pop music. i think something unexpected like a pop ballad would be an excellent choice for her. Korea loves a good ballad, and if she did one it would be legendary. she’d really have all the corners of pop covered!",5,1734308316,TWICE_Strategy
m2959ki,twice,"Oh maybe, I dunno🤷 lol I figured it was hers since it's Chaeyoung's own and those two are known to be close and seen eating out together before. Chae is also known to hang at the blacklabel.",0,1734308714,TWICE_Strategy
m296dwv,twice,"Oh no please, I don't mind that the Music shows were cancelled or such, I meant to say that people were clearly tuning in for other music releases, like Rose's ttte, V and Bing's collab, both of which were released during the same time, yes the political turmoil might have affected TWICE's promotional opportunities but they were affected for everyone. And the situation was so much severe on Dec 3rd and 4th. No one really cared about an album release then, everyone was just caring about the safety of citizens. Later after when the situation calmed down, others were clearly pulling really good streams on Korean platforms while TWICE failed to do so. Even considering the situation now, most of the viewership is from Japan, US, Taiwan, Philippines, India, Indonesia. They made it in maybe once or twice, but not even top 100 for Melon and Flo (Spotify Korea is something that's best left unsaid) for a group that has always dominantly stuck around with their Korean fandom and audience is surprising to me.",4,1734309108,TWICE_Strategy
m297lkk,twice,Vulgar. Twice deserves better.,1,1734309537,TWICE_Strategy
m298pwc,twice,"bruh I don’t know what this is about but can we not mention this stuff? twice has a huge perv problem as it is, you people talking about this stuff only leads to more people knowing about it and certain people will go out of their way to look it up.

please, I am begging you to delete this and stop talking about it, whatever it is.",1,1734309938,TWICE_Strategy
m29bdzs,twice,"Since it got buried in last week's discussion thread, I'd like to share my thoughts on Strategy again. I've already failed to keep quiet about how faithful the song is to the Neptunes's production and songwriting in its influences, but this is by far my favorite comeback of theirs because of what its future is going to hold for the many things it's already paying homage to.

I discussed this with a mutual recently, but everything about this comeback is a modernized approach to 2nd Gen in sound, style, and domestic promotions. 

From a co-ed variety appearance with TXT, an MV using the box format, POV shots (ie SNSD's Genie), unintentional product placement, and dance breaks in white rooms, *Boys Over Flowers* cosplays, and what is essentially a Sketchbook performance, Strategy is moving the needle forward for Western collaborations in contemporary K-Pop by (re)introducing its golden age in a landscape that is seeing more K-Pop acts entering the Anglosphere than ever before.

The song itself is a modernized 2nd Gen classic that is entirely in English, tipping its hat to a past where K-Pop couldn't break through in the West (and a time where Western crossovers were subpar at best) while moving the needle forward so even those from the past could do the same, all while retaining the defining elements of their respective era, be it melodic choruses, full-group acapella intros, or ending codas.

Overall, it's an excellent crossover whose Western appeal isn't forced, especially because it does not compromise what makes K-Pop musically unique. It ends up being an enriched reinvention of TWICE, and more proof of the group being the ideal synthesis of their two predecessors (Wonder Girls and SNSD) in sound and style.",22,1734310897,TWICE_Strategy
m29hn35,twice,"1. Right now I am offering the albums for free with my trades, just cover the difference in shipping, which is something like 4.82. Round it to 5. I am letting people pick their posters, ornament, all that jazz so they get the inclusions they want. Next year what is left goes to my daughters school for their kpop club. It is not the best school in the world sadly, so I am like kpop Santa. I keep one album each and one of each card. The rest the teacher sponsor helps set up a day where we divide the number of cards by students to get a number of rounds and we do a draft like in fantasy football where the 1 person of round 1 picks last in round 2 and they build their own little albums. I've only been able to do that with a couple of albums so far where I have purchased over 15 albums of the same release, but each time I am told they all had a great time. I am expecting to have enough left over this time so that each kid gets 2 different versions of Strategy. If I only have a couple, I talk with the owner of the local kpop store and ask if I can put stuff on the freebie table. She collects mainly boy groups so as she mass opens her own albums, she put them on a table in the store that each person who co.es inside can take 1 for free per visit. She doesn't want the table to be a dumping ground for albums, so she is selective in what can go one there, but our groups don't overlap so usually I get a green light.

2. My buying process is based purely on trying for full sets of exclusives. That varies depending on groups. For store POBs, many are now starting to guarantee you will get all different cards until you reach the member threshold. So for this comeback I ordered 9 of each type that came with a POB from each store that had one. For store exclusives it gets harder. I tend to buy them late, partially due to laziness, partially due to lack of time. I got my Target Strategy albums on the 12th and my Barnes versions on the 14th. It also means i am not competing with scalpers or the true diehards, I can just stroll in and grab what I need and move on to the next store. I also haven't ever cleaned out a store. I guess I might if I saw stuff on clearance, but I think Target just send all their leftovers to bulk sellers based on some eBay listings. I try to shoot for 2x the number of members. I fully expect 40% of the stuff I get to be untradeable. I know most people collect a single bias and the distribution of fan biases is not even.so I am just shooting for enough fan favorites to trade to get a whole set. My current system comes out something like this, if I buy 18 Target versions, 60% of the cards I get (11 exclusives) will be tradeable to the community. That can roughly guarantee I will end up with a full OT9 set with 2 extras. That worked with the ITZY signed cards, although no one wanted Ruyjin for some reason and I still have 3 left of her for Gold. With Yuna and Ryujin for Born to Be Signed, no one is interested in them so to the kpop kids they go. I will just have to buy the Yeji I didnt get outright. Looking at the trade threads for the signed Twice cards, it seems most people are looking for the same 4 members. I didn't write them down but they are ones I am missing and not Chaechae who I have 6 of. If no one wants to trade for those, then to the kpop kids they go. I tend to open them in bulk but only because my free time is pretty limited. I suppose if I go into next year and no one picks up Barnes albums so I have people to trade with, then I will start buying more until I hit 18. We still have Ready to Be Barnes exclusives on the shelves here from 2022 with the preorder pack and everything. No one buys girl groups here, so I am  not worried about them selling out, pretty much ever. It doesn't help that their albums are generally full MSRP and no one wants to pay 30 bucks for an album when Target is usually 20% off. Another wall of text, sorry. Hopefully this one is more targeted to the info you are looking for? I have been told I engage for far longer on topics than I should and my inability to read social cues means I miss when people are trying to end a conversation. 

TLDR version: I try to trade but mainly end up giving the kids at my local school's kpop club the extra albums and inclusions. I buy 2*n where n equals the number of members for store exclusives and n for preorder bonuses if the distribution is guaranteed, other 2*n for those as well.

On a side note, am I mistaken in thinking that album purchases are how they determine where on a chart the ladies land? Like Billboard and Hanteo, not the streaming ones. Am I not helping their success?",3,1734313223,TWICE_Strategy
m29iufl,twice,"> i really dont see twice existing past 2025 at this point

Do you think Twice or JYPE give a damn about a random person’s opinion on the internet?",1,1734313672,TWICE_Strategy
m29jjcx,twice,"Ah I think I saw some of what you wrote for a sec but trying to go back it didn't show up?

But regardless glad you wrote out your thoughts here! I do agree that sonically this is a great comeback, both the title track and the album as a whole. And it does show promise in how to have a distinct sound that keeps a consistent feel to Twice's brand.

I recall you saying Twice are the bildungsroman of girl groups if not k-pop and that really struck a chord in me b/c I've been following Twice since 2015 and what I love abt them is it really feels like we are getting a sense of them growing up as we grow \~",8,1734313930,TWICE_Strategy
m29knt4,twice,It’s the year 2030 and Twice will still live rent free in their head LMAO,1,1734314354,TWICE_Strategy
m29mg14,twice,"I have a college degree and work in tech. My degrees are not in computer science, but Sociology. I did a code camp for that stuff after my little brother got a job at Google. I had to show I was just as smart if not smarter. I started off as a software engineer 7 years ago, now I am a program manager. Basically I make sure that all of the initiatives in the portfolio are moving forward and they have everything they need. Sometimes this hyperfixation nonsense can be harnessed for good. It allows me to be super deep into multiple projects at once and think through so many different edge cases and corner cases that I can predict most issues before they arise and have already solved for them. Realistically though, I am not suited for many other jobs. At least I won't be too successful with them. Except maybe the military because I am hyper rules focused. Anyhow, I used the hyperfixation power during code camp and literally coded from 6am to 11pm every day, erasing my code once I completed an assignment and writing it again, over and over. It helps my brain is very literal, like a computer, so I understood things quickly. I got lucky though, I really did. I applied at Target after school and they turned me down. My girlfriend was in tech and could afford to pay all of our bills, so I was able to do nothing but the code camp for 6 months. At the capstone presentation I got 6 job offers that night due to what I built. I tell everyone you have to constantly keep an eye out for opportunities and be ready to give everything you have when they show up. The first part none of us control sadly. I have an advantage in that I was born in the US so I have access to things others may not, I have disadvantages being my brain is broken, I am a minority, and well, I was born in the US, lol. Leverage the advantages and try to mitigate the disadvantages the best you can. I am learning I should be apologizing for my wall of text posts, so sorry in advance, but hopefully, something in all of this verbiage will help you reach your goals as well. If you have any questions or just want to know more about the path and challenges I faced, please reach out. To be honest, I wish we all could be similar situations, have all our needs met, have plenty of expendable income so we can enjoy life rather than work in a place we hate for far too long and have nothing to show for it. The conflict theorist in me is certain that most of the issue we are facing and the fighting/arguing we do is to distract us from the fact that the very very few are taking everything from all of us. The 15k or whatever I ""waste"" on kpop in an entire year, these dudes make in a matter of seconds. But rather than focusing on why Musk,  Bezos, et al.  deserve more money than anyone can conceivably spend in multiple lifetimes or the amount of pollution caused by their operations, we argue here about 44 Twice albums. What they are doing is genius. Sorry I digress, going to stop, want this to be positive and helpful.",1,1734315043,TWICE_Strategy
m29uesm,twice,"I just started using Kfriday for that. That and the popups. I do leave the US every year, since my girlfriend is the opposite of me and is an experience person. 2022 was Iceland for Thanksgiving which was super cool. Got to see the northern lights, saw some whales, ate this 7 course meal at a 2 Michelin star restaurant. John Travolta was staying at the same resort as me for his son's birthday party. That dude brought a dozen kids with him, but it helps when you own a commercial plane (737 I think) and can pilot it. Their local food though is super good, just avoid the fermented shark. Seriously one of the worst things I ever ate. 2023 was Costa Rica and I just scuba dived every day for a week straight. Hiked the volcano and did those scary above the forest bridges. Oh! I also got to see a bunch of sloths just chilling in the rain. I went to the pacific side so there is this really cool shark island you can go to where they all congregate in the hundreds. I will say it is wild the first time you see one bigger than you and everyone just turns their back to it and slowly moseys off. That is a predator, I would never do that to the pumas in the mountains. The best part was all the fresh fruit. Just everywhere you walked were street side booths, some with stuff I had never seen before. My favorite the the fruit around cocoa. It's white and slimy, but super flavorful. This year was Europe for a bunch of concerts, including that lady who keeps showing up in my football games. I saw a bunch of castles, ate a bunch of local food. This bread dumpling and cabbage stuff that they eat in Prague was killer and I wish I knew how to make it. Next year I am getting married but we have talked about the honeymoon being in Korea. My girlfriend and my friend Matt are super foodies, so they have been looking at all these food tours. I have slowly been increasing the amount of gochujang and gochugara in my cooking to up my spice tolerance. Anyhow, I want to go to the Gundam Base in both Korea and Japan, super bummed I missed the moving 1:1 scale RX-78-2, but there are some sweet model kits you can only get there.  I also want to go to a kpop concert there so I can do all the cool fanchants. I imagine it is like fight songs at a football game. I have only bee. To a couple concerts in the states and nobody knew them. Also a ton of people just brought random lightsticks which I thought was weird. I have heard that Korea doesn't have 3rd party ticket sales though, so I pretty sure my dreams of seeing Twice in Seoul are just that, dreams.  So yeah, I am doing what you said. What I think I didn't explain well is I only bought these for the store exclusives. From what I was able to find on Google the two sets I was looking for (and also the signed postcards) are only available in the US. I made the post more because I found it funny/strange/weird there were no Tzuyu album cards from both JYP and Barnes and Noble. I don't actually care about the standard album PCs and are trading them all away. All of this was to get very specific exclusives. From my limited research I think the same issue applies when trying to get POBs. A bunch of them cost more than an entire album for eBay. At least with the current exchange rate. For 9 POBs, plus the cost of proxy service and inclusion service added, 9 POBs for strategy cost me 87 bucks. That's less than 10 a piece, which I usually see POBs for 13-20 bucks depending on how high the ""pretty tax"" is. If I go with the most dependable, highest rated sellers on eBay, I come out spending way more buying individual cards. I am filtering by sold, mind you, not just people's pie in the sky hopes. For instance, let's take Nayeon because she is popular, the apple music photobook POB sells consistently for 19 bucks plus 6 for shipping, apple music digipack POB 14+6, withmuu PB and digipack POB, 26+6 each, same for both Music Korea versions, both JYP Shop versions, both Blue Dream Media versions, both Music Plant versions. So just for Nayeon you get 52(5) * (14+19) for the six POB exclusive stores. That's 293 plus a potential 72 in shipping if they won't bundle it for you. The average comes to 24+6 per card. Versus the 10 I pay buying in bulk. Buying 1 or even 5, everyone is right. But trying to get all 13 POBs for OT9 the numbers skew way better for just preordering full sets. I save 60% before shipping is involved and I pay a lot less shipping than 6 bucks a card from Korea. I have spreadsheets on spreadsheets with more if anyone is actually interested and would live to get a probability expert to help create a formula to tell where the tipping point is for standard album PCs so I can code up a tool for all collectors to use. Hopefully everyone here is starting to realize my typing style and I don't have to keep apologizing for walls of text, but I try to be thorough.

TLDR; I do save for trips and will be going to Korea. I have done the math and because what I am collecting is store exclusives and POBs which tend to cost more than entire albums. Math in the word jumble. Everyone is focused on normal album inclusions, but that is not what is important to me.",1,1734318154,TWICE_Strategy
m29wne9,twice,"Essentially yes, but it's (for better or worse) industry standard at major labels. I went into that a bit [here](https://www.reddit.com/r/twice/comments/1hbeion/241210_chart_data_twitter_update_twices_strategy/m1fzq6g/) if you're interested for a longer breakdown about how it works and what is actually known.",7,1734319040,TWICE_Strategy
m29x0l3,twice,"I subscribe to Dahyun. Her and Nayeon are the most active of the members.

Dahyun often asks us if we have eaten and to dress appropriately to the weather, and pictures of the sky.",8,1734319187,TWICE_Strategy
m2a0qja,twice,the only BP members I've seen commonly interact with Twice were Lisa & Rosé. other than that like more often than not the Twice members always said in interviews their schedule are too packed to have time to interact with friends outside of their company - or making any new friends in that matter.,0,1734320706,TWICE_Strategy
m2a0yh1,twice,"I posted in another response, but I give them away. Either just added to a trade for people who want them and are willing to pay the 5 extra for shipping, they get to craft their ideal version by picking out all the inclusions so it matches their bias. Or I give them to the kids at my daughter's school who are in kpop club. Sometimes if I don't have enough (there are 15 kids) I give them to the local kpop store to go on the freebie table. Only instances I keep multiples is when I use them as stands to display other stuff. Now that someone put me on to MeowCafe though I am getting acrylic stands for everything. I also gave a bunch to a girl at the Korean academy we go to who just discovered kpop and had no kpop friends. She only listens to boy groups so I have been slowly opening her eyes to the girl groups as well. Unfortunately for her, her favorite right now is NewJeans and who knows what is going to happen there.

I did mean 100% literally. I posted a while back in other threads looking for a statistician/probability expert to help me with a formula that could sort out where the tipping point is for switching from buying albums to buying singles. I am trying not to do too much selling because, in case it is not super obvious to everyone here, I have troubles communicating due to misunderstanding tone and intention. I can't sell in real life because for some god awful reason holding eye contact with anyone is physically painful, so people who don't know me think it is weird and I am trying to deceive them. The school my daughter goes to is 64% low income families, so giving to them is probably good. I don't know if their parents appreciate it, but I do everything through the teacher sponsor lady, and if she gets any pushback she doesn't tell me. One thing I am afraid I am not explaining well based on the responses is my focus is the rarer cards, pre-order bonuses, Lucky Draws, store exclusives.  Cards that from high volume sellers can cost Twice what an album is the US costs and up to 4 times what the album costs in Korea depending on the day and exchange rate. I did a much more in depth walkthrough on another post, but we are talking the difference between 87 USD for a full set of OT9 preorder cards or 17-26 per card depending on member popularity plus 6 shipping each from the sellers with 18k feedback. If we say each member averages at 21 each, I save 100 bucks buying the albums direct and I know for certain they are real and not LOMO cards.

I do appreciate the concern, but trust there are many people looking out and making sure things are within healthy ranges. To be honest they will probably tell me stop engaging here. I have the second lowest income in my friend group and everyone I know collects things way more expensive than my card collection. Didn't know there were shoes over 10k for one pair until recently. Didn't know bicycles could be more than a car. Didn't know how much ammunition costs (I will admit this hobby seems scary to me) and that someone could blow hundreds for just a couple hours at the shooting range. Dennis collects watches that are apparently thousands each. I have a monthly and yearly budget that I religiously stick to and my kpop collection has to stay in a certain room in the house. Space is the true limiting factor for me and I have enough sense to know that buying a bigger house just to have a bigger collection room is silly. Another thing most people on the internet don't realize is this is a hobby I share with my daughter. She is super into Itzy and collects only them. But she likes to open all albums with me, sort cards, makes jokes about how we are only going to get Lia cards, even in non-Itzy albums. We do kpop concerts together and recently her number 1 memory was getting high fives from Fifty Fifty as they walked backstage to prep for the encode. This and showing me random YouTube videos from Danny Gonzales and Kurtis Conners (I hope I got those names right) are how we bond and spend time together. I would buy all the albums in the entire world to keep making stupid jokes with her.",3,1734320796,TWICE_Strategy
m2a3gxq,twice,"By pure album sales, we'd be at #3, too (only marred by our streams - shocker Lol), but regardless if we're 3rd or 4th, I consider that pretty awesome considering this is our 6th album release this year; with each of those albums being among the best-selling of their categories, and this year's first album reaching #1 BB200 Albums. Twice consistently climbing to new heights in different markets this far into the career.",15,1734321856,TWICE_Strategy
m2a5h0o,twice,Jihyo 2 when please and thank you,24,1734322716,TWICE_Strategy
m2a6pr6,twice,"I bought 3 albums and got a different tzuyu pc in each one of them, so it generally just depends on luck",1,1734323273,TWICE_Strategy
m2a8eqo,twice,God Jihyo's abs so fire that that post got age restricted...,30,1734324048,TWICE_Strategy
m2a8s2p,twice,"That is an odd jump to make. I just like having cards because they are a thing to collect. I don't really know much about the women themselves. I know their greatest hits. I know the choreography my daughter knows thanks to TikTok. Oh and I know a couple of the memes like Cheesy Kimbap and Bibimbap! Outside of that, I have never seen a single episode of Time to Twice, Inspector Jeongyeon (god I hope that is the right title), or any of the variety shows or things they do over there. The one video I do watch repeatedly is the Killing Voice performance they did, because I can have it playing in the background while I do other shit. But yeah, I am just a fan of the music and since they gave me some cards with the album, my brain doesn't let me just casually have them. Based on my understanding of kpop fans, I am not even at the level of normal fans. I don't give a shit if they date, I think they (especially Tiwce since they are starting to push 3p) should be able to marry, have kids and people leave them alone. The issue people have with Jeongyeons weight gain is the stupidest shit I have ever heard. I could keep going but the point is, I enjoy their songs but know little about them other than they were in a reality show. I don't even know that much of their music. If it wasn't on Killing Voice I tend to skip it when it pops up on Amazon Music.

I do understand where you are coming from though. If I understand right kpop is/was built on parasocial relationships. My girlfriend and I discuss this quite often because I am legitimately curious at who might be to blame for that. For instance, myself, my daughter, and my girlfriend went to see Fifty Fifty in Phoenix 2 weeks ago. Before the concert they put out a little short on YouTube or Insta with Hana writing Hey Phoenix, I missed so much! I showed my girlfriend it and said this is total bullshit. First off, they don't know us, and won't ever know us, so how can they miss us. Second, they can't even claim it was a generic, we missed our fans because Hana wasn't in the original Fifty Fifty, so again all new. Finally, they made a big deal about the fact that for most of them (one was born in the US) this was their first time in the US. So again, how can you miss anyone. But I know someone believes it to be genuine. I don't like smoke being blown up my ass. Another one we talk about that shows up on our Instagram reels sometimes is a clip of Winter from aespa saying bye a few times and doing a kiss. Like WTF? So companies feed off the parasocial aspects because it gets people to buy records. The idols feed into it, for reasons unknown to me. Is it ego? To get more people to bias them specifically? Are they forced to by the labels? And then some fans feed into as well, again for reasons unknown to me? I never understood it with celebrities here in the US either, like who gives a fuck that Jonah Hill was smooching his best friend's cousin's piano teacher at some restaurant. Then again, maybe this is something ingrained into society, maybe that is why everyone is so hell bent on knowing what everyone else is doing in their own bedroom? I digress. Are fans lonely? Could it just be the naivety of youth? But I mainly see threads only about the fan side, nothing really talking about how some dude with a psych degree has used their knowledge to figure out how best to exploit people who are vulnerable to that kind of marketing. Do the fans know they are being exploited like that? I, for example, am aware that GW, Lego, and the kpop industry are preying on my FOMO and collection tendencies by having exclusives per store, limited time offerings, and probably other things I am not even aware of. Not saying I have figured out how to combat it at all (probably obviously based on the original post), but I am aware it is happening. So whose fault is it all? That is probably a philosophical question rather than one that has a concrete answer. I wish there was a deep dive from a panel of psychologists, sociologists, and philosophers.  It is an interesting mix of the US obsession with celebrities, but the idols are more interactive than someone like Brad Pitt mixed with such a solid merchandise marketing plan, that I can't think of anything else like. Fascinating really. One a side note, does anyone know how gender influences all of this? Do male idols have more parasocial fans than female idols? Or the other way around? Do male idols encourage that behavior by saying I love you or some other, is intimate the right word, behaviors more than female idols? Or is it the other way around? Do those things correlate, like I would assume, where more kissy faces and hearts cause increased parasocial fan behavior? Or is it the opposite where the more boyfriend/girlfriend like they pretend to be, the less people buy into it? Pr does it make no difference at all and there are other hidden factors. If you can't tell, corporate responsibility is something we talk about a lot in my house. Did you know that recycling is all bullshit and just a thing to make consumers feel less guilty about their purchases?",1,1734324220,TWICE_Strategy
m2a91rt,twice,"Thank you for submitting, /u/imyeshua! Unfortunately, your submission has been removed for the following reason(s):

---

Rule 8: Your submission has been removed because it contains similar or identical content to that of a previously submitted post.



---

If you have any questions about this post removal or [regarding the ruleset](https://www.reddit.com/r/twice/wiki/communityguidelines) of /r/twice, please refer to the sidebar or [send a modmail](/message/compose?to=%2Fr%2Ftwice).",1,1734324346,TWICE_Strategy
m2abvcq,twice,"Definitely a handheld mic song, maybe something similar to what they did with ""Moonlight"" on the 4th World Tour III.

Although after the concerts in Mexico and Brazil I thought that ""I Got You"" would be handled mic and they ended up doing a choreography for the song. I even remember that some of the girls (I think it was Nayeon and Jihyo) mentioned that they found it a little boring not having a choreo, so with these dance machines anything is possible.",3,1734325695,TWICE_Strategy
m2acysw,twice,"If you are fully convinced about spending your money on Bubble, my recommendation would be to use it with Dahyun, Nayeon or Jihyo. They are the three most active in the app by far.

About FANS... well... it's still there but it's not much use. None of the girls have used it in months and probably never will again.",5,1734326235,TWICE_Strategy
m2agpag,twice,"I'm honestly just amazed and thankful Twice is still ranking high and still promoting so dedicatedly despite being in their 9th year. 

If we look at their predecessors and their peers as a 9th year GG Twice would normally be in the ""declining to washed"" era, they'd have fewer comebacks, few promotions and be sidelined by younger GGs. The members themselves would also take a step back and work less since they already made so much money. 

Twice is the one breaking the mold, I think when all is said and done Twice will be one of a kind in the industry.",6,1734328176,TWICE_Strategy
m2ah0uj,twice,"With random member as a cover assigned to each one. Dahyun should’ve gotten French (bonjour!), none of MiSaMo gotten the Japanese one, Jihyo would’ve fit well as the Spanish one or even Hindi. At least they switch Chae’s Chinese and Tzuyu’s German one because reasons.",5,1734328352,TWICE_Strategy
m2ai150,twice,[Source Link](https://x.com/JYPETWICE/status/1868536564504232030),1,1734328902,TWICE_Strategy
m2ai6j8,twice,[Source Link](https://x.com/JYPETWICE/status/1868536582921502978),1,1734328984,TWICE_Strategy
m2aiz42,twice,"I mean there is a new vast market for Twice- America, Europe and Latin America.",1,1734329429,TWICE_Strategy
m2alvwd,twice,"Thank you for submitting, /u/TheSapphireFog! Unfortunately, your submission has been removed for the following reason(s):

---

Rule 4: Your submission has been removed because it does not follow our sourcing guidelines.

Media content (photos, gifs, videos, etc...) should always link the primary source in a comment directly after submission.

[Official or partenered content should follow the official and partenered content source requirements](https://www.reddit.com/r/twice/wiki/communityguidelines#wiki_iii._content_rules).



---

If you have any questions about this post removal or [regarding the ruleset](https://www.reddit.com/r/twice/wiki/communityguidelines) of /r/twice, please refer to the sidebar or [send a modmail](/message/compose?to=%2Fr%2Ftwice).",1,1734331122,TWICE_Strategy
m2amoqo,twice,"Came back to say they just dropped another Christmas winter holiday song that’s the second collaboration song with FamilyMart. Some ONCEs have states it reminds them of the song “Polish” from &TWICE Second Japanese album. I find it to be a very easy listen to the ear! 

https://youtu.be/GrWWM5KGf4c?si=5OJHy2XVIXhLAYUi",1,1734331606,TWICE_Strategy
m2aocul,twice,"I'm so tempted to block everyone who loves talking about promotions, but that'd be half the sub and reddit doesn't make it easy to unblock lol. Why is the convo about each and every single content drop about how it'll make Twice bigger? The atmosphere is so exhausting and competitive, and it's so hard to converse and enjoy the content itself ugh.",14,1734332627,TWICE_Strategy
m2aoemt,twice,"Exactly! And vcha was under division 3 and were going to perform @ Lollapalooza, so jype knows how to get acts to perform there & they know it’s a good way to grow one’s American audience. They’re just not interested in doing it for twice apparently. Twice are solid performers, I’m sure they’d have no issue drawing in fans if they were given the opportunity to! Feel like groups that don’t have the same number of international fans as them have been given that opportunity but not them :(",1,1734332657,TWICE_Strategy
m2ap122,twice,"Thank you for submitting, /u/Twnty21_29! Unfortunately, your submission has been removed for the following reason(s):

---

Rule 8: Your submission has been removed because it contains similar or identical content to that of a previously submitted post.



---

If you have any questions about this post removal or [regarding the ruleset](https://www.reddit.com/r/twice/wiki/communityguidelines) of /r/twice, please refer to the sidebar or [send a modmail](/message/compose?to=%2Fr%2Ftwice).",1,1734333048,TWICE_Strategy
m2aueq6,twice,"As a newer Once, I did not understand God Jihyo until recently. She is seriously on God Mode 24/7.",7,1734336546,TWICE_Strategy
m2ausac,twice,Rumour has it that Nayeon gave the order to take it down and erase it from the internet.,6,1734336796,TWICE_Strategy
m2axoh4,twice,thats the goal of the twice members but not JYPE those are different even Jihyo said before JYPE's goals and twice's goals are different,-1,1734338796,TWICE_Strategy
m2ay4x1,twice,"Kinda sick of this side of the fanbase playing A&R. I'd have great creative ideas too, but the industry is already so competitive that this alone would already make me less qualified for that position. 

So much of what occurs within it is played by the finest of margins, not least given how fragmented it has become since the year that TWICE debuted.",7,1734339116,TWICE_Strategy
m2aytf6,twice,Need an official Twice wallpaper maker on Reddit....@pogzilla in Twitter been m.i.a 😭,2,1734339595,TWICE_Strategy
m2b0th1,twice,"An hour or Twice and IU, finally!",59,1734341010,TWICE_Strategy
m2b0wkz,twice,"I think one of the best parts of Twice is that distinct irreverence in their humor. Like it's the kind of humor that's funny in general, but it's especially so from a girl group with a wholesome image lol. These girls love talking about butts and poop, and it's so funny 😂",12,1734341070,TWICE_Strategy
m2b2hdu,twice,"The moment Twice waiting for... Meeting IU. 

https://youtu.be/2rwrOtpQCl4?si=PUNWt58DwYs_bLiS",12,1734342178,TWICE_Strategy
m2b3se6,twice,"I’m quite happy with my Nayeon subscription. Just last week she held 2 BubbleLives (1 with Jeongyeon) where she jokes around, answers fan questions, sings a bit. She sends loads of pics and will generally drop by >1x/week. You really get to see her quirky personality and the pics she sends have usually a more personal vibe than what she posts on insta.",1,1734343072,TWICE_Strategy
m2b7jqa,twice,"Tzuyu's intrusive thoughts won, but who can blame her? Shoot your shot girl *",54,1734345641,TWICE_Strategy
m2b85yr,twice,"2yeons wish they were as brave as TZUYU when they were TZUYU age


NAYEON was too shy to give flower to IU 


JEONGYEON was too shy to start a conversation with IU 


and here come the Maknae TZU asking IU Please be my gf",13,1734346044,TWICE_Strategy
m2b8fm9,twice,No coincidence that Twice and Idle get along so well XD,5,1734346220,TWICE_Strategy
m2b8pwz,twice,TZUYU said brave brave brave for IU,38,1734346409,TWICE_Strategy
m2b8xv1,twice,TZUYU EATING BECAUSE SHES THE MAKNAE💜💜,1,1734346551,TWICE_Strategy
m2b99tt,twice,"Thank you for submitting, /u/jiajiathepanda! Unfortunately, your submission has been removed for the following reason(s):

---

Rule 7: Your submission has been removed because it falls under a disallowed content category.

Screenshots, memes, shitposts, personal rants, rumours, doodles, low effort edits/wallpapers are not permitted to be submitted as a self post in our main subreddit feed.

Memes should be submitted to r/twicememes.



---

If you have any questions about this post removal or [regarding the ruleset](https://www.reddit.com/r/twice/wiki/communityguidelines) of /r/twice, please refer to the sidebar or [send a modmail](/message/compose?to=%2Fr%2Ftwice).",1,1734346765,TWICE_Strategy
m2bcsdo,twice,"Definitely need to watch this, been a long time coming but Twice's schedule finally lined up with IU's!


Side note: Jieun being publicly supportive of the pro-democracy protests in Korea this past week-plus is queen shit",32,1734348952,TWICE_Strategy
m2bhq6j,twice,[Source](https://x.com/JYPETWICE/status/1868597011173298352?t=wbljrKg000cyQbfwDXerWw&s=19),0,1734351681,TWICE_Strategy
m2bhv9n,twice,"twice has a strong STRONG fanbase, literally on top of the fucking world all they're missing is a grammy. and seeing the insane amount of records they break, I think sometime in the future it might even happen idfc. even 3 years into the career jihyo said they had already accomplished everything they wanted. and 6 years after that they're still here and not going away anytime soon. they don't need anything else. they CAN be number 1 artist in the world if they wanted to, and I'm sure they will be at some point, but don't act like they're nugu mismanaged group that desperately needs achievments. they're TWICE..they're fine. their goal is to stay together and make music. done. end of discussion. they're already done everything under the sun and they keep doing even more",0,1734351756,TWICE_Strategy
m2bp5sj,twice,Twice’s cover song is just 😍 I want they cover this song again in other places,8,1734355164,TWICE_Strategy
m2bvef5,twice,IUxTwice - my two kpop concerts attended,7,1734357743,TWICE_Strategy
m2bx0pu,twice,"The only interaction I'm seeing between these two groups are the blinks commenting how TWICE is flopping and BP is the best, under every TWICE-related video.

I respect you for being a fan of both groups! But it sure must be pretty draining at times.",1,1734358383,TWICE_Strategy
m2bxfls,twice,"My heart is full watching them fangirl on IU. Nayeon has been treasuring that memory. Tzuyu, you go girl!",8,1734358544,TWICE_Strategy
m2c0tb1,twice,"When I watched TWICE's Strategy I was concerned and confused why I felt like I haven't seen her in FOREVER. MISAMO with their comeback, Nayeon with her comeback and guess the idol show, Jeongyeon with her yt channel, Jihyo and Chaeyoung were in a show with Young-Ji recently, and Tzuyu had her debut.  
I'm glad I'm not the only who thinks that Dahyun seems distant, I hope she's okay and I'm so excited for her acting debut!!!!",1,1734359827,TWICE_Strategy
m2c179r,twice,The reason why they did not promote it in the US that much was because of the conflict of interest Twice members wanted to promote in Korea and do fun things for the fans but JYPE wanted an English album and song that would do well in the USA I mean nobody would ever go and promote a full English song in Korea like that it makes no sense so we can see it was a big conflict between those two parties,-1,1734359970,TWICE_Strategy
m2c8u6o,twice,"Honestly, out of all the Twice content I've seen in the last year, across all eras, this is Jihyos single best look.",1,1734362681,TWICE_Strategy
m2c90gd,twice,"I thought so but it was confirmed it was the makeup artist's bag. She does chaeyoung, nayeon and momo's makeup so it made more sense",2,1734362740,TWICE_Strategy
m2cb8qw,twice,"So much to list down:

Everyone telling Nayeon to not get the tooth gem.

Sana exclaiming ""I'm Shy"" for some reason her yelling is always funny to me

Jihyo calling out Mina for being too timid and IU being correct if anyone was told by Mina, she wants to be a friend, they would all say yes.

Even IU knows about the ""Sweetest Obsession"" incident and they even played it Twice. 

Interesting to see there's varying preferences of the favorite track on the album.

Funny to see that it has everyones name in Characters while seeing and then it's just ""ALL"" at times

IU thinking Chae and Jeongyeon are the most cynical when it's revealed to Momo.

I thought that IU was calling JYP a ""rookie"" artist when she meant the company groups oops ![img](emote|t5_3812p|4083)

Tzuyu taking the advice to Mina and just upgrading it to asking for IU to be a girlfriend, I see Sana has been teaching her to collect idols

This feels like the most that Mina has talked during a promo show.

Twice about to ramp up album production even more to keep reappearing on Palette ![img](emote|t5_3812p|4099)",21,1734363496,TWICE_Strategy
m2celf5,twice,"Best gift from Twice in 2024 comebacks.....


1. Killing Voice 


2. IU Palette 


💙💙💙💙💙💙💙💙💙",9,1734364604,TWICE_Strategy
m2cesgz,twice,"They were all so happy and giggling with each other 90% of this ep 😂 And yes Twice, please still perform Cheer Up until you are 70 with IU",6,1734364668,TWICE_Strategy
m2cg9sv,twice,"Twice should stop sailing on 2 boats at same time. 


Just do focus on US & UK market more. Koreans support are decreasing in every cb. They are not even in top 5 in streaming this time.",0,1734365152,TWICE_Strategy
m2cjyxv,twice,They even removed the tweets about TWICE. I guess we are not going to get the HQ photos they always release. PD Note or something like that 😔,19,1734366349,TWICE_Strategy
m2cukor,twice,Seriously? They're upset over something stupid like that??? Twice has had a terrible time with this comeback and I don't understand why?,-7,1734369717,TWICE_Strategy
m2cvvsq,twice,"omg yes! the little bits of city pop twice have done have been perfection. mina’s voice fits city pop, so a whole misamo album with that sound would be stellar!",1,1734370128,TWICE_Strategy
m2d50ea,twice,"Loved their performance of ""Well..."", it's one of my favorite IU songs and Twice killed it! Now I wish we could hear DubChaeng do the rap verse from the version with Mario lol

https://www.youtube.com/watch?v=E1MtZj1p9BA&ab_channel=IU-Topic",5,1734372975,TWICE_Strategy
m2dj2z5,twice,Anyone else think this is Twice's deadliest era 🔥?,2,1734377325,TWICE_Strategy
m2dmjdc,twice,Also loved how IU complimented Chaeyoung for going from cute to cool,5,1734378386,TWICE_Strategy
m2dr0x2,twice,"So who is the Uaena leader of TWICE?

Nayeon who remembers to fine detail of her first encounter with IU, that she wanted to debut just to meet IU.

Jeongyeon, who immediately recognizes the IU song from the costume description, gets autograph on phone case, buys concert CDs etc.,

Jihyo, who catches IU vibing, wants IU collabs, guesting etc.,

Mina the silent, who IU feels is compliment if chosen as the friend

Sana the shy, can't hold eye contact with IU.

Momo the AI, teaching dance to IU

Tzuyu the shameless, propositioning IU to be her girlfriend (to her own shock)

Chaeyoung the charismatic, pretty pleased to be called cool by IU

Dahyun the wise, giving the best compliment that can be given to anyone, that they wish to have a child like them.

\-------

Make your choice.",9,1734379784,TWICE_Strategy
m2drtc2,twice,"I just returned a 2nd version 3 from Target that I pre-ordeed today when I received a signed (Momo) version 3. over the weekend.  When I went to the kpop section today they had 1 Version 1 and a Version 3 left and about 10 digipacks. It took alot of willpower to not get the Tzuyu and Dahyun ones to add to the Mina (all they had before) version I bought last week. Hope these sell out soon.

In the same Target store a week before the Strategy release, I had to stop in and lucky for me what caught my eye in the clearance Vynl was an aboutTZU from our Maknae in that teal dress 😍😍",7,1734380033,TWICE_Strategy
m2dt43b,twice,Nayeon is so down bad for her,6,1734380443,TWICE_Strategy
m2dtu8f,twice,One could dream of a Twice (J-line ) x Qrion production collab but nice to meet fellow AnjunaOnces here! Those are some great end of year mixes and streams to get into the labels.,3,1734380673,TWICE_Strategy
m2dvfmj,twice,"For sure, and def agree! Qrion or Dosem producing a proper house track for Misamo or Twice would be so fire, would probably spontaneously combust if that ever happened.


Hush My Heart (Qrion ft. Josie Man) and Ethernal (Dosem ft. Hana) were both great vocal house tracks. Imagine similar collabs featuring Twice OT9 or subunit vocals - one can only dream.",3,1734381174,TWICE_Strategy
m2dy512,twice,"Loved Twice's cover of IU's Well, crazy to think how much content they've given us this year when I realize they had to practice for this as well \~",13,1734382025,TWICE_Strategy
m2e0wb6,twice,"After getting my preorder (No CDs) went to 3 Targets in a 25 miles radius, i saw nothing but Nayeon, Dahyun and Chaeyoung CDs and I’m glad to get Chae’s BUT i wish i saw MOMO’s 🫶 My bias ❤️",1,1734382876,TWICE_Strategy
m2e97us,twice,Jihyo constantly reaffirms my lesbianism 😂,1,1734385501,TWICE_Strategy
m2e9t1j,twice,I don’t know if the broadcast was preempted but Twice was there for the taping of Inkigayo on Dec 15. I was in the audience for the afternoon taping. They performed for the audience and did a little interview with Leeseo and the other host.,3,1734385687,TWICE_Strategy
m2eatd4,twice,"Wow! Great episode of IU's Palette! Can't wait for the potential collaboration between You and Twice.  Also nice to see Dahuyn and Mina talking alot, it feels like they are very comfortable in this interview.",3,1734386004,TWICE_Strategy
m2ecea9,twice,"Thank you for submitting, /u/nathattack! Unfortunately, your submission has been removed for the following reason(s):

---

Rule 3: Your submission has been removed because it does not follow our [Title Guidelines](https://www.reddit.com/r/twice/wiki/communityguidelines#wiki_iv._title_guidelines).



---

If you have any questions about this post removal or [regarding the ruleset](https://www.reddit.com/r/twice/wiki/communityguidelines) of /r/twice, please refer to the sidebar or [send a modmail](/message/compose?to=%2Fr%2Ftwice).",1,1734386514,TWICE_Strategy
m2efqtu,twice,"I loved watching this!

It was basically IU and TWICE fangirling over each other",5,1734387611,TWICE_Strategy
m2ei7t5,twice,"I think its definitely between Nayeon and Jeongyeon, I am inclined towards the former who was making more effort to keep her cool than others (Jeongyeon, Dahyun, Tzuyu) but I think because she is genuinely a massive Uaena.",3,1734388432,TWICE_Strategy
m2eju7r,twice,TWICE and JoJo interview is up on 102.7 Kiis FM YouTube channel,1,1734388971,TWICE_Strategy
m2ekzw3,twice,"Thank you for submitting, /u/DizzyAlien24! Unfortunately, your submission has been removed for the following reason(s):

---

Rule 12: Your submission has been removed because it violates our no selling or trading rule.

Submissions or comments offering to buy/sell/trade merch, concert tickets, or albums are better suited for r/kpopforsale. r/twice is not affiliated with r/kpopforsale so use it at your own risk.



---

If you have any questions about this post removal or [regarding the ruleset](https://www.reddit.com/r/twice/wiki/communityguidelines) of /r/twice, please refer to the sidebar or [send a modmail](/message/compose?to=%2Fr%2Ftwice).",1,1734389364,TWICE_Strategy
m2eliej,twice,"I didn't know there were 9 spice girls, but here are my selections based on the OG Spice Girls:

Nayeon: Baby Spice - Emma in profile, but Ginger Spice - Geri in attitude.
Jeongyeon: Ginger Spice - Geri in profile, but Scary Spice - Mel B in attitude.
Momo: Sporty Spice - Mel C in profile and attitude.
Sana: Baby Spice - Emma in profile and attitude.
Jihyo: Ginger Spice - Geri in profile and attitude.
Mina: Posh Spice - Victoria in profile and attitude.
Dahyun: Sporty Spice - Mel C in profile, but Baby Spice - Emma in attitude.
Chaeyoung: Scary Spice - Mel B in profile and attitude.
Tzuyu: Posh Spices - Victoria in profile and attitude.

I will admit I was never very fond of any Western Girl or Boy groups, as too me I only valued the singing and not the looks/attitude. As per Spice Girls, I only felt Emma was the real singer and others were mainly attachments. Geri was a slight second as a singer and I would give Mel C and B a partial pass as rapper. I had no place for Victoria I hate Snob/Posh people and she barely did anything anyway apart just look like model.",3,1734389539,TWICE_Strategy
m2emand,twice,I'm in for a little Time to Twice ghost hunt...,9,1734389806,TWICE_Strategy
m2emw49,twice,I'm all in for JoJo and TWICE dream collab ghost hunting,7,1734390012,TWICE_Strategy
m2enbjy,twice,seeing Jihyo say Five Guys was the better burger place was so fun to hear,11,1734390161,TWICE_Strategy
m2eni6x,twice,"So Twice confirmed, a new World tour after their concerts in April with Coldplay. Maybe a new full album in a couple months. Yeay!",13,1734390226,TWICE_Strategy
m2eok6h,twice,"Skz touring in Europe and US, I think Twice will start in SK and Japan as usual and also SEA+Oceania. Europe and the US need to wait until 2026.",9,1734390599,TWICE_Strategy
m2epwfd,twice,"I can’t be the only one who sees Nayeon and Jihyo getting Super Saiyan auras when they hit those power notes… right? 

Still completely mesmerized by Sana’s Set Me Free fancam, with the poofy white hat. Her facial expressions in it are otherworldly, I’m telling you. Like absolutely unreal.

I beat the System Shock remake, and there is now a massive gaming void in my life. It was incredibly fun. Don’t know what to play now. 🥲",6,1734391070,TWICE_Strategy
m2eq667,twice,"TWICE: This album was prepared diligently to meet more fans. We were especially happy to be able to appear on music shows for the first time in about 10 months. We are truly grateful for the immense love we’ve received from around the world. Next year, we are planning to perform as special guests at the Coldplay concert in Korea, as well as surprise everyone with amazing stages with an entirely new world tour. Please look forward to TWICE's continued activities in 2025 as well.
this is from @twice_seung translation",16,1734391164,TWICE_Strategy
m2erhx5,twice,"I just found out that NMIXX will do a tour in 2025 and a few days ago they just announced dates for Mexico during February, just the week I will be there for work. And now I'm considering buying tickets.

The funny thing is that this would mean that in a year I will have seen TWICE, Itzy and NMIXX in a country where I don't live. ![gif](emote|free_emotes_pack|sweat_smile)

Has anyone attended to a NMIXX concert? I've been told that they are incredible live.",8,1734391637,TWICE_Strategy
m2ero8e,twice,Doing God Jihyo's work 🙏,1,1734391699,TWICE_Strategy
m2esyge,twice,TWICE has no chill and thank God Jihyo for that,3,1734392165,TWICE_Strategy
m2etend,twice,[IU 💜 x TWICE 💖🫶](https://youtu.be/2rwrOtpQCl4?si=AK7C1k0ndqTL3X0_),10,1734392329,TWICE_Strategy
m2etlu7,twice,"I've seen nothing from this yet, except a clip each of Tzuyu trying, and Sana melting and i had that same reaction to both 

Sana is literally the idol melter - everywhere she goes, idols of every gender/background/orientation melt and blush under her gaze. And yet IU is such a legend that she only had to glance at Sana to have the same effect 😂

P.S. I know this is slightly exaggerated, I'm not insane...",7,1734392401,TWICE_Strategy
m2eu223,twice,"As someone who grew up to the Spice Girls, I like this topic haha.

Pretty much SMC is a mix of Baby Spice and a bit of Scary Spice for Chae

Sana and Mina definitely Posh Spice 

Nayeon and Jihyo are a mix of Ginger (being loud, extrovert), Sporty, and Posh

Jeongyeon and Momo hmm probably a mix of Baby and Posh Spice? Haha",2,1734392567,TWICE_Strategy
m2eujwy,twice,I bought 9 albums and did not get any Tzuyu pc!,1,1734392747,TWICE_Strategy
m2evyly,twice,"He's a great host! I really hope they deliver on the Queen Mary haunted show.  I think it'll be Jeongyeon, Jihyo, Nayeon, Tzuyu, and Chaeyoung participating.  

The girls reaction every time Nayeon mentioning driving kills me. She must be a terrifying driver to get that reaction every single time lmao.",7,1734393251,TWICE_Strategy
m2ew19u,twice,The Twice girls love Jojo lol. It feels like when they were younger and they went to Weekly Idol in all their comebacks. He's one of their fave places to promote 😂,12,1734393277,TWICE_Strategy
m2ext9n,twice,I wish he played more Twice on the radio😭 i ask everytime,4,1734393914,TWICE_Strategy
m2eyzxn,twice,"Jojo does my favorite Twice interviews. I always learn something new while he’s able to keep things lighthearted. 

Next TTT: ghost ship",6,1734394344,TWICE_Strategy
m2f26s0,twice,"Cute video. Nayeon trying to pronounce that username and cracking up lol. Also, Nayeon’s and Jihyo’s English progressed a lot!",5,1734395489,TWICE_Strategy
m2f6nfz,twice,"I feel like Sana fancams brought more people into Twice than we realize heh \~

I don't if it is the kind of game you like, but been playing Tiny Rogues and it's a lot of fun!",2,1734397090,TWICE_Strategy
m2f7qfs,twice,"Damn, this is the first time Jihyo and I have disagreed on anything 😂 

If the fries are a factor I can’t argue with her, but burger vs. burger it’s In N Out by a mile imo. Maybe she just has to try my order lol",3,1734397485,TWICE_Strategy
m2f93iv,twice,"It was really interesting. I had no idea what to expect. I bought a ticket through Trazy who is now selling tickets to Inkigayo and The Show to foreign fans. We had to wait outside in line for an hour before we were let in. I sat a couple rows behind the control board and in front of the backdrop where they do the interview segments. I had a good view for the interviews and could see Leeseo and the other host (forgive me I do not know who he is) preparing between segments. It was a little jarring how much stuff goes on in parallel between the main stage, taped segments, and interview stage. There are very few pauses and stuff just kind of overlaps. Izna was in the middle of performing live for broadcast and then Treasure walks into the studio to the interview stage and the crowd erupts for them walking in. I thought it was weird to have stuff like that happen during a performance but it seemed like everyone was used to it. One thing I thought was cool was that even during the taped segments, the group would still come out and perform to the song. Twice did go on stage to perform Strategy while their taped segment was airing so that was great to see.",2,1734397984,TWICE_Strategy
m2fbn77,twice,Yeah I think this new era of Twice's sound lends itself to really thoughtful remixes. Hopefully we get some!,2,1734398908,TWICE_Strategy
m2fcgxn,twice,I preordered signed copies from the Twice shop. I think they’re supposed to arrive tomorrow,2,1734399208,TWICE_Strategy
m2fdqmo,twice,It was a preorder that was already on the porch. Plus the twice items hanging in my window,39,1734399673,TWICE_Strategy
m2fjp7q,twice,The part where Nayeon is reading the user name Riyuhnnnnn is so adorable lol,9,1734401855,TWICE_Strategy
m2flz5i,twice,Please pleeeeease give us a Twice&IU song for the next comeback.,2,1734402699,TWICE_Strategy
m2fxoi0,twice,Haha it's so funny how obsessed she is with it. Even Tzuyu has had enough already lol,10,1734407168,TWICE_Strategy
m2fy50s,twice,"[Naver article ](https://m.entertain.naver.com/article/241/0003402045?fbclid=PAZXh0bgNhZW0CMTEAAaYMFV_S2qNMUh_P3JIOrk8EYD7ragH1cJmNHPV7N9DK8sHfay6lzGtnXEU_aem_JswEBZoXegBOnpC-R9hZWg)

[twicetagram story link](https://www.instagram.com/stories/twicetagram/3524760266803533883?utm_source=ig_story_item_share&igsh=MTc4MmM1YmI2Ng==)",6,1734407350,TWICE_Strategy
m2fzfoi,twice,"I think after a full album (hopefully). Then they will tour. And next year is Twice's 10th Anniversary. This tour will eclipse "" Ready to Be"" most likely stadiums in America and Japan, more stops in Europe and Latin America.",11,1734407873,TWICE_Strategy
m2g0llh,twice,"i hope so too.. it is boring always UK, France and Germany. Which other European countries you think Twice should go?",5,1734408348,TWICE_Strategy
m2g280c,twice,"that's true.. 

have you seen IU's Pallette with Twice?",1,1734409029,TWICE_Strategy
m2g2vy9,twice,[https://x.com/JYPETWICE/status/1868850132156125518](https://x.com/JYPETWICE/status/1868850132156125518),2,1734409314,TWICE_Strategy
m2g3yq1,twice,"Working on a cute lil year end video summarizing my year of KPop concerts with the corny ""2024 season comes to an end"" audio lol.  Lately I've been really interested in learning and getting better and editing for some reason.  Maybe because it's a creative outlet I've been looking for.  Either way, I've been really enjoying the creative process.  It's all set to I Got You by Twice which I think is a sweet song to recap a year to lol.",8,1734409780,TWICE_Strategy
m2g691y,twice,"They are casually dropping world tour announcements on Twitter acc lol, so which one is release first Chaeyoung debut or Twice new album before the World tour?",9,1734410809,TWICE_Strategy
m2g86zv,twice,"Well... Jihyo confirmed on Bubble that Strategy's promotion is over.

No surprise with this, although many fans fantasized about a last minute promotion in the US, but this was impossible due to the dates. It would really be a logistical nightmare to transport the entire crew that usually goes with TWICE in a week before Christmas and all the chaos that represents in airports, accommodations and even the weather. 

Luckily it seems there is still plenty of video content left.",13,1734411723,TWICE_Strategy
m2gb3gg,twice,"I'm thinking Twice new album is all but guaranteed before the tour starts to set the theme (a full summer album would be great). 

My guess: 1 of next year's 2 solos will release before the tour starts, and it'll be Chae. Jihyo will perform an unreleased b-side on tour before having her comeback later in the year and switching up the song throughout the tour after her solo comeback.",13,1734413154,TWICE_Strategy
m2gc24m,twice,"> Jihyo confirmed on Bubble that Strategy's promotion is over.

Knew it was coming but still sad. This era of promo has really high highs but also many frustrating lows (for a number of reasons, many of them out of their control). 

A big miss to not have even 1 Strategy stage in the US, but even if they tried to pivot after the cancelled shows I doubt there were many available shows worth attending. Definitely too cramped to squeeze anything in even with all these cancellations. It would've been nice to see them attend one of the Gayos in Korea but at least they have some year-end performances in Japan. 

Maybe the management team were stretched a little too thin with Tzuyu's debut -> MISAMO comeback -> 10th anniversary -> MISAMO tour -> Strategy but at least they'll have a break now and hopefully recharge and retool for next year.",12,1734413644,TWICE_Strategy
m2gdz7j,twice,"Thank you for submitting, /u/LunaticOstrich! Unfortunately, your submission has been removed for the following reason(s):

---

Rule 3: Your submission has been removed because it does not follow our [Title Guidelines](https://www.reddit.com/r/twice/wiki/communityguidelines#wiki_iv._title_guidelines).

Rule 4: Your submission has been removed because it does not follow our sourcing guidelines.

Media content (photos, gifs, videos, etc...) should always link the primary source in a comment directly after submission.

[Official or partenered content should follow the official and partenered content source requirements](https://www.reddit.com/r/twice/wiki/communityguidelines#wiki_iii._content_rules).



---

If you have any questions about this post removal or [regarding the ruleset](https://www.reddit.com/r/twice/wiki/communityguidelines) of /r/twice, please refer to the sidebar or [send a modmail](/message/compose?to=%2Fr%2Ftwice).",1,1734414649,TWICE_Strategy
m2ggcgj,twice,"Thank you for submitting, /u/LunaticOstrich! Unfortunately, your submission has been removed for the following reason(s):

---

Rule 3: Your submission has been removed because it does not follow our [Title Guidelines](https://www.reddit.com/r/twice/wiki/communityguidelines#wiki_iv._title_guidelines).

Rule 4: Your submission has been removed because it does not follow our sourcing guidelines.

Media content (photos, gifs, videos, etc...) should always link the primary source in a comment directly after submission.

[Official or partenered content should follow the official and partenered content source requirements](https://www.reddit.com/r/twice/wiki/communityguidelines#wiki_iii._content_rules).



---

If you have any questions about this post removal or [regarding the ruleset](https://www.reddit.com/r/twice/wiki/communityguidelines) of /r/twice, please refer to the sidebar or [send a modmail](/message/compose?to=%2Fr%2Ftwice).",1,1734415930,TWICE_Strategy
m2gghfp,twice,do y’all think any of the other members might pursue acting in the future? i’m more into films and series than im into kpop and twice are the only group i listen to so dahyun stepping into acting world has me so excited.,9,1734416006,TWICE_Strategy
m2gglmk,twice,[Source](https://twitter.com/JYPETWICE/status/1868899113536045291?t=HgN-DzV8KOKBsjRB2Q1Edg&s=19),6,1734416070,TWICE_Strategy
m2ggrrh,twice,[Source](https://twitter.com/JYPETWICE/status/1868899066949910813?t=jaGiaQywIoWeu250S71KYw&s=19),1,1734416165,TWICE_Strategy
m2ggwyw,twice,"They are all insanely beautiful 🥰

[Source](https://twitter.com/JYPETWICE/status/1868899153822335061?t=jlA2Z6zQiycSrMMWxzDI6Q&s=19)",1,1734416245,TWICE_Strategy
m2gjjmu,twice,Translation snippet from [Official Twitter](https://x.com/JYPETWICE/status/1868850132156125518?t=YOYLAXqKtS05IyJfoxEHwQ&s=19),1,1734417751,TWICE_Strategy
m2gjvvo,twice,Translation snippet from [Official Twitter](https://x.com/JYPETWICE/status/1868850132156125518?t=YOYLAXqKtS05IyJfoxEHwQ&s=19),1,1734417950,TWICE_Strategy
m2gkw0e,twice,"Agreed. I think we'll finally get that long-rumored full album next summer, after Chaeyoung's solo mini drops sometime in the spring (before the Coldplay concerts).

Hopefully with the internal restructuring across Divisions \[and ideally much-needed hiring of additional staff\], next year's releases/promotions/tour will be better spaced out and less rushed compared to this year.",7,1734418536,TWICE_Strategy
m2gltu0,twice,">management team were stretched a little too thin with Tzuyu's debut -> MISAMO comeback -> 10th anniversary -> MISAMO tour -> Strategy

I'm inclined to think this was the case for most (if not all) of 2024, but the cynic in the back of my mind can't escape the nagging thought that cramming in the Strategy release in December of this year was a last-minute cash grab by the C-Suite to meet year-end objectives/metrics - particularly in light of JYPE's lagging stock price this year compared to last year, plus the 70/30ish profit split between the members vs company.

Either that or perhaps there's also a massive amount of new material (music & concepts) lined up for 2025 which necessitated releasing everything on the Strategy mini before Twice & their division/staff go on their annual vacation in January. In any case, like I'd mentioned below, hopefully next year's releases/promotions/tour will be better spaced out and less rushed compared to this year. At the very least tho, we should have alot to look forward to!",10,1734419099,TWICE_Strategy
m2gmyp8,twice,"![gif](giphy|ckB5razpgN2rd4qTfe)

Showed up on my feed. Thank you Jihyo.",0,1734419804,TWICE_Strategy
m2gnmqi,twice,to give TWICE some pocket money,3,1734420221,TWICE_Strategy
m2gql5i,twice,yes.. the double punch of Twice and Stray Kids will surely drive up the stock price of JYPE. and the rush to release Strategy album because they need to release another album before the start of World Tour 2025..,10,1734422094,TWICE_Strategy
m2grc5d,twice,"Thank you for submitting, /u/DinnerSolid6462! Unfortunately, your submission has been removed for the following reason(s):

---

Rule 8: Your submission has been removed because it contains similar or identical content to that of a previously submitted post.



---

If you have any questions about this post removal or [regarding the ruleset](https://www.reddit.com/r/twice/wiki/communityguidelines) of /r/twice, please refer to the sidebar or [send a modmail](/message/compose?to=%2Fr%2Ftwice).",1,1734422578,TWICE_Strategy
m2grxi5,twice,"I remember around the time the Las Vegas date took place Jyp released an article talking about the tour’s success and how for their next world tour would be way bigger the RTB tour. For Korea I see them sticking with kspo Dome, maybe Gosheok Skydome since I remember correctly Jihyo responding ti fan on bubble saying she wanted to perform in a bigger venue in Korea. In Japan they are most definitely doing stadiums, probably a lot more and different locations aswell. I know they probably added them to make it harder for fans, but for the pop up quiz in the strategy store in LA when they asked which venue the perform in the US(correct me if im wrong) there was Nissan Stadium and Rose bowl. It probably didn’t mean anything but there is a chance they will perform in both this tour. For the venues in the US they will definitely do most if not all stadiums and I am will say its pretty much confirmed at this point they are returning to Sofi stadium, hopefully more than one day this time. I like to think jyp will keep their word and make the tour bigger, so hopefully they got to visit more places they have never been to like China, Chile, Taiwan, just to name a few. I am pretty confident that they can do 70-90% stadiums this tour.

I would like to assume that when they said “surprising stage” they meant the stage set up, they could mean something else but I would like to think the other. Now I don’t know how they will be able to top the stage set up for the Ready Ro Be tour, that stage was absolutely amazing. Also since they mentioned that it kinda confirms that they are already planning the tour(I mean of course tours take a long time to plan). Now of course they don’t have a specified time of when the tour will begin but it’s safe to say probably after the Coldplay’s concert dates take place. Maybe during the summer or late 2025. Probably after Chaeyoung‘s does her solo debut and it is also being rumored that Jihyo is going to have a comeback aswell.

I am extremely excited since by the looks of it 2025 is looking to be another exciting and busy year for Twice and Onces. Dahyun’s acting debut, Chaehyoung’s solo debut, Jihyo’s rumored solo comeback, coldplay’s concert, potential full album released, plus a world tour. I know the members are excited, specially Jihyo since she mentioned a tour was one of her wishes for 2025, lets me real tho it was probably a teaser. It’s crazy to see a group who is over 9 years being this active as a whole.",17,1734422972,TWICE_Strategy
m2gukyp,twice,"I see Mina & maybe Jihyo but that’s just my wishful thinking/hopes 

Maybe Jeongyeon? She got drama offers before",7,1734424774,TWICE_Strategy
m2guzlv,twice,"I’m guessing Chaelo debut will come like around March or so, twice full album (pleaseeeee) maybe in the summer, world tour will start around September/October-ish...

Now I feel like Jihyo will have a comeback because of the precedent Nayeon set (and it would technically be around the same time as her debut in August) so I don’t know where that will fit in…",9,1734425054,TWICE_Strategy
m2gvbuz,twice,"mina did mention about wanting to act a few times, she gives off actress vibes more imo, yeah i can see jihyo in kdramas, she has a vibe similar to sejeong. jeongyeon doesn’t seem as interested these days but im still hopeful lol

i really want to see sana acting in japanese projects and tzuyu in taiwanese films (doubtful about this one because taiwanese entertainment scene is kinda dead and i doubt she’d be able to do anything in china, which is a shame bcos hers is a face that’s made for wuxia dramas)",7,1734425287,TWICE_Strategy
m2gwsaa,twice,haha.. the IU's Pallette with Twice was 1 hour fangirling..,6,1734426300,TWICE_Strategy
m2gxqe4,twice,"Maybe it's just me but this interview gave me a little cringe. 

It was obvious that they did not know how to react to what they were reading in some of the letters, which were basically Instagram or Twitter posts. Although at least Nayeon made me laugh trying to pronounce the user's name.",1,1734426953,TWICE_Strategy
m2gyrse,twice,"If I remember correctly, Jihyo not long ago said that she is a little interested in acting, so it wouldn't be strange to see her trying in the future knowing how curious she is.

Although I would see her more for action roles.",4,1734427674,TWICE_Strategy
m2gz0gt,twice,"Jihyo basically confirmed that they are not used to long breaks and come back, hence having a non-stop schedule and release.",1,1734427842,TWICE_Strategy
m2h33rn,twice,Does anyone know which video it is where Chaeyoung says she doesn't want to do that dance and Nayeon says you have to cause they are older or something like that.,6,1734430631,TWICE_Strategy
m2h3h4n,twice,Nayeon is so annoying (affectionately). She really fucked with jihyo’s hat for no reason lol,13,1734430878,TWICE_Strategy
m2h3vp0,twice,most English ever spoken by Twice members!  (even though they were only reading),3,1734431149,TWICE_Strategy
m2h4d5g,twice,"One of my favorite pieces of content from twice.

I actually thought the ending with them all sitting was the best one but alas, the one they picked is still good",5,1734431474,TWICE_Strategy
m2hkjkd,twice,"You ARE Latina enough, Park Jihyo.",3,1734440415,TWICE_Strategy
m2hs6tn,twice,This is so weird considering Jihyo just a few days ago said on bubble that there wont be a world tour any time soon,-2,1734443610,TWICE_Strategy
m2hsrwm,twice,"Very impressive indeed. US ONCEs have always came in clutch, massive massive respect to them and their willingness to love and support TWICE. Apart from that there's a lot that could be done if all international ONCEs still keep at it :)

More radio requests, more streaming on YT and Spotify since we're constantly falling down on both platforms. If JYPE ain't doing anything then we gotta do what we can. Japan is hard carrying the streams with US and Taiwan next. Indonesia, Philippines, India and Korea are on the next level and then other countries. Then there are many award shows TWICE is nominated for but the gap between the 1st rank is too massive. Even in Inkigayo HOT STAGE, we're way behind with votes. With so much promotion going into Korea, I really hoped that they would reward TWICE with what they deserve but unfortunately, there wasn't much splash in any of their major platforms apart from Bugs - of course the political situation might have definitely been a part of it but other releases which happened on the same day did way way better despite their bare minimum promotion in Korea. Unfortunate, but TWICE in it's 9th-10th year is still doing so well consistently is something to be proud of. And now a World Tour, ooofffff.",7,1734443842,TWICE_Strategy
m2ht12o,twice,Tzuyu and Mina really are the visual gaps in Twice.,-18,1734443943,TWICE_Strategy
m2i4foj,twice,"Chae enthusiastically waving to Mina which acts like a signal for Sana to start diving everyone. 

Also it would've been hilarious if they started dropping random choreo on social media for Once to decide is better, would be funny marketing and inline with Twice spoilers",7,1734448142,TWICE_Strategy
m2iallw,twice,Sexy Tzuyu,0,1734450233,TWICE_Strategy
m2ihzuk,twice,"Sana pulling out her signature flying hamster move again on the members, lol.

TWICE practice videos are always the best blend of Behind-The-Scenes mixed with variety content and more raw member interactions.  They might be my favorite type of TWICE YouTube content, even rivaling Time To TWICE.",9,1734452628,TWICE_Strategy
m2ilo1d,twice,"I don’t think she said that. A fan asked on bubble if the special thing that was coming out that day (3 days ago) was going to be a world tour announcement and she said no. Like no to the tour announcement on that day. She also hinted about world tour in one of the interviews earlier when they were in the US when asked about their 2025 wishes and in one more interview when IU asked when Twice are having their next tour Jihyo replied “It’s a secret”, so that means they are planning something but keeping it secret for now. I think it’s all a Strategy to get the fans hyped lol",2,1734453801,TWICE_Strategy
m2iq8lp,twice,"If I'm not mistaken, Jihyo's insta page was followed by an acting school (or something like that) which is the same one Dahyun attended, so people speculated an acting debut could be a possibility. But as of now, we really don't know. I think the foreign members might do it as well in their own countries. Although idk, as of now, they all seem focused on music.",4,1734455254,TWICE_Strategy
m2iqrto,twice,"tzuyu’s on a different planet, it seems…",3,1734455425,TWICE_Strategy
m2iuurv,twice,Tzuyu has become a menace after kissing Shuhua and Elkie. Lol. I gotta save up for the Twice and Purple Kiss concerts next year.,7,1734456727,TWICE_Strategy
m2iwj50,twice,"Iirc that ranking uses the group name + idol to make it (so for example they would be looking at 트와이스 츠위 not just 츠위, Tzuyu, Twice Tzuyu, etc). This can make it flawed because some idols are searched more by their name alone than alongside a group, which is likely Tzuyu's case since hers is very unique. She would come up easily without saying Twice beforehand.",25,1734457262,TWICE_Strategy
m2ixotp,twice,"[Cool that Twice read God Mitzu's comment about how Twice ""ate"" all the concepts! ](https://x.com/godmitzu/status/1868797824147521770)

Really such a great Once, I love going thru their feed \~",13,1734457627,TWICE_Strategy
m2j00ux,twice,"Yeah I am kinda hoping we get a lot of Time To Twice episodes in between, tho ofc not at the expense of the members getting well deserved rest! \~",3,1734458354,TWICE_Strategy
m2j5yq4,twice,"Thank you for submitting, /u/smithstreet11! Unfortunately, your submission has been removed for the following reason(s):

---

Rule 8: Your submission has been removed because it contains similar or identical content to that of a previously submitted post.



---

If you have any questions about this post removal or [regarding the ruleset](https://www.reddit.com/r/twice/wiki/communityguidelines) of /r/twice, please refer to the sidebar or [send a modmail](/message/compose?to=%2Fr%2Ftwice).",1,1734460225,TWICE_Strategy
m2j75r1,twice,tzuyu is popular as evidenced by her instagram followers but i think the popularity of her brand deals are lower compared to the others plus she hardly has solo content,8,1734460601,TWICE_Strategy
m2jcmp4,twice,TFW regulars at your favorite k-pop store over the weekend congratulated you on an event you hosted for TWICE's 9th anniversary at the store and hope you do the same thing for their 10th next year ![img](emote|t5_3812p|4095),10,1734462306,TWICE_Strategy
m2jcqh4,twice,"These brand rankings are a joke. Twice have so many endorsements and promotions they're called the ""one top"" and ""nation's girl group"" and yet they'never been a mainstay in these rankings. Japan has basically been Twice Country since they're debut and they've cornered the endorsement market there but Twice rarely show on these rankings lol.",22,1734462340,TWICE_Strategy
m2jdbop,twice,"I'm going to Japan - Tokyo, Kyoto and Osaka. What are some good places to look out for ads with Twice members?",7,1734462528,TWICE_Strategy
m2je7t8,twice,yeah I like minaron a lot. I’ve never seen them join in with fanwars and I always get a chuckle over how all their tweets are capitalised. I like to imagine they just can’t help but shout about Twice all the time. it’s so cute 😭,7,1734462809,TWICE_Strategy
m2jetw9,twice,agree!! she absolutely owned that and the goodbye stage w/ jihyo! @ taemin get momo on your next album PLEEK,1,1734463003,TWICE_Strategy
m2jvs9k,twice,"I'm probably 30 years older than you and I know what it literally means. 

I guess when Chaeyoung sings ""come come"" and Joy (Red Velvet) sings ""climax,"" we're also probably supposed to believe that the intentions of the lyricists were entirely innocent, and that any prurient associations are entirely coincidental.🙄",-38,1734468398,TWICE_Strategy
m2k0al5,twice,"FOL - Prolly any other track tbh (save the subunits), while I have some appreciation for Scientist it's place is more a bridge between the Cute and Mature Eras.

R2B - Blame it on Me or Crazy Stupid Love would be good as either is Dubu lyricist promo. If we want something more in vein of Twice cheerful releases I'd go with Got the Thrills.

Between 1&2 - Trouble as the title track, with an MV of meeting someone at a club and dancing. Basics as the post release that follows up the story. Queen of Hearts performance video was racking up 1M views every month for a bit IIRC, so that could have been an option too.",6,1734469830,TWICE_Strategy
m2k2148,twice,"*cracks knuckles* let's do this.

The Story Begins: Do It Again  
Page Two: Touchdown  
Twicecoaster Lane One: 1 to 10  
Twicecoaster Lane Two: Melting (Ice Cream)  
Signal: Only You  
Twicetagram: Look at Me  
Merry & Happy: Merry & Happy  
What is Love?: Say Yes  
Summer Nights: Stuck  
BDZ: Candy Pop  
Yes or Yes: Sunset  
Year of Yes: Be as ONE  
Fancy You: Strawberry  
Feel Special: Love Foolish  
Fake & True: How u doin'  
More & More: Firework  
Eyes wide open: Up No More / Say Something  
Taste of Love: SOS  
Perfect World: Kura Kura  
Formula of Love: Cruel  
Im Nayeon: No Problem  
Celebrate: Doughnut  
Between 1&2: Basics  
Ready to Be: Wallflower  
Masterpiece: Rewind you  
Zone: Nightmare  
With You-th: Rush  
Na: Magic  
Dive: Here I am  
abouTZU: Lazy Baby  
Haute Couture: Runway  
Strategy: Sweetest Obsession

This was fun. Thanks OP!",80,1734470385,TWICE_Strategy
m2k2y6c,twice,Mine had almost all members! Which was a pain to find out bc they had twice in the box and not on the shelf 😭,2,1734470681,TWICE_Strategy
m2k3ctj,twice,At least we have backups! (Linked [here](https://www.reddit.com/r/twice/s/e0UzPgObcG)),5,1734470810,TWICE_Strategy
m2k3f2n,twice,I'm truly (sweetest) obsessed with TWICE's entire catalog! I actually agree that Got the Thrills would be a great choice for RTB like you said :),7,1734470830,TWICE_Strategy
m2k84a7,twice,"I just look at Twice and I’m wondering where they get  the amount of humility they showcase. Like let’s be honest they have at least half a million fan as a minimum like hard core album buyer concert goers. These ladies are worldwide superstars 👍 they can fill stadiums around the world .
The thing which hit me is that although all the above they come across as not used to the spotlight, they don’t take it granted. They are still kind, gentle and humble. Whoever says they lack stage presence I think doesn’t understand their charisma. Like how much they focus on their part and not to outshine each other. 

I came to the realisation after I saw their interaction with Sullyoon, twice was being humble and cute. 🥰 like Twice is a superpower with maybe a million of fan and they didn’t lose their origin.

I’m so proud to be a Once!",18,1734472324,TWICE_Strategy
m2khj5d,twice,"i got Jihyo, Jeongyeon, and Momo!",1,1734475427,TWICE_Strategy
m2kns4a,twice,"Twice will definitely release another album (hopefully an album not mini) before the commencement of World Tour 2025. As solos for Chaeyoung and Jihyo also a Japanese album and Misamo album we simply don't know the schedule of release. And then the elephant in the room, their 10th Anniversary. Surely JYPE has lots of activities planned, and another album? to commemorate the 10th Anniversary.",2,1734477611,TWICE_Strategy
m2kr9iq,twice,"Family mart has twice related holiday stuff right now, but took me a while to find the twice donut",6,1734478888,TWICE_Strategy
m2kuo3q,twice,"Chaeyoung is my ult, and I love the Strawberry choreo that they did during TWICELIGHTS 🥰 not a bad song on Fancy You",5,1734480132,TWICE_Strategy
m2l0uyo,twice,"I was just in Tower Records Shibuya 2 weeks ago, there are TWICE & MiSaMo posters inside the store. It says ""Tower Records Loves TWICE/MiSaMo""

They give away the food catalogue with TWICE on the cover over on Family Mart. You can browse my post.

Lastly, at your own risk, you can check out K-Books over on Ikebukuro. It's just really up to you if you wanna spend on merch over there. LMAO.",7,1734482377,TWICE_Strategy
m2l4r11,twice,https://x.com/JYPETWICE/status/1868850132156125518,6,1734483793,TWICE_Strategy
m2l8xrv,twice,"Thank you for submitting, /u/bread_is_trash! Unfortunately, your submission has been removed for the following reason(s):

---

Rule 12: Your submission has been removed because it violates our no selling or trading rule.

Submissions or comments offering to buy/sell/trade merch, concert tickets, or albums are better suited for r/kpopforsale. r/twice is not affiliated with r/kpopforsale so use it at your own risk.



---

If you have any questions about this post removal or [regarding the ruleset](https://www.reddit.com/r/twice/wiki/communityguidelines) of /r/twice, please refer to the sidebar or [send a modmail](/message/compose?to=%2Fr%2Ftwice).",1,1734485359,TWICE_Strategy
m2l9mcq,twice,"I absolutely hated being in your drawn section III or the D section on the image. The stage did not go that far out and is too tall. I am 6’1” and could see like three of them at a time. Only seeing whoever was on our side. If money is not an issue, i would recommend a2 or b2 or go to the red zone. Keep in mind, i am only one person so i will not say that the seat is bad. I don’t like to say things are absolute. There is a chance you can sit in the same exact seat i did and think it’s the best seat in the stadium. Idk if credibility is wanted but just in terms of twice concerts i’ve seen them from the equivalent of section D, section A2, and section 109. I would rate them best to worst: section A2(Twicelights 2019), section 109(III Tour), and worst was section D(Ready to Be Tour).",1,1734485612,TWICE_Strategy
m2ld3k2,twice,Which strategy/songs should we stream?? My streaming days are loooooong over and never really began with but I’ve been slowly getting back into streaming purely for twice and Itzy too sometimes. So what should we do??,2,1734486891,TWICE_Strategy
m2ldb4x,twice,"Exact why I'm dabating with myself whether closer to the main stage is that much better, because the Encore with the lights on, You get to see them almost upclose during Encore plus encore feels more interactive, but Encore is just minutes comared to a 2-3 hr concert

btw I was also 3 seats beside the extended stage lol, column buddies. Bro, that Jihyo polo shirt with Tzuyu dancing at the corner of the extended stage during encore was the most beautiful thing a person could ever see. 

Jihyo definitely had gravity in that stage and pulls your eyesight towards her, but Tzuyu in person was crazy. It felt illegal to see that much beauty. Bro, I thanked God every minute since I saw her, and I'm an atheist.",4,1734486968,TWICE_Strategy
m2ldp98,twice,"i kinda misunderstood it, i picked more of what i thought would realistically be the tt out of the b-sides but here! also if a release only has one b-side i skipped it

the story begins - going crazy
page two - touchdown
twicecoaster lane 1 - jelly jelly
signal - only you (hear me out on this one, it gives early 3rd gen)
twicetagram - look at me
what is love? - ho! (sweet talker also a good option)
summer nights - chillax
bdz - wishing (might get some disagreement but like a wholesome mv would be so cute)
yes or yes - lalala
fancy - turn it up
feel special - get loud
&twice - stronger
more & more - make me go
eyes wide open - up no more
taste of love - sos
perfect world - in the summer (maybe four-leaf clover)
formula of love - espresso (this was the toughest one, all the b-sides sound like b-sides, other options would maybe be moonlight or last waltz?)
im nayeon - love countdown
celebrate - tick tock
between1&2 - basics
ready to be - got the thrills
masterpiece - behind the curtain
zone - don’t wanna go back
with you-th - new new
dive - beyond the horizon
aboutzu - lazy baby
haute couture - runway
strategy - kiss my troubles away (or keeper)

sadly i am not familiar enough with the b-sides from na besides halligalli to pick one, but i will listen again and update",1,1734487113,TWICE_Strategy
m2lemb4,twice,"You can find some playlists on Spotify which people have made specifically for streaming the song and the b-sides. Just look up “Strategy Streaming” and select Playlists, many will pop up. The ones you’re supposed to stream are filtered playlists with two or three different TWICE songs in between the main title track “Strategy feat. Megan Thee Stallion” by TWICE. You can also find many such playlists on Twitter by their fan community. There is also a 100 Songs playlist for Strategy on YouTube.",1,1734487456,TWICE_Strategy
m2lepzm,twice,[Source](https://x.com/JYPETWICE_JAPAN/status/1869200914600616151?t=MsNAQO86e8jX7sMjhd56ZA&s=19),3,1734487495,TWICE_Strategy
m2ljrwm,twice,"Here is mine. I think not all my fave for the album will be the most ideal TT so I'll probably split it for some.

The Story Begins: Do It Again (TT), Like a Fool (Fave)
Page Two: Touchdown (TT), Precious Love (Fave)  
Twicecoaster Lane One: Jelly jelly  
Twicecoaster Lane Two: Melting (Ice Cream)  
Signal: Only You  
Twicetagram: Look at Me (TT), You in My Heart (FAAVE)
Merry & Happy: Merry & Happy  
What is Love?: Sweet Talker (TT), Stuck (Fave)
Summer Nights: Chillax 
BDZ: Candy Pop  
Yes or Yes: Lalala  
Year of Yes: Be as ONE  
Fancy You: HOT
Feel Special: Love Foolish    
More & More: Oxygen
Eyes wide open: Up No More / Go Hard
Taste of Love: Baby Blue Love 
Perfect World: Four Leaf Clover (so underrated)
Formula of Love: Last Waltz / Moonlight
Im Nayeon: Love Countdown 
Celebrate: Doughnut  / Flow like waves (underrated)
Between 1&2: Queen of Hearts (TT) Basics (Fave)
Ready to Be: Wallflower / Crazy Stupid Love (2 best b sides for me i cant choose)
Masterpiece: Funny Valentine
Zone: Closer (TT), Room (best solo bside)  
With You-th: I Got You  
Na: Magic (TT), Butterflies (Fave)  
Dive: Here I am (TT), Peach Soda (FAAAVE)
abouTZU: Lazy Baby  
Haute Couture: Daydream 
Strategy: Kiss my Troubles Away (TT), Magical (fave)

Twice really has an insane discography",4,1734489414,TWICE_Strategy
m2lpk3l,twice,That’s fair. There’s no one right answer especially with twice so many of their songs could be title tracks.,2,1734491636,TWICE_Strategy
m2lsnld,twice,[Source](https://x.com/jypetwice/status/1869224087928856773?s=46&t=O-e_ONnQgboX1zxfeCnhjg),5,1734492860,TWICE_Strategy
m2lua5f,twice,And Twice is the best-selling girl group in America for 4 consecutive years.. A big thank you for US-Onces.,30,1734493516,TWICE_Strategy
m2m304f,twice,"Thank you for submitting, /u/DidntHear! Unfortunately, your submission has been removed for the following reason(s):

---

Rule 7: Your submission has been removed because it falls under a disallowed content category.

Screenshots, memes, shitposts, personal rants, rumours, doodles, low effort edits/wallpapers are not permitted to be submitted as a self post in our main subreddit feed.

Memes should be submitted to r/twicememes.



---

If you have any questions about this post removal or [regarding the ruleset](https://www.reddit.com/r/twice/wiki/communityguidelines) of /r/twice, please refer to the sidebar or [send a modmail](/message/compose?to=%2Fr%2Ftwice).",1,1734497245,TWICE_Strategy
m2m3my5,twice,"Yes Family Mart. Last October when I went there I asked if they have extra catalogues where Twice is featured, the cashier mentioned they ran out",2,1734497539,TWICE_Strategy
m2m8vuz,twice,"Thank you for submitting, /u/Queldaralion! Unfortunately, your submission has been removed for the following reason(s):

---

Rule 3: Your submission has been removed because it does not follow our [Title Guidelines](https://www.reddit.com/r/twice/wiki/communityguidelines#wiki_iv._title_guidelines).

Rule 4: Your submission has been removed because it does not follow our sourcing guidelines.

Media content (photos, gifs, videos, etc...) should always link the primary source in a comment directly after submission.

[Official or partenered content should follow the official and partenered content source requirements](https://www.reddit.com/r/twice/wiki/communityguidelines#wiki_iii._content_rules).



---

If you have any questions about this post removal or [regarding the ruleset](https://www.reddit.com/r/twice/wiki/communityguidelines) of /r/twice, please refer to the sidebar or [send a modmail](/message/compose?to=%2Fr%2Ftwice).",1,1734500129,TWICE_Strategy
m2mawt0,twice,"SPANISH MOMO OF TWICE MEME WARNING

Los padres de Momo de Twice c- \*c desinfla\* c acercan a Momo de twice y le dicen ""Momo de tuais, China inchinchuanchinchuan, somos tus padres y te dimos solo una mision, encontrar a tu hermana PERDIDA, y en vez de eso te convertiste..En una cantante kei POOOOP OOOOOOOP- estamos decepcionados l-largate de aki.. \*c desinfla x2\* estas desterrada de- \*piensa en padre de Momo de twice\* Momolandia🙀🙀🙀🙀 Y NADIE (todos) SE ACORDARA DE TI- fuera keipop de este cuerpo, FUERAAAA 🙀🙀🙀🙀🙀🙀🙀🙀"" -13 reasons WHY de Lazy town🙀🙀🙀🙀🙀🙀🙀🙀🙀🙀🙀🙀",0,1734501198,TWICE_Strategy
m2mcwut,twice,[Source](https://twitter.com/JYPETWICE/status/1869261887755677870?t=gGgdy31cwvlPlvj80xMBKg&s=19),1,1734502301,TWICE_Strategy
m2mefca,twice,"Thank you for submitting, /u/Varnagadr! Unfortunately, your submission has been removed for the following reason(s):

---

Rule 5: Your submission has been removed because it violates our no piracy rule.

This includes links to sites which promote or facilitate piracy as well as direct links to pirated materials such as torrents. Link to officially licensed sources when available. Unofficial audio uploads should be limited to YouTube only. Unofficial video uploads should be linked only when an officially licensed video is not available in the same format (subbed or raw).



---

If you have any questions about this post removal or [regarding the ruleset](https://www.reddit.com/r/twice/wiki/communityguidelines) of /r/twice, please refer to the sidebar or [send a modmail](/message/compose?to=%2Fr%2Ftwice).",1,1734503161,TWICE_Strategy
m2mg3g0,twice,"Hell yea I was just thinking about this:

The Story Begins: Do It Again
Page Two: Precious Love
Twicecoaster Lane One: One In A Million
Twicecoaster Lane Two: Ice Cream
Signal: Three Times A Day
Twicetagram: Look at Me
Merry and Happy: Merry and Happy
What is Love?: Say Yes 
Summer Nights: Stuck
Yes or Yes: Say You Love Me
Year of Yes: Be As One
Fancy You: Hot
Feel Special: Get Loud
Fake and True: Fake and True
More and More: Firework
Eyes Wide Open: Up No More
Taste of Love: Baby Blue Love
Formula of Love: The Feels
Between 1&2: Basics
Ready to Be: Wallflower
With You-th: You Get Me
Strategy: Sweetest Obsession

BDZ: Candy Pop
Perfect World: Better
Celebrate: Doughnut
Dive: Dance Again

Masterpiece: Funny Valentine
Haute Couture: Runway

Im Nayeon: Love Countdown
Zone: Nightmare
Na: Butterflies
abouTZU: Fly",1,1734504122,TWICE_Strategy
m2mgqhh,twice,This is their catchiest song since Talk that Talk. My only problem is the mixing. The beat is a decibel louder than it should be and the vocals are not balanced (ex. Chaeyoung's part after Momo).,10,1734504496,TWICE_Strategy
m2mjz51,twice,"[https://ost-guides.carrd.co/#spotify-guide](https://ost-guides.carrd.co/#spotify-guide)

This is a great guide for Spotify streaming. After you have read the guide, here are some other useful tips that I personally found the most helpful:

\-On Google Chrome, you can create 6 separate ""profiles"" and create a different Spotify account for each of them (6 total).

\-Please make sure the ""Spotify volume"" is at 100%. However, you can MUTE your computer tabs by manually right clicking the tab --> ""mute site"". This way, you technically DO NOT hear anything (streams still count) and can resume your daily life like normal.

\-For each account, please use a different playlist. Our twice fanbase accounts have so many playlists to choose from. Ex: On Spotify, the profiles of ""Once Stream Twice"", ""Once Latam Union"", ""Once Global Spotify Team"", ""Voyd"", ""ms\_athenaaa"" all have great streaming playlists that are focused on Twice. 

\-For this comeback, we are clearly focused on strategy. So once you search up the profiles I mentioned on Spotify, look for the playlists with ""strategy"" in them. There are also ""overnight"" playlists which are great when you are sleeping as well.

\-Personally, I start the playlists over every 2-3 hours in order to prevent spotify from filtering the streams too much (minimize ""bot"" activity). 

Before, I used to think that streaming would take too much time and was not worth it. However, after actually talking to other onces about how it benefits TWICE and actually starting to run playlists during comeback season, I realized that this barely takes any effort and time. (The muting tabs function is the most crucial in this process, while technically you keep the ""spotify volume"" at 100%"", if your tab volume is muted then you do not hear any noise!). 

  
Finally, I just wanted to say thank you so much for your willingness to support TWICE! Onces, Twice themselves, and myself personally really appreciate your efforts to support Twice's musical career!",1,1734506483,TWICE_Strategy
m2mlnvj,twice,"https://x.com/bbirongcat/status/1869279394491252978?t=mFKnYGZ-ovdlC8hwvrx1lA&s=19

Jihyo's ig story mentioned the rumor jyp nation concert

Yeah, we are getting one next year for sure",10,1734507561,TWICE_Strategy
m2mlr7b,twice,"Strategy released in early December to April (4 months), back in the day, this is normal gap between twice comeback lol",1,1734507620,TWICE_Strategy
m2mocih,twice,Nayeon solo performance let’s gooooooo,4,1734509307,TWICE_Strategy
m2mybfp,twice,"Namba and Umeda Osaka.  You will see: 

Dahyun in window MK store. 
Mina in Boucheron. 
Sana in Graff. (Department store underground)
Momo in Onitsuka Tiger. 
Don Kihote or drug store for Tzuyu, Nayeon, Jihyo, Dagyun, Mina and Sana at the makeup aisle. 

Twice at Family Mart. buy fried chicken.",2,1734516173,TWICE_Strategy
m2n5xyx,twice,Imo feel like Im nayeon it would be love countdown,1,1734521066,TWICE_Strategy
m2n6i0m,twice,"I really love when Nayeon sings with a soft voice like she did with the ending line here. Other example off the top of my mind is the last chorus of You Get Me & her ""hours & hours"" part in Rush.",5,1734521394,TWICE_Strategy
m2n6ok4,twice,"Someone cleared it up in the r/kpop post's comments.

This is a joint program by UEMC and a Chinese University, and was being offered online in Chinese for interested people during/since the COVID pandemic. 

Now this isn't a real masters degree where you do extensive research, submit a thesis and can use the degree to get jobs. This is a rather entry level program in psychology that calls itself a master's because it's a private University and can name it whatever it wants, and it doesn't require a bachelor's to enroll. Since Tzuyu was interested in the subject, and this course was recommended by a professor she knows in Taiwan, and it was flexible enough for her busy work and travel schedules, she decided to enroll so that she would take classes in her free time.",1,1734521503,TWICE_Strategy
m2nag51,twice,"dont tell me you are THAT gullible.... LMFAO!!!!

first of all.... since when korean authorities are WHITES?

second.... ambulance in S.Korea dont look like 9-1-1 ambulance. its suppose to be 1-1-9 ambulance.

you have Google, right? go look up Korean Ambulance images and see why...

ONCE knows what ride Jihyo drives... 

c'mon... give me something more believable than ""this""....",2,1734523584,TWICE_Strategy
m2nazq4,twice,"Thank you for submitting, /u/! Unfortunately, your submission has been removed for the following reason(s):

---

Rule 7: Your submission has been removed because it falls under a disallowed content category.

Screenshots, memes, shitposts, personal rants, rumours, doodles, low effort edits/wallpapers are not permitted to be submitted as a self post in our main subreddit feed.

Memes should be submitted to r/twicememes.



---

If you have any questions about this post removal or [regarding the ruleset](https://www.reddit.com/r/twice/wiki/communityguidelines) of /r/twice, please refer to the sidebar or [send a modmail](/message/compose?to=%2Fr%2Ftwice).",1,1734523867,TWICE_Strategy
m2nj9ll,twice,It was supposed to be Tzuyu fangirling but Sunmi went all out in fangirling the hell out of Tzuyu lmao,13,1734527733,TWICE_Strategy
m2nl83n,twice,"That’s just how lyrics are, grammar is the very last consideration behind meaning, lyricism, tone, the shape of the word, syllables, all that stuff. Japanese lyrics are especially difficult when you’re learning because to fit the music the sentence can be split across what sounds like entirely different lines which often stands out to me in Twice translations especially and can sound off to the ear when you’re used to other Jpop songs where the lyrics were written to the song, rather than a translation as a cover that has to fit a certain meaning and a certain rhythm. Also sometimes particles get dropped when the context is clear enough to not need them as well (e.g: このお酒名前何 in the Alcohol-Free rap)

Nothing has ever stood out to me as wrong or worded awkwardly though. I’m not fluent but got N2 and read a lot so I’d like to think I know what sounds normal even if I couldn’t write it myself lol but maybe a native would have a different opinion!",2,1734528554,TWICE_Strategy
m2o3jkh,twice,"Id totally recommend it, I’ve brought my BF to the last two TWICE tours and he said they were the best concerts he’s been to. Even for someone who’s not a kpop fan the shows are super entertaining and there’s basically no pauses throughout the whole thing. I’m sure they’ll drop by Atlanta again!",11,1734535377,TWICE_Strategy
m2o7078,twice,"Just Tzuyu collecting Unnie girlfriends like I U and Sunmi. 

Learned flirting skills from  the best, IsSanaGay. 

Hope she can meet Hyolyn.",14,1734536529,TWICE_Strategy
m2oayco,twice,I went to their 2022 and 2023 tours both shows were simply amazing experiences. I like the 2022 show better but to each their own. I highly recommend going to a Twice concert Once in your life.,5,1734537818,TWICE_Strategy
m2ogcmz,twice,Just buy the POB set on ebay - [https://www.ebay.com/itm/274005105617?\_skw=summer+nights+pobs+twice&itmmeta=01JFD9SXQNJA0HYRVMKT3PV8YZ&hash=item3fcbfa1bd1:g:69QAAOSwpsdhyoWx&itmprp=enc%3AAQAJAAAA8HoV3kP08IDx%2BKZ9MfhVJKm28mfaFz7LwmhPjTmJJlURdujwTCBrKjSTRavMj%2FAPz6iS8B4quKvcWlcRY0NdatlYDsznyUlPBfjd9df4DZTnazgIaq6wwOIYoK7wTn2x3Hmk9WAr1hr7mfWS%2FXcFNQaSH3AtJ%2BMHsNbrIz4CRUIzER0pxd5wkagdvcECsKq9E0p5TAgnC09WXgFz%2FS58YyFiUoq%2BwwsoXFcPn6SO8rF%2FvmicmC8DJ2UZYUB9Gp2Xpv%2FEJmKvx%2BvIBEzm9%2BLaueRT1RvjiuoGU%2F9fmRsugcOMoIpAkIQ4BPN0tu7H%2BYZNtA%3D%3D%7Ctkp%3ABFBM-tvnqftk](https://www.ebay.com/itm/274005105617?_skw=summer+nights+pobs+twice&itmmeta=01JFD9SXQNJA0HYRVMKT3PV8YZ&hash=item3fcbfa1bd1:g:69QAAOSwpsdhyoWx&itmprp=enc%3AAQAJAAAA8HoV3kP08IDx%2BKZ9MfhVJKm28mfaFz7LwmhPjTmJJlURdujwTCBrKjSTRavMj%2FAPz6iS8B4quKvcWlcRY0NdatlYDsznyUlPBfjd9df4DZTnazgIaq6wwOIYoK7wTn2x3Hmk9WAr1hr7mfWS%2FXcFNQaSH3AtJ%2BMHsNbrIz4CRUIzER0pxd5wkagdvcECsKq9E0p5TAgnC09WXgFz%2FS58YyFiUoq%2BwwsoXFcPn6SO8rF%2FvmicmC8DJ2UZYUB9Gp2Xpv%2FEJmKvx%2BvIBEzm9%2BLaueRT1RvjiuoGU%2F9fmRsugcOMoIpAkIQ4BPN0tu7H%2BYZNtA%3D%3D%7Ctkp%3ABFBM-tvnqftk),1,1734539561,TWICE_Strategy
m2oxqm3,twice,"I did it where if they kept the album name which bside would fit. some i didn’t put an explanation for but most i did 
1. Like ooh ahh-Candy Boy the other bsides are good but they already performed them on their survival show except Candy Boy 
2. Cheer up-Touchdown such title track material 
3. TT-Jelly Jelly I would say after cheer up is when they started doing more cute concepts and their bsides were also more cuter I think jelly jelly fits this 
4. Signal-Hold me tight
5. What is love-Ho! or sweet talker Personally i like Ho! better but i think sweet talker fits the vibes of what is love 
6. Yes or yes-Say you love me
7. Fancy-Stuck in my head fancy era was when they started more mature concept and simh was a good bside to prove that and it would fit well as the title track 
8. Feel Special-Love foolish or get loud i liked get loud better but i think performance wise love foolish would be better 
9. More and More-firework probably unpopular but for twice’s summer tracks are usually more upbeat and a lot of bsides on this album are too short or don’t really fit the happy summer vibe, sweet summer day could be a runner up but i think firework has a more mature sound to it making it better 
10. alcohol free-first time this bside screams title track 
11 talk that talk-brave between 1&2 album was the album to show that twice was here to stay, i think if brave had a music video it could have feel special mixed with celebrate 
12 set me free-Blame it on me i think ready to be was a more darker album and this would fit as the title track 
13 one spark-bloom the album is called with youth and this song fits the theme like their a youthful flower blooming 
14 strategy-kiss my troubles away 
15 likey-missing u
16 i can’t stop me-hell in heaven 
17 scientist-real you Since the album is called formula of love they could use this bside as a title track to “find the formula to the real you” type of song also it can be a good follow up song to the feels 
18 dance the night away-shot thru the heart",1,1734545025,TWICE_Strategy
m2ozfm8,twice,"[K-pop Reddit census results are out](https://www.reddit.com/r/kpop/s/tEmtaIXNiT) and it’s nice to see Twice at the top for so many demographics 

Our 9wice are very beloved 🥰",13,1734545550,TWICE_Strategy
m2ozvxe,twice,And when it ends up being a concert in honor of TWICE’s 10th year 😌,3,1734545689,TWICE_Strategy
m2p30ds,twice,"I feel like a lot of people forget Scientist was even a title track. I remember during my local RTB tour stop, some girl asking what people's favorite title track was and it had The Feels listed instead. It makes me sad because even though The Feels brought me to Twice, I really like Scientist 🥹",1,1734546664,TWICE_Strategy
m2p38l0,twice,"Sana is my main bias in Twice. She's also my ultimate bias in general. 

Sana's personality, which is literal sunshine, can lift my mood no matter what.

She just radiates happiness and positivity, and it's so infectious that you can't help but be happy too!

NO SANA, NO LIFE! 💜",172,1734546735,TWICE_Strategy
m2p422z,twice,"good to see the love for twice, i enjoy reading the census. It’s very interesting to see the reddit kpop demographic",4,1734547001,TWICE_Strategy
m2p518g,twice,"It changes everyday 💀 

Usually it's Momo though, her dance and performance is so captivating, I can watch her for hours without getting bored. She's the member I consistently watch fancams of (usually I only watch a fancam if a member really stood out in the usual Music Stage performance. For ex, with Strategy, I also watch Chaeyoung and Mina fancams whereas with One Spark, I also watched Tzuyu and Jihyo fancams)",41,1734547310,TWICE_Strategy
m2p53ct,twice,"Jihyo.

Caught my attention in 2015 during Sixteen. Hasn't changed since.

I love all of them but she just hits different for me.",51,1734547328,TWICE_Strategy
m2p5isf,twice,Jihyo and Jungyeon. They are both very supportive and have gone through struggles that I relate to. Plus Jihyo is a goddess 🥰 Jungyeon is someone that you can just tell would be a blast to hang out with and makes everyone feel comfortable.,116,1734547462,TWICE_Strategy
m2p5kh3,twice,"It changes so frequently. All of them are so beautiful and charming in their own ways. Lately, I’ve been captivated by Nayeon. Her laugh is so infectious.",69,1734547477,TWICE_Strategy
m2p5r1c,twice,"Tzuyu. Tall and elegant but can also be goofy and clumsy. A wicked sense of humour. Spends her holidays / life in a humble way helping good causes, especially animals (alongside Jeongyeon). One of the dog moms. Given she's iconic (OT9), her humility is charming. And her smile simply melts me.",60,1734547534,TWICE_Strategy
m2p60j9,twice,"My bias is Jihyo
I love the way she's one with the stage, and you see how much she enjoys performing. I can't get my eyes off her when she takes the centre and even when isn't in the centre. Her enthusiasm is infectious, and she has an amazing personality",2,1734547617,TWICE_Strategy
m2p69na,twice,"Dahyun- she keeps to herself and seems like such a sweet person. When the cameras are on, she is funny and provides great energy. I love her stage presence and the fact that she writes songs for TWICE. 

Her smile is beautiful. 

Honorable mention to Jihyo. Her work ethic and position as leader has always impressed me.

But I love each and every one of the girls. Going on almost six years as a fan 💜.",36,1734547694,TWICE_Strategy
m2p6r4d,twice,Tzuyu because I hardstan chinese speakers of any group,0,1734547844,TWICE_Strategy
m2p6vm7,twice,"![gif](giphy|EqcwRsfPkzlxvyop8M)

Honestly similar case for me I saw Jihyo outfit and was so into it that I legit went on a Twice binge.",52,1734547883,TWICE_Strategy
m2p6wvr,twice,"I like that she keeps gigling herself. Recently Tzuyu roasted, while Nayeon keeps finding random things funny and laughing  Tzuyu said that she just pretends to laugh. lol",23,1734547894,TWICE_Strategy
m2p7irp,twice,Jihyo because of moments [like this.](https://youtu.be/B0wkN21HFGo?t=68),15,1734548079,TWICE_Strategy
m2p7izl,twice,"nayeon. she's cute, funny, has a great voice, and represents twice, and even kpop, to me",40,1734548081,TWICE_Strategy
m2p7rj1,twice,"Jihyo. Jihyo is a literal goddess and she's extremely talented, all rounded. She's the best candidate for a leader and she is a very good leader",42,1734548154,TWICE_Strategy
m2p7te5,twice,Jihyo since saw her cover Meghan Trainor during Sixteen.....Sana a very close second....rest I adore equally!,12,1734548170,TWICE_Strategy
m2p8c55,twice,"omggg welcome!!! I'm so glad you're having a great time, and I think having so much content is actually gonna be amazing for you because you can find something new every single day! you don't have to ""catch up'', you're still a once and please no pressure just have a fun time!! I'm so happy for you, enjoy twiceland!


have you watched all their mvs? it's an amazing start! you will find sooo much good underrated music just on singles alone since there's so much, and the solos and subunits and Japanese group releases! you can find good playlists on youtube with all their mvs

do you have any favorite songs/mvs? do you have an idea for who could be your bias?",1,1734548332,TWICE_Strategy
m2p8g0q,twice,"![gif](giphy|H21htdPa1h99C|downsized)

Mina, she has this quiet charm when she's on screen and I'm just drawn to her. She's quiet but intelligent and very very cute. I love the tone of her voice and she is the bridge queen of twice songs. Also she loves to game just like me.

She also is Sharon lol. Her duality of being super quiet introverted member to Sharon is also very amusing to watch.",114,1734548366,TWICE_Strategy
m2p8wl8,twice,Jihyo. Her stage presence is so amazing to me! She’s so talented and beautiful. I love her big eyes and bright smile. She just always seems to be having the time of her life and I appreciate that. She’s just a cutie!,5,1734548510,TWICE_Strategy
m2p971f,twice,"my princess chae 🫶🏻💋  fancy girl stole my attention and I've been hooked for going on 6-7 years now! she's so cute, pretty, fun, cool, adorable and I'm obsessed with her dynamic with the other members AND HER VOICE?? ITS SO PLEASANT..like she sounds sooo good and her voice is so soft girl can sing and rap like? she's just everything to me! my top 3, namichaeng have a beautiful dynamic I love this trio! and they all have the ""pleasant soft nice voice'' thing in common which is perfect. nayeon maybe less so but still

![gif](giphy|cPGqFwEBSsOzHAoFo0|downsized)",84,1734548602,TWICE_Strategy
m2pardl,twice,"The Windows error sound when Jeongyeon's brain.exe stopped working at 0:34 and at 0:51 looking like she's about to give Jihyo a body slam. Also I can totally picture her going to Tzuyu's room, waking her up by singing and dancing to Run Away. 😭",1,1734549095,TWICE_Strategy
m2pb3gs,twice,Jihyo supremacy,19,1734549200,TWICE_Strategy
m2pb6x7,twice,"Happy to see Jeongyeon and Dahyun mentioned so many times here as they're both my bias. Don't make me choose. Jihyo and Tzuyu have both come close to bias wrecking, but my love for Jy and Dubu remains strong.",5,1734549229,TWICE_Strategy
m2pc4xd,twice,"Nayeon,  Tzuyu and Mina",7,1734549526,TWICE_Strategy
m2pcgqm,twice,"Jeongyeon cause she's hilarious and silly and I'm always into the sillier members.

Jihyo is also my favorite but she's really one of the bestest performers out there.",5,1734549630,TWICE_Strategy
m2pcz56,twice,"I discovered Twice around Eyes Wide Open era, and my bias has changed a few times, starting with Tzuyu and followed by Mina, Chaeyoung, Mina again, and then currently Nayeon. Through the different comebacks and content like Time To Twice (including catching up on past content and watching Sixteen for example), I just found myself paying more attention to a particular member for one reason or another without thinking too much about it.

If I had to think about it, it would be impossible to pick, because they're all so lovely and amazing. I'd say you don't need to decide consciously; just enjoy their music and content, and your bias will eventually reveal herself to you.",0,1734549791,TWICE_Strategy
m2pdgm2,twice,"dahyun, she's so gorgeous to me and i remember seeing her feel special teaser and being like ""omg who is this, she looks so interesting"" but before that i started listening to a few twice songs by recommendation. one of them was hot and one line caught my attention, i thought ""this girl's voice is so compelling i'm obsessed"" and it was dahyun's prechorus. safe to say i was set for life after that.",2,1734549943,TWICE_Strategy
m2pdr9i,twice,"Jeongyeon. She was the first member I noticed bc she was on a YouTube channel where she was revisiting Twice’s discography with a high schooler. Never really listened to kpop at all prior to that. She didn’t seem to have a high opinion of herself which I thought was really surprising for someone in the spotlight and also for someone that gorgeous. She felt very authentic in both her words and demeanor. I was really drawn to that and decided to check out Twice. 


Fast forward a few years and catching up on most of the content I’m still a die hard Jeongyeon stan! Learning about her mental and physical health struggles that led to her hiatus and hearing how she talks about those times and herself now was very inspiring. She’s someone who constantly makes herself small so others can shine and while I adore this about her I do think it’s a double edged sword. 

Her selflessness bleeds into many other aspects  which is especially apparent in all the volunteer work she does for animal shelters and her donations to them. It seemed like the members (especially pre-debut) felt very comfortable with Jeongyeon and relied on her a lot. I forgot where I read this but she did have the second most votes for the leader role. 

Idk I guess in an industry that is so deeply curated and manufactured it’s just refreshing to see an idol be unapologetically herself for better or for worse. I actually never really understood why they were called “idols” in the first place but if there is a person in kpop that fits the definition it really is Yoo Jeongyeon.",13,1734550037,TWICE_Strategy
m2pe4mj,twice,Sana is my main Twice bias and ult kpop bias. I love how bubbly and caring she is with everyone. She’s super sweet and always makes me smile,1,1734550155,TWICE_Strategy
m2pesjb,twice,Megan! Kidding but a tie between either jihyo or Chaeyoung. They immediately caught my eye,6,1734550363,TWICE_Strategy
m2pf1gh,twice,Nayeon. The prettiest for me.,4,1734550443,TWICE_Strategy
m2pfgpb,twice,"No I think most people dont understand how the chart works its not about how many songs there are its about how many points a song gets its calculated from streams + sales + radio plays

This week the points required to chart on the hot 100 was 45 points Twice was on number 3 on bubbling under so we can guess they had around 40 to 42 points

And we can see if we look at the charts from the rest of the year for the most time you need at least 40 points to chart at number 100 and the highest position this year you could have gotten with 42 points was around 82 during a week with not a lot of activity 

  
for a top 50 entry songs often require between 80 to 100 points to enter depending on the week",1,1734550574,TWICE_Strategy
m2pg75z,twice,"For those of us anticipating that oft-rumored/teased Twice x Sabrina collab [which may or may not be in the works but hopefully will happen in '25], here's Haewon covering 'Please Please Please' to hold us over:


https://www.youtube.com/watch?v=Wdjp4WNp2Y8",7,1734550804,TWICE_Strategy
m2phfen,twice,"I'm NaMoChaeng (nayeon, momo and chae) biased. It was originally just Nayeon but then the Hello subunit came out during Scientist era and I fell in love with Momo and Chae😭",2,1734551198,TWICE_Strategy
m2phhww,twice,"![gif](giphy|KbYQ22fLDMY55dl9FP)

This scene made me a Chaeyoung bias! She is so damn cute",25,1734551219,TWICE_Strategy
m2phjcn,twice,"Hi, I got a signed Chae, looking for Nayeon! I can DM you if you’re int to trade :)",2,1734551232,TWICE_Strategy
m2phm6j,twice,"Jeongyeon. The Twice song says it all. Once you fall in love with Jeongyeon there’s no going back!

She’s actually like my ult bias. I really just have 9 biases lol",4,1734551257,TWICE_Strategy
m2pi4xl,twice,"Tzuyu. It was Chae for the longest time, but I've slowly started leaning towards Tzuyu lately. The fact that her confidence is growing day by day is quite attractive to me. That, and her visuals are ridiculous 😆 

I still love Chae and the rest of these fine young ladies, but Tzuyu takes the prize for me.",2,1734551421,TWICE_Strategy
m2pik5q,twice,"![gif](giphy|3ofT5RoHDvCnTQM4Cs)

JIHYO!!! Her huge gorgeous smile, big eyes and VOICE!!! I can’t get over how talented and beautiful she is. Jihyo Supremacy forever🔥",1,1734551554,TWICE_Strategy
m2pj1zd,twice,Jihyo sana momo nayeon Mina,2,1734551710,TWICE_Strategy
m2pjg97,twice,"Thank you for submitting, /u/The_Rat_Mom! Unfortunately, your submission has been removed for the following reason(s):

---

Rule 2: Your submission has been removed because it does not follow our [Current Content Guidelines](https://www.reddit.com/r/twice/wiki/communityguidelines#wiki_vii._current_content).



---

If you have any questions about this post removal or [regarding the ruleset](https://www.reddit.com/r/twice/wiki/communityguidelines) of /r/twice, please refer to the sidebar or [send a modmail](/message/compose?to=%2Fr%2Ftwice).",1,1734551834,TWICE_Strategy
m2pk380,twice,"Tzuyu, she’s adorable, she’s beautiful, she’s well spoken. I love her voice and love seeing her come out of her shell especially after her solo. Plus she has the most mesmerizing gaze

![gif](giphy|JSm18BuTgpKJoyRbDR)",6,1734552033,TWICE_Strategy
m2pkeu3,twice,"Jeongyeon and Jihyo! I absolutely love their tone and the way they carry themselves. I admire Jihyo’s athleticism and work ethic; it’s honestly motivating lol. I also respect the fact that Jeongyeon came from such a difficult point in her carrier not too long ago, but is still unapologetically herself.",1,1734552134,TWICE_Strategy
m2pkm41,twice,Twice is mine,8,1734552197,TWICE_Strategy
m2pkm4n,twice,"Jihyo. Her voice is amazing, her dancing never disappoints and it’s great to see her get all fired up especially during Time to Twice.",2,1734552197,TWICE_Strategy
m2pm4tw,twice,All of them💕. But Tzuyu recently been glowing with confidence. she's so mesmerizing,2,1734552674,TWICE_Strategy
m2pm6hg,twice,"There is a Time to Twice episode, where she made the others buy drinks for the staff instead of doing something in her own favour. This aspect of selflessness impressed me deeply. I think she has the best solo „Run Away“ is such a banger!",16,1734552689,TWICE_Strategy
m2pn8ro,twice,"Jihyo! 

She’s always been my bias, but when I went to their concert last year my jaw was on the floor with how much stage presence she has. She had me locked in the whole show!",10,1734553021,TWICE_Strategy
m2pngvq,twice,"Same. I was in recovery for the first of multiple spinal surgeries when my husband and I discovered Twice. And interestingly enough, this was during Jeongyeon’s hiatus. Watching her come back to work and performing was inspiring to my own recovery. Living with the aftermath of such health issues, I think of her often, and continue to admire her resilience, dedication, and beautiful personality.",8,1734553090,TWICE_Strategy
m2pormy,twice,"When I was more of a casual listener it was definitely nayeon! It’s impossible not to fall for her charms and her immense talent.

However, once I crossed fully into once territory jihyo put me in a chokehold and hasn’t let go since. She’s so talented and full of so much passion, she gives her all to everything she does and I just admire her so much! 

But truly all the members are so wonderful and full of light. They all deserve so much love and support!",1,1734553495,TWICE_Strategy
m2pp7cy,twice,"nayeon really is the kpoppiest kpop idol to ever idol! when jyp said she was born to be an idol, truer words have never been spoken",27,1734553632,TWICE_Strategy
m2ppo25,twice,"Tzuyu. I'm gonna be completely honest, it's because she's gorgeous. She's the main reason why I got into twice, and Kpop as a whole.",6,1734553776,TWICE_Strategy
m2ppwi6,twice,It was nayeon and momo then went nayeon and Mina. And just because. I’m an introvert so,10,1734553849,TWICE_Strategy
m2pqi54,twice,"Nayeon. She's bright, bubbly, amazing vocalist and centre .
She always catches my eye in performances .",40,1734554036,TWICE_Strategy
m2psaa5,twice,Jihyo since Zone was a present gift from my friends and got me into k-pop. She's amazing.,4,1734554578,TWICE_Strategy
m2psnvo,twice,"Realizing how spoiled I am as a Once, immediately started looking for Time to Twice trailers now that the promotion period ended lol \~

Of course our girls deserve to rest, and they'll undoubtedly be giving us content in one way or another. 

Very grateful to all the ways this fandom gets fed \~",7,1734554692,TWICE_Strategy
m2psooc,twice,"![gif](giphy|3ofT5E4Pdp1fYw4RLG)

jihyo and nayeon <3 i love their stage presence and voices; they’re excellent performers!! they both have strong/bold personalities which just adds so much charm.",2,1734554698,TWICE_Strategy
m2pt26t,twice,"Jihyo but also Dahyun!  Jihyo's because of her leadership of Twice, her tenacity, her dance and singing skills and she's also body goals.  Dahyun because of her attitude, her heart towards her fans and that amazing, one in a million smile!",9,1734554810,TWICE_Strategy
m2pu7je,twice,"Nayeon!! For the win!!

![gif](giphy|gg87WUi8Vi8rlOSWFd)",5,1734555152,TWICE_Strategy
m2pvdt5,twice,"Momo main and Jihyo for bias wrecker. Momo is the best female dancer in K-Pop so of course she would be my bias, and Jihyo is just as good as her in dancing in my opinion. I think they’re both so talented, especially Jihyo as more of an all rounder. Besides all that of course, I feel like they both are similar to myself, specifically Momo.",2,1734555503,TWICE_Strategy
m2pvhii,twice,"Same here. She was actually the whole reason I started listening to Twice. From there, when I started watching TTT and other various content, it just grew. I find her hilarious and absolutely adorable, not to mention she’s an incredibly talented entertainer.",14,1734555534,TWICE_Strategy
m2pzcu6,twice,Same!! Jihyo and Jeongyeon are mine too 🩷 They both seem like incredibly sweet and down to earth women. Jihyo’s talent is out of this world and Jeongyeon’s determination and perseverance is so inspiring.,9,1734556705,TWICE_Strategy
m2q21sy,twice,">Twice reached a major milestone with their 2024 EP With You-th, which became their first No. 1 release on the Billboard 200 chart. (It’s also only the third-ever release by a K-pop girl group to top the chart, after Blackpink’s Born Pink in 2022 and NewJeans’ Get Up in 2023. Decent company!) The project is led by “I Got You,” a high-tempo synth-pop number that’s a homage to the group’s friendship and dedication to each other.",15,1734557544,TWICE_Strategy
m2q3trd,twice,Started out as Tzuyu. Now it's Sana and Tzuyu,2,1734558098,TWICE_Strategy
m2q3x2h,twice,"nayeon, but it's definitely changed before. mina was the first member whose voice stood out to me, and my bias was chaeyoung for a while. now, my top 3 are nayeon, jihyo, and dahyun but the rest of the members are always amazing me!",2,1734558126,TWICE_Strategy
m2q4n0f,twice,Wait it's all TWICE? Always has been 🌎👨‍🚀🔫👨‍🚀,7,1734558349,TWICE_Strategy
m2q4ru9,twice,Nayeon do i even have to explain?,2,1734558392,TWICE_Strategy
m2q65uj,twice,"First saw Twice on an episode of knowing bros and Dahyun caught my eye right away. Only became a fan of Twice a year or so later but she has been my bias ever since. Her funny moments got me going through covid times. So even though I love all the girls, there is indeed a special place in my heart for Dahyun.",1,1734558828,TWICE_Strategy
m2q68bg,twice,"The strawberry queen herself!!! Queen Chaeyoung…. Because we have the same birthday but also looking at her from where she started as an idol til now she has grown sooo much. Vocals, rapping, and visuals have improved majorly.",4,1734558850,TWICE_Strategy
m2q9gg3,twice,"Tzuyu for a silly reason. When I was trying to learn how to pronounce her name one of the suggestions I saw was  it was similar to Chewy from star wars. So me being a star wars fan was just like cool that my bias, also Yoda.",2,1734559885,TWICE_Strategy
m2qa08q,twice,"The others have it pretty well covered on responsible tattooing so I won’t add to that lol, just be mindful of yourself and make sure you’re ready for the investment both monetarily and timewise. Never get a cheap tattoo if you don’t mind paying for a laser or coverup in the future.

What might help is finding your local artists and seeing what they’ve done in the past first while also keeping a few images in your head of different ideas. There’s also a fair amount of traveling artists that are used to doing kpop inspired tattoos, I’d recommend instagram as a great way to locate these artists. 

Imagery - depends on how recognizable you want this to be to a fan vs a random person, if you get something in a visible area be prepared to explain it a million times. I’ve seen a bunch where they do lightsticks, hearts in twice colors, laburi in twice colors or portraits of the members. One of my favorites was the hand formation that was taken from the (iirc) Cry for Me choreo. You could do maybe choreo formations from her solos or get writing from her lyrics, bunny related stuff etc. 

Do not get a realistic portrait tattoo unless you vet the artist thoroughly and are ready to pay a lot of money! Portraits are hard af and they age fast.",3,1734560069,TWICE_Strategy
m2qce5v,twice,"Mina! I’m drawn to the introverted types as I find them very relatable. I appreciate her elegance in dance and I love the timbre of her voice as well, she has that sultry and mysterious vibe. Also not gonna lie I just find her so beautiful beyond words that it compelled me to collect, I have an absolutely ginormous Mina pc collection because she’s just such a picturesque beauty.

My bias wreckers are Chaeyoung, because I myself am the short, artsy, tattooed type, and Sana, because her energy is infectiously sweet and she is drop dead gorgeous as well.",3,1734560852,TWICE_Strategy
m2qdsc4,twice,"Been a once since 2018. My bias is Nayeon and obviously her vocals are amazing and which drew me first for her and then after that its just a gorgeous smile, great addictive laugh, her silly antics. Everything is just great about her. and then also she is so crazy gorgeous.",2,1734561320,TWICE_Strategy
m2qen72,twice,Chaeyoung. Short.,2,1734561609,TWICE_Strategy
m2qex56,twice,"For a group like Twice, I have different favorites for different reasons.  In terms of visual, vocals, and overall presence, I like Jihyo.  In terms of a member I can identify with, it would be Dahyun.",1,1734561702,TWICE_Strategy
m2qgxrw,twice,Devil Nayeon from TT MV,2,1734562390,TWICE_Strategy
m2qhe4y,twice,Jihyo because she is god.,1,1734562547,TWICE_Strategy
m2qio56,twice,https://www.soompi.com/article/1710577wpp/twice-becomes-1st-k-pop-girl-group-to-chart-6-albums-in-top-10-of-billboard-200-as-strategy-debuts-at-no,2,1734562992,TWICE_Strategy
m2qir00,twice,"Jihyo, talent, leadership, beauty,  inspiration",1,1734563019,TWICE_Strategy
m2qjqos,twice,"Nayeon because she laughs at everything and is suited for any concept Twice does. I also love watching her perform, since you can tell she loves it so much.",3,1734563371,TWICE_Strategy
m2qksp4,twice,Jihyo caught my eye during Knock Knock era from her lines in the chorus. It was playing on our classroom TV back then and her visuals were also great. Still adore her and her talent!,1,1734563748,TWICE_Strategy
m2qlc9q,twice,"The one near my job only had Mina, Tzuyu, and Jeongyeon.  I like the concept that digipacks are a cheaper alternative, but you're not guaranteed to get the member on the package, and it's just one card instead of the usual four or five (or six if you get a store exclusive).",2,1734563945,TWICE_Strategy
m2qlz61,twice,"Ah cool, you're the ""Should I stan TWICE?"" guy from a few weeks ago! :)

To answer your question, my bias is Jeongyeon. As is usually the case with biases, as they say: ""You don't choose a bias, the bias choose you!"" and by that I mean that when I started watching TWICE videos, she's the one who always managed to caught my eyes. And when I was able to distinguish their voices a bit more in their songs, I came to really appreciate her voice tone and all that she uniquely brings to their songs.

More specifically, I became a ONCE in the summer of 2021. At that moment, she was just coming back from an almost year-long health-related hiatus. I didn't know anything about it, but reading the comments of their song's ""Alcohol-Free"" performance video, everyone was happy she was back! I had never listened to TWICE (or even any kpop songs or content) then, but I remembered Jeongyeon and her group from an older ""Teens React To Kpop"" episode many years earlier. She had already caught my eyes then, I then remembered!

So anyway, her return made me curious about when she left for her hiatus and the reasons why and that's when I got to watch the music video for ""I Can't Stop Me"" (since she started her hiatus during its promotion period). And Wow, that song was AMAZING. A quick jump back in time watching another of their top music videos (""LIKEY""), and Wow, Jeongyeon was STUNNING in it!

I started binge-watching every music videos and variety shows and performances from them that I could find and I never looked back :) Oh, but please be aware that the temptation of buying their albums will become present very soon; so know that it can be an expensive hobby if you let it (more so since they have so many albums, if you want to collect them all).

Anyway, have a great day, new ONCE!! :)",8,1734564173,TWICE_Strategy
m2qm914,twice,Jihyo is my bias! I don’t even have the words to explain just how amazing I think she is,1,1734564273,TWICE_Strategy
m2qmd8u,twice,"Jeongyeon has been my bias since I started listening to Twice way back in 2018...I came across the Yes or Yes music video...

I love her voice, her personality, and she's the prettiest out of the Twice members...at least to me....she's also SUPER underrated...

My *bias wrecker* on the other hand has always been Sana...but that's another story...

![gif](giphy|Q4xW2XOdcjO73ij6Cm)",1,1734564315,TWICE_Strategy
m2qmox8,twice,"![gif](giphy|lmuX8VzZqm2Ostyh7b)

Jeongyeon has been my bias since I started listening to Twice way back in 2018 after I came across the Dance the Night Away music video...

I love her voice, her personality, and she's the prettiest out of the Twice members...at least to me....she's also SUPER underrated...come on JYPE...would it kill you to give her an extra 10 seconds?

My *bias wrecker* on the other hand has always been Sana...but that's another story...",8,1734564432,TWICE_Strategy
m2qneds,twice,Nayeon. She caught my attention immediately and made me fall in love with Twice and K-pop,4,1734564689,TWICE_Strategy
m2qozol,twice,"The one who caught my attention and got me interested in twice was Momo. The one who I grew to love and keep me interested was Dahyun. Lately I’ve been keen on Sanas or even Nayeons evolution. 

Long story short my bias is all of them.",5,1734565273,TWICE_Strategy
m2qp3r0,twice,"Dahyun was my first in TT era, then Momo from Likey to Fancy, then Chaeyoung and Jihyo since Fancy on. Jihyo my ult fr though",1,1734565313,TWICE_Strategy
m2qrowm,twice,"I'm actually excited for a Tzuyu comeback lol. She was still finding her footing during her debut stages, but she came out of it as such a better performer. It makes me excited to see what she'll bring to the table for a comeback.",7,1734566256,TWICE_Strategy
m2qs0f0,twice,"Was the show ""Teens REACT to K-Pop"", by any chance? I just wrote my own reply in this thread, and I also mentioned that video as the first time I saw TWICE! :) And it lead me as having Jeongyeon as my bias as well. What a coincidence!",1,1734566373,TWICE_Strategy
m2qsg1t,twice,"Welcome, no other K-pop group spoils their fans as much as Twice does. Once (ha!) you become a fan, there's no exit. 

In my case, I used to switch around biases a lot. However, seeing them live, Nayeon just floored me! Cameras really don't do her justice. When seeing her in person, she just radiated - like the definition of ""born to be a K-pop superstar!"" Not only was she extremely pretty, she exuded positive vibes, had the most stable voice (with Jeongyeon), and (with Dahyun) went out of her way to connect with the crowd. It was just impossible for me to take my eyes off of her.

After that, I became more curious about Nayeon. The more I learned about her, the more I got sucked in. She was so different from how she was marketed to me (pink, poppy, princess). Her personality is incredibly diverse - fun, goofy/crazy/weird/chaotic (in a good way). She's extremely perceptive and smart (evident in her KODE Youtube show). Within the group, her voice stands out as bright and powerful, like in the recent covers (Domino, Comet). Her albums are some of my favourite (K-pop) albums of all time due to her versatile voice and how she pulls off different genres and languages so naturally. The multiverse concept for ABCD fits her so well because she can authentically pull off cute, sexy, nerdy, powerful etc. She can make dance moves look effortless and fun. The members have said that she often speaks up for them to voice their demands to the company but can also be really chaotic and cute as if she were the youngest. Nayeon's quite close with several members and there are countless instances of people praising her humbleness and kindness.

Basically, she's making sure that it's impossible for me to stan any other idol apart from her ever again.",3,1734566533,TWICE_Strategy
m2qt8xl,twice,Jihyo💕💕💕,1,1734566829,TWICE_Strategy
m2qude9,twice,"Momo! The struggles and elimination in Sixteen, then being brought back by JYP. Constant criticism (she's only a dancer, she can't sing, her raps are lame, etc) and the way she shines through it all. I love her story and placement in 9wice 🤩

Tzuyu sub bias because she's amazing! 😎",1,1734567239,TWICE_Strategy
m2qvr31,twice,not sure what the generation fanclub is so i can’t comment on that but the twice official fanclub gives access to tickets in Korean concerts and events and also to the group bubble( never used). a 5th gen will probably happen but I imagine it will be a bit until that starts up,1,1734567737,TWICE_Strategy
m2qw17r,twice,I got two Tzuyu’s…was hoping for two different members.,1,1734567839,TWICE_Strategy
m2qxix0,twice,"[First episode of Yes or No](https://youtu.be/pDr0dt2E0bI?si=XLCWgfe8W6pYxSPj&t=585) Her little smile when she reveals her question to the members is so adorable. 💙

Moments like that are why Tzuyu will always be my bias. She is just so thoughtful, kind, caring, and humble. It's plain to see that she is an absolute sweetheart irl. The members and the staff adore and baby her. Seeing the staff dress her as a princess after her last music show was so cute. 🥰",9,1734568382,TWICE_Strategy
m2qygur,twice,"Nayeon because I like em a little crazy. And she laughs at everything, which I can relate to.",2,1734568728,TWICE_Strategy
m2qzit5,twice,I discovered Pop! Performance By Nayeon on my fyp and my whole life changed.,2,1734569115,TWICE_Strategy
m2r0ho5,twice,"Nayeon 🩵🐰

I love how silly and weird she is, but she’s also an intelligent contributor to the group. She’s a caring unnie to the girls and never seems to take life too seriously.",2,1734569471,TWICE_Strategy
m2r0k1l,twice,"Tzuyu will always be my bias. The other members are great, but I just absolutely adore Tzuyu's personality. She seems like an absolute sweetheart, so kind, caring, and humble. She might not be the best at anything in TWICE, but she always gives it her all and pushes herself to try new things. I'm sure doing solo promotions was very difficult for her, but she is a much better person now because of it. She seems significantly more confident in herself and talkative now.

Seeing someone who used to be quite quiet coming out of her shell and pushing herself so hard is very motivational. She even managed to get a master's degree while being insanely busy as an idol. She makes me want to be a more kind, caring, hardworking person.

I love how funny and savage she is, too. Plus, she is the most beautiful human being I've ever seen. Her dark eyes and cute smile are so gorgeous and charming.

![gif](giphy|iRr7MSPbYrtbbKg9Lj)",1,1734569495,TWICE_Strategy
m2r0p7q,twice,"Tzuyu will always be my bias. The other members are great, but I just absolutely adore Tzuyu's personality. She seems like an absolute sweetheart, so kind, caring, and humble. She might not be the best at anything in TWICE, but she always gives it her all and pushes herself to try new things. I'm sure doing solo promotions was very difficult for her, but she is a much better person now because of it. She seems significantly more confident in herself and talkative now.

Seeing someone who used to be quite quiet coming out of her shell and pushing herself so hard is very motivational. She even managed to get a master's degree while being insanely busy as an idol. She makes me want to be a more kind, caring, hardworking person.

I love how funny and savage she is, too. Plus, she is the most beautiful human being I've ever seen. Her dark eyes and cute smile are so gorgeous and charming.

![gif](giphy|iRr7MSPbYrtbbKg9Lj)",2,1734569547,TWICE_Strategy
m2r2w23,twice,Jihyo photo card and poster! Awesome! :D,3,1734570359,TWICE_Strategy
m2r31t7,twice,It changes every few months lol. Right now it’s Jihyo,1,1734570418,TWICE_Strategy
m2r3l7g,twice,Nayeon cuz shes hot and talented asf,1,1734570620,TWICE_Strategy
m2r4d16,twice,How do you get presale for Twice tickets in America. Do you have to be a member of the fan club? Looking to get good seats for retail so I don’t have to drop over $2k,1,1734570906,TWICE_Strategy
m2r5try,twice,Chaeyoungie!! She's cute,2,1734571440,TWICE_Strategy
m2r6p08,twice,Twice has two official fanclubs. Once 4th generation is for events in South Korea and Once Japan is for events in Japan. Not sure what you mean by JYP generation fanclub.,3,1734571756,TWICE_Strategy
m2rai9a,twice,Tzuyu's fit is outstanding 🔥,1,1734573151,TWICE_Strategy
m2raq9l,twice,"Nayeon, it started when ‘What is love?’ became a meme during 2020 and I was like “who sang this?” so I went to the comments and found it, I immediately went to youtube and watched the MV, Nayeon’s the one who caught my eye, I even thought she’s one of the youngest if not the youngest (fake maknae showing her power), and that’s when it began and up until now it’s still her. We love our 🐰.",2,1734573233,TWICE_Strategy
m2re1d1,twice,Nayeon from The Shining lol,1,1734574467,TWICE_Strategy
m2red0x,twice,"Dahyun/Tzuyu have been swapping places as bias and bias wrecker because of their humour, smile, and overall comforting vibe they give. Also being incredibly gorgeous lmao, they both pulled me in after watching my first kpop M/V lol",1,1734574589,TWICE_Strategy
m2rejr7,twice,Momo's a pretty bad dancer ngl and Jihyo can't sing ![img](emote|t5_3812p|4083),1,1734574660,TWICE_Strategy
m2reqvt,twice,Been a fan since they debut and Tzuyu has been my fave for the longest but Nayeon piqued my interest a few years ago,1,1734574735,TWICE_Strategy
m2riuoa,twice,"![gif](giphy|cTitPcTM6KLeKFlSzm)

Someone introduced me to Twice during the Alcohol Free era and Momo's first scene caught my attention right away. However, learning about their personality and appreciating each one of them, it's really hard to have a bias.

Nowadays, MiSaMo hits different tho. Lol. JLine supremacy",11,1734576293,TWICE_Strategy
m2rn9j2,twice,I was thinking about how incredibly unique Chaeyoung is as an idol. She looks more like an indie artist than an idol and I love that she is able to express herself through her tattoos and now her tooth gems. And even with all of that she doesn't lose her charm and cuteness.,15,1734578018,TWICE_Strategy
m2rp18s,twice,"I'd love to talk to Tzuyu about her studies, how she handles learning languages, and gaming with Mina :) hehe",33,1734578732,TWICE_Strategy
m2rpard,twice,Nice! My autograph was Tzuyu :),1,1734578839,TWICE_Strategy
m2rqhcc,twice,I got 2 Nayeons and a Jeongyeon haha,2,1734579325,TWICE_Strategy
m2rs0ce,twice,chaeyoung bc she's the gayest,2,1734579964,TWICE_Strategy
m2rsjy0,twice,"This seems oddly specific but I think I'd ask any of them how the part distribution is decided. It's something that seems so interesting to me based on the snippets we get to see. Originally Fancy's line distribution was completely different, in strategy 1.0 version we hear members singing parts that they don't in the original version, Nayeon revealed that she initially sang the ""it's our golden days"" part in one spark and that she convinced the producer to give Jeongyeon a chorus.

Stuff like this makes me think about how many versions their songs go through. Maybe there's a whole vault with lines members recorded but didn't end up in the song. (Maybe there's a whole collection of Jeongyeon choruses 🫣🫣🫣)",40,1734580195,TWICE_Strategy
m2ruh9c,twice,TELL ME WHY NAYEON SIGNED THE BACK OF MY POSTCARD?!,3,1734581023,TWICE_Strategy
m2ruifj,twice,Jeongyeon is my ultimate bias. 💚 The moment I saw her I know she's the one. Tzuyu and Dubu are my bias wreckers.,1,1734581037,TWICE_Strategy
m2ruopb,twice,"my signed postcards were Nayeon, Jihyo & Tzuyu. Wait I just realize it's our 3 soloist. 

I especially wanted Nayeon's so i'm happy.",4,1734581113,TWICE_Strategy
m2rwgig,twice,I need coffee therapy sessions with Tzuyu.,8,1734581899,TWICE_Strategy
m2rxemp,twice,I’d challenge Jeongyeon and Tzuyu’s closeness since they both volunteered at a pet shelter together,7,1734582327,TWICE_Strategy
m2ry9mw,twice,You can feel the awkwardness with Momo and Jihyo sometimes. But yeah they are still friends tho so no worries about it.,3,1734582715,TWICE_Strategy
m2ryovc,twice,"Nah hard disagree 

Most of the TWICE members are close af considering most of their parents know the other members and even other member's family

The only member who I think is distant in a sense is DAHYUN because we have never seen her be interactive as much off the camera like on the camera plus most ONCES don't really know about her family and it looks like she wants to be in solitude most of the time outside of work that they do",8,1734582909,TWICE_Strategy
m2rzob5,twice,Jihyo because she is God,1,1734583362,TWICE_Strategy
m2rzwrz,twice,"Oh yeah, I didn’t want it to come off as they are not close. They are. There are some members’ parents that even live in the same complex. 

What I mean is, if we look at Nayeon & Momo vs, idk, Jeongyeon and Dahyun, there’s a difference in the sense of public displays of “friendship” or interactions, on and off camera. 

And that was I was looking at. Even if they perform on camera (even of fansigns and more casual events), they cannot perform forever and 100% of the time. Nayeon and Momo seem like deeply connected in a way that’s ON YOUR FACE. Like, they were recently seen out for dinner together. That’s not stages. You know what I mean?

On your point of Dahyun, that’s really strange to think considering she’s the face of the group. I mean, she was given a bright and extra personality. But some ONCEs have been noticing she’s been “quieter” than usual. Some are saying she’s finally being “herself”.",1,1734583471,TWICE_Strategy
m2s07mv,twice,"Jeongyeon, Jihyo, Tzuyu and their families have also traveled together.",4,1734583614,TWICE_Strategy
m2s0m36,twice,"Dahyun feels like she wants to have her privacy and that's why I think she's like that 

Also regardless the list has Jeongyeon & Tzuyu, Mina & Chaeyoung etc who have gone out several times together lol outside of their TWICE life 

Yes you can debate about some members closeness but mostly they are all close
Or else they wouldn't re-sign the contract per say together",3,1734583802,TWICE_Strategy
m2s0u70,twice,Nayeon cause she is the hottest and the prettiest and the cuttest and had the best & unique smile,1,1734583909,TWICE_Strategy
m2s11jq,twice,"I’m a Chaeyoung ult and I would argue on MiChaeng’s closeness. They are awkward with fan service (because well they are not very touchy members anyways) and I just think Mina doesn’t share Chaeyoung’s interests AT ALL. Yeah they got matching necklaces which is making me rethink the tier I put them in, but it’s probably because ONCEs try to push them so much. They’re definitely good friends.",-1,1734584005,TWICE_Strategy
m2s1gg3,twice,"Dahyun and Tzuyu seem very close. They spend a lot of time together off-camera.

Mina mentioned in an interview that she was with Chaeyoung the most in their free time during the tour.",5,1734584202,TWICE_Strategy
m2s1pkr,twice,omgggg her and nayeon have the BEST and loudest laughs!!,7,1734584321,TWICE_Strategy
m2s1sjf,twice,"Then the “non-closeness” of MiChaeng is ON cam (I am biased and I dislike shippers) because of shippers. Good to know that Mina and Chaeyoung fact! 

Makes me remember we don’t really know these people. Probably Mina and Chaeyoung share more than meets the eye.",0,1734584359,TWICE_Strategy
m2s1sus,twice,"Jihyo: teach me how to be leader-nim.
Mina: *sits together in silence sipping coffee",5,1734584364,TWICE_Strategy
m2s2fgz,twice,So Nayeon would you say your position of fake maknae is a blessing or a curse?,9,1734584662,TWICE_Strategy
m2s3aw4,twice,"Jihyo, love her vocals, but picking a bias in any group is always tough lol",2,1734585087,TWICE_Strategy
m2s441p,twice,"In their 9th year and they are still setting records, Twice is amazing.",2,1734585492,TWICE_Strategy
m2s4xx3,twice,"Jihyo.

How long she trained and worked to get where she is. Understanding that to be a leader requires sacrifice not just skill. She is articulate in her gratitude and how she answers questions. She consistently does the work to prove and maintain her position as leader of one of the greatest groups in the industry worldwide.

Her voice may not be everyone’s cup of tea, but you KNOW it’s her voice when you hear it. When she dances, even though she said once that she isn’t much of a dancer, she is perfection and you can’t miss her presence on the stage.

She puts her heart and soul into it and it shows. That’s why I love her",1,1734585909,TWICE_Strategy
m2s5sf1,twice,"I would suggest Tzuyu that if she ever get into relationship in the future, make sure the guy is not too tall, I cant imagine their kids being giants",1,1734586329,TWICE_Strategy
m2s617z,twice,Tzuyu since the day I saw her in a knowing bros clip doing splits kind of. But when I finally listened their songs her voice became one of my favourite. My first mv was icsm and her shoulder move made her my ultimate bias somehow,1,1734586445,TWICE_Strategy
m2s6g6z,twice,[Source](https://x.com/jypetwice/status/1869612058649755937?s=46&t=O-e_ONnQgboX1zxfeCnhjg),9,1734586644,TWICE_Strategy
m2s6uvm,twice,"chaeyoung i resonate with her deeply 
Also she’s really weird. And pretty. 
I like her.",3,1734586856,TWICE_Strategy
m2s7uaw,twice,"Oh, I forgot! Here are the averages for those interested:

&nbsp;


| Group | Avg. Gross | Avg. Attendance |
|:-----:|:-----:|:----------:|
| TWICE |  $4.84M  |   44.000   |
| SEVENTEEN |  $4.10M  |   36.042   |
| ATEEZ |  $2.89M  |   14.769   |
| TXT |  $2.23M  |   17.423   |
| IU |  $2.07M  |   11.575   |
| ENHYPEN |  $1.75M  |   11.306   |
| (G)I-DLE |  $1.12M  |   7.750   |
| IVE |  $1.08M  |   9.290   |
| NCT Dream |  $975k  |   7.475   |
| iTZY  |  $750k  |   7.025   |",2,1734587373,TWICE_Strategy
m2s8g42,twice,"I'd probably talk to Jihyo, how she managed everything being a leader, how hard was it when they made their debut, behind the scene arguments that the members had, how much is JYP involved in their activities and their influence on TWICE's decisions, if they've ever talked about taking a hiatus, or if they wanted to do something on their own as a group after the contract ends, if it does.",7,1734587698,TWICE_Strategy
m2s9old,twice,"Thank you for submitting, /u/Winnfield08! Unfortunately, your submission has been removed for the following reason(s):

---

Rule 3: Your submission has been removed because it does not follow our [Title Guidelines](https://www.reddit.com/r/twice/wiki/communityguidelines#wiki_iv._title_guidelines).



---

If you have any questions about this post removal or [regarding the ruleset](https://www.reddit.com/r/twice/wiki/communityguidelines) of /r/twice, please refer to the sidebar or [send a modmail](/message/compose?to=%2Fr%2Ftwice).",1,1734588376,TWICE_Strategy
m2s9pli,twice,Queen Nayeon,8,1734588391,TWICE_Strategy
m2sbr06,twice,"I think Chaeyoung is pretty touchy. I've seen her hugging the members a lot. Mina maybe not so much.

About their interest I think they are both kinda arts-y, but overall I think that Mina relies on Chaeyoung a lot for comfort. I feel that for Mina just having Chaeyoung around calms her nerves. 

Maybe I'm delulu, but that's the impression they give me.",3,1734589553,TWICE_Strategy
m2se2j9,twice,"Jihyo, chae and jeonghyun",2,1734590910,TWICE_Strategy
m2sffwv,twice,"Thank you for submitting, /u/DependentGreedy6192! Unfortunately, your submission has been removed for the following reason(s):

---

Rule 7: Your submission has been removed because it falls under a disallowed content category.

Screenshots, memes, shitposts, personal rants, rumours, doodles, low effort edits/wallpapers are not permitted to be submitted as a self post in our main subreddit feed.

Memes should be submitted to r/twicememes.



---

If you have any questions about this post removal or [regarding the ruleset](https://www.reddit.com/r/twice/wiki/communityguidelines) of /r/twice, please refer to the sidebar or [send a modmail](/message/compose?to=%2Fr%2Ftwice).",1,1734591735,TWICE_Strategy
m2sgyne,twice,"Face value VIP Soundcheck for Ready To Be world tour was $479.50 USD before fees and taxes.

It came with early entry to the venue, attending soundcheck (mini-performance before the actual concert), and a lanyard and collectible. There were no meet & greet as simply put TWICE is too big, playing full size sports stadiums to be doing that while on tour.

The closest thing to a meet & greet anyone could do is applying for and winning a spot to attend a fansign in Korea as part of when they release an album and do promotions. At this stage of their careers and profiles, a meet and greet during a tour just doesn’t happen, unless you have some incredible hookups that can get you like a backstage meeting.

When I attended their tour last year, it was my very first K-pop concert, so to get a coveted VIP Soundcheck ticket and see my ult group, yeah that was a pretty sweet way to start my K-pop concert experience.",21,1734592691,TWICE_Strategy
m2sh7dz,twice,"8.) Kinda funny to realize that the “cherry” Nayeon keeps on giving to us as a spoiler for Strategy was actually referring to her dress.

Relating to this, Chaeyoung also has cherry jewels plastered on her two front teeth 🤔",2,1734592844,TWICE_Strategy
m2shwm1,twice,Dahyun started my Twice journey and will always be #1,1,1734593295,TWICE_Strategy
m2ske9q,twice,"I don't know if I can just pick one, but it usually would rotate between Dahyun, Nayeon, Sana and Tzuyu.",1,1734594901,TWICE_Strategy
m2sl5ka,twice,Momo for her immaculate dancing and Tzuyu for her personality #beautywithbrains,1,1734595394,TWICE_Strategy
m2smir7,twice,God Jihyo,1,1734596314,TWICE_Strategy
m2so3s6,twice,Nayeon idk why I just love her,1,1734597413,TWICE_Strategy
m2sov4c,twice,Twice shop!!,5,1734597932,TWICE_Strategy
m2sp4lk,twice,"Nayeonnie POP pv crossed the 100Million milestone...........




👏👏👏👏👏👏👏👏👏 


🎉🎉🎉🎉🎉🎉🎉🎉🎉 


❤️❤️ ❤️ ❤️❤️ ❤️ ❤️❤️",7,1734598111,TWICE_Strategy
m2spir0,twice,"Dahyun because when I met TWICE at a fan meet, she made me laugh and she also laughed at my joke (she asked me to tell her a joke, and I am not funny, so her laughing was a relief as I thought I embarrased myself)

I loved and still love every member. Before that fan meet I didn't have a bias, I just loved every member (I had been following them since debut) but that small interaction with Dahyun made her my bias.",1,1734598379,TWICE_Strategy
m2st9zd,twice,"Mina😁 I like her personality a lot she resembles mine. Personally, my fav thing is her vocal tone. She stood out to me ever since I've heard her voice yet couldn't figure out who it was haha 

Her duality is also the best among twice imo",1,1734600990,TWICE_Strategy
m2stc6t,twice,"Jihyo because she is GOD 

![gif](giphy|Wq9lSGfw4NTwIBErbo)",1,1734601034,TWICE_Strategy
m2su6ho,twice,"Can concur this was roughly the price we had for floor tickets (slightly under but I’d round up for 2025).

Alternatively you can chance it on resales like StubHub to see if anyone lets go of tickets last minute. I lucked out at SoFi for Twice and Dreamcatcher getting tix week of the show, but that’s far from a guarantee. I had bought single tickets both times so it was a little more flexible though. My friend sold his RTB tix at face value days before the show bc he had to let go of them last minute, but I’d say that’s a rare situation.",2,1734601622,TWICE_Strategy
m2swer3,twice,"Tzuyu!!!! She’s tall and smart, also silly sometimes. I love to watch her doing everything in just her way💗💗",1,1734603142,TWICE_Strategy
m2syvxi,twice,Nayeon cause she's simply amazing,1,1734604788,TWICE_Strategy
m2t01w8,twice,"I'm not a once, but if I had to chose Bias from Twice
It'd be Mina or Tzuyu. They're gorgeous.",1,1734605536,TWICE_Strategy
m2t06hn,twice,Tzuyu is waking her inner gheyness,3,1734605617,TWICE_Strategy
m2t2ln1,twice,"Jihyo may be my bias, but I'd talk to Mina. I wanna know what games she's playing at the moment.",2,1734607120,TWICE_Strategy
m2t45hz,twice,The way she just melted at IUs gaze will become a legendary Twice moment,1,1734608045,TWICE_Strategy
m2t6ivy,twice,"The closest I got was in Tokyo and that was more due to the Bus they use to tour around rather than the actual seat. That being said it was still a main floor seat. The ticket was about $500.

On US/NA the closest I got was Newark and that seat it was in the first real seat sections on the sides lvl 100 range and that cost me $700 because Ticketmaster is a rip off and they jack up the price like no tomorrow. Just to give you an idea I was like in the top 200 queue and the main floor artificial seats (well you are more standing there) was like $1500. 

In both cases I was lucky as the places were open not obstructed on visual or sound and close enough to get a whole stage view and enough to at least not require binoculars for facial identification.


The problem with big venues is that none of them are technologically advanced enough to give you a close 360 view of them like you wish they existed alas Macross Plus Sharon Apple Holo projection concerts. No complaints on their performances the money was worth it. 

JYPE artists like ITZY/Twice/SKZ  give you bucket load to enjoyment for the prices. They and old school SM groups like BoA, SHINee give you deserving performances. Other than them I wouldn't go beyond BTS, BigBang, GOT7, GIDLE and Mamamoo. Maybe Seventeen SNSD and Red Velvet (sadly never got to see any of the 3 in concerts but heard good reviews). But the rest, I would avoid like the plague as they are not worth the hype. 


So yeah, you are kinda happy that they sold out the big venue and you get to experience them with like 60k to 70k people but also sad that it's not close enough to be visually close enough in person. I really wish the tech was there to give us the experience also Macross Plus concerts, we are somewhat close Meta and Google are showing promises, but yeah no large venues have been close enough to give you the direct profile view of performance but also far enough to see all 9 in the same visual.

The best smaller venue but close enough view I got so far was ITZY at Toronto this year for CA$500 (inflated by Ticketmaster of course). 5000 seat place was great but I felt bad for the girls that it was only a 5000 seat place for their only Canadian location. I think the sweet spot would be areas like Bell Center or MSG with 10-15k seats (they can hold 20k+ but with concerts you kinda have to seal off a back section for the stage).",2,1734609369,TWICE_Strategy
m2t8ecl,twice,"Onces how do y’all do it? What jobs do you do and can I do them too? 

[Just saw this update on twitter](https://x.com/koreansales_twt/status/1869569481095405782?s=48). 2 million + for twice albums in a tough economic year globally. Wow!",10,1734610358,TWICE_Strategy
m2tazgs,twice,"The mundane parts of their life. Talking about that part of life usually reveals a lot about the person. I’m interested/curious on what the members are like just as themselves, not as Twice members.",2,1734611655,TWICE_Strategy
m2tb3yp,twice,"I would love to ask Nayeon about how she crafted her persona, just how deliberately she cultivated a particular image of herself, especially early on. She seems to have always been very clever and self-aware and had a clear idea of what aspects of her personality are appealing and played them up. I also always thought she was treading a balance between cute and sexy that seemed very carefully calibrated. I'd love to know how much thought went into that, whether that was something JYP encouraged or if it was all her.",11,1734611716,TWICE_Strategy
m2tdf6u,twice,"Where are you from OP? Because ticketmaster is definitely in LATAM lol

All of Mexico and Brazil tickets were sold through Ticketmaster, including Twice in 2019",1,1734612799,TWICE_Strategy
m2tjuxu,twice,Started with Dahyun n then Jihyo but Now Mina,1,1734615518,TWICE_Strategy
m2tov22,twice,"I managed to get VIP front row tickets to their show at MetLife, the tickets were around $500 a piece, and that's only because I miraculously got a good place in queue for buying tickets. The hotel cost around $200 for one night, plus add on some extra money since we got food delivered afterwards.

I will say, as grateful as I am to have front row, because we were far off one end of the stage, Twice didn't actually perform in front of us very often. During the encore they did wander all around, but the group dances took place mainly in the center, so if you intend on getting a ticket on the ground floor I recommend aiming for the center, even if it's not front row (unless you're short!!!)

Personally if I am able to attend this tour I'll be looking at tickets in the first level instead of ground floor, despite being front row last time I did watch most of the performances on the screens anyway, so that makes the most sense for me.

Let me know if you have any more questions!! I can try my best to answer them, but I've only ever been to the one concert at MetLife. ☺️",2,1734617468,TWICE_Strategy
m2trcbn,twice,This video appeared on my Youtube feed the other day and I'm pleased to see that the editor has done their research well with up-to-date info - [Backstories behind how JYP cast the members of TWICE where every single person is stunning](https://www.youtube.com/watch?v=VeyZJpJiWCY),10,1734618389,TWICE_Strategy
m2tshis,twice,"jihyo and her iconic blue outfit (and iconic fancy fancam) made me a twice stan

![gif](giphy|RlBQysKKcSEwvE5VsC|downsized)",1,1734618805,TWICE_Strategy
m2tw4il,twice,"Jihyo is #mine

It wasn’t exactly love at first sight but I’ve had multiple dreams about her that predicted TWICE activities in great detail. Anyway, I got the chance to meet her at the last in-person hi-touch event in Japan (for the Happy Happy single release) before they became too famous for that kind of thing the summer before COVID hit. 
I had a short speech prepared since being with her would only last about 5 seconds anyway but as soon as I stepped through the curtain, my mind went blank and the only words that could escape my lips were, “I love you.” 😅 Her face turned bright red and she looked away for a second and said thank you. We “hi-touched” and she blew kisses until I was out of sight completely ignoring the next guy that walked in after me. It’s totally delusional but I like to think I made Jihyo fall in love with me for at least a few seconds that day 🤣🤣🤣🤣🤣🤣",1,1734620102,TWICE_Strategy
m2tw5ef,twice,https://www.reddit.com/r/twice/s/yH432FhVxj,1,1734620111,TWICE_Strategy
m2tyr8t,twice,"There’s a group photocard, [you see it in the preview pic here](https://twiceshop.com/products/strategy-sugar-frost-vinyl-twice-store-exclusive).",1,1734621007,TWICE_Strategy
m2u6lry,twice,Tzuyu and sana coz no sana no life.,1,1734623583,TWICE_Strategy
m2u6zch,twice,Some [Signed Albums](https://twiceshop.com/products/strategy-step-3-ver-signed) (Step 3 Version) for the Strategy Album are still available on their site!,8,1734623705,TWICE_Strategy
m2u7g7c,twice,"Everyone is great, but jihyo stands out to me the most. Her everything, just so attractive.",1,1734623855,TWICE_Strategy
m2u7t82,twice,Chaeyoung. She's very interesting and i feel like you can talk about everything with her.,2,1734623970,TWICE_Strategy
m2udls5,twice,"my bias is chaeyoung! i always choose my bias on who i find myself drawn to most, in music videos, in vocals, in behind videos, in vlogs, etc. chae has always been very interesting to me and i love the way she treats and interacts with onces and other members of twice!",1,1734625841,TWICE_Strategy
m2uf407,twice,"Nayeon. There's really no explanation. I saw her in WIL and vowed my undying loyalty forever. And I never swerved lol.

![gif](giphy|MDay0G1JpkLarnca3r)",2,1734626318,TWICE_Strategy
m2uf48a,twice,"Twice VIP tickets in Brazil (february 2024) cost around 2600 reais, which is about 450 dollars in current exchange. I don’t think they did meet and greet anywhere at this tour, so the package only included some goodies and soundcheck.

As a current reference, StrayKids VIP tickets for March 2025 in Sao Paulo costs around 3000 reais, which is about 500 dollars.

I personally went with premium floor tickets to see Twice (not VIP) and fully enjoyed it. That ticket was around 1100 reais (180 Dollars) and was close enough to the stage to get baptized by Jihyo’s water bottle.",2,1734626320,TWICE_Strategy
m2ul3fx,twice,"Thanks Zach for all the thoughtful questions! It was always precious to hear them talk about topics like “idol as a profession,” the song writing process, and reflecting on their career growth. It’s incredible to see them speak so frankly about what this profession demands and entails. The girls have truly come a long way. Thank you, TWICE!

Also, who knew the first song Jihyo tried to write is I’m Gonna Be A Star 😂",26,1734628229,TWICE_Strategy
m2ulfnq,twice,"![gif](giphy|xUySTXOKhj50yw9pDO)

Sana is my ult. I don’t know why these pigtails caught my attention so hard, but they did! I wasn’t really a fan of twice at the time but I was really drawn to her cute and clumsy image so I learned her face and voice by listening to all their songs at the time. When Knock Knock came out I ended up falling for the whole group as well!",1,1734628354,TWICE_Strategy
m2uno7i,twice,I’m using it as a table decoration. I like my Jihyo - Zone slip mat better 🫶🫶,1,1734629273,TWICE_Strategy
m2uqiy6,twice,Ive always thought Tzuyu is hyper intelligent and intuitive.,2,1734630504,TWICE_Strategy
m2utaeu,twice,"Tzuyu, just because. Like they say your bias shows you not the other way around. I'm the oldest sister in my family so it's not surprising I like the maknea. Jihyo is my bias wrecker because she's the total package.",1,1734631488,TWICE_Strategy
m2uuoz4,twice,"I have loved Mina since the first day and I'll love her forever
I find her very interesting. Many people complain to her because she's shy, she has no presence or she's not enough to be an idol. She is too elegant while she dances, she is too adorable, she's a genius, she truly cares about once and twice. When she passed difficult times she 
Recently she said she shows more about her true color. She seem to be a really kind and affective person
I appreciate when people show more about their true self
Anyways, I love all Twice. Nine or none!",1,1734631954,TWICE_Strategy
m2uvowl,twice,Wtf am I the only one that got Nayeons autograph in the back of the postcarf?!?!?!? Wtf,2,1734632278,TWICE_Strategy
m2v4lhi,twice,Jihyo.. just bcoz no need to explain 😅.. 2nd is sana.. seems sweet in person.,1,1734635119,TWICE_Strategy
m2v4pzf,twice,"Thank you for submitting, /u/sadieluc! Unfortunately, your submission has been removed for the following reason(s):

---

Rule 12: Your submission has been removed because it violates our no selling or trading rule.

Submissions or comments offering to buy/sell/trade merch, concert tickets, or albums are better suited for r/kpopforsale. r/twice is not affiliated with r/kpopforsale so use it at your own risk.



---

If you have any questions about this post removal or [regarding the ruleset](https://www.reddit.com/r/twice/wiki/communityguidelines) of /r/twice, please refer to the sidebar or [send a modmail](/message/compose?to=%2Fr%2Ftwice).",1,1734635158,TWICE_Strategy
m2v5cri,twice,"Finally, I was gonna msg him wen twice was in L.A to get them in studio![img](emote|t5_3812p|4078)",10,1734635360,TWICE_Strategy
m2v5obv,twice,"Thanks, I already like how Jihyo's pic in the thumbnail matches her facial expression on that one Strategy vid where she's looking & judging as a joke \~",2,1734635462,TWICE_Strategy
m2vcxxk,twice,"TLDR: Dahyun is my ult ever since sixteen not only because of eagle dance, but also because of her personality, skills and direction as an artist.

Ever since sixteen, Dahyun has cemented herself to be my ultimate bias in TWICE and in KPOP. It started with her legendary eagle dance. I remember thinking ""How she can do that without social anxiety in front of live television. I was absolutely smitten by then.

![gif](giphy|MB6wllLcIjECROShx2)

Over the years, I fell in love more with her personality and skills. If you have been to any twice concert, you would understand how incredible her fan service is. I knew a lot of people who got bias wrecked by her. Her constant bbl/vlive updates are also really amazing.  also love the quiet side of her, seeing her talk about books and loving her sentimental views in life, as well as her being an absolute romantic.

While others may disagree on this, I believe she's the hidden ace of Twice. Sure she does not have the most powerful voicals, isn't the best dancer, nor the official visuals, she can deliver when she needs to. Her vocals are serene and graceful, dance are really fluid and feminine, and her visuals aren't a joke, with that hourglass figure, pale skin and smile that can illuminate the whole room. The reason why she's the ace is because out of all the members of twice, she's the one who wrote the most songs, the one who can play multiple instruments like the piano, guitar and drums, and the one that does the most musical projects, solo excluded.

JYP was correct when he said that she has the star factor in her.",1,1734637787,TWICE_Strategy
m2vd6fd,twice,nayeon! i love how bubbly she is and how caring she is. she’s also very pretty and i love her voice. honestly i didn’t really pick her as a bias she was just the member i felt attracted to the most,2,1734637862,TWICE_Strategy
m2vgred,twice,"Sana, because she's absolutely beautiful, effortlessly elegant but also endearing and so freaking adorable, and because she's kinda... gay. Not sure how else to put it lol. Also, her stage presence? Had me hooked since the first time I saw Twice perform as a little kid. She's everything.",1,1734639021,TWICE_Strategy
m2vhqep,twice,"As a huge Modern Family and Twice fan — I thought this was adorable. Is Sofia a Once?? 

[Sofia Vergara instagram post](https://www.instagram.com/p/DDxZ7TpPEn9/?igsh=MTh5dGNiMGF2cjF4cg==)",13,1734639338,TWICE_Strategy
m2vwqog,twice,I have Nayeon signatures for past releases and I can say with 100% certainty that it's just how she prefers to sign. She always signs on the back.,138,1734644107,TWICE_Strategy
m2vyjgy,twice,"Bummer, mine was Nayeon signed on the front",13,1734644680,TWICE_Strategy
m2vyudz,twice,"Could be as simple as when the stack of her postcards came to her to sign, some might have been flipped around and you are the recipient of one of those, however many there are.

Or she chose to sign some on the back like she usually does, because she's an agent of chaos.

It's why Tzuyu is studying psychology. She's trying to understand how Nayeon's brain works/what goes on in there.",284,1734644776,TWICE_Strategy
m2vywn1,twice,"I finally had enough time to watch TWICE's long interview with IU and this ended up being my favorite content of the entire Strategy promotion. The atmosphere was very nice and seeing how IU is a big TWICE fan and that they are totally IU fangirls was very cool. 

\- Obviously Jeongyeon is the biggest fangirl of all and they couldn't help but expose her. 

\- The song covers were very good 

\- Tzuyu asking her to be his girlfriend made me laugh

\- Jihyo and Nayeon showing that they didn't like traveling by bus on their tour while the rest of them liked it or it didn't seem to affect them was interesting.",20,1734644796,TWICE_Strategy
m2w0ldd,twice,Jihyo does the same thing sometimes. I just accepted it at this point,10,1734645325,TWICE_Strategy
m2w2cca,twice,"You have to remember, this was the girl who refused to do a choreography move in Yes or Yes and just held her hands to her sides because if she did it, she would block Jihyo. I'm sure she just doesn't want to ruin the picture lol",84,1734645905,TWICE_Strategy
m2w4icv,twice,"I have 3 signed cards from her solo and all were on the back, so I just put them in frames that show both sides.. Just 2 pieces of glass with the card in the middle and a wood outer frame kind of thing.  
Got Nayeon, Tzuyu, and Momo signed card pulls from Strategy and all 3 signed on the front. It goes both ways I guess.  
I prefer when they sign the front personally.",6,1734646642,TWICE_Strategy
m2wbz3y,twice,"Are you looking for signed album links? [https://twiceshop.com/](https://twiceshop.com/)

Or the story on Nayeon in Yes or Yes? [https://www.koreaboo.com/stories/twice-nayeon-yes-arms-move-choreography/](https://www.koreaboo.com/stories/twice-nayeon-yes-arms-move-choreography/)",26,1734649235,TWICE_Strategy
m2wdlbc,twice,"So Twice read out the English of the[ In Style Fan Mail segmen](https://www.youtube.com/results?search_query=in+style+twice)t, feels like they have all made serious efforts to learn the language.

Crazy to think how much work they do sometimes...",12,1734649819,TWICE_Strategy
m2we2nv,twice,Who else but Nayeon 🤷🏽,3,1734649995,TWICE_Strategy
m2wgggx,twice,I got Nayeon too but she signed the front.,2,1734650867,TWICE_Strategy
m2whgsb,twice,"From my 3 signed versions I got 2 Nayeon’s, one she signed on the front and the other on the back. I have 3 others from NA, all signed on the back, so I was thrilled to get one with the front signature.",6,1734651244,TWICE_Strategy
m2wjo6o,twice,Tzuyu finishing Psychology to study Nayeon's behavior is really hilarious and funny. An impressive feat by yoda!,25,1734652072,TWICE_Strategy
m0mrv18,kpopthoughts,"* feels wrong to name a “pair” as an exo-l. so i’m still sticking to the trinity. they compliment each-other so well, especially in ‘let me in’.
* taeyeon and jessica
* siyeon and yoohyeon
* liz and yujin
* chaeyoung and youngeun
* seungeon and yunseo
* hao and taerae
* solar and wheein 
* swan and goeun 
* hyolyn and soyou",16,1733446390,TWICE_Strategy
m0n0odj,kpopthoughts,"I agree with a few points people have mentioned, but I think one major issue that's rarely discussed is the cost-cutting measures companies take with their older groups.

Many times, older groups don't receive enough resources to maintain their top position. To keep a group's standing, constant investment is required, but companies often fail to do so. This starts a downward spiral, causing these groups to fall behind trends, which gradually shifts fans' attention to newer groups.

For example, let's look at Red Velvet and SEVENTEEN. A few years ago, both were at a similar level—arguably the third biggest in their generation. However, SM didn’t push RV as much as they should have, which led to the group slowly losing their hold now they aren't even on top 20 streamed acts on Spotify while they used to be on top 10 for years  On the other hand, SEVENTEEN received consistent support, allowing them to grow stronger and maintain their position.

Cost-cutting can occur in various areas. Take TWICE, for instance. In the last two years, you could feel a decline in the production of their music. For example, their second single English, which should have been a major opportunity, had a rookie team working on it. Similarly the last few comebacks were mostly jype internal teams. These small things add up over time.

 Many times companies intentionally route fanbases toward their newer groups by  using older groups.",31,1733449579,TWICE_Strategy
m0nelms,kpop,"No exactly. I’m a once and if JYP started talking about how the only reason Twice are successful is because of the amazing company he created and their role in their success is little to nothing, once would attack him so hard. There is a difference between appreciating the creative team and producers behind the scenes and acting like the idols are completely replaceable and played no role in their own success. 

I am grateful JYP created the company that would eventually form my favorite group and I appreciate all the hard work TWICE’s creative team puts in to create good concepts, but I would never diss the Twice members the way Tokkis are completely unironically dissing the NJs members.",6,1733454680,TWICE_Strategy
m0nl0fm,kpopthoughts,"TWICE is a bit interesting imo, they're more towards the boy group route now of having a very very dedicated fandom but not so much with the general public. It's not a bad thing, because they have longevity as these fans have grown older together with them and are now basically richer lol. 

It'll need to take something going truly viral for them to appear in the charts.",10,1733457125,TWICE_Strategy
m0npemq,kpopthoughts,"Nayeon isn't a main vocalist either. I don't need Jeongyeon to be treated like a main vocalist, but at least don't treat her like a sub vocalist. Sana, Mina, and Tzuyu consistently get more lines over her. Any time there's a singing/vocals related project JYPE only sends Nayeon and Jihyo, completely ignoring Jeongyeon.",1,1733458859,TWICE_Strategy
m0nvq0h,kpop,"i just died and came back to life!!! i loveee the melody for the main chorus it’s catchy! and i loved all of chaeyoung’s parts, she owned it",34,1733461522,TWICE_Strategy
m0nvqqz,kpop,Chaeyoung got to show all her tattoos in the intro and thats so amazing!!!,233,1733461531,TWICE_Strategy
m0nvrqq,kpop,"Wow I'm already loving this from the outset.

Didn't expect all English but that was awesome! Jihyo opening up the ""I got you on my radar"" too, WOW!

Meg's part was awesome as well! Instant love! What step is TWICE WORLD DOMINATION?!?!",70,1733461543,TWICE_Strategy
m0nvsq5,kpop,I like the part starting from Megan until Chaeyoung. Thought the rap is nice.,2,1733461555,TWICE_Strategy
m0nw3gg,kpop,"I loved it. Megan is so fucking beautiful, brehs. My only complaint would be the first time 3mix start singing, it feels like they're too high-pitched. (Mainly Jeongyeon and Nayeon) It's a very minor one, though. Can't wait to see what's up with the b-sides, baybee!",11,1733461690,TWICE_Strategy
m0nw6qp,kpop,"Oh my God, for a second I forgot this was a collab and my jaw dropped when Megan showed up. I love this song—in my humble opinion, it's TWICE's best title track since Talk that Talk. They've never looked more stunning, and the collab makes perfect sense. And I also looove that the members seemed to be proud of releasing this whole album!

I'm from the Southern Hemisphere so Strategy is 100% going to be my summer anthem. It's insanely catchy, and the girls are so cool.

I love it! My TWICE girls fucking did it again!",25,1733461731,TWICE_Strategy
m0nw8ra,kpop,"wow, Chaeyoung rapping after megan and actually being able to keep up. i love it.",5,1733461756,TWICE_Strategy
m0nwbck,kpop,"Oh TWICE you never let me down

Also Jihyo 🔥 as always",6,1733461788,TWICE_Strategy
m0nwovy,kpop,"From the teaser, I thought TWICE would have a flirty concept for ""Strategy"" similar to ""FANCY"" and ""MOONLIGHT SUNRISE"" and they did not disappoint. Their choreo fits the midtempo R&B influence of the song. I don't have favorite part yet but I absolutely Megan's part in the song. TWICE delivered another serotonin inducing bop for me and that's all I could ask for!!!💖💖💖",14,1733461959,TWICE_Strategy
m0nwupq,kpop,"HARAI MOMO HAD ME GAGGED!

Love the song, also I feel like I haven’t seen this side of Twice, like it’s leaning towards the sexy side and I’m not mad😳 Also is this the most balanced line distribution LOL? Like Tzuyu, Mina, and Chaeng really stood out. Tzuyu’s especially has that post-solo glow🤩

And of course we cannot forget Megan unnie! Bodied her verse (as expected) and I feel like they found the perfect middle ground between Twice and Megan’s vibes🥹 BRB gonna listen to the rest of the album!",143,1733462034,TWICE_Strategy
m0nww73,kpop,"That was such an interesting song structure from them like 10 people pulling my attention towards 10 different directions and the song just flew by!


Seeing Megan and Jihyo side by side and sharing that same level of main character energy was exciting to experience!


By the second chorus I didn't realize I was sweating out of excitement lol had to catch my breath for a couple minutes! So gooooood!",412,1733462054,TWICE_Strategy
m0nwwcp,kpop,OKAYYYYYY i'm so here for this!!! GG stans are eating today with this and Rose!! TWICE sound AMAZING in this and Megan's rap verse was so seamless? Another win for the girls,66,1733462056,TWICE_Strategy
m0nwy2d,kpop,"This is a great pop release from Twice. The music is very upbeat and the MV is nicely done. The song is catchy right from the start and will probably have good radio play. Waiting for the full choreography in the performance video and music shows. Jihyo, Mina and Megan stole it in the MV for me! ❤️❤️❤️",35,1733462078,TWICE_Strategy
m0nwzpi,kpop,They cooked on this one. Megan confirmed 10th member. TWICE continues to try new sounds and i'm all for it 🔥,42,1733462099,TWICE_Strategy
m0nx3m5,kpop,barely hearing nayeon until second chorus is crazy,546,1733462150,TWICE_Strategy
m0nx5ev,kpop,Best since TTT!!!!! Might actually be better than TTT!!!!! Best TWICE release this year!!!!! SO HAPPY AS A BABY ONCE this being my second Korean comeback!!!!!,72,1733462174,TWICE_Strategy
m0nxchh,kpop,YAYAYAYAAYY OMG this was awesome! LETS GO TWICE + MEGANNN,10,1733462266,TWICE_Strategy
m0ny04j,kpop,I guess MC Bling is back. Chaeyoung reminds me a lot of Mutya Buena of Sugababes. ❤️,11,1733462576,TWICE_Strategy
m0ny3p2,kpopthoughts,"I was a little worried about the TT coming in regarding how well TWICE and Megan would mesh, but they nailed it. The parts fit so well together and didn't sound like either artist compromising to make the other side work. TWICE simply doesn't miss I suppose.",8,1733462623,TWICE_Strategy
m0ny72x,kpop,Jihyo's look with the pigtails especially 😍,5,1733462667,TWICE_Strategy
m0nyb9s,kpop,"*Winning is my trademark, soon you'll never wanna leave* - Tzuyu, Dec 2024


*Real hot girl shit* - MTS, Dec 2024",24,1733462725,TWICE_Strategy
m0o01b8,kpop,"This is full Chaeyoung era, girl is slaying every beat, every look.",24,1733463571,TWICE_Strategy
m0o0cdc,kpop,"It was so, so good.
- 3:50 minute song. It's long, but I want more.
- Starts with MiChaeng, then SaiDa. Ships are sailing.
- Megan was added in smoothly and fits well even with the racier lyrics (still mild by her standards, I suppose.)
- Nayeon in the end with no instrumentals was so good.",52,1733463726,TWICE_Strategy
m0o0rer,kpop,"Loved it! The song really built up from Megan’s verse until the end quite nicely - this is why we do BRIDGES, people!! Also the visuals and concept are fresh and we haven’t seen TWICE do something like this. It’s so NEW to not see Nayeon in the center for that first chorus, it’s cool they changed it up too!",1,1733463935,TWICE_Strategy
m0o0s33,kpop,"To be fair I haven't seen TWICE make quite so much promotional material for Korean audience in sometime, they are nearly on every variety and youtube show possible and have been really active so as to not seem like they are ignoring their home fans.",12,1733463945,TWICE_Strategy
m0o0z3a,kpop,"I think this is genuinely one of their most cohesive projects in their discography, which is crazy 9 years in. The last Twice mini with this kind of cohesion was probably Taste of Love for me, and that one was also one of my favorites in their storied discography. 

Strategy kicks things off with a killer feature and some really killer melodies. Shoutout to the run-time being over 3 minutes lol. 

Kiss My Troubles Away was my early standout on the first listen. That driven 80's synth pop sound works so well for Twice. I think this is going to be huge on the (eventual) tour. 

Like It Like It continues Twice's flirting with garage on the last few releases and it's no surprise it's another banger. Loved Sweetest Obsession from the fanmeeting and it continues the quality of the mini. 

Very interesting that Keeper was almost the title track. Dahyun contributes to another banger, and this really would've been interesting since Miami Bass has been around kpop a bit this year. I think this is also gonna show up at the concerts. 

Magical closes things with some more 80's synths but in a holiday package and it just works. Doesn't spillover into the cheesy holiday song territory, but still feels warm and festive. 

Overall, I'm loving this release. I liked With Youth a lot but I think this is their strongest release as a whole in a few years.",136,1733464047,TWICE_Strategy
m0o1d39,kpop,"Twice finally caught up to Chaeyoung's sassiness.  She commented before on a show that before debut, she thought she would be in a sassy group like Itzy rather than a cutesy group like Twice.  Now she's leading off the song with her attitude!  

note: she's also said she's never regretted joining twice so don't take that comment the wrong way.",48,1733464248,TWICE_Strategy
m0o1qfz,kpop,"Lots of Dubu and Jihyo so I'm satisfied. 

I'm always surprised when they fit all 9 members in a 3-4 minute song. It seemed like every one of them was in your face the entire time. And then to add Megan for a bit.",7,1733464442,TWICE_Strategy
m0o1uau,kpop,"joining in on others saying it's their favorite twice tt since Talk That Talk !! oh man , momo coming in after megan had me pulling a stank face in the best way possible.",9,1733464496,TWICE_Strategy
m0o276t,kpop,I think [Strategy (TWICE Ver.)](https://www.youtube.com/watch?v=nmbiBVPe5bY&list=OLAK5uy_m5MAjC6wkd7wlY8DNoJNkdRE8Twh1Mik4&index=8) is my favorite,19,1733464684,TWICE_Strategy
m0o2ci2,kpop,TWICE AND MEGAN COLLABS ARE THE GIFTS THAT KEEP ON GIVING 🙏🙂‍↕️,6,1733464764,TWICE_Strategy
m0o2e1t,kpopthoughts,"The synth sounds are so damned delicious.  TWICE is absolutely cooking this year.

My ""TWICE 2024"" playlist now has 40 songs....FORTY SONGS IN ONE YEAR.",18,1733464786,TWICE_Strategy
m0o2ml3,kpop,"kiss my troubles away, like it like it, sweetest obsession, keeper is such a stellar four track run. even magic sonically works as a holiday song with how it lines up with the overall bouncy and dancepop oriented production of the mini it slides right in. no notes love this whole project so much on the first few listens and i think it’s one of their most cohesive and fun eps. 

with with you-th, dive, the nayeon ep, and the misamo album, and now strategy twice are rounding out a truly amazing year musically. incredible to see them releasing some of their best releases in their 9th year.",5,1733464912,TWICE_Strategy
m0o30oo,kpop,"Such an instant hit - Love it!

The pre-chorus is probably my favourite part of the song - Tzuyu and Mina both sound so good!",12,1733465121,TWICE_Strategy
m0o3d0r,kpopthoughts,"| Rank | Artist         | Album              |
|------|----------------|--------------------|
| 21   | ILLIT          | SUPER REAL ME      |
| 23   | BABYMONSTER    | BABYMONS7ER        |
| 26   | LE SSERAFIM    | EASY               |
| 28   | aespa          | Armageddon         |
| 53   | (G)-IDLE       | 2                  |
| 67   | TWICE          | With You-th        |
| 68   | LE SSERAFIM    | CRAZY              |
| 75   | BABYMONSTER    | DRIP               |
| 89   | ITZY           | BORN TO BE         |
| 96   | IVE            | IVE SWITCH         |
| 97   | Nayeon         | NA                 |
| 107  | aespa          | WHIPLASH           |
| 111  | TWICE          | DIVE               |
| 135  | Red Velvet     | COSMIC             |
| 140  | ILLIT          | I’LL LIKE YOU      |
| 144  | KISS OF LIFE   | LOSE YOURSELF      |
| 163  | Lee Youngji    | 16 FANTASY         |
| 171  | Kep1er         | Kep1going          |
| 177  | Yuqi           | YUQ1               |
| 183  | TripleS        | <ASSEMBLE24>       |
| 189  | Tzuyu          | abouTZU            |
| 194  | ITZY           | GOLD               |
| 200  | MiSaMo         | HAUTE COUTURE      |

Easier to read in a table format",33,1733465305,TWICE_Strategy
m0o3h0c,kpop,"Sweetest Obsession is an easy classic TWICE b-side. It just is everything I love about TWICE.

Also, real ONCE know 🐰💋🐹",13,1733465365,TWICE_Strategy
m0o3vit,kpopthoughts,"Love how they finally switched line distribution a bit!
Nayeon doesn't start but Mina, there's no typical falsetto bridge but rap verse, Dahyun is singing a bit more. Megan's part is also fitting.


This is just another proof they should've moved from Lingrend a while ago, especially title tracks vise.",26,1733465586,TWICE_Strategy
m0o4euh,kpop,"Wow...I'm speechless. This is 100% one of their best, if not their best, albums they've ever released! Hit after hit, and the quality remains super consistent throughout! To be 100% honest, I've been really uninterested in their recent minis, especially \*whispers\* Between 1&2. I just find a lot of the b-sides to feel a bit dated in the production and the melodies aren't very memorable to me (like ""Gone"", ""Brave"",   
""Queen of Hearts"" for instance...they aren't bad songs, they just feel very lackluster to me). This time, they've sourced out producers and writers who've been able to implement more current and trendy sounds that feel so much more fresh and interesting for 2024! More R&B type chords, Miami bass?, unique melodies, quirky production, etc. It just feels so refreshing to listen to! And holy crap, Magical is SO pretty, the bridge chords literally had me falling off my chair. JIHYO?? And I love how long it was with the fade-out. Lauren Aquila composing is a guarantee good song of course, but Like it Like That was INSANE. This is the type of production and melodies I've been waiting for! Sweetest Obsession and Keeper were also soooo good and fresh! So happy to be this excited about a Twice EP (probably since Feel Special tbh).",13,1733465883,TWICE_Strategy
m0o5hnw,kpop,Tzuyu.  Just....jesus christ man.  I don't understand how that's a real person.,14,1733466483,TWICE_Strategy
m0o5u97,kpop,I'm jus glad it feels solid. I been more into misamo and nayeon for a while and haven't payed attention much to them since smf because I didn't like spark Igy. To me twice best is always feel special fancy you and alcol free but I think this had a solid visual direction and looked high budget and it sounded high budget too so I'm just glad jyp keeps pushing for them,3,1733466680,TWICE_Strategy
m0o5z1c,kpop,I LOVVEEE ITT ITS SO GOOD THANK YOU TWICE 🔥🔥🔥🔥🔥🔥🔥 THANK YOU MEGHAN 🔥🔥🔥🔥,9,1733466755,TWICE_Strategy
m0o7v7o,kpop,Feel special was notable for having Nayeon not sing until the second chorus,1,1733467842,TWICE_Strategy
m0o9nxx,kpop,Amazing song again by TWICE.,7,1733468897,TWICE_Strategy
m0oa1gv,kpop,"J-line really popped off with this release. Mina esp stood out to me and her voice matches the song so well. I have to add to the general consensus that this is my fave TT since Talk that Talk. One Spark was the first TT I didn't like, so I'm thrilled they came back with a banger. Twice really suits the groovy synthy sound like Strategy and TTT. 

I also wanna applaud Twice's management for keeping Onces FED. This year we got the rest of Ready to Be world tour, an English release with I Got You, 13th mini album With You-th, Nayeon comeback, Tzuyu solo debut, Misamo comeback, and 14th mini album Strategy. The girls are also busy with hosting Youtube variety shows (Inspector Jeongyeon, Trick Kode Nayeon, etc.), Time to Twice, Dahyun acting debut, ads and fashion brand ambassadorships, and more. 

I hope the girls are taking care of themselves, but they seem to enjoy being booked. It's so rare to see a large group like Twice renew their contracts and continue to blossom individually while continuously putting out group releases. Not a single member has been neglected. Whatever magic their JYP division is doing, it's working.",21,1733469121,TWICE_Strategy
m0oaxfx,kpopthoughts,"Twice, Misamo, Nayeon & Tzuyu all being here makes me so proud as a once",15,1733469656,TWICE_Strategy
m0oay27,kpop,"I'm obsessed with this, the song feels full, the chorus is really catchy (love Jihyo's part), and Megan's verse is actually incredible.",8,1733469666,TWICE_Strategy
m0oej7k,kpop,"Really digging it. It’s fresh, unique and experimental. Brings me back to the time when TWICE released Fancy, when they first experimented on doing a different style of music.",5,1733471893,TWICE_Strategy
m0oenk1,kpop,"I love this song. Chaeyoung stood out for me in this MV. But, I do have a few complaints about the excessive autotune in Tzuyu and Jeongyeon's parts. Imho, they don't need it. Idk why JYP entertainment refuses to understand that. It's irritating.",2,1733471971,TWICE_Strategy
m0ofhyz,kpop,Best JIHYO gif.,35,1733472511,TWICE_Strategy
m0ojrs6,kpopthoughts,"Thing song slaps so hard - year 9 and TWICE keep giving. We, ONCE, are so damn lucky.",12,1733475350,TWICE_Strategy
m0olcij,kpop,"I feel like Mina and Sana stood out a lot 💖


Sana's 'Ah-oh' is going to be iconic.




What a busy day for once-blinks. (Rosé and Twice's comebacks came out at the same time, at least in my time zone 😭)",3,1733476418,TWICE_Strategy
m0olrwk,kpopthoughts,"it’s crazy to me that this was ever gonna be a bside. thank you members for pushing for it to be a title! 

considering *Keeper* was originally being considered for the title, I’m guessing they were debating whether to do another song like *I Got You* or whether to change it up a little. I’m glad they did even though I’ve loved the previous few comebacks. those type of songs are great every now and then, but can get a bit same-y.

Meg’s verses were done so well, it’s everything I hoped for. I was worried she’d have to tone herself down for Twice, but this is the Megan Thee Stallion I know and love. she really fits this song, and she and Twice really suit each other too!

holy shit, those Chaeyoung and Tzuyu lines that lead into the chorus are too good. I have a lot of favourite parts and this is one of them.

I typically measure chorus strength on a scale of 0 to *Talk That Talk* (its so hard not to sing/shout along with “tell me what you want, tell me what you need”) for twice, and this is like a 6. it feels like they’ve jammed a few too many words in “got you on my radar, soon you’re gonna be with me, my strategy, strategy~”. what does everyone else think?

love the album as a whole, but on first listen I’d say *Strategy* is number 1. I never usually have title tracks as my favourite lol",19,1733476706,TWICE_Strategy
m0olyyi,kpopthoughts,Chaeyoung,0,1733476839,TWICE_Strategy
m0omlbm,kpop,"Same here! I kinda wish there was a final chorus which would have rly tied it all up but I'm happy with how Megan actually sounded like she was meant to be a part of this song and not just tacked on. The girls sound great too, especially Chaeyoung.",43,1733477263,TWICE_Strategy
m0omwz1,kpop,"WHAT A BOPPPP this song is SO catchy, cohesive, fun, and quintessentially twice!! megan devoured her verse (I love that she tried out a new flow too) and it didn't feel out of place at all since their energies matched all the way through. Super interesting song structure + switch ups that keep your attention and don't get you bored (obsessed with momo + chae's parts after megan's verse). I'm also so glad they didn't spoil the main chorus with the teasers, and now we have more than 1 memorable hook to get stuck in our heads. Also I'm so glad to see a kpop song over 3 mins in 2024?? I'm smashing that replay button fr!",3,1733477485,TWICE_Strategy
m0oom4f,kpop,Jihyo is just ridiculous. Never seen her giving less than her 100%.,160,1733478645,TWICE_Strategy
m0oonkv,kpop,"I like it like it.

Strategy is super ear wormy - especially the “got you on my radar” bit. I’m not really fussed about the Megan feature & will probs listen to the Twice version more.

Kiss my Troubles Away & Like it Like it - the album teasers gave NOTHING away. These are two bangers. KMTA could have easily fit on Formula of Love in between FILA & Push and Pull. Like it Like it joins her sassy sisters Espresso, Good at Love & Love Warning. Possibly my favourite.

Sweetest Obsession & Keeper. Not a fan of these two. Dahyun can normally do no wrong with her song writing but, it’s just a bit boring.

Magical - love love love. Cosy, cute Twice Christmas song. I’ll be blasting all this month.",2,1733478672,TWICE_Strategy
m0oste3,kpopthoughts,"not disagreeing with your general point, but isn’t she credited as her birth name chaeyoung park on multiple songs in the album?",16,1733481402,TWICE_Strategy
m0otc6f,kpop,I guess I've been a fan of TWICE for so long that Nayeon no longer has her signature bunny tooth,1,1733481744,TWICE_Strategy
m0otka0,kpopthoughts,Check the credits again for Park Chaeyoung.,22,1733481890,TWICE_Strategy
m0otpt1,kpopthoughts,">when she doesn’t have a single credit to her name in that album

You are free to have your opinion about the music which is subjective after all but THIS is blatant misinformation. 


She is literally involved as a writer in every song of the album. She is credited under her real name Chaeyoung Park and not her stage name which might have caused this confusion. 


These are her stories. Why would you think she wouldn't be involved in the process??",41,1733481990,TWICE_Strategy
m0ovgpt,kpop,"When Jihyo starts leading all her girls at 1:42, oh my fucking God. Also, the Sana, Jihyo, and Mina run at 2:45. Yeah no, I'm not okay.",76,1733483083,TWICE_Strategy
m0p2beg,kpopthoughts,"I suspect that is the point and plan for the decision to make it all-English. Also, I think TWICE had pretty much had a US leg to their promotions for their comebacks in recent years.",3,1733486974,TWICE_Strategy
m0p8ip7,kpop,"Personally, I'm not entirely feeling the title track or the album overall. With YOU-th was everything I could dream of from TWICE, but this album isn't exactly to my preference. Not bad at all, but for me it's not hitting the emotional highs or the pop like Between 1&2. Like It Like It is an absolute banger though. 


It wouldn't be the first kpop release to grow on me with time and more plays. We shall see.",5,1733489940,TWICE_Strategy
m0pd251,kpop,"What a way to cap off an insanely strong musical year for Twice where we had:

-  2 OT9 releases

-  Japanese CB

-  MiSaMo CB

-  2 solos including Tzuyu's debut

As for Strategy, I've listened to it a couple times already and I can't pick a favorite.  I'm stuck between Like It Like It and Kiss My Troubles Away.",6,1733491856,TWICE_Strategy
m0pdpj6,kpop,I love comeback season for TWICE. Everyone is glowing! Blonde Mina 🥹,9,1733492117,TWICE_Strategy
m0pfzug,kpop,Wow I really like it! Momo and Chaeyoung take the cake for me and that dress Nayeon had in was so beautiful omg,4,1733493024,TWICE_Strategy
m0pkwxc,kpopthoughts,Jihyo isn't as good as momo so disagree with that one,2,1733494908,TWICE_Strategy
m0pm6m7,kpop,"Same, not really a fan of Megan, and the TWICE Ver is great, both on the album and when performed at shows.",6,1733495374,TWICE_Strategy
m0pmlgg,kpop,"They're like conceptually polar opposites but Twice and Megan Thee Stallion COOKED, this song is amazing!! The beat is sooo good...My favorite part is definitely MTS's second verse to Momo's.",4,1733495526,TWICE_Strategy
m0poe7m,kpopthoughts,"XG - Left Right

TWICE - Basics

GFRIEND  - Mago

NewJeans - ETA",1,1733496175,TWICE_Strategy
m0pramh,kpop,"The song got better in my opinion after Megan's rap, before that, I felt the song was pretty weak. Not a fan of the ""hey boy, imma getcha"" thing and the grating sound that comes with it.
I have to say, the worst thing personally is the choreography. I am usually obsessed with their choreo, but I find this one so uninteresting. The kicking part is also not doing much in my opinion, and reminds of the a martial arts end of year show that kids do for their parents.
I did really enjoy Chaeyoung here, especially her last part.",3,1733497179,TWICE_Strategy
m0ptl7g,kpop,"oh wow, i didn't notice this the first 2 times i watched but in the choreo video momo's mic pack/battery whatever falls off about 20 seconds in and she dances so well while trying to fix it until nayeon fixes it after about a minute of it falling off and her holding it",41,1733497952,TWICE_Strategy
m0px4wt,kpop,Crazy how they just met Megan not too long ago and she's clearly already taught Jihyo how to cut a bitch,4,1733499120,TWICE_Strategy
m0qeawh,kpop,I love Jihyo 😭,14,1733504564,TWICE_Strategy
m0qomnu,kpop,Jihyo 🥵,20,1733507774,TWICE_Strategy
m0qpetr,kpopthoughts,"the tt being a full english song was a bold move! loved thee stallion rap soooo good.

why no one talking about like it like it dude? its SOOOOO good damn. jihyo served her high notes PERFECTLY. all of their voices were awesome but i'd remark jihyo in this track. 

as for kiss my troubles away another bop!!! 

all of this album's b-sides are great dude i'm so happy for twice :')",10,1733508014,TWICE_Strategy
m0qq1mv,kpop,"Their vocals are so on point! Sana, Tzuyu, and Momo all sound so much stronger than I’ve heard them in the past — those solos must be leveling them up 😤",24,1733508212,TWICE_Strategy
m0qx9cw,kpop,I fully got jump scared by that chaeyoung shot in the opening of that video 😅 I wasn't expecting it to flash like that,2,1733510486,TWICE_Strategy
m0r36bn,kpop,"Same thoughts as you, I only saw it in her fan cam and was confused cause I didn’t notice it when I was watching this “live”, but Momo has always been a professional in handling these issues haha, good on Nayeon to help her out!",9,1733512353,TWICE_Strategy
m0r8hl8,ATEEZ,"Id like to believe KQ were in the meeting room asking ‘A banger song to start a banger album, yes or yes?’ and everyone collectively nodding their heads and agreeing, maybe hwa in the corner screaming TWICE! but yea, that’s how I like to believe it",3,1733514048,TWICE_Strategy
m0rb51l,kpop,TWICE ARE SO BACK,4,1733514889,TWICE_Strategy
m0s4g2p,kpopthoughts,"TWICE: their music’s cheerful but in a bland way. Compare it to BTS & Bts puts meaning to all their music (lyrics, sound, anything) I only said twice cuz it looks very popular by luck smh or maybe cuz they’re not into American mainstream so easily unlike NewJeans or Le Sserafim.",-12,1733524595,TWICE_Strategy
m0s5w1c,kpop,"In 2016, they were competing with TWICE for the Nation's Girl Group, so yes.",22,1733525107,TWICE_Strategy
m0sict0,kpop,"1. RM: Right Place, Wrong Person

2. IU: The Winning 

3. TWICE: With YOU-th

4. PLAVE: ASTERUM : 134-1

5. NCT 127: Walk",237,1733529692,TWICE_Strategy
m0sjvqe,kpop,Ngl I’ve been listening to twice for a while and am really only recently discovering that jeongyeon is a main vocalist. Where’s her solo? 😭,3,1733530275,TWICE_Strategy
m0soe2j,kpop,"I'm seeing a lot of hype and some people disappointed, I'm kinda just... Thumbs up about this. I think it'll grow on me for sure as most kpop does. I love the beat and the first two verses, I don't really think Megan added much, and I do think that the track felt like it was trying to be something specific, whereas something I love about TWICE is often how the songs feel like an extension of them rather than reaching for something else. 

The whole album is full of bangers though, but yeah I'm pretty medium about the title track right now. But always thrilled for a TWICE comeback at a baseline.",-1,1733532002,TWICE_Strategy
m0t4emf,kpop,"I'm glad that TWICE's With YOU-th got top 3. It's such a cohesive album and has such a smooth, comfort feel to it. Each song makes you feel happy and safe. A perfect album for a long drive.",114,1733538353,TWICE_Strategy
m0ti55r,kpop,"That shopping cart is the coolest prop I've ever seen!

I need to review my Twice faves because this has a good chance of dethroning them. The level of texture in those synths is insane. Megan rap is mad out there for Twice. So good. I get so lost in the song structure that the 3 minutes 17 seconds feel like nothing. The composer's strategy is evidently effective. 

One thing I'd change is swapping the cowbell beat under the chaeyoung part at the end. Or even get 2 or more cowbells tuned differently and play the beat with them. I'd also cut the clean voice Nayeon at the end.",2,1733544189,TWICE_Strategy
m0tm7k4,kpop,"It's all just *so* much fun! Megan fit like a glove for this type of track. The looks are impeccable & the beats and choreography are top-notch! TY, *TWICE*. 👏💖",2,1733546066,TWICE_Strategy
m0tnt29,kpopthoughts,"Yeah, I think the 4 year cycle makes sense. I'm also a fan of the idea that generations do not have to follow perfect equal lengths. One generation can be longer than another if we don't perceive a generational/cultural shift. Like, RV/TWICE/BLACKPINK were not all out and popular until 2016, even though TWICE and RV debuted earlier. I think generations might be more about how we chronicle cultural shifts/history in kpop, rather than perfect round tiers. But that's just a larger nerdy conceptual thought that I'm playing with, haha.",10,1733546820,TWICE_Strategy
m0tycn4,kpopthoughts,"I'll list the ranked albums here for those who can't access the link:   
  
1. **RM**, *Right Place, Wrong Person*  
2. **IU**, *The Winning*  
3. **TWICE**, *With YOU-th*  
4. **PLAVE**, *ASTERUM: 134-1*  
5. **NCT 127**, *Walk: The 6th Album*  
6. **tripleS**, *ASSEMBLE24*  
7. **ONEW**, *FLOW*  
8. **Yves**, *I Did*  
9. **Baekhyun**, *Hello World*  
10. **NMIXX**, *Fe304: Break*  
11. **DAY6**, Fourever  
12. **ARTMS**, *DALL*  
13. **Yugyeom**, *Trust Me*  
14. **SEVENTEEN**, *Spill the Feels*  
15. **ZEROBASEONE**, *You Had Me at HELLO*  
16. **D.O.**, *BLOSSOM*  
17. **ENHYPEN**, *ROMANCE : UNTOLD -daydream-*  
18. **DK**, *NAKSEO*  
19. **Stray Kids**, *ATE*  
20. **IVE**, *IVE SWITCH*  
21. **BOYNEXTDOOR**, *19.99*  
22. **EPEX**, *Youth Chapter 2 : Youth Days*  
23. **Jin**, *Happy*  
24. **SCENEDROME**, *RESCENE*  
25. **P1Harmony**, *Sad Song*

#",76,1733552199,TWICE_Strategy
m0u3pyx,kpop,nayeon and jihyo slayingg 💅💅,2,1733555435,TWICE_Strategy
m0u9lpb,kpopthoughts,"The thing in common between Irene, Tzuyu, and Jisoo is that they're all members of extremely popular groups. Apink were reasonably successful, but nowhere near the levels of those three. So it's no wonder why members of those groups are mentioned more often, and members of Apink are hardly ever mentioned.",-1,1733559238,TWICE_Strategy
m0udi3k,kpop,Tzuyu kicking the mirror 💀,45,1733561837,TWICE_Strategy
m0urqce,kpopthoughts,"Some of my random thoughts of the list:

SHINee is my ult group so it makes me happy seeing Onew's album make the list, not to mention it being in the top 10! I also loved Fe3O4: BREAK so I'm glad that made the top 10 as well. 

I really enjoyed IVE SWITCH and ATE so I wish they were a little higher.

Albums I would've liked to see on the list:

* Le Sserafim - Crazy
* Illit - I'll Like You
* Loossemble - TTYL
* Nayeon - NA
* Another SHINee member solo, my preference would be Pleasure Shop or Call Back, but I wouldn't be mad at Eternal either. All the SHINee members solos were solid in my opinion.",17,1733570914,TWICE_Strategy
m0vehdu,kpop,"TWICE never miss with their choreography, but this is next level. My favorite part is, at the end, when Mina moved out of the center to give way to Nayeon. That was so satisfying.",17,1733581479,TWICE_Strategy
m0vh4e8,unpopularkpopopinions,"I'm going tl share an unpopular opinion as well and I'm going to say that I think Jihyo is doing the right thing, she is not over-dancing... the rest of the members are the ones that are not dancing with the right energy. For example, I think Momo is more or less at the same level of energy as Jihyo. And I love Twice, I have been following them since their pre-debut and I have some of their albums, so I don't hate them, it is not si bad to the point of being angry at it, but I guess it is my unoopular opinion. A lot of times I think they look like they don't want to be there. But when you see Jihyo you can tell how much she loves singing and dancing. I can see her happines, meanwhile the rest are like in a ""default"" mode. Just like you said, they look like backdancers, and I think it is because they are not dancing with the energy they should. They look like they are just doing their job like a regular one, they don't seem to have the same passion they had when they debuted.",16,1733582467,TWICE_Strategy
m0vicsu,kpop,"funniest shit! Tzuyu MVP. sucks MISAMO isnt here.

poor Jeongyeon. had to taste the wrath of their ambitious maknae.",11,1733582915,TWICE_Strategy
m0vm02k,unpopularkpopopinions,"I am not going to talk about anyone other that NMIXX, since they are the only JYPE group I follow. I don't know about music ITZY and TWICE get, neither do I particularly care at the moment. 

I don't know why your first argument was their debut, when all I have argued for is their recent title tracks. I literally mentioned that their debut killed their hype, what I'm saying is that their newer music is a lot better thought out and a quite large portion of the ""NMIXX have bad music"" narrative stems from people who settled on an opinion after their first few releases. 

Secondly, everything you have written is about the popularity and marketability of the music rather than the music itself. I can easily agree that NMIXX's music is not very GP-friendly, and therefore serves as a hinderance to their popularity. However, you have still not put out any proper argument for actual ""poor"" or ""mediocre"" *songwriting*. The way you have put it, what is popular is good music and what isn't popular is mediocre and bad, which I'm sure you realize is a pretty flawed argument.",5,1733584188,TWICE_Strategy
m0vmwgk,unpopularkpopopinions,"This comes across as a praise post instead 😆


Jihyo dances precisely as she should. My personal complain has always been that the *other members* have a lacklustre dance style. Nayeon might be the only one to me who reaches the right energy for the dance performances apart from Jihyo.",12,1733584498,TWICE_Strategy
m0vn8gk,kpop,"I've seen the other choreography video a few times now and I really love this choreography. More than anything though, I just can't get over that kick. 

Tzuyu is standing out to me, the more I watch the choreo. This is my favourite Twice comeback in a while.",48,1733584613,TWICE_Strategy
m0vqqfd,kpopthoughts,"D.O. - Mars   
Baekhyun - Rendez-Vous   
IVE - Blue Heart  
TWICE - Rush    
YENA - NEMONEMO  

These songs are just all so catchy to me, also I'm biased in that it's been so nice to see Yena break through with another hit again.",1,1733585800,TWICE_Strategy
m0vvhka,unpopularkpopopinions,"Over dancing and dancing with more energy are 2 different things in my opinion. please dont come at me with the comparisson. This is a civil discussion. 

Over dancing changes a few points in the dance. For example, Ahyeon in Babymonster's case. Her case was that she did some movements extra sharp while the others dont. Which looks great for a solo but not as a group. As those small points need to be discussed as a group to make a routine smooth when you look at the group performance as a whole. 

Meanwhile, Jihyo doesnt change the general performance aspect of the dance but just does it with more energy. She doesnt over extend her lines (as in arms and legs) either even if she does it with more energy. 

This is a general comparison. Obv, Babymonster and Twice dance genres are a bit different.",12,1733587378,TWICE_Strategy
m0vwigy,kpopthoughts,"Added my list of favourites from 2024. I know it’s not 5 so I added it as a reply to my comment but when I look back, there’s just too many. 

Gg

Babymonster - forever

Babymonster - drip

Loosemble- talk to you later

Red velvet - cosmic

Mimiirose - the flower that swayed

Rescene - love attack

Itzy - imaginary friend

Nmixx - love is so lonely

Kep1er - shooting star

Triples - girls never die

Wooah - blush

Qwer- tbh

Bg:-

Onf - bye my monster

Pow - Valentine

Bang&jung&yoo&moon - gone

Cix - lovers or enemies

Zb1 - good so bad

Wayv - give me that

Nomad - automatic

The wind - h!teen

Dkb - flirting x

Lun8 - superpower

Xodiac - heyday

Waker - atlantis

The wind - hello, my first love

Treasure - King Kong

Dragon pony - pop up

Nct127 - walk

Vanner - blossom

Xdinary heroes - night before the end

A.C.E - just better

Bnd - nice guy

Nct dream - rains in heaven

Soloists:-

Kim nah young - far from home

Tzuyu- run away

Ten - nightwalker

EaJ- even when the rain stops

Rose - apt

BIBI - bam yang gang

Lisa - new woman

Corbyn - before I

Wonho - what would you do

Yuqi- freak/ could it be

Bobby - moon

Chungha- I’m ready

Cha eun woo - stay

IU - love wins all

Solar - love has gone

Others:-

Akmu - hero",5,1733587718,TWICE_Strategy
m0w07lq,unpopularkpopopinions,"I see what you're saying and I actually agree with the fact that the others tend to under-dance, but I wouldn't go and assume that it's because only Jihyo likes her job while the others hate it. Never judge a person from their facial expression, if you saw me you'd think I hate myself, my family, you and the entire universe lol

Twice started as a group with a certain style and certain choreos, cute, with elegant but not big moves. These recent years they moved to more complex choreos, but I believe that some members didn't get used to this switch or can't always keep up with it.",9,1733588925,TWICE_Strategy
m0w53bc,kpop,This was TZUYU revenge on JEONGYEON for try to leave her on the train in TWICE private life,13,1733590471,TWICE_Strategy
m0w6qwa,kpop,"Can't get enough of this song's choreo!!! Might go on a tangent, but I love the natural progression and evolution of TWICE's music and artistry. Even with a subtlely more mature concept in comparison to their previous eras, they haven't lost the essence of what makes them TWICE.💖",22,1733590990,TWICE_Strategy
m0w7e39,kpop,i could watch jihyo do the kick for hours and hours,18,1733591195,TWICE_Strategy
m0w7fh0,kpop,jihyo please kick me,6,1733591207,TWICE_Strategy
m0w7id5,unpopularkpopopinions,I love Nayeon but you can see her effort level dynamically change based on how close to the center she is. My unpopular opinion is that I love that. I genuinely enjoy idols giving me nothing on stage. Sooyoung is my queen.,3,1733591233,TWICE_Strategy
m0w7y9g,kpop,"Tzuyu is beyond hilarious in this one, just another level",12,1733591375,TWICE_Strategy
m0wa0ij,kpopthoughts,"- ABCD by Nayeon

This was actually my #1 song on my Spotify Wrapped for the year.  If I had to explain to someone what type of artist Nayeon is, I'd just have this song go on.

-  Groin by RM

RPWP is the RM solo album I've been waiting for.  Groin is a fairly simply built song with just RM just rapping over a beat.  It's funky with some good stank to it.  It's also fun to just sing along to ""GET YOUR ASS OUT THE TRUNK!""

-  Cosmic by Red Velvet

I picked this year to finally dive into Red Velvet and Cosmic was my first release as a fan.  Wendy's bridge is those levitating moments.

-  Mr. Vampire by ITZY

I absolutely love this sound from ITZY.  It's a sound I've always wanted them to explore and they delivered.

-  Sticky by Kiss of Life

~~Julie on the bike in the MV.~~  I got interested in Kiss of Life after Julie featured on Nayeon's solo album.  This was the first release and it became my summer jam.",4,1733592041,TWICE_Strategy
m0wd88z,kpopthoughts,"this is a hard one, we got a lot of great songs this year!! i’ll list 10 to make it easier for myself lol

1. magnetic - illit
2. cherish (my love) - illit
3. good so bad - zerobaseone
4. i got you - twice
5. last festival - tws
6. supersonic - fromis_9
7. like it like it - twice
8. xo (only if you say yes) - enhypen
9. heya - ive
10. cosmic - red velvet

**honorable mentions**: strategy - twice ft megan thee stallion, one spark - twice, sweat - zerobaseone, no doubt - enhypen, moonstruck - enhypen, deja vu - txt, over the moon - txt, i’ll see you there tomorrow - txt, blue heart - ive, rush - twice, lucky girl syndrome - illit, dear eclipse - zerobaseone, run away - tzuyu, abcd - nayeon, armageddon - aespa, hey! hey! - tws

i could on even longer, i loved so many songs this year!

this was a year for girl groups, we got so many amazing gg songs",4,1733593064,TWICE_Strategy
m0x47xi,kpopthoughts,Strategy is title track material even without Megan's part. I love the beat and how energetic it is. I agree that it's very Twice! I'm so glad Chaeyoung suggested they change it because it's their best title track since Talk That Talk imo.,23,1733601585,TWICE_Strategy
m0xbc5u,unpopularkpopopinions,"Have been following them since 2018 and went to their concerts, and I never really understood this. While I agree that Jihyo is the most consistent and is the most energetic, Idk why some ppl keep saying the rest don't have the same passion or look like they don't wanna be there when some member actually performs way better compared to when I saw them back then. Like I don't think it's fair when JY pushed herself to their concert and struggled to keep up with the girl in their concerts only to label she doesnt wanna be there when she could have continued her hiatus.",9,1733603933,TWICE_Strategy
m0xda9n,kpopthoughts,"My suspicions:  
Kevin(The Boyz): Gay or Bi  
Han(Stray Kids): Pan  
Lee Know(Stray Kids): Gay  
Hongjoong(ATEEZ): Bi  
Seonghwa(ATEEZ): Pan  
Momo(TWICE): Lesbian  
Sana(TWINCE): Bi  
Ryujin(ITZY): Bi  
Yuna(ITZY): Lesbian or Bi",-7,1733604576,TWICE_Strategy
m0xn042,kpopthoughts,"Using my spotify wrapped just on which ones I repeated over and over

1. ABCD - Nayeon
It's just a great song imo. I love the prechorus its so pretty, the catchy chant of ""abcd"" following into the hard hitting chorus. Honestly it makes me feel hot and I love singing along. Also it's so fun to sing the first half because Nayeon's voice is so much higher than mine and It's low enough to sing!! 

2. I Got You - Twice
It makes me feel better. ""We'll make it through just like we always do"" so I play it whenever I need to force myself to do something or I'm going through something really tough. Tldr, I've been through a LOT and made it through so it hits home and comforts me a lot.

3. I'm Ready - Chungha
Its just catchy really. I love the ending where you get the nanana's and chorus together. The choreo is fun and I just have fun.

4. One Spark - Twice
Kind of similar to I Got You where it makes me feel better, but also I just really like it as a fun pop song. Puts me in a good mood, I love to sing along the prechorus sounds soo pretty with Mina and Tzuyu singing it. The more explosive end to top it all off. Just a fun song.

5. Heya - IVE
It's so fun and catchy and I love it. The mv is gorgeous and it's so easy to just get into it. The prechorus just lures me in to the song. It's the siren to the sailor it sounds so good. An underrated part is the bridge with Leeseo it gets the blood pumping. The drums banging and the melody sung is just sooo good. There's not a lot going on but it's always been my favorite part of the song that I can't help but replay 10 times.

Honorary mentions

Ice Queen - Ive
Flowers, Flutter, Your Heart and Shooting Star- Kep1er 
Dear ECLIPSE - Zerobaseone",5,1733607787,TWICE_Strategy
m0xuu1p,unpopularkpopopinions,"But also, this is just good energy management. That's not very important for a single stage, but for concerts and pre-recording where the dancing can go for hours, knowing when to best put your energy is smart. It's great if you can go full speed like Jihyo does the entire time, but if you can't, doing it like Nayeon does is a great idea.",9,1733610375,TWICE_Strategy
m0y1r6k,kpopthoughts,"Mina (TWICE) - Ketchup or EXO

Tiffany (SNSD) - Taeyeon

Irene - Beyonce or Seulgi",3,1733612728,TWICE_Strategy
m0y4gc8,kpopthoughts,"For soloists, the most talked about influences would be Lee Hyori’s U Go Girl -> Hyuna’s Bubble Pop -> Nayeon’s Pop.

SNSD’s I Got a Boy had obvious impact. I remember fandom being divided on whether we even liked the song, and then suddenly there was a whole era of disjointed songs lol",7,1733613679,TWICE_Strategy
m0y4idt,kpop,"It could be something out of Jype's control but we don't know yet, Twice and Skz did renew but we heard horror stories like Momo's ice cube diet as a trainee, it is possible they endure things just because that's how they were raised and the Vcha girls being from a different culture had enough of it but we won't know",78,1733613699,TWICE_Strategy
m0y5ept,kpop,"Given what we have heard from TWICE about the diets and stuff they were put through... especially Momo, this doesn't surprise me. Some JYP artists have good experiences and like the company or JYP himself but so many JYP artists have struggled with intense diets and ED. Doing that to young teens is abhorrent. Moms thought she was going to die from dieting sometimes before debut. We still see members of JYP groups losing a lot of weight. We don't see everything and an eating disorder alone can lead to an attempt, forget all the other potential for abuse when you have young girls being managed by a bunch of older men and women.",153,1733614014,TWICE_Strategy
m0y5fbf,kpop,"Also it’s mentionable that TWICE are industry seniors and major financial assets, while VCHA, if I had to guess, are financial strains to the company. I’m unsurprised they were treated so harshly. That’s unfortunately typical.",35,1733614020,TWICE_Strategy
m0y62s2,kpop,"People seem to forget about some of the intense dieting and stuff TWICE has spoken about in interviews. Momo said she felt like she was actually going to die dieting before debut when she did not eat for a full week. I've gone through a week without food due to health issues that wouldn't let me ingest food and I ended up fainting and forced to get IV in the hospital. People really don't realize the extent of which these companies can control and abuse these girls down to their diets. For young girls especially, it effects their life forever and JYP is definitely not an exception to kpop's terrible relationship with diet and body.",46,1733614250,TWICE_Strategy
m0y8ih3,kpop,"I was just reading the summary documentation and I was just thinking about Twice and how intense it was. And the Momo ice diet and how she thoughts she'd die in her sleep. With how much these companies hide, I was wondering if they do actually earn good money with how controlling these companies are. It was said she was working 12 hour days and wouldn't be paid after 6:30pm but still have to train until one or two in the morning, only to be paid $500 a week and still be in debt for around half a million. And they were even being told not to eat and being watched without their knowledge, it's sickening!",18,1733615154,TWICE_Strategy
m0y90tn,kpop,"which makes me wonder if Kaylee tried to settle with the company and they refused? seeing how big KPOP is now, i'm surprised they didn't settle. this will tarnish JYP's brand, for sure.

i am not surprised by the her leaving, I'm surprised that this was happening at JYP. I knew HYBE, SM, YG has had their scandals and are pretty scummy but JYP? this shocks me. I really thought they were squeaky clean esp how all 9 twice members renewed and they stood by Jeongyeon when her health issues came up",39,1733615348,TWICE_Strategy
m0yajtl,kpop,"Jihyo told a ""funny story"" where she was eating a hamburger in a bathroom stall and ran into another member doing the same thing. Baekhyun mentioned that after performing, EXO would receive a pittance of sushi, which was rationed out to each member getting two rolls. These companies never have and never will see idols as amything but tools to make money with. It's not just small companies. It's not just Korean groups. Abuse is the industry standard.",244,1733615916,TWICE_Strategy
m0yf3yk,unpopularkpopopinions,Genuinely no hate but proceeds to say that Jihyo is too much and tell that she is overshadowing all the members? Grow up.,-1,1733617604,TWICE_Strategy
m0yj94c,kpop,"Nah, I don't think they're squeaky clean per se. Improving yes, but squeaky clean, No no.

Let's not forget that intense diet routine they enforced to TWICE members in the past.

Remember that clip where Momo talked about eating Ice cubes back in the day",65,1733619128,TWICE_Strategy
m0yk2t9,kpopthoughts,"In no particular order

1. Yugyeom - [Summer Blues](https://youtu.be/uHu4stmV468?si=t6RJlDlDug8X5STv)   Song of the year for me. Easily one of Chancellor's best written songs and one I never get tired of listening to. The melody finds that happy medium between happy and sad, and Yugyeom's vocals are just heavenly. I feel like if this song had been released by a western artist, it would have made it big in the music scene. It's that good.

2. Nexz - [Hard](https://youtu.be/2ThCMSt1E6s?si=AE6UG8JGuwc7ik7m)   The beat on this song goes hard and I love the transition into the r&b section in the middle of the song. I haven't been this impressed by a music video in a very long time and the choreography is insane. I recommend checking out the [live performance](https://youtu.be/DP6-Xxln3y4?si=aEJPQzKMKxgucRAi) as well. Do you know how satisfying it is when a group can dance in sync? It's only a matter of time before these boys blow up.

3. NiziU - [Always](https://youtu.be/zvlJEkFiWFs?si=YIJ4YZabdxo3nrZ9)   Japanese ballads are really something else. NiziU has one of the most underrated vocal lines and this song just shows what vocal beasts they are.  Whenever the song reaches its climax, I feel like my heart is going to burst into a million pieces. I've never had such a visceral reaction to a song before. 

4. Itzy - [Imaginary Friend](https://www.youtube.com/watch?v=X0Tza9ND2Bw)   I love the indie rock vibe of this song and I want more of this sound in kpop.

5. Nmixx - [Passionfruit](https://youtu.be/v7rfkLyeTzs?si=mL-S9ldwNHvTUxaY)   There's something so addictive about this song and the vocals are beautiful.

Honorary mentions

Jay B - [Cloud Nine ](https://youtu.be/oPvOCKjnLjo?si=cAbX-cijS6r3FiCK)  *Let's put on that r&b song, cuz I'm about to freaking love you all night long.* Many babies will be conceived to this song. Our r&b king is back

Itzy's Ryujin - [Run Away](https://youtu.be/s811h4d8Pos?si=osSCL_JFp0i0q5qk)   I will never get enough of Ryujin's vocals 

Twice - [Like it like it](https://youtu.be/Z-hpRjpFmmU?si=YzanRIoiE_djewB5)   Twice's best b-side of the year. Jihyo's vocals in the first pre-chorus sent me flying",5,1733619433,TWICE_Strategy
m0yktou,kpop,"The 24/7 surveillance thing isn't even news, we've heard other JYP artists talk about it in the past. Don't quote me on this (it'd take me a while to dig it up), but I believe it was members of TWICE and Itzy that were talking about hiding from the cameras using blankets so that they could eat.",110,1733619701,TWICE_Strategy
m0ynzhj,kpop,"Here's the thing, they aren't even really that hidden. Think about Mina's hiatus, Jeongyeon's hiatus, Han's hiatus, Felix's back injury, Jihyo's stories of food restrictions... Wasn't it JYP who once called SNSD's Tiffany fat?

This industry is a meat grinder and it really only works in Korea. Trying to port those insanely abusive condition to the US is genuinely baffling. Did they not consider we have labor laws and protections? Especially for minors in the entertainment industry?",161,1733620886,TWICE_Strategy
m0yoi9m,kpopthoughts,"I'm not even surprised. I think people that wanted to believe jyp was the best among the Big4 will be tough. Felix on Bubble is always talking about food restrictions and diets, either he is dieting because of an illness (I don't know if his back problems has anything to do with food, I don't think so) or he has an e.d. 
I know people suffer in a different way. But I recently knew I had an e.d and started to wonder how many idols have it, the way they speak about food didnt worry me until I started getting treatment and realised it's not normal

I'm not a twice Stan but also remebered about Momo and her diet, she only ate ice for a week and she told that she was so scared of not waking up. 

So no, jypapi with his organic food cafeteria and lectured is not any better (I know he is not the CEO anymore but)

But I'm glad she spoke about it. She filed a lawsuit directly. About the other thing she told... I know Koreans suffered from that but I wonder if in this case it had anything to do with ethnicity",59,1733621087,TWICE_Strategy
m0yrscr,kpopthoughts,"It's more of a Staff abuse and trying to use a Asian standard on a Western person, I wouldn't say it's not wrong, and as I'm seeing it, the division VCHA is under is really corrupt, JYPE has a lot of divisions and each of it has their own problem, and for the fact that JYPE actually received the anti corruption certification, the misreporting will be investigated I assure you that.


And also I don't want to compare but with skipping meals I think JYPE Korea is already beyond that it's prevalent before specially with TWICE but we can look at JYPE latest girl group NMIXX, all of them look healthy, they don't look scrawny at all, and the last two who had eating disorder which is a NiziU member was mainly because of Anxiety and societal expectation while Yuna had it initially as she was dieting so hard to achieve her current figure.


Don't think I'm defending the company, i still Blame JYPE cause they let this happen, specially the gorilla himself he should have been more hands on with VCHA because he's the one who created it but once they debuted, he then proceeds to ignore them at all. But my whole rage right now is directed to the Staff and division they are under in, cause they are the one who directly made this happen.


Don't get mad at me but your last sentence made me chuckle, everyone who follows JYPE groups knows that JYPE is really really I mean really bad with PR, they suck. They rather keep the money they got from their artist than to do a PR at all.",6,1733622343,TWICE_Strategy
m0yuxen,kpop,"I remember that at least one member of Twice was told she wouldn’t debut unless she dropped a ton of weight fast (might have been Momo and the ice cube “diet”).

But I thought they might have changed for the better. Silly me.",86,1733623565,TWICE_Strategy
m0yve0d,kpop,Iirc Momo said that she was told she had to lose a specific amount of weight within a week in order to debut with Twice so she didn’t eat or drink anything but ice cubes for days (while intensely practicing) and was scared to fall asleep because she thought her heart would stop,21,1733623742,TWICE_Strategy
m0z1qi5,kpop,"Theres videos of staff harassing Jihyo for being ""fat""or whatever, and even JYP himself making Itzy cry in the studio.",18,1733626276,TWICE_Strategy
m0z8rv5,kpop,"This is such a fun choreo, love the domino effect part when Jihyo is walking past 😋",2,1733629182,TWICE_Strategy
m0z9ia9,kpop,"JYP will probably lose a shit ton of money from this fiasco too. Get ready for another World Tour, TWICE!",70,1733629488,TWICE_Strategy
m0zgsgk,kpopthoughts,"Based purely on observation, NMIXX doesn't seem like they've been under any strict dieting, and TWICE have also mentioned that they can pretty much eat whatever they want now. I know Yuna had some weight issues but those were more personal restrictions than anything.

So I'm just taking a guess that it's the division/staff directly handling VCHA and I'm hoping JYPE take action and sort this shit division out.",2,1733632574,TWICE_Strategy
m0zl4f7,kpop,"Oh, no. I don't doubt that this behavior is also encouraged in JYP Korea. TWICE themselves have spoken up many times about the terrible conditions they were put through, and Momo even commented she thought she'd die in her sleep due to the extreme dieting. Not to mention the terrible things JYPE did [to GOT7](https://www.reddit.com/r/kpophelp/comments/krg4qr/comment/gi9se0t/). I think JYPE is just better at hiding it.",7,1733634427,TWICE_Strategy
m0znwnm,kpop,"I honestly thought about GOT7 while writing my comment! I don't understand why suddenly everyone try to portrait JYPE as the ""better"" company when they are known for mistreatment of their idols as well, we just weren't able to see how deeply disturbing that mistreatment really is. 

Some of the problems that KG mentions were already mentioned by Twice members years ago, like extreme diets and controlling what and when they ate. They even told a story about pulling their food delivery through a window in a basket or something because there was a camera in their door specifically to prevent them from getting more food! No need to even mention the infamous Momo situation when she ate only ice.

JYPE seriously has to have a PR team working overtime. And most likely a long list of silent settlements between the mistreated idols and the company.",6,1733635715,TWICE_Strategy
m0zzab3,unpopularkpopopinions,"Hi, we are all having a civil discourse, no need to use phrases like “grow up” to get your point across. I actually 100% agree with you though regarding this not being something she needs to change at all after reading comments. I appreciate other comments also pointing out the fact that it should be other members stepping up rather than Jihyo having to dull her shine. As mentioned in my original post, she is incredibly talented and passionate, there’s absolutely no argument there, that only speaks to the type of individual she is and the idol she is. She is all passion and love.",2,1733641859,TWICE_Strategy
m10145u,kpopthoughts,"Momo was once told to lose so much weight in a week she resorted to only consuming ice and thought she was going to die. Bangchan got in trouble for sneaking Twice members food. Just because Twice can eat whatever they want now doesn’t mean it was always that way or the JYP KR is safe. 

Yuna is not the only one in Itzy with weight issues, just look ik how Chaeryeong talks about her weight and the sweat suit she bought herself to lose more weight. NMIXX undoubtedly experiences the same things.",7,1733643001,TWICE_Strategy
m10273d,kpopthoughts,"2016, I think. Not only because it's the year I got into K-Pop, but the releases were also, frankly insane. You had BTS getting more popular and the release of Young Forever and Wings. You had EXO releasing EX'ACT and the LOTTO repackage, includingmy favouritesongsby them. TWICE was taking over with TT and Cheer Up. VIXX had their Conception trilogy. There was just so much good music.",10,1733643697,TWICE_Strategy
m105jlt,kpop,"I completely agree that JYP should have a better understanding of U.S. laws and culture. What I originally wanted to say is that this reflects a very peculiar system in K-pop overall—they operate on the idea of “invest first, earn later,” meaning idols need to pay back all the costs before they can start making any profit. As for working hours, if you calculate based on hours worked, many South Korean idols are earning far below the minimum wage.

The most profitable income sources for idols are concerts and album sales. Since the Vegas concert belonged to TWICE, I believe VCHA’s share of the profits from it must be very small. On top of that, there are the costs associated with producing the survival show. So, under this absurd system, it’s not surprising that they’re earning so little right now.

But again, I do not agree with this system. I’m just trying to express that this issue isn’t exclusive to VCHA. As KG said, it’s a problem with the entire K-pop industry.",5,1733645899,TWICE_Strategy
m106fls,kpop,"Now I’m wondering about those times when Chaeyoung would chop off all her hair and say she did it without telling the company and they’d be mad at her but she didn’t care, I always felt like there was no was that happened and they planned it to make them more relatable, everything in Kpop is so calculated and controlled it’s crazy",0,1733646501,TWICE_Strategy
m106oss,kpop,I can 100% believe this because Twice most definitely went through this as rookies. Momo’s ice story alone proves this and she couldn’t have been more than 16 or 17 years old at the time,5,1733646671,TWICE_Strategy
m106qhe,kpop,Mentioned this in another comment: I can 100% believe this because Twice most definitely went through this as rookies. Momo’s ice story alone proves this and she couldn’t have been more than 16 or 17 years old at the time,19,1733646702,TWICE_Strategy
m107hie,kpop,"Top Artists:

1. Kep1er
2. Stray Kids
3. EVNNE
4. TWICE
5. NMIXX

Top Songs:

1. EVNNE - K.O.
2. NMIXX - See That
3. Kep1er - Flowers, Flutter, Your heart
4. ILLIT - Magnetic
5. Babymonster - Batter Up (7 ver.)",3,1733647209,TWICE_Strategy
m108cai,kpop,"Hope all the members are getting the support and love they need right now, this is horrible. Huge props to KG for speaking out. I saw them perform in March at the TWICE Vegas concert, it’s heartbreaking to think this was going on behind-the-scenes while they were so bubbly and excited on stage :(

Not that this mistreatment would be OK with adults, but this really solidifies for me the fact that minors should not be debuting. Hope we see a change in regulations that offer idols better protections.",8,1733647792,TWICE_Strategy
m10erc3,kpopthoughts,"I’m bewildered by that black and white thinking about JYPE or any company.

JYPE is a K-pop company. As such, the company will pursue similar goals bound by similar rules. That still doesn’t discredit them as being the best choice for Twice, especially considering what has transpired with other K-pop companies.

Anyone who has actually read KG’s statement will understand that the criticism is directed at the whole K-pop industry. How often have we been debating issues like misogyny, the overworking culture in Korea and the impossible unrealistic standards?

The company is no family, no company is, and JYP himself might be weird but it’s the best company currently available for idols.

We can even go back to Sixteen to get a clear picture about JYP/E within the idol industry. Weight has always been a huge factor for female idols. It was so normal to rip on Jihyo for her weight, she got constantly criticized and it would have been deemed as fair game to not debut her because she wasn’t able to manage her weight and by extension, herself as an idol. However, JYP brushed it off and prioritized other aspects such as skills and character. Jihyo had a fixed position in Twice right from the start.

What about the greedy industry aspect of debuting children who would definitely make you money? He could also have debuted Somi, who clearly was a star even back then, but considered her age. Debuting also means you will have to deal with all the other aspects that cause mental health issues. Sulli comes to mind. Somi would have been a great addition to Twice but her debut was delayed until she was older to deal with the many aspects of idol life. We also recently heard from JYP that education is mandatory for trainees because he can’t guarantee that everything will pan out for those kids so at least they’ll have a plan B.

Lastly, mental health. Before JYPE it was unheard of to get a mental health break. Your career was basically over if you can’t deal with the idol pressures that come with overworking to stay competitive in this market and the unrealistic expectations placed upon you. Yet both Mina and Jeongyeon had theirs and came back happier and more confident than before.

Right now Twice and JYPE are actively pushing the industry forward by setting an example that you can invest in a girl group that is pushing their 30s, give them good contracts where they actually earn ~70% of what they work so hard for instead of the common slave contracts, expand their market overseas, keep them active like the most in-demand active girl groups.

So while I understand wishing that the industry would improve, I don’t get how dragging JYPE/boycotting Twice’s comeback would achieve anything else than setting the industry back by punishing the two main players who actually advocate for better conditions in the industry.",-38,1733652126,TWICE_Strategy
m10oisl,kpop,"Omg, Tzuyu oppa.",10,1733658581,TWICE_Strategy
m10tjpv,kpopthoughts,"Yes I know about those stories involving TWICE, but those were during their trainee/earlier days. It's a bit different now that they're established artists, which is what I was talking about specifically.

I don't follow ITZY that much so I only talked about Yuna, but that's sad to hear about Chaeryeong. I do hope NMIXX aren't experiencing anything of the sort but it also wouldn't surprise me if they came out with similar stories. The industry is brutal and unfortunately I doubt KG's case will change much of it, which is frustrating.",5,1733661531,TWICE_Strategy
m10tz1h,kpopthoughts,"I've replied to someone else but I'll try and repeat it here.

I am aware that is not always the case (with TWICE) that's why I said they could eat whatever they want now. I know the stories they had when they were trainees as I've been a fan since SIXTEEN. 

I'm aware of the insecurities and just general issues in this industry. I was only saying purely on observation, none facts, and a side of hopeful optimism that maybe there's an improvement somewhere.",4,1733661760,TWICE_Strategy
m10ymf9,kpopthoughts,"As an innocent boy? Probably 2011—2012. That was first time I was actively aware I was listening (and watching) K-pop despite having listened to it and that was when Gen 2 was at its' peak: Super Junior's Mr. Simple, SNSD's The Boys, 2PM's Hands Up, 2NE1's second album, BigBang's Alive EP, Gangnam Style, Beast's Fiction, SHINee's Sherlock, and other timeless hits.

As a grown adult? 2022 was popping with all the star rookies (IVE, Kep1er, NMIXX, Le sserafim, NewJeans) and tours started back again in full swing following the pandemic (consequences are its own story, though XD). BTS broke the news that they were taking a group hiatus and began their soloist era,(G)I-DLE returned stronger than ever after losing Soojin, Blackpink released their second full album (Pink Venom dropped on my birthday lmao) then went straight into touring, Twice renewed their contracts, solo debuts from Seulgi and Nayeon among others—everyone from 2nd to 4th gen was firing on all cylinders that year. Perfect blend of emerging talent and senior groups reuniting.",2,1733664025,TWICE_Strategy
m11df9l,kpopthoughts,"What if Jihyo stayed at SM?

What if j-hope left the group for good?

What if Jung Kook went to any of the other 6 companies that gave him an offer?",1,1733670152,TWICE_Strategy
m11mmqi,kpopthoughts,"Moonbyul is always top of my list haha, especially Eclipse era 😍
Minnie, Chaeyoung, Ryujin and Isa in their Fiction cover (but also in general)",4,1733673365,TWICE_Strategy
m11p57u,kpopthoughts,jihyo. why? have you seen jihyo?,19,1733674182,TWICE_Strategy
m11t1n1,unpopularkpopopinions,"Of course, that is why I said ""they seem"" and not ""they are"", because we will never know. On the other hand, I'm not really judging their faces when they are NOT performing, I'm talking about what I feel when I see them perform (singing and dancing), because when you perform you have to use your face to follow the concept of the song. It would be very weird to see an angry face with a song like ""cheer up"", just to put an example, even if you are happy, if your face looks angry, you have to practice to make sure that you are looking happy if you sing a happy song (and the same goes if your face looks too happy when you are singing a very sad song) 

Also I don't think it happens always, just sometimes, and since this is the ""unpopularkpopopinions"" place, I just found this discussion very interesting and I just wanted to share that if I had to choose if Jihyo over-dancing VS the rest under-dancing, I think it would be closer to the rest of the members under-dancing. 

But again, I don't think it is too serious to the point of being dissapointed with them. At the end of the day, it is their job and they have been working on the music industry for many years, it is more than normal that they don't always dance like when they were rookies and had all the pressure on their shoulders.",1,1733675441,TWICE_Strategy
m11vt1z,kpopthoughts,"Jihyo, Siyeon and recently Chaewon,,, i dont really know much about them it's just based on vibes",6,1733676327,TWICE_Strategy
m11vybt,kpopthoughts,"Jihyo, Nvee, Jiwoo (KARD), Ailee, Hani, Yezi and the AOA girlies",4,1733676372,TWICE_Strategy
m11w1s1,kpopthoughts,off the top of my head it has to be jihyo and momo!,8,1733676403,TWICE_Strategy
m120kzw,kpopthoughts,Mother jihyo,14,1733677851,TWICE_Strategy
m1227dt,kpop,"Adding a couple more examples, such as JYPE's treatment of [Wonder Girls in the US](https://www.koreatimes.co.kr/www/art/2024/11/688_65748.html), [GOT7](https://www.reddit.com/r/kpophelp/s/DqaWNoXD8a), and [Twice](https://www.asianjunkie.com/2018/05/14/momo-didnt-eat-for-a-week-to-cut-weight-as-ordered-other-twice-members-share-their-stories/).",11,1733678368,TWICE_Strategy
m1239oa,kpop,"They were *definitely* doing the same stuff as they do back in Korea (remember [TWICE](https://www.asianjunkie.com/2018/05/14/momo-didnt-eat-for-a-week-to-cut-weight-as-ordered-other-twice-members-share-their-stories/)?), and actually, stuff they've [already tried to pull in the US before](https://www.koreatimes.co.kr/www/art/2024/11/688_65748.html).",10,1733678706,TWICE_Strategy
m124zo3,kpopthoughts,"Oh my god my list could go on forever -

Winter & Karina from aespa
Ryujin & Yeji from itzy
Yujin from IVE
Rosé - Blackpink
Chaewon and Yunjin from Lesserafim
Jeongyeon, Jihyo and Sana from Twice
Yuqi and Minnie from (G)-Idle
BIBI - soloist
Julie & Natty from KIOF
Sunmi - Soloist/Wonder Girls
ChungHa - Soloist/IoI
Lily - Nmixx
Moonbyul & Hwasa - mamamoo
Taeyeon - soloist/Girls Generation
Somin & Jiwoo - KARD
Chuu - Soloist/Loona
SinB - Gfriend/Viviz

I still think there are artists I'm forgetting. To be fair, I'm queer, and these are all artists who, everytime I see a picture of them or an interview with them, I genuinely find myself focusing on only them.",3,1733679260,TWICE_Strategy
m125bdy,kpopthoughts,"Sakura, Jennie, Ryujin, Tzuyu, I could go on and on lol",5,1733679360,TWICE_Strategy
m125hed,kpopthoughts,"Yuqi 😍😍😍 she's what I would say is my ideal type  
and Jihyo as well. These two are just perfect in every way imo.",1,1733679412,TWICE_Strategy
m125ir6,kpopthoughts,"Yuqi 😍😍😍 she's what I would say is my ideal type  
and Jihyo as well. These two are just perfect in every way imo.",8,1733679424,TWICE_Strategy
m126289,kpopthoughts,"- Hwasa 
- CL
- Momo
- Sana
- Jihyo
- Yunjin
- Winter
- Wendy 

I love women",5,1733679592,TWICE_Strategy
m129aaq,kpopthoughts,"shuhua, ningning, jihyo, natty, and julie bc i am Gay",5,1733680602,TWICE_Strategy
m12c7ou,kpopthoughts,"Joy, Nayeon, Hyeju, Sunmi & Karina",2,1733681510,TWICE_Strategy
m12c7y8,kpopthoughts,"Joy, Nayeon, Hyeju, Sunmi & Karina",3,1733681510,TWICE_Strategy
m12d29t,kpopthoughts,"Momo, Sana, Jihyo, Hwasa, Moonbyul.",6,1733681769,TWICE_Strategy
m12dk8e,kpop,"I still remember being shocked about what Twice Momo revealed. I had hope things have gotten better behind the scenes but that's obviously not the case. I wonder if anything will really change for the better but more scrutiny on one of the biggest kpop company surely will help.

I think JYPE made major mistakes with this venture. The biggest was the age range. Way too young to try to debut in such a short time, which leads to all sort of issues (psychological,  etc). I thought they were following CA child labor laws and maybe they were during the show but it sounds like the people left in charge of the girls were not. I don't know if this is a lack of training for the employees or they knowingly violated the laws.",14,1733681923,TWICE_Strategy
m12gk9g,kpopthoughts,"JIHYO !! I find her really good looking, she’s talented plus I love her figure. Now I personally don’t want to be that size, but watching her does motivate me to regularly exercise and keep in shape",9,1733682831,TWICE_Strategy
m12m1hn,kpopthoughts,Momo and Jihyo! Seeing so much love for Jihyo here 🧡,12,1733684496,TWICE_Strategy
m12m687,kpopthoughts,jihyo,7,1733684536,TWICE_Strategy
m12p2c5,kpop,"Summary pt 2: 

 An entertainment industry organization (afaik please correct me if I’m wrong) published a document showing support for Yoon’s impeachment. Semi from Cignature and Suga from BTS added their names to the petition. 

Other names that could be idols spotted on the list (but likely to be just other people with the same name) - I’m not very familiar with boy groups or nuguish groups pre-2020 so might be missing some people: 

Source: https://x.com/vagabond_sy/status/1865214272512626810 (says film but includes other entertainment industries)

Lee Minho: (Shinee, SKZ Lee Know)

Kim Jiwon: 8 people, (Liz from IVE, Cignature Jeewon)

Lee Chaeyoung (STAYC Isa, Purple Kiss Chaein, fromis_9)

Lee Sunmi

Blackpink: 6 Kim Jisoos 

Aespa: - 5 people named Kim Minjeong (Winter) 

LE SSERAFIM: 3 Kim Chaewons (former IZONE)

NCT 127: Jung Jaehyun

Shinee: Kim Kibum (Key)

IU (Lee Jieun) 

SVT: Kim Mingyu, Lee Jihoon (Woozi)

Twice: Im Nayeon, Kim Dahyun

TXT: Choi Soobin

ITZY: Hwang Yeji

MEOVV: Kim Sooin, Lee Gawon

IZONE: 3 people named Kim Minju, Jo Yuri, multiple Kim Chaewons

ATEEZ: Choi Jongho

ZB1: Kim Gyubin

T-ARA: Park Jiyeon

Kep1er: Choi Yujin, Kim Dayeon

The Boyz: Kim Sunwoo, Lee Juyeon (there is also a Kim Sunwoo in Enhypen)

Fromis_9: Park Jiwon, Lee Seoyeon

GFRIEND: 2 people named Kim Sojung (Sowon), Jung Yerin, Choi Yuna (Yuju)

ARTMS (former LOONA): 6x Kim Jungeun (Kim Lip), Choi Yerim (Choerry)

Loossemble (former LOONA): Kim Hyunjin

TripleS: 2 Kim Chaeyeons, multiple Park Sohyuns

IOI: 4 people named Kim Doyeon (Weki Meki), Choi Yoojung

WJSN: Kim Hyunjung (Seola), Park Soobin

Purple Kiss: multiple Park Sujins (Swan)

Oh My Girl: Bae Yubin

Dreamcatcher: 5 people named Kim Minji (Jiu), Lee Gahyun, Lee Siyeon, Lee Yubin (Dami)

Weeekly: 4 Kim Jimins (Monday), 5 Lee Soojins, Park Soeun, Jo Hyewon (Zoa), Shin Jiyoon

Billlie: Kim Suhyun, 3 Kim Suyeons (Billlie Sheon), 2 Kim Harams 

Lovelyz: Park Jiwoo (Jin), Lee Sujeong 

Wooah: Kim Daeun (Wooah’s Lucy) and 3 Kim Minseos",1,1733685422,TWICE_Strategy
m12plmc,kpop,"Summary pt 2: 

 An entertainment industry organization (afaik please correct me if I’m wrong) published a document showing support for Yoon’s impeachment. Semi from Cignature and Suga from BTS added their names to the petition. 

Other names that could be idols spotted on the list (but likely to be just other people with the same name) - I’m not very familiar with boy groups or nuguish groups pre-2020 so might be missing some people: 

Source: https://x.com/vagabond_sy/status/1865214272512626810 (says film but includes other entertainment industries)

Lee Minho: (Shinee, SKZ Lee Know)

Kim Jiwon: 8 people, (Liz from IVE, Cignature Jeewon)

Lee Chaeyoung (STAYC Isa, Purple Kiss Chaein, fromis_9)

Lee Sunmi

Blackpink: 6 Kim Jisoos 

Aespa: - 5 people named Kim Minjeong (Winter) 

LE SSERAFIM: 3 Kim Chaewons (former IZONE)

NCT 127: Jung Jaehyun

Shinee: Kim Kibum (Key)

IU (Lee Jieun) 

SVT: Kim Mingyu, Lee Jihoon (Woozi)

Twice: Im Nayeon, Kim Dahyun

TXT: Choi Soobin

ITZY: Hwang Yeji

MEOVV: Kim Sooin, Lee Gawon

IZONE: 3 people named Kim Minju, Jo Yuri, multiple Kim Chaewons

ATEEZ: Choi Jongho

ZB1: Kim Gyubin

T-ARA: Park Jiyeon

Kep1er: Choi Yujin, Kim Dayeon

The Boyz: Kim Sunwoo, Lee Juyeon (there is also a Kim Sunwoo in Enhypen)

Fromis_9: Park Jiwon, Lee Seoyeon

GFRIEND: 2 people named Kim Sojung (Sowon), Jung Yerin, Choi Yuna (Yuju)

ARTMS (former LOONA): 6x Kim Jungeun (Kim Lip), Choi Yerim (Choerry)

Loossemble (former LOONA): Kim Hyunjin

TripleS: 2 Kim Chaeyeons, multiple Park Sohyuns

IOI: 4 people named Kim Doyeon (Weki Meki), Choi Yoojung

WJSN: Kim Hyunjung (Seola), Park Soobin

Purple Kiss: multiple Park Sujins (Swan)

Oh My Girl: Bae Yubin

Dreamcatcher: 5 people named Kim Minji (Jiu), Lee Gahyun, Lee Siyeon, Lee Yubin (Dami)

Weeekly: 4 Kim Jimins (Monday), 5 Lee Soojins, Park Soeun, Jo Hyewon (Zoa), Shin Jiyoon

Billlie: Kim Suhyun, 3 Kim Suyeons (Billlie Sheon), 2 Kim Harams 

Lovelyz: Park Jiwoo (Jin), Lee Sujeong 

Wooah: Kim Daeun (Wooah’s Lucy) and 3 Kim Minseos",62,1733685586,TWICE_Strategy
m130p3q,kpopthoughts,"couldn’t disagree more but they are both #1 and #2 on my spotify wrapped so that’s expected lol.

they actually surpassed my extremely high expectations as a fan of both. it’s a very “twice” song, but Megan fits in so perfectly. to me, it doesn’t feel like she’s holding back or turning it down for Twice, even though her verses are PG. most of all, it still sounds like she’s having a lot of fun, which is one of the things I love about a lot of MTS songs.

I also adore how well Chaeyoung’s and Momo’s parts flowed after Megan’s. it actually shocked me tbh.",10,1733689063,TWICE_Strategy
m130y9k,kpop,"JYPE wasn't one of the better companies. Look at what they made Tzuyu do, to apologize to CCP and Chinese nationalists. The fucking video is still on JYP's official YouTube channel.",1,1733689144,TWICE_Strategy
m135z11,kpopthoughts,"disagree.

Until Megan's part, the song has a sort of stable graph, without many ups and downs. Then Megan's part takes it up a notch. I think even Momo and Chaeyoungs parts after that are very good. second part of the song is way stronger than the beginning part.

This might be an unpopular opinion, but they should have made Megan's ""Left, Right, Do It to beat "" line the hook.",13,1733690722,TWICE_Strategy
m13727k,kpopthoughts,"I'm Bi and It's Joy from RV, Jeongyeon from twice, Miyeon from gidle and Somi, Nancy from MLD has to be mentioned too....Oh, Jinsoul from loona...I mean loona in general as group 😅

Even though these ladies are probably all straight they probably helped me a lot to realise my sexuality. 😊",3,1733691058,TWICE_Strategy
m13agj5,kpopthoughts,"Jihyo

She makes me question my sexuality ngl😭",9,1733692133,TWICE_Strategy
m13cdkt,kpopthoughts,God jihyo,1,1733692744,TWICE_Strategy
m13n9ye,kpopthoughts,"POV: Straight dude who only listens to GG and curious what people will answer:

I'm seeing far fewer mentions of Sana, Mina, Moonbyul, and Miyeon than I expected. And the fact that there are far more mentions of Jihyo and Yeji than I expected.",5,1733696316,TWICE_Strategy
m14010p,kpopthoughts,More mentions of Jihyo and Yeji than you expected? Why? I think of Jihyo and Yeji as classic girl crushes 😆,6,1733700760,TWICE_Strategy
m141knf,kpopthoughts,"Oh man, soooooo many haha....but to list some!

Ningning, Natty, Jihyo, Seulgi, An Yujin, Soyeon and Minnie, Yeji and Chaeryeong and Ryujin, Handong and SuA (Dreamcatcher), Lola and Dia (PIXY), Yuki and Dosie and Ireh and uh basically everyone in PURPLE KISS lmao",5,1733701312,TWICE_Strategy
m14239n,kpopthoughts,"Also Vision era! And Odd eye era. And OOTD era and... yes, just Siyeon.


Also Soyeon, Gyuri, Jihyo, Solar, Hwasa, SunB, Sunmi, Yeji, CL... why is everyone so damn attractive and talanted!",2,1733701494,TWICE_Strategy
m142b0k,kpopthoughts,"Definitely recommend the b-sides to Nayeon's solo albums

Heaven ft. Sam Kim

Sunset

All of Nothing

Butterflies.",1,1733701571,TWICE_Strategy
m14580d,kpopthoughts,"• MAMAMOO Wheein: Still has me on a chokehold ngl

• Twice Jihyo: I listen to Twice like here and there but she’s the one that caught my attention for the longest

• Itzy Ryujin: Exudes coolness for me like I wanna have her energy 😭

• EXID Hani: My eyes would just glue on her everytime they perform I swear 

• SNSD Sooyoung: Young me saw short hair Sooyoung in Run Devil Run; instant girl crush honestly; probably one of my first girl crushes in K-pop",2,1733702622,TWICE_Strategy
m146v04,unpopularkpopopinions,"I agree but I’ll see how I feel after listening it a second time later. In most cases for big name artists, a collab is meant to generate more popularity for the fandoms of each artist.

Like sometimes a lesser known artist could be passed on even though they can make a better collab than an already popular artist and the latter is more likely the chosen one because they can bring in more fans.

TLDR: Collabs are a form of marketing, even if the collab was a natural one that came about, there’s at least a bit of some business reason to make the collab happen.

Off topic a bit: I’d love to see a Jihyo x Sza collab because Jihyo singing Kill Bill in Lee Mujin’s service show was amazing.",1,1733703213,TWICE_Strategy
m148m47,kpopthoughts,"It's not really the kind of thing I'm able to work out intuitively, but something I've learnt in the past year as a fan, lol. Even if they are, the fact that fans ALWAYS mention Sana/Tzuyu/Mina, or Ryujin, before any of the other members makes me think like that? That being said, Yeji *does* seem to have more girls fawning over her than the other 3 members.",1,1733703836,TWICE_Strategy
m14hhs8,kpopthoughts,"I find that, while Jeongyeon from Twice and Yeri from Red Velvet don't get many lines, the parts they do get end up being some of the most memorable and impactful for their songs.",34,1733707086,TWICE_Strategy
m14kb0g,kpopthoughts,"G-Idle Miyeon...idk she's just so cute and girly girl but in an elegant way. She's a joy to watch.

I have a lowkey crush on Twice Momo too, but I don't know much of her personality since I just casually listen to them.

Honorable mention KIOF Belle. Similar vibe to my main girl crush Miyeon but probably capable of rolling her eyes more than her lmao. Also Mamamoo Wheein. When I see her, I always think ethereal or anything otherworldly.

(I'm not sure if they count, but I love Twice Jihyo and RV Wendy not because I wanna date them, they're really just enjoyable to watch perform.)",5,1733708144,TWICE_Strategy
m14lw6e,kpopthoughts,"YA i forgot about Momo from twice, also not really crush-crush but i love J from stayc (yes another queen with deep voice) and Aisha from everglow (tall model queen)",3,1733708744,TWICE_Strategy
m14u0c7,kpop,"i think it could be karina. maybe liz or chaewon?

it could also be someone from an older gen like nayeon since snsd had their debut like 7 years prior when yoona got the position",27,1733711823,TWICE_Strategy
m14w2uo,kpopthoughts,TWICE’s I Got You in Target lol.,7,1733712622,TWICE_Strategy
m15cj3x,kpop,Jihyo 😍,1,1733719268,TWICE_Strategy
m15cy9q,kpop,"Top Artists:

1. ITZY
2. TWICE
3. TOMORROW X TOGETHER
4. ENHYPEN
5. Stray Kids

Top Songs:

1. Ditto - newjeans
2. Roller Coaster - NMIXX
3. I DO - (G)-Idle
4. Perfect World - TWICE
5. GODS - newjeans",3,1733719460,TWICE_Strategy
m15qwih,kpopthoughts,Jihyo,6,1733726703,TWICE_Strategy
m15u59b,kpopthoughts,"Whenever I hear someone say ""a group fell off"" because of a comeback, that's usually the comeback that made me like the group.

[MORE & MORE](https://youtu.be/mH0_XpSHkZo?si=aE6S_6Dzt3Fy8nWT) was the first TWICE song I loved and made me go back to check out the rest of their discography again.

And [Cheshire](https://youtu.be/zugAhfd2r0g?si=YJXxvVBvnF_uHUbX) (and also [Boys Like You](https://youtu.be/6uZy86ePgO0?si=quQ34wWwJcmtfTKD). I'm tired of pretending that song isn't a jam) was the first ITZY comeback I liked.",11,1733728659,TWICE_Strategy
m15xzq3,kpopthoughts,"Can't believe TWICE didn't go back to GAYO :(

Can you imagine STRATEGY feat YOUNGJI or CL even 

But alas JYPE is arse as shown in recent times so nevermind",3,1733731164,TWICE_Strategy
m160gqx,kpopthoughts,"this. one recent example i can think of is nayeon’s water bomb performance. i was shocked by all the fat shaming comments. everyone with eyes could clearly see this girl is petite. like the majority of idols, if anything, she’s probably underweight. she even had abs. her hotpants were just too tight. 

how many articles were pushed out magnifying these comments, with screencaps of the exact moment when she sat down, causing a bit of a bulge just to get clicks, to have more people reduce herself and her whole work into unjust criticism of her body? 

and now you are in complete shock about insane diets and feel entitled to angrily shake your fists at how the k-pop industry cannot be normal about weight? 

i’ve been long enough in k-pop to have witnessed sulli and go hara’s passing. spare me the fake shock and concerns when the first thing k-pop fans do is to drag female idols over the most ridiculous things. YOU are a big reason why the k-pop industry is so problematic.",11,1733732851,TWICE_Strategy
m1677i0,kpopthoughts,Hopefully TWICE makes it then 🙏😔,1,1733737634,TWICE_Strategy
m16ba51,kpopthoughts,"After School Nana, SNSD Sooyoung, Twice Jihyo and Dahyun.",5,1733740467,TWICE_Strategy
m16de1y,kpopthoughts,but they're telling me TWICE is flopping?,2,1733741865,TWICE_Strategy
m16drqw,kpopthoughts,Twice Mina!!! G-IDLE Yuqi!!!,3,1733742110,TWICE_Strategy
m16e5cg,kpop,"Artists:

1. ARTMS (0.05% of listeners)
2. TWICE
3. DREAMCATCHER
4. tripleS
5. Loosemble

(I'm pretty sure Yves would've been quite high if she had more songs released :/ )

Songs:

1. Virtual Angel - ARTMS
2. Good Luck, Babe! - Chappell Roan
3. LOOP (ft. Lil Cherry)
4. Gorilla Shibai - Vaundy
5. Ate That - Young Posse

Total minutes listened: 42,243 minutes",6,1733742355,TWICE_Strategy
m16m8tm,kpop,"I'd love it if we normalised Dance Practises from different angles, let's you see a lot more details about the choreography. Especially from the back. Looking forward to the day TWICE can do stages with each other's solo songs


Oh hi Momo 👋",11,1733747023,TWICE_Strategy
m16utqe,kpopthoughts,"Nah this depends. Jeongyeon of Twice has outright said she had hated Onces, and Onces actually accepted that lmao.",24,1733750970,TWICE_Strategy
m1764k7,kpopthoughts,"G idle Minnie, Twice Jeongyeon and Jihyo, Itzy Yeji.

Not kpop but I am so down bad Hwang Soyoon.",3,1733755386,TWICE_Strategy
m17eiy9,kpopthoughts,"Jinyoung (GOT7), Nayeon (Twice), Seungmin (Stray Kids), all born 22nd September

\-All from groups formed under JYP entertainment

\-They're all vocalists

\-Ig another thing is that all 3 don't dye their hair out of brown or black too often during comebacks",11,1733758301,TWICE_Strategy
m17fhpd,kpopthoughts,"To add onto this, (it didn't cross my mind when I made the post lol), YooA (Sep 17), Nayeon (Sep 22), and Kwon Eunbi (Sep 27) are 95 liner soloists who all released music this year, and their birthdays are just 5 days apart from each other!",3,1733758619,TWICE_Strategy
m17fmje,kpopthoughts,I think the song is kinda bad. The instrumental feels like a wall of noise and it is all very flat. Her verse is the only interesting thing that happens in the whole song but it wasn't enough to save it. Probably my second least favorite TWICE featured track and the only thing keeping it above Scientist is the MTS verse.,-1,1733758664,TWICE_Strategy
m17iyf5,kpop,"I felt like Twice hasnt been giving us bops lately as compared to the old ones but

This???


THIS SONG???


WITH OR WITHOUT MEG THIS WAS SO GOOD!


WELCOME BACK TWICE! ❤️",2,1733759745,TWICE_Strategy
m17j591,kpop,Fun fact this was supposed to be a Side B until Chaeyoung suggested Strategy!!!,2,1733759806,TWICE_Strategy
m17qurr,kpopthoughts,"can you delete this? I follow Twice closely but I never would have known this was a thing without you sharing this. You’re just going to encourage weirdos to look it up. Twice already has a huge perv problem without this being shared.

please, please delete this if you actually care about Sana.",5,1733762274,TWICE_Strategy
m18nnse,kpop,"Opening acts get paid, though. They don't (or shouldn't) work for exposure. Many opening acts already struggle with being underpaid, so working for nothing is ludicrous. Ain't no way the TWICE organisers could do that if the opening act was from outside (another company), so there's no excuse to do that just because the opening act is from within.",0,1733772404,TWICE_Strategy
m18xnt3,kpopthoughts,"Ugh, I didn't see those articles about Nayeon, but that doesn’t surprise me unfortunately :(  I've also seen articles fat shaming Natty when she's not anywhere NEAR fat (like all idols, she's very petite).

But we can also see this in the reverse, where fans start praising idols for ""glowing up"" when they've lost weight, for example, the way that people inevitably pop out of the woodwork to say that Jeongyeon looks ""prettier than usual"" when they see a photoshoot where she's lost a little bit of weight, or the way that a lot of people suddenly started praising Liz from IVE for her visuals after she lost some weight when just a few months before they had been shaming her for being a ""visual hole."" The hypocrisy is disgusting.",3,1733775499,TWICE_Strategy
m1907ro,kpop,plss TWICE TOO,1,1733776298,TWICE_Strategy
m199dh5,kpopthoughts,"Honestly, Tzuyu talking about flag incident is not gonna break the Internet but will break herself, her group and her company. It could even break the industry and all of that is said with a negative tone. I don’t think this should be included in this thread as it supposed to be for funsies.

You need to remember, that the whole incident was going to have the entire JYPE blacklisted from China and this was in an era where they relied on that market. The company was broke. Twice hadn’t made their Japanese fame either. It was lucky that Tzuyu didn’t leave the group during that time. It’s not uncommon to remove rookies out of groups as they hadn’t gained a significant fanbase yet. Twice never touched China (or any of their special territories including Taiwan) until this recent comeback. Just a small thing with opening to an online fansign. Other JYPE artists have performed in Taiwan since and yet Twice has never been there and probably will never. This is the legacy of the incident. It’s not something you could say for funsies that would “break the Internet”.",8,1733779122,TWICE_Strategy
m19lpyy,kpopthoughts,nayeon pregnancy announcement,19,1733783058,TWICE_Strategy
m19p2j9,unpopularkpopopinions,It's not that Jihyo is over-dancing.  Your eyes are naturally going to track to her when she's performing and you'll always notice her differently than the other members.  She lives for the performance and she gives 110% every time.  It is not an indictment against the other members---they perform well also.  It is a testament to how she is one of the top performers in kpop and what you're born with isn't something you can easily turn off...,2,1733784180,TWICE_Strategy
m19zem8,kpopthoughts,"Had to look at a list to remember:

Love everything Twice and Aespa put out this year. 

Itzy's Untouchable was a fav and then Lia coming back makes albums like Gold feel super special too.

G idle's 2 I was obsessed with every B side.

There's gonna be too many to list individually but groupwise Illit, fromis, txt, enha, lessera, kiof, fifty fifty have had great releases in particular. 

All the bts solos I adore, Nayeon's Na is so good, Aespa solo songs are dope, Rosé's album has songs I playlisted immediately. I've heard all year that kpop sucked in 2024 but it's been pretty fantastic tbh.",6,1733787806,TWICE_Strategy
m1a1ib4,kpopthoughts,"Twice Strategy with Megan wins the title for me. They DEVOURED. Aside from that, these are my favourites released this year:

Aespa - Supernova

Aespa - Whiplash

Jin - I'll Be there

Baemon - DRIP

Itzy - Imaginary Friend

Taeyeon - Letter to Myself

Nayeon - ABCD

Fifty Fifty - Starry Night

Zico, Jennie - SPOT

J-hope, Gaeko, Yoon Mirae - NEURON

XG - IYKYK

Itzy - Untouchable

Red Velvet - Chill Kill

Solar - But I

AKMU - Hero

Baemon - Click Clack

Jin, Wendy - Heart on the Window

Rosé - APT

Rosé - Number One Girl

Lisa, Rosalia - New Woman",7,1733788548,TWICE_Strategy
m1a1v75,kpopthoughts,Dahyun leaves Twice and joins NewJeans,51,1733788674,TWICE_Strategy
m1a3yju,kpopthoughts,"\- B1A4 Connect! first comeback after military service

\- IU The winning

\- DAY6 Fourever. favorite release of the year!!

\- Ten 1st mini album & Doyoung Youth, both liked these NCT solos

\- D.O./Kyungsoo Blossom. second favorite release!

\- Nayeon NA. Somebody is so good!

\- Red Velvet Cosmic

\- Younha Growth Theory/Finale edition. great songs!

\- Changsub 1991 album. love his voice! the title track '33' is almost 4 minutes song (for all you complainers about short tt)

\- Key Pleasure Shop. a favorite after I didn't like his Good & Great album

\- Fifty Fifty Love Tune. starry night is perfection!

\- Seventeen Spill the Feels. eyes to you and 1 to 13 are my favorites

\- Kiss of Life Lose Yourself

\- Babymonster's Drip.. the bsides are good",5,1733789429,TWICE_Strategy
m1a51pr,kpop,"This is a good breakdown. I like how it points out that even in the small chance everything they mentioned is 100% and just as bad or worse than they described it, it is still extremely risky to make a move like this bc of the short shelf life of girl groups. They are a top group today, but even with 10/10 promotions and music, will they still be in a couple months? A year? 2 years? It reminds me of this comment I made a while back

>From what we’ve seen so far, HYBE has been surprisingly lenient with NJs despite their demands and constant overt support of MHJ and disrespect towards their CEO. Since HYBE doesn’t really have a history of blacklisting, I don’t think that is necessarily something NJs should be extremely worried about.

However, the length of the court cases and termination lawsuit will honestly probably be the biggest factor in how successful they will be after this mess. If they win, provide some damning evidence of mistreatment and get out quickly and without fees, they could debut by early 2026 when they are still on people’s minds and probably see a good amount of success.

However, if the more likely situation of them not being able to provide an undeniable reason they should be able to leave plays out, they will either have to pay a huge fee to get out of HYBE and go through a drawn out court case, or they might decide to stay and be dungeoned until their contract is up. This would make public attention leave them and their fans would inevitably move on to the new shiny group, which would severely hinder their post-HYBE success.

Its sad but true that ggs have a short shelf life when it comes to GP attention. Things change insanely quickly in the kpop sphere. For example, in 2020 Itzy was the hottest thing ever, and even with frequent (and imo very good) comebacks and promos, they still got overshadowed by the new 4th gen groups of 2022. In 2018, TWICE was getting PaKs every comeback, and in 2021 they were struggling to chart Scientist. Luckily both of these groups have strong fanbases still and are doing great, but this was just an example to show how quickly top charting groups switch in and out. Even with the best comebacks ever, it is hard for a gg to maintain gp popularity forever because people move on. So dipping for contract disputes and not releasing music for 2 years will definitely hurt their popularity and prospects.

I’m sure they could still be a successful group selling ~250-500k a comeback and charting decently if they redebut under a smaller company, but things simply won’t go back to the way they have been for them.",35,1733789818,TWICE_Strategy
m1a52po,kpopthoughts,"* Twice - Strategy 
* Jimin - Who 
* ZB1 - Good so bad 
* IVE - Heya 
* nmixx - Dash 
* SKZ - Chk chk boom 
* Nayeon - ABCD

Jin + Ateez + J-hope ate with their b-sides this year

Also, KIOF , TXT , Enhypen with 2 insane CBs (yes fatal trouble is a comeback in my eyes)",16,1733789828,TWICE_Strategy
m1bhyra,kpopthoughts,"Billlie - of all we have lost


Artms - Dall


Nmixx - Fe3o4: Break & Stick Out


IU- The Winning


Solar - Colours


Young Posse - XXL & Ate That EP


IVE switch


Fifty Fifty - Love Tune


Le Sserafim - Crazy


Nayeon - NA


Rescene - Scenedrom",5,1733809258,TWICE_Strategy
m1bjbez,kpopthoughts,"At this point, momo should join after twice for the sake of memeing",1,1733809962,TWICE_Strategy
m1boh7b,kpopthoughts,"1. Strategy - TWICE  
2. ABCD - NAYEON  
3. Sticky - KISS OF LIFE  
4. Super Lady - (G)I-DLE  
5. TTYL - LOOSSEMBLE/Smart - LE SSERAFIM",2,1733812873,TWICE_Strategy
m1bqmsm,kpop,"Good now Yeonjun can rest his dick to hopefully Txt been busy with their schedule still he found the time to fuck Aespa Winter, Twice Momo, IVE Wonyoung get some rest Lover Boy.",-2,1733814157,TWICE_Strategy
m1ch3aj,kpop,i lowkey never realized how many members TWICE has until they put them all in a small room for the concept pics 😭,1,1733831684,TWICE_Strategy
m1coqzw,kpopthoughts,I think the most enjoyable part of this trend was how many idols wanted to do it w Kai for rover 🥹 a looooot of 4th gen looks up to him & tbh we’re excited to collaborate w him 😭😭😭 he also had some iconic ones including his members and twice momo!!!,15,1733835494,TWICE_Strategy
m1cv405,kpop,Reaction to Tzuyu's wink in the end is understandable.,66,1733838195,TWICE_Strategy
m1d8vco,kpop,"I've seen many, MANY comments, both on YouTube and here, mentioning TWICE's synchronization *despite being a group for so many years*, as if synchronization isn't a skill members develop after **years of training and rehearsing together**. It literally makes no sense.

Iconic Studio Choom performance. OT9, and ALL the members look absolutely stunning. I love these girls so much!",33,1733843329,TWICE_Strategy
m1dil9j,kpopthoughts,"I got into kpop around 2007. This period of time had far less groups. I remember being super excited for comebacks because they were all so unique. Examples are SNSD as cheerleaders or dancing on a construction site, after school and their pole dancing concept (and also, their song Shampoo is still one of my faves). Girls Day went from cute to sexy. Rainbow, Miss A, Hello Venus, Apink,Brown Eyed Girls, T-ARA, FIESTAR, KARA, and more. The songs didn't have much English lyrics and had more silly random English thrown in; it was so fun. I also remember lots of ballads coming out from groups like SM the Ballad, Davici, IU, and more.

Thinking back, it's amazing how much has changed after 2015 when TWICE, BlackPink got into the picture",11,1733846564,TWICE_Strategy
m1dm5mx,unpopularkpopopinions,It doesn’t feel like that with twice for me at all. The energy momo and Jihyo gives doesn’t feel like a “notice just me” energy. Instead it’s like a smoother energy like an “I love dancing” energy. They just don’t stand out an a negative way,8,1733847718,TWICE_Strategy
m1fbnyb,kpopthoughts,"definetly jihyo's zone. don't wanna go back, wishing on you and room make up an amazing duo. let me add tripleS Chiyu and Jaehyun's Smoke",1,1733866809,TWICE_Strategy
m1g3ogg,kpopthoughts,"Heaven - Nayeon ft. Sam Kim

i don't care what the lyrics say it IS ""need to take this stress off this dress oh""",3,1733876274,TWICE_Strategy
m1g9zv1,kpopthoughts,[Jihyo from Strategy](https://youtu.be/hliDoBc0G_8?si=SPeERgimwk6HcdQB).  It's not even a week old but yeah.  Mother is mothering.,3,1733878555,TWICE_Strategy
m1gfr46,kpop,"Well, didn't help that Winter was still wearing the same outfit she wore in her dance challenges with Nayeon 💀",15,1733880671,TWICE_Strategy
m1gihdx,kpopthoughts,"Eunhyuk and IU dating scandal. IU accidentally uploaded a pic of her and eunhyuk laying together with him being shirtless (her company tried to brush it off as she was sick lol)

Tzuyu’s flag scandal. She was on a program with the Japanese members and she held a Taiwanese flag since she is Taiwanese. Some Chinese? pop star tweeted about it and claimed she was a pro independence activist and it went viral so Jyp made her apologize in front of the camera to make the Chinese fans happy

More extreme one was against yunho from Txvq where an anti fan poisoned him by putting glue in his orange juice",35,1733881694,TWICE_Strategy
m1gwbtb,kpop,These pink (and oh *so* fashionable!) hoodies are my fave! Our *TWICE* performed their STRATEGY perfectly for STUDIOCHOOM. 💗,3,1733887010,TWICE_Strategy
m1gx5ce,kpopthoughts,"My ranking is
1. Irene - Like A Flower
2. Jisoo - Flower
3. Tzuyu - Run Away

I liked Irene and Jisoo's, but Tzuyu's I wasn't a big fan of (which really sucked because she's my bias and I wanted to love it). When it came to performances they all did well imo. Irene & Tzuyu's releases also had good b-sides which I usually prefer more than the TT anyways.",6,1733887337,TWICE_Strategy
m1gxe82,kpopthoughts,I actually like Tzuyu's bsides a lot and her stage performances got better over time,48,1733887436,TWICE_Strategy
m1gyiy3,kpopthoughts,"My rankings 

Tzuyu

Jisoo

Irene",6,1733887890,TWICE_Strategy
m1gzccx,kpopthoughts,"I thought Jisoo had a solid release. Cute tune, catchy choreography. Irene's is pretty dire in my opinion. I don't know if I have heard Tzuyu's?",13,1733888220,TWICE_Strategy
m1h0g29,kpopthoughts,"Jisoo - I liked Flower! Bside was okay

Tzuyu - I listened to it twice. It was okay...

Irene - I liked the title track, Like a Flower, and Start Line from her album. I wasn't a fan of Kaching or I Feel Pretty beforehand, so my expectations weren't too high.",4,1733888666,TWICE_Strategy
m1h1k1q,kpopthoughts,"I agree OP, they were all... fine, and I'm sure if you already ult any of them it would'vebeen a great time supporting. But nothing really stood out too much. The singing was fine, they are all good but none of them are good enough for their vocals alone to make the song like Taeyeon's can for example. The songs were not particularly memorable. The MVs were just about them looking beautiful and elegant, which of course they are but I might as well have just watched a perfume ad. There wasn't much story to it, and if there was it was kind of cliche. 

Compare that to Seulgi's debut, or Chungha's I'm Ready, that just blew my face off. Or Nayeon's Pop, which had a very strong identity and was just so much fun.",9,1733889125,TWICE_Strategy
m1h2bgj,kpopthoughts,Havent checked out Irene's debut but i can say that Tzuyu's songs are growers but Jisoo was a immediate blast. Nothing wrong with either of them.,11,1733889445,TWICE_Strategy
m1h2ohs,kpopthoughts,Tzuyu > Jisoo > Irene is how I would rank them.,11,1733889598,TWICE_Strategy
m1h31x4,kpopthoughts,"My rankings

Tzuyu: I don’t particularly care for any of the songs on this album, but it’s an ok album.

Jisoo: It’s alright 

Irene: I’m sorry but I can’t stand the mixing on this album.",7,1733889757,TWICE_Strategy
m1hahlc,kpopthoughts,"I enjoyed all three debuts and are a fan of each group as well. I see Irene actually becoming a solo artist out of the three. 

Let’s be real, Jisoo got a solo because well, the other three members got one and I’m sure fans were ready to send trucks and military tanks to YG  if she didnt. Her song was simple, catchy, and best of all, in the right difficulty for Jisoo. No exquisite outlandish choreo, no vocal gymnastic-necessary song. It was a fun pop song and I do like it!

Tzuyu… girl ilysm but please don’t ever do that again. There’s no doubt that Tzuyu has vocally improved immensely since debut, like she can definitely sing and hold a tune. Her dancings never been bad, just good. However, she’s a terrible performer. She’s pretty no doubt, but having a blank pretty girl expression on stage, as a solo artist, is fucking crazy. It almost looks like she was counting the beat in her head and was only focused on that, while performing. At times, she looked *scared*. She thrives in a group performance and that’s great. Not everyone needs a solo! 

Irene… ahhhh I enjoyed her solo debut the most. Showing her thought and creativity process  and respect for traditional African dances is so sweet. I think the song suits her vocal range, and again, a fun song. Very chill like Irene. It just really suits her! 

Again, this isn’t hate to anyone. I think it’s valid criticism.",33,1733893076,TWICE_Strategy
m1hbruv,kpopthoughts,"I liked Jisoo's debut at first but grew sick of it. I never really liked All Eyes On Me either. 

I was surprised Tzuyu wanted a solo, especially before members like Chaeyoung and Jeongyeon(ik what she said before) but I was fine that she wanted it. I liked her album, her standout bsides were One Love and Lazy Baby for me but I can't listen to the other songs when it comes on my queue. Run Away never grew on me unfortunately and it's my least favourite Twice solo song.

Irene isn't my favourite Red Velvet member but I really liked her album a lot. I prefer her bsides more but Like A Flower is very catchy. It's a solid solo debut, her album is definitely the highlight for me. 

Not sure how their performance was since I don't really care for live performances that much. My ranking would be Irene>Tzuyu>Jisoo.",11,1733893684,TWICE_Strategy
m1heaby,kpopthoughts,"irene and jisoo were super elegant but idk about tzuyu her song was so boring, i mena yes flower isn't the best song either but the verses and bridge of flower are so interesting to me",2,1733894921,TWICE_Strategy
m1herme,kpopthoughts,"I haven't heard Irene yet but Jisoo > Tzuyu

Jisoo was fine, both the song and the stage, nothing out of ordinary but it wasn't bad, I liked the songs more than I expected

Tzuyu, the song was fine, i don't particularly go to listen to it but I don't mind it either but she's very boring on stage, I think talent wise she's fine but need a lot of work on stage presence",6,1733895165,TWICE_Strategy
m1hfac2,kpopthoughts,I still with all respect can't believe tzuyu got a solo 😭😭 if you wanted to fill time why couldn't we get idk a jihyo cb instead??? tzuyu solo fr??? instead of literally anyone else?,-10,1733895433,TWICE_Strategy
m1hjbno,kpopthoughts,"Well tzuyu herself wants to do a solo, whats wrong with that? And after the vocal line, to me tzuyu is the next best vocalist in the group.",10,1733897606,TWICE_Strategy
m1hjd2y,kpopthoughts,"Maybe if the cafe announced that one of their employees was Jeongyeon of Twice. But if not, then it's unlikely. Our brains are very context-based when it comes to recognizing famous people. If she's not in makeup, is wearing a facemask and regular clothing, with none of her regular staff/team around her, then she'd blend in with the vast majority of people. If anyone saw her, they'd just think she was just a pretty woman, because when we go to a cafe to buy stuff, we don't expect to see a celebrity there. Our brains are too preoccupied thinking about our own stuff. And especially in a cafe, where most people are only concerned about getting their stuff and leaving as soon as possible, so they likely won't give too much thought about the employees. The most that might happen is we will think ""that girl looks like a celebrity"", but then our brain will stop to tell us that ""that can't *really* be Jeongyeon working in this random coffee shop."" And then we go about our day.",58,1733897628,TWICE_Strategy
m1hjgt2,kpopthoughts,"Same for me. Tzuyu's b-sides were much more interesting than anything on the other two albums (""Lazy Baby"" is filled with personality and it's a ton of fun, and ""Losing Sleep"" features a strong vocal performance.) 

I was most disappointed by Irene because she has such great potential, but the RV solo albums have been a snooze. 

I didn't expect much from Jisoo and she delivered just that.",2,1733897684,TWICE_Strategy
m1hjtok,kpopthoughts,"Lazy Baby on Tzuyu's album was the best song on all 3 albums. 

I swear if Bruno Mars was the feature, this song would still be charting.

For people instantly downvoting. Don't just downvote. Listen to the song. 

[https://youtu.be/P4l5fihTCyk?si=MtYsu8xJ5aE69Jqp](https://youtu.be/P4l5fihTCyk?si=MtYsu8xJ5aE69Jqp)",10,1733897879,TWICE_Strategy
m1hk3ln,kpopthoughts,"Nayeon solo - 2 years apart

Jihyo solo - 1 year since. Jihyo might do another one sometime in 2025.

Tzuyu's turn.",2,1733898033,TWICE_Strategy
m1hko7w,kpopthoughts,"After listening to all 3 again, Tzuyu's b-sides were well crafted and more interesting (especially Lazy Baby) than the other two by a pretty wide margin. Some of the lyrics were more simple, but the performance and songs were a notch above.",10,1733898360,TWICE_Strategy
m1hkuii,kpopthoughts,Lmao that's why we cant have nice things. Instead of celebrating both groups insane achievements and hype them as sibling groups 🤦‍♀️ it's ironic because I'm pretty sure I've seen song collabs between the groups right? Like nayeon with felix I think? Yet another case of friend groups with enemy fans,7,1733898461,TWICE_Strategy
m1hkumh,kpopthoughts,"What was worse was that Tzuyu, a literal teenager at the time, was forced to apologize while also denouncing her own *country* by agreeing with the Chinese fans that it wasn't independent, and was in fact a part of China. Absolute BS and JYP should've stood up for her.",10,1733898463,TWICE_Strategy
m1ho9d2,kpopthoughts,"It just further reinforced how weak she is tbh..twice is my ults I love them to death, but tzuyu is the member least likely to pull off a solo...she did good despite everything, bsides were better, but it further highlighted her lack in performance and mid vocals..",-6,1733900475,TWICE_Strategy
m1hqoxj,kpopthoughts,"I haven't had time to listen to Tzuyu's album, so I can't give an opinion on the whole album. That being said, I actually loved the solo debuts for all three of them. I will say, for Run Away I don't know how I feel about the beginning part with just Tzuyu's vocals (tbh it sounds a bit weak/strained to me), but the rest of the song is so great I'm able to overlook it.




Like A Flower is probably one of my favorite releases this year, and the whole album was just fantastic. The chorus of the title is so catchy, and I loved hearing more of her vocals on the album.




I also really enjoyed Flower and All Eyes On Me. I'm very tired and about to go to bed, so I can't write out my full thoughts rn, but TLDR: both were bops and I adore them.


Overall all, I get why some might not like their debuts, but I loved all three. It's also personally cool for me, because Jisoo and Irene are 2/5 of my ult bias list, so seeming them debut solo is really cool to me (I can also that brag that in 2024, all 5 of them have solo debuts!!!!) And I've always had a soft spot for Tzuyu... I don't follow Twice (the group is so great and talented, just don't have the time to delve into their discography), but she's always seemed so sweet and lovely, and I love her voice. So yeah, TLDR: all three are great and they should all be proud ❤️.",10,1733901989,TWICE_Strategy
m1hqxzd,kpopthoughts,"TWICE
- Strength: each other
- Weakness: Div 3",1,1733902148,TWICE_Strategy
m1hramv,kpopthoughts,"song-wise tzuyu’s song is usually what i would go for, but after watching their debut stages just now, i prefer like a flower. 

all performances were pretty boring, but run away requires an energy that tzuyu did not bring to the stage at all. i also think the vocal runs are above her capabilities. irene is the most pleasant to listen to (although all of their stages were lip-synced). jisoo had the most engaging facial expressions. 

so in terms of song: irene > tzuyu > jisoo

debut stage performance: jisoo > irene > tzuyu

overall, the title tracks are all fine, but that’s about it. i’ve only listened to irene’s bsides and they’re alright. i think they all did well enough, but i’m not wowed by anyone, unfortunately.",11,1733902374,TWICE_Strategy
m1hvas8,kpopthoughts,"While I did not liked run away, personally I still see no problem with tzuyu debuting solo. Many tzuyu stans have been asking for jyp to promote tzuyu more or give her more individual stuff. She wants to do it too, so they just gave her that.",3,1733904987,TWICE_Strategy
m1i2epn,kpop,"Jeongyeon and Once: Why is Tzuyu surrounded by trash?

Twice: It's a Strategy.",14,1733909939,TWICE_Strategy
m1i6buw,kpopthoughts,"Completely disagree with takes calling Like a Flower boring or disappointing. At least for me it was one of the best albums released this year and the concept was gorgeous.

I agree with the other two however, I feel as if both Tzuyu and Jisoo’s were kind of just okay? Not my thing at all for either, and I feel with Tzuyu specifically there was some missed potential in the songs, for me at least personally.",19,1733912640,TWICE_Strategy
m1i8290,kpopthoughts,"I don't think the flair you used to is appropriate for the topic, but anyway.

Jisoo looked decent while promoting Flower, which I consider to be a positive change since she would often look left behind in BlackPink stages (in comparison to Jennie or Lisa). Irene always had good stage presence with RV for me, I'd place her second after Seulgi on that matter. 

As for Tzuyu, I think she's just stable, it's easy to ""fade"" in the back with Jihyo, Nayeon, and Momo in your group, and, perhaps, this was more clear with the Run Away promotional performances. She wasn't using any facial expressions to much the lyrics or her movements and seemed to rarely blink. Maybe that's just her style, or it was intended to be choreographed like that? Who knows.

However, what each person defines as stage presence varies. For me, an idol with great stage presence is someone who was the necessary vibe/aura/style to captivate the audience, dances well, sounds impressive singing, and, overall, ""commands"" you to look at them (ex. Beyoncé). This is not easy to find in Kpop due to the group setting and the emphasis on dancing over vocals.",2,1733913789,TWICE_Strategy
m1ia5p3,kpopthoughts,"I liked Jisoo’s the best. Interesting sound, and I think it matches her branding. YG is excellent with that imo. Highly memorable release.

From a performance perspective Irene takes it. The only thing holding it back for me is that I just don’t really see the soft aesthetic being a good fit for her. She’s a better fit for the vibes of Monster, Naughty and Be Natural. Tho personally, I’m much more into Seulgi’s material and brand.

Tzuyu’s is an okay song, but the vibes are off for me. There’s an emotionlessness to her that just makes it difficult to watch, though she sounds great. I’d want maybe an acoustic version of Run Away.

Wouldn’t skip any of these songs if they happened to come up.",21,1733915129,TWICE_Strategy
m1iai8j,kpopthoughts,"i think both irene and tzuyu’s debut albums had better songs than the titles. with jisoo im biased but i really did love flower, but all eyes on me was underwhelming and i really it’s not a sound she should carry on with the new album she’s been teasing",3,1733915345,TWICE_Strategy
m1ijc8o,kpopthoughts,"loved Jisoo's flower, it was catchy and memorable. her performance  was also good. Irene's was pretty decent, but the mixing of the album was not that great. don't care about tzuyu's. tried listening once and I was bored as hell. watched her stage performance and she looked like a blank canvass.",15,1733920190,TWICE_Strategy
m1iq4yc,kpopthoughts,"I'm sorry but I'm so tired of people giving JYP the benefit of the doubt because everyone has been so eager to defend everything the company does this year. How many times are people going to go out of their way to defend a company?


And because of all the love JYP was receiving, you can't even so much as mention JYPE's past of putting pressures on idols and forcing diets on them without people downvoting you or defending them. 


Every youtube section about VCHA is filled with ""oh it's JYP USA not Korea and it's JYP the company, not the man"". As if JYP's never been called out by Korean idols for their harsh diets. JYP himself was on Nizi Project telling a girl to manage her weight. Jihyo was often fat shamed on Sixteen. Momo barely ate for a week to debut. It's always been a problem. It's a pattern.",3,1733923241,TWICE_Strategy
m1isejc,kpopthoughts,I loved Tzuyu’s debut album. Such a fun project. The only issue was not choosing lazy baby/losing sleep as the TT.,12,1733924172,TWICE_Strategy
m1ivclo,kpopthoughts,"The OP asked a group or idol. If we’re talking about group with where its members going on hiatus is ok, that’s every group and the question is meaningless. Even third gen groups like TWICE and Red Velvet has never been on hiatus.",-15,1733925335,TWICE_Strategy
m1iw9vk,kpopthoughts,"My opinion on those three:

Best title track: Irene  
Best album: Tzuyu  
Jisoo's wasn't my cup of tea but it definitely went pretty viral.

For Tzuyu, it's very noticeable that she had gained a lot of confidence since her solo debut. Whether it's on stage or on variety show, she projects her voice more confidently, jokes around more naturally and overall just shines more. So that was definitely a win for her and the group. 

Overall, I think those experiences are very valuable for members of a group to test the waters, challenge themselves and grow. It's something that they can then bring back to strengthen the group.",56,1733925690,TWICE_Strategy
m1j1em3,kpopthoughts,"It's not a wrong criticism. The thing is most people over fantasize how an idol would be in their solo in comparison to their roles in the group as if the group prevented them from showing themselves at their best. 

We assume that the idol in question is the exception to the rule of norm when in reality most idols are exactly what they are in their groups. Call it a repetition of habit or just reflection of their nature (nurture vs nature) but if you have been the visual where you were mainly used to looking pretty in front of the camera  it's unlikely you will suddenly burst out and be belting exceptional performance. So yeah obviously they were missing elements that their group members covered for them.

In short, we keep thinking that said artist is going to be an exception to the rule but they are not. Only a few very unique ones actually are  the hidden gems as in our imagination. 

Out of the 3 mentions, I would say Irene came the closest but again given her personality it would be out of character for her to be beyond what she did. Tzuyu did her job, yes it wasn't mind blowing but you were expecting too much if you wanted her to transform herself into the next IU etc. As for Jisoo, I am just going to say it didn't deserve the acclimation it got. Had it been anyone else you know it would have not gotten the push it got.",35,1733927629,TWICE_Strategy
m1j43tc,kpopthoughts,"it was actually her parents that talked with her and convinced her to apologize, not JYP. 

https://www.soompi.com/article/811135wpp/jyp-explains-the-circumstances-behind-tzuyus-apology

>The agency explains that because Tzuyu is a minor, they waited until her parents arrived in Korea and discussed things with Tzuyu. Together, they decided to release a statement from Tzuyu. JYP emphasized that “a company cannot and should not force a belief on a person,” and that no such act occurred in the matter with Tzuyu. It concluded that Tzuyu’s parents desired that this controversy die down quickly and they asked that many continue to support Tzuyu.",5,1733928601,TWICE_Strategy
m1jlvej,kpopthoughts,The only thing that can make this better is TWICE and GFriend redoing their GEE cover lmaoooo: https://www.youtube.com/watch?v=3kva3820DDw,4,1733934419,TWICE_Strategy
m1k0rq1,kpopthoughts,"All three debuts were alright. I agree that Flower wouldn't have had even half of the virality it got if someone else released it, but it's not a terrible song and I think YG worked hard to give Jisoo something that was good for her, vocal and performance wise. Her dance is weak, but I kinda like how she interprets the songs.

Irene's debut was also tailored on her, the song is catchy. Performance wise, I think she's a nice dancer, but her stage presence is a bit lacking.

Tzuyu's title track grew on me, although I think the song/concept didn't truly suit her. I watched her stages though and you could already see a certain difference between her first stage and her last ones, she seems to have gained quite a bit of confidence. Still, obv she's not on the level as other great performers, but out of these three her stage presence is the best right now.",27,1733939018,TWICE_Strategy
m1kfwnf,kpopthoughts,"Twice was infamous for being overworked back in 2017-2020 but I honestly think they’re just as overworked today, just in different ways. Sure they don’t release 5-10 eps or albums as a group like they used to but they’re still doing solo/subunit projects during those times. This year alone we got 1 ep from Twice and 2 albums, one Korean, one Japanese. Plus we had Nayeons 2nd album, Tzuyus debut album, and Misamo 2nd album. And that’s just new music, not even mentioning fashion/brand events, acting opportunities, variety show appearances, or their tours/live performances. I remember when Mina and Jeongyeon took breaks for their mental health but I don’t remember a time when all of Twice went on “hiatus” or even a short break that had to be announced",88,1733943479,TWICE_Strategy
m1kieuo,kpopthoughts,Did you see Tzuyu 's later performances? She got a lot better honestly and really sold the song imo. I thought the same about her first week of performances and was really pleasantly surprised with the 2nd week,1,1733944221,TWICE_Strategy
m1kjey0,kpopthoughts,"I really liked irene’s? Honestly it was a lot better than i expected. Even performance wise, her style suited the song and the choreo was interesting, idt it’s irene at her peak performance wise, but i liked her performance and presence on stage. The album is probably one of the best i’ve heard in a while and i was expecting to dislike at least half of it. 

For Jisoo i enjoyed it, i thought it was a cute pop number. The concept was gorgeous. I like teddy’s music, so i wasn’t expecting to hate it or anything. It felt a bit solo-ish to me personally, but viewed through a Jisoo lens, rather than a Jennie lens.  i wasn’t really impressed by her stages either, but i thought she looked comfortable on stage and the point choreo was fun. I’m more curious of what jisoo will do without Teddy because i always thought he was a pretty predictable producer back then

Tzuyu’s I think the run away is ok, it’s pretty fun, just it lacks a bridge so it felt lacking to me for that genre of song. For the album, i thought it was alright. Lazy Baby and Fly are pretty great, well written songs, but the rest are just ok. The album felt a bit cheap production wise (which isnt necessarily tzuyu’s fault but the producer’s). Her stages were soso, but i think she got more comfortable in the 2nd week. I don’t think the concept was the best for her, I watched some of her behind the scenes, and the emotionless face she kept was intentional, she wanted a feeling like Sunmi’s debut where she kept an emotionless face too, but it worked for Sunmi because vibe was just better tailored to that performance style back then. It just wasnt a good idea to me for a song like Run away. Tzuyu shines the best when she smiles and makes small expressions, so a song like Lazy Baby would’ve made a much better debut stage presence wise. This is getting pretty long, but i just think there were a lot of missteps for her solo debut between both tzuyu herself and jyp, but i give partial grace as it’s her first thing to do by herself so i think i see why a lot of things just weren’t up to par for a debut",28,1733944516,TWICE_Strategy
m1kt062,kpopthoughts,"I think the main issue are the concepts in both Irene's and Tzuyu's solo debuts. Jisoo's was well suited for her, as it was a concept that suited her image and what people would expect from her vocal experience and range. 

Tzuyu's debut was such a weird experience because the music video was all over the place. Most of it was just glamour shots and a bit of underwhelming dancing and colors that didn't quite match each other in some of the shots. Let alone that I would have expected Yeji or Yuna or really anyone from ITZY to debut first, the concept from Tzuyu's debut was generic and did little to showcase the elegance that she often is associated with in Twice's concepts. The whole experience would have been better if the MV had been more than what it was. 

NOW ONTO IRENE. I can't, for the life of me, understand why they chose that song for her. Or the concept. Or the styling. Like, Irene is beautiful and charming on camera, that's a given... but Irene SHINES on darker concepts. Like, ""Monster"" with Seulgi made her POP like nothing else, and that was something I do believe suited her vocally too. Choreo wise, it was also a lost opportunity; Irene's a great dancer that has proven time and time again how precise she is with her arm movements. Giving her a choreo like what the song ended up having is... underwhelming for her, to say the least. Like a Flower, with a bit of a more complex arrangement, would have been great for Seulgi's more cheerful and tilting voice too, and would have fit that softer Seulgi side. Hell, Yeri would have killed it too!! Irene and team should have chosen Summer Rain as the title track, hands down. Like a Flower was not the the one.",15,1733947340,TWICE_Strategy
m1lu5zu,kpopthoughts,"Very much agree, surprisingly. 

I also liked Irene's the best, it feels both very Irene and Red Velvet in a way the other girl's debuts didn't feel connected to who they are and their respective groups. The choreo was underwhelming, but I like that Irene finally got to do something bright and chill, which I feel reflects who she is and where she is in her life rn. That said, it's not super memorable or is missing the impact you'd expect from a Red Velvet song.

I'll forever be disappointed by the fact YG rarely plays to Jisoo's strengths, mainly her deep vocals, and was too scared to showcase her quirky personality, so the Flower MV felt really stiff and impersonal and the song itself was mid and clearly meant for another artist. The fact that people always praise her for being elegant and poised when that's her fashion style, not her personality, tells me they were never going to give her a true to Jisoo song, and I'm not okay with it. All Eyes On Me is the same, not a bad song but doesn't really feel like Jisoo or showcase her vocal tones. 

Tzuyu's is the worst imo. It feels incredibly dated, which makes sense given it sampled? interpolated? ripped off? Cutting Crew's song (I Just) Died in Your Arms.  As for the MV, there are parts that seem heavily inspired by SNSD's big group dances, which really throws me off, the storyline is confused and overall, instead of beating the constant criticisms of being boring and expressionless, she went ahead and gave us nothing after years of giving us nothing as a group member, which sucks, because it's almost giving the people who hated on her justification for what they 

So yes, I expected a bit more, even knowing that visuals generally play it safe, and my expectations were not met in the slightest.",18,1733958824,TWICE_Strategy
m1mcm15,kpopthoughts,"Idols with a lot of sex appeal are always going to be popular but I think it depends on the groups concept more than anything else. Groups with a fresher or cuter concept will probably have a cuter appeal. You’ve also got groups like txt where one of the most popular members yeonjun has sex appeal, but the other most popular soobin has a more elegant appeal. On the other hand a group with a stronger or sexier concept like the groups the idols you mentioned are in, are going to have the “sexier” members be more popular, because there’s more opportunity to show sex appeal and it fits better with why fans have tuned in to begin with. 

Also keep in mind that this mostly applies to male idols, female idols tend to have a wider range of popular idols, not just sexy ones. You’ve got elegant it girls like wonyoung, fierce sexy idols like Karina and chaewon, cute idols like chuu, nayeon, moka and wonhee etc.",5,1733965424,TWICE_Strategy
m1mlklq,kpopthoughts,"Well in that case, OP honestly hasn’t done their research at all. Since the start of K-Pop idols (especially female ones) have been marketed as pure and innocent aka lacking is “sex appeal” and yet those idols are some of the most popular. If not, THE most popular.

We have the likes of SES Eugene, SNSD Yoona, IU, Suzy, TWICE (old image), Wonyoung etc. These are some of the more notable lot. But so many popular Korean celebrities are of this vibe.",10,1733968683,TWICE_Strategy
m1mpur4,kpopthoughts,"Yes that is true but the group as a whole haven’t. Even if a member goes on hiatus, they still participate in the recording while the group promotes regardless who’s gone like we’ve seen when Mina and Jeongyeon both had hiatuses participated in recording and a little MV work, but of course didn’t promote with the rest of the group b it the group continued. 

So Twice as an entire group hasn’t had hiatus whilst individual members have but the group kept going until they returned",14,1733970264,TWICE_Strategy
m1mw78q,kpopthoughts,I have photographic proof of Sana kissing Nayeon. Plus that one song that starts with an H straight up says so. Hare Hare /s,2,1733972634,TWICE_Strategy
m1nb06u,kpopthoughts,i was tzuyu did a chinese song,2,1733978897,TWICE_Strategy
m1nb6qj,kpopthoughts,"• GOT7’s Jackson - Fencing

• TWICE’s Mina & LESSERAFIM’s Kazuha - Ballet

• ENHYPEN’s Sunghoon - Figure Skating",13,1733978983,TWICE_Strategy
m1nzkgo,kpop,"Hehe, I can see what you mean in that the looks are not cohesive but somehow I like them 😹 the only one I dislike is Jihyo’s cause…. Idk what’s going on there. I also don’t like the fur purse attached to Nayeon’s skirt",1,1733993102,TWICE_Strategy
m1ockjg,kpop,"Please correct me if I'm wrong, but my friends have found a posted story on so called VCHA's Lexus story. We don't know if it is the real lexus or just a fake, but what it said it like KG's but it adds more disturbing lines.. It says a male member of Straykids and a female member of TWICE were forced into 'mating' whistle being filmed on camera. I was shook when I saw this post and worried it might be true. If it is, this is unbelievably insane, forcing idols to mate on camera, disgusting. The instagram user was @lexus.vang_ and the post isn't up now, but you might find it on tiktok. As again, please correct me if I'm wrong, and learn more about this.",-1,1734001898,TWICE_Strategy
m1oet01,kpopthoughts,"Irene was better than expected, i thought she will drop a boring ass ballad but no, it was very good song.
Jisoo was as expected, peaked around 70/100 and just that.
Tzuyu was under expected, years of exps but she still somehow lacking emotions in both singing and performance. Wasted that good song for me.",9,1734003246,TWICE_Strategy
m1ojysv,kpopthoughts,"irene's debut was the best one for me, all the songs on the album are solid and the title track is quite catchy (i was expecting it to be a boring ballad). the choreography is great and her stagegraphy video impressed me so much, she's proved herself as a good singer and a performer with her solo debut, and not just a pretty visual. although i was really wishing for a darker concept and sound, something like naughty or bad boy, i feel like that kind of soundscape and concept suits her the best.





i didn't really like flower that much but all eyes on me is seriously a banger, it deserved more spotlight than it got. i wish she promoted it just as much as flower, it's THAT good. 


tzuyu's debut was the worst one imo. it sounds so dated and boring. i see jype having this exact problem with (twice, as a group) and itzy. her bsides were okayish, the title track was completely flat and the choreography doesn't help it much either.",10,1734006013,TWICE_Strategy
m1op10y,kpopthoughts,"Just finished listening to Irene's solo album and for me, Irene > Tzuyu > Jisoo hands down.

Irene - Like A Flower is the only main song of the three I like. Also I was surprised by how much I like the album overall, it's my second favorite of the Red Velvet member solo debuts behind Seulgi. Summer Rain is a masterpiece of a B-side, had me levitating. I'm also loving Strawberry Silhouette and Start Line. 

Tzuyu - Run Away is overall fine, but my main issue with the song is the chorus. The way she holds the note in 'beg to stay' and 'symphon-ay' really don't do it for me. B-sides were pretty boring too with the only saving grace being Lazy Baby. 

Jisoo - I'll never understand how Flower got so viral, the song is such a snoozefest. All Eyes on Me wasn't much better either. MV being a glorified ad for Dior wasn't it, same with the choreo. The hand motion she does in the beginning of the dance break will forever be funny to me because it looks like she's trying to fire off a Hadouken from Street Fighter.",13,1734008403,TWICE_Strategy
m1pwdyl,kpopthoughts,"Biased as a reveluv but both Irene’s album and title were great, all the velvets benefit from an understanding of what works best for them as vocalists/performers and Like a Flower further cemented that imo. As for Tzuyu and Jisoo, I’ve probably listened to both projects once so it wasn’t memorable for me. I think anyone who’s actually listened to Irene’s album and watched a slither of some of her contents for it could agree that her tenure as an idol is not comparable to the other two.",2,1734023542,TWICE_Strategy
m1q9irp,kpopthoughts,"I think it’s a hard thing to plan. All of these member things we can look back on as a list of things that happened, but they all happened at different times. Beomgyu’s injury was in June/July. Taehyun got sick in May. I forget when Yeonjun got sick but it might’ve been September (around his solo debut.) Kai and Soobin were close together, but by that point they would’ve already been locked into year end schedules for a while. 

I do wonder when the decision to have the group take a break was made. It would be nice if it had been made a while back, so that despite the heavy end of year schedule they’d have that to look forward to. But I have a suspicion it’s something that was initiated because of Soobin needing to take a hiatus, which showed them that TXT does actually have limits. 

I do feel like Big Hit has given them a really bad schedule this year — being busy is fine but the timing of a lot of events tended to bunch up together rather than be spread out and more manageable. Holding 3 day concert series and comebacks at basically the same time TWICE in one year is kind of insane.",12,1734027590,TWICE_Strategy
m1qal1d,kpopthoughts,"it’s irene > tzuyu > jisoo for me

irene’s is good, but not quite as strong as other SM solo debuts. overall a fun listen though

the biggest fault of tzuyu’s debut was that run away sounds outdated. it felt like something that was hiding in someone’s drafts for a while. i did think the choreo was catchy

jisoo was just forgettable. the songs doesn’t go anywhere, and while the choreo has a few good points, it’s so simple",4,1734027915,TWICE_Strategy
m1qmsdr,kpopthoughts,"irene > jisoo > tzuyu

i was a bit worried for all of their debuts to be completely honest, because they all aren't the best vocalists in their groups and i had no clue how they were gonna hold up having to sing the entire song themselves.

vocals: i think irene did a pretty decent job and her placement feels the least strained among all three. jisoo was also okay because she didn't have that many parts that were above her comfortable range. i was the most disappointed by tzuyu's though, because for some reason her voice sounds more strained than i've ever heard when she attempts to sing in he chest voice when it's higher than her normal ranges, especially in the chorus for run away. just thinking of it gives it gives me chills.

title tracks/choreo: irene's afro dance choreo was a highlight and it was satisfying to see how synced her dancing is with her dancers (because let's be real red velvet has not been the best at synchronization). it was her first shot at this genre and i feel it suited her overall aura because it wasn't very hardcore. jisoo's tt was very tiktok-directed; the instrumental breakdown and her doing the ""point"" choreo was a win-win situation because she could catch her breath while also creating material tailored for short-form media. that was a smart move on the production teams end, though i do not applaud the behavior of producing ""tiktok-esque"" songs. tzuyu's run away choreo design was overall not bad, but i've always found her extensions kind of weird-looking, maybe because of her long limbs and awkward hand movements. highlighting that in the chorus choreo was not visually appealing.

concept: i feel jisoo actually suited her debut concept the most. flower was kinda chill and laidback, and the bold colors in the overall styling accented her facial features. irene and tzuyu both did a 180 on what i had initially expected of them; i thought irene was gonna do a ""velvet"" concept and tzuyu was gonna do a pop-ish concept. this mainly has to do with my opinions on their styling and what makeup looks best on them. irene's aura makes her suit a darker styling (think psycho and chill kill), while tzuyu would've benefitted from a more colorful palette (think feel special).",9,1734031665,TWICE_Strategy
m1qqvdx,kpopthoughts,"Yunjin has one of the best soloists potentials right now but since HYBE hasn't really had a proper girl group, they're probably being conservative with approach to it since they probably don't want Yunjin to grow apart from the group.

This is why I'm forever sad that Nayoung was removed from KATSEYE due to her aspirations to go solo ([thread 1](https://www.reddit.com/user/MNLYYZYEG/comments/1g687do/extended_comments_with_walls_of_text_3/lvjhiug/) and [thread 2](https://www.reddit.com/user/MNLYYZYEG/comments/1g687do/extended_comments_with_walls_of_text_3/lzbqh3l/)), since they could've done it like what Yunjin has been able to do so far.

Or ya like what they're allowing Lara to do. It just makes no sense to me why they'd want to remove someone who has the visuals + vocals + personality that both international fans and Korean fans will like over such a simple reason as expressing to be solo during the idol survival show stage.

Though then again, there might be other context that they didn't reveal in the documentary and so on. But yup, it'll forever be one of the biggest what-ifs in Kpop history as no doubt the debut concept for KATSEYE would be so different.

As now you have one of those rare vocals trio in the group (Nayoung x Sophia x Lara, the best vocalists of HYBE) and then KATSEYE's discography/styling/etc. will be more expected, like even more different among the other global/etc. girl groups from the current Kpop/Jpop companies, and say maybe closer to the American/European/etc. style.

Like legit, what Yunjin/Jennifer has done so far is pretty unprecedented, lots of solo songs with various features as well, nobody has done it like her. Literally changing the game. Yunjin is one of my biases/ults/etc. for that reason as well, the sheer output of quality releases from the start. For real, I replay her songs at least once a week or so, especially Stupid in Love with MAX, that one is just pop perfection, one of the best releases of 2024.

So yup, imagine a timeline where Yunjin and Nayoung collaborated, that'll be the ultimate HYBE girl group soloist dream. Kinda like how in SM/etc. they sorta regularly do those soloist collabs between groups/generations/etc. due to the company's previous structure and so on (not sure how it'll be in the future, seems similar so far).

---

Anyway, ya that's probably part of why HYBE/etc. is not letting Yunjin fully do her solo stuff yet even though for all intents and purposes she's already debuted as a soloist. 

This is not out of the norm though, like Irene took 10 years to officially debut as a soloist even though if SM let her release just only a solo song during the height of Red Velvet, it would've probably outsold everyone else on the market (not other Kpop groups, since usually soloists flow under the radar, unless they're IU/Taeyeon/et alia) for various reasons.

Right now another case of a soloist potential being held back is Lily (and Haewon) from NMIXX, since JYP is basically like afraid of another Suzy situation (everyone go watch Doona!, it's pretty interesting and talks about the post-idol life) and so that's why we only really saw TWICE have their solo moments near the end of their initial contract.

As in, Lily is literally the best 4th gen vocalist at this very moment in time and ever since even before her debut, so like you'd think JYP would be letting her do lots of OSTs or release at least some throwaway songs here and there, but nope (lol), it looks like they're still gonna restrain the releases as they don't want one member to stand out too much and potentially leave the group earlier and so on.

---

Legit, you can feel how passionate Lily, Nayoung, Yunjin, et alia about music (hence why they keep doing so many covers or talking about songs/albums/soundtracks/etc.), but sadly due to the idol life being focused on the group first, the company has to prioritize the holistic situation. As ya, if one members becomes too popular then it accelerates the inevitable disbandment and so on.

Sometimes they also just don't have a creative direction for the various songs they have in the vault, as in they don't know whether to opt for a more cohesive/special/etc. album to emphasize the soloist's identity or make it more like other releases and so on.

Hopefully in the future Yunjin will create a great album and then add her previously released songs as bonus tracks too. As ya, a lot of the future fans won't realize how much she's already created from the beginning. One of the future best soloists, can't wait for Yunjin to showcase her potential, especially since she's always said she wants to at least try and change the Kpop idol industry.",6,1734032928,TWICE_Strategy
m1rpkvh,kpopthoughts,"So many comments talking about yes he’s very this and he’s very that but he doesn’t have charisma or he doesn’t have something that makes him stand out from the crowd etc etc. those are all exceptions to the standards the media and general public have set for Eunwoo. He is regard as the standard of male beauty within the Korean entertainment industry. Beauty is subjective so when people say, oh but he doesn’t have the charisma or he doesn’t have strong or hard features I like someone who stands out from the rest of them, like duh no kidding Eunwoo is the standard and anything else in comparison is the exception. Yes, some might call his beauty simple, plain or boring but they say that about all the idols with standard beauty (Suzy, Tzuyu eg) and it’s because people will look at them and go, yes they are conventionally pretty but nothing stands out. Like hello? That’s the whole point, they have such beauty that they don’t need features to help them stand out. They already stand out because they’re in a league of their own.",19,1734043951,TWICE_Strategy
m1rr3ys,kpop,Jeongyeon said on BB thatColdplay are the one who invited Twice. You think JYP will make any move for Twice?,1,1734044483,TWICE_Strategy
m1sbc22,kpopthoughts,"I wasn’t on board on the ship until I watched him in variety TV shows and learned he’s the best representation of a real life smart and hot class president we got in idol world. 

Describing him as gentle is the best way to put it. He oozes subtle confidence and kindness. I know you should never trust male idols but he’s one I’ll be truly heart broken by if there’s an unforgivable scandal. 

and he’s bestie with jihyo and sejeong lol I’m sorry if my queen approves; then that’s all that is needed.",11,1734051805,TWICE_Strategy
m1smyb8,kpopthoughts,"What is love's final chorus fanchant:

(I wanna know...)

Im Nayeon! Yoo Jeongyeon! Momo Jjang! Sana Jjang! Park Jihyo! Mina Jjang! Kim Dahyun! Son Chaeyoung! Chou Tzuyu! ONCE-ui, sarang-eun teudungi!

(I wanna know... I wanna know...)

Im Nayeon! Yoo Jeongyeon! Momo Jjang! Sana Jjang! Park Jihyo! Mina Jjang! Kim Dahyun! Son Chaeyoung! Chou Tzuyu! Saranghae! What is love!",10,1734056073,TWICE_Strategy
m1txbp9,kpopthoughts,TWICE,3,1734078021,TWICE_Strategy
m1u2e6z,kpop,"Lmao, Nayeon's interpretation of pure is just drinking soju instead of dancing. 

Tzuyu randomly dancing Turbo in the end. 

This looks like they had a blast filming it. It needs to be at least three times longer.",7,1734081494,TWICE_Strategy
m1u2ers,kpopthoughts,"In twice, Momo is no doubt the main dancer.

In terms of technique, Mina is better than both Jihyo and Sana. The latter stands out more because of they have more stage presence.",1,1734081506,TWICE_Strategy
m1u4yx2,kpop,"Congrats TWICE and ONCEs! It's an amazing comeback that we sadly can't celebrate with an Encore or enough performances due to the timing. Everyone worked hard for this!

And congrats to Megan unnie, I believe that's her first Korean Music Show win as well!",135,1734083302,TWICE_Strategy
m1u7m1p,kpop,Congrats to TWICE and congrats to CRAVITY!,24,1734085104,TWICE_Strategy
m1uc3yv,kpop,"Congrats ONCE, TWICE, Megan unnie, and Hotties!",40,1734088053,TWICE_Strategy
m1ujnp0,kpop,"For Tzuyu, I think it’s because she’s wearing the black cat paws/ears so she thought of their song “Black Cat Nero” lol",5,1734092302,TWICE_Strategy
m1vhtyd,kpop,"I know people like to hate on Youngji but she’s so talented and I really like her. We all love Mark so that’s a given. I’m so excited!

Remember on Youngji’s show Nayeon asked her who she follows on Bubble and she said Mark Lee 😭 it’s come full circle LOL",64,1734105366,TWICE_Strategy
m1wkacn,kpopthoughts,"She isnt a good vocalist though whatsoever, objectively. She can pass and do her job as the visual who supports vocals, but she’s not vocally talented by any means especially compared to SM vocalists. Irene isn’t amazing for an SM vocalist, but she’s much better than Tzuyu and Jisoo was my point.",1,1734117573,TWICE_Strategy
m1wxqql,kpopthoughts,"Igloo - Kiss of Life

Dash - NMIXX 

Girls Never Die - tripleS

ABCD - Nayeon

Love 119 - RIIZE

Justice - Dreamcatcher

Chk Chk Boom - Stray Kids

Like That - Babymonster",5,1734121930,TWICE_Strategy
m1x4zs9,kpopthoughts,"Shanghai Romance - Orange Caramel

GingaMingaYo - Billie

NEMONEMO - Yena

Doughnut - TWICE (Christmas season is in full now)",2,1734124307,TWICE_Strategy
m1xtjuz,kpopthoughts,"mina is pretty key for helping the rest of the group learn choreography. momo is the best dancer but I think she herself admits to not being great at teaching the others. the position is not always purely about dance skills.

plus, most of twice’s positions are off at this point in time - it’s been 9 whole years since they were assigned.",5,1734132887,TWICE_Strategy
m1y2o1p,kpopthoughts,Jihyo from Twice,15,1734136358,TWICE_Strategy
m1yifc8,kpopthoughts,Twice Jeongyeon!! Her voice sounds deep and sultry.. still holding out hope she changes her mind on having a solo.,14,1734142643,TWICE_Strategy
m1ysph4,kpopthoughts,"- Chaelo
- MiSaMo comeback, maybe a short tour.
- Jihyo comeback
- Dahyun to shoot a K-Drama series
- TWICE new full album plus world tour
- Jeongyeon Inspector season 2 (confirmed already), Jihyo Seibja new season (not sure if confirmed)
- contract renewals
- Tzuyu PhD while singing Lazy Baby
- Sana kisses another girl",17,1734147041,TWICE_Strategy
m1yutjv,kpopthoughts,"i think some of the ppl saying that these debuts were just “gifts to the fans” especially in irene’s case is blatantly wrong…. irene went as far as attending tyla’s show in korea to study afro beats elements for her choreography. she loved tyla’s dancing and exclaimed about how much freedom was in her movement. i don’t know anything about tzuyu and jisoo so im not going to comment about them, but after watching the behind the scenes of irene working on laf i can tell how badly she wanted to release this, to debut solo once and for all. and im glad she did",4,1734147998,TWICE_Strategy
m1yuufw,kpopthoughts,"I'm not a huge Blink, but Rosé might have my favorite voice in KPop ever. (Either her or Jihyo)

I agree though, I like the cursive-y voices. Minju's singing voice is so pleasant on the ear!",6,1734148008,TWICE_Strategy
m1yx9vf,kpop,"- NMIXX - Run For Roses
- ITZY - Imaginary Friend
- ILLIT - Magnetic
- TWICE - I Got You
- Nayeon - ABCD

Some of my jams are in. I can't complain.",33,1734149135,TWICE_Strategy
m1z4zjz,kpopthoughts,Day6 & TWICE,4,1734152927,TWICE_Strategy
m1z5glr,kpopthoughts,"I'm not sure if I would make the definitive statement of the '*best*' vocalists for everyone I'm about to state, but they all range from good to great- but some of my favorites include Hwasa, Jiyoung of BOL4, and Jihyo.",7,1734153173,TWICE_Strategy
m1zdr2z,kpop,"* [Nayeon](https://www.youtube.com/watch?v=b5qiX8tJmO4)
* [Jeongyeon](https://www.youtube.com/watch?v=ZoFOoiTdfyI)
* [Momo](https://www.youtube.com/watch?v=IvEo3P48d-E)
* [Sana](https://www.youtube.com/watch?v=ViW_K5sM-yg)
* [Jihyo](https://www.youtube.com/watch?v=LK8lypODFos)
* [Mina](https://www.youtube.com/watch?v=8g-u9V9P_zo)
* [Dahyun](https://www.youtube.com/watch?v=c3M5HPrfy08)
* [Chaeyoung](https://www.youtube.com/watch?v=OzSpIVrHsHg)
* [Tzuyu](https://www.youtube.com/watch?v=zZexzwud4SA)",13,1734157892,TWICE_Strategy
m1zg5nr,kpopthoughts,"Red Velvet
TWICE
Mamamoo",10,1734159383,TWICE_Strategy
m1znend,kpopthoughts,"BG - INFINITE !!! 

GG- this one  is the hardest omg. But GFRIEND, AESPA OR TWICE",1,1734164215,TWICE_Strategy
m1ztun3,kpopthoughts,"It's a few different things that overlap one another.

CHKP typically has innocent lyricism, dream-like concepts, and lighter color palettes. The instrumentation will vary, but typically, it includes piano and strings. Songs may lean more towards electronic instruments, like synths and electric guitars.

Gfriend, Lovelyz, and Oh My Girl are groups that come to mind for these concepts.

Bubblegum pop is typically bright and colorful. Songs sound sweet and sugary. Songs typically lean more cheery, loud, and fun.

TWICE and Red Velvet come to mind for these concepts, though it doesn't account for their entire discography.

['What the Hell is Christian Horse Girl K-pop?'](https://www.youtube.com/watch?v=oDDm0pw0TzY) by yubinification on YouTube discusses the topic and covers quite a bit of the genre and it's styles.",17,1734168749,TWICE_Strategy
m1zwl6i,kpopthoughts,"Sticky - Kiss Of Life

Fancy - TWICE

Only - Leehi (idk if she counts)

Lovin Me - Fifty Fifty",1,1734170734,TWICE_Strategy
m201csz,kpopthoughts,"TWICE for sure the number ones IMO. But I also gotta mention SNSD, Red Velvet and MAMAMOO!",8,1734174093,TWICE_Strategy
m201fp3,kpop,"and lee chaeyoung was targeted precisely for speaking on it and supporting the impeachment. 

generally, female idols have definitely been more outspoken and braver in that regard. i think it also is reflected in the data that more (young) women participated in the protest.",58,1734174147,TWICE_Strategy
m20co5l,kpopthoughts,Nayeon,3,1734181011,TWICE_Strategy
m20ewm3,kpopthoughts,"Mine would be BTS and TWICE and I think the main reason for that is because they have so many god damn songs lol, it's not that they don't have 'weaker' tracks or songs that miss... it's the fact that they've got so much music and are so willing to explore what they can do. I feel like they themselves as artists do not like their own music getting stale so they're always trying to change it up and create something new even if a song doesn't necessarily take... they also do a lot of music specifically FOR the fans. 

Where as so many other K-pop groups are so happy with their music becoming repetitive, generic and completely done for them... their is no identity in the music. 

Their discographies are far from perfect, but I love groups that innovate and continuously try and improve, don't get complacent and are always reaching. Being able to click on an artist and being able to not only be able to hear the music hop from genre to genre... but to actually hear the artists improve and mature over the years is a treat.",1,1734182106,TWICE_Strategy
m20f7nq,kpopthoughts,Nayeon!,3,1734182251,TWICE_Strategy
m20g241,kpopthoughts,god jihyo,4,1734182647,TWICE_Strategy
m20gl1l,kpopthoughts,Jihyo,4,1734182892,TWICE_Strategy
m20hsau,kpopthoughts,God Jihyo,3,1734183438,TWICE_Strategy
m20i0dp,kpopthoughts,Jihyo!!,4,1734183540,TWICE_Strategy
m20iohr,kpopthoughts,Chaeyoung,3,1734183842,TWICE_Strategy
m20jfi3,kpopthoughts,Jihyo,3,1734184175,TWICE_Strategy
m20jfoc,kpopthoughts,nayeon,5,1734184177,TWICE_Strategy
m20ozg3,kpopthoughts,"BOYNEXTDOOR - Dear My Darling, So let's go see the stars, Gonna be a rock

TXT - Quarter Life, The Killa, Resist, 

Le sserafim - Smart, Pierrot, Crazier

ILLIT - Tic Tac, Lucky Girl syndrome

Zerobaseone - Kill the Romeo

TWICE - You get me

Itzy - Crown on my head

ENHYPEN- Moonstruck",6,1734186549,TWICE_Strategy
m20qjz0,kpopthoughts,"- NMIXX Passionfruit
- B1A4 When you call my name
- Younha Curse for the rocket formula / life review
- Doyoung Beginning
- DAY6 Happy
- Twice Bloom
- Seventeen eyes on you
- Red Velvet Night Drive
- H1-Key Letter
- Wooah Polaroid
- Purple Kiss Light The Way
- (g)i-dle Wife
- Le Sserafim Perriot
- aespa Licorce
- D.O. Good Night
- Wendy His car isnt yours / Vermillion
- Nayeon Something
- Do Hanse Blue Night
- Fifty Fifty Gravity
- Key I know
- Changsub Macchiato
- Jin ft Wendy Heart on the Window
- Babymonster Really like you
- XG iykyk
-",7,1734187196,TWICE_Strategy
m20r1im,kpopthoughts,Tzuyu,3,1734187395,TWICE_Strategy
m20szj6,kpopthoughts,"List of songs that immediately come to mind:

-  Smarter by Le Sserafim

-  Rush by Twice

-  Bloom by Twice

-  Heaven by Nayeon ft. Sam Kim (probably my favorite b-side of the year)

-  Heaven by TXT

-  Heaven by RM (I see there's a theme here)

-  Nuts by RM

-  Groin by RM

-  Selfish Waltz by ATEEZ

-  Mr. Vampire by ITZY

-  Chemistry by Kiss of Life

-  1-800-Hot n Fun by Le Sserafim

-  Eyes on You by Seventeen

-  Like It Like It by Twice

-  Kiss My Troubles Away by Twice.",10,1734188159,TWICE_Strategy
m20usxv,kpopthoughts,Jihyo,1,1734188859,TWICE_Strategy
m20xu1g,kpopthoughts,"Beyond the Beyond by tripleS

Beyond the Horizon by TWICE

Red Light Sign, But We Go by NMIXX

Five by ITZY",5,1734189981,TWICE_Strategy
m20y84g,kpopthoughts,Nayeon,1,1734190124,TWICE_Strategy
m20yk3j,kpopthoughts,"2 Rings - Dreamcatcher

MAGIC - Nayeon + Julie

Te Quiero - Kiss of Life

You Get Me - TWICE

Swan Song - Le Sserafim

Nothing - Kiss of Life

Kiss my Troubles Away - TWICE

Magical - TWICE",8,1734190246,TWICE_Strategy
m20ysex,kpopthoughts,"Nothing (my absolute fave), Back to me - Kiss of life
Bubble - Red velvet 
Magic (feat Julie of Kiof) - Nayeon 
Fate, Bloom - (G)-idle",2,1734190331,TWICE_Strategy
m2147ln,kpopthoughts,Nayeon,1,1734192264,TWICE_Strategy
m219u3v,kpopthoughts,"These are the ones that really left an impression on me and got a lot of replays:

* aespa - Kill It
* Billlie - BTTB (Back to the Basics)
* Dreamcatcher - Fireflies
* EVNNE - XO
* (G)I-DLE - Rollie
* ILLIT - Tick-Tack / Midnight Fiction
* IRENE - Summer Rain
* ITZY - Escalator
* JIN - Heart on the Window
* Kep1er - sync-love
* KEY - Overthink
* KISS OF LIFE - Igloo
* LE SSERAFIM - Pierrot / 1-800-hot-n-fun
* Loossemble - Secret Diary
* MINHO - Came And Left Me / Round Kick
* NMIXX - Passionfruit / Red light sign, but we go
* ONEW - Hola!
* OnlyOneOf - O
* TWICE - Sweetest Obsession
* TZUYU - Lazy Baby
* WENDY - His Car Isn't Yours
* Xdinary Heroes - MONEYBALL
* YENA - Damn U
* YOUNG POSSE - Skyline
* YUQI - Everytime",9,1734194192,TWICE_Strategy
m21fqv3,kpop,"For those who can't get it to load:

(The list isn't numbered)

* AESPA - Supernova
* BOYNEXTDOOR - Dangerous
* NMIXX - Run for Roses
* Fromis_9 - Supersonic
* NCT 127 - Pricey
* ZEROBASEONE - Good So Bad
* LE SSERAFIM - Crazy
* Baekhyun - Pineapple Slice
* triples S - Girls Never Die
* ITZY - Imaginary Friend
* DRIPPIN - Black Mirror
* TWS - Oh Mymy: 7s
* ROSE & Bruno Mars - APT
* TRENDZ - GLOW
* RESCENE - Love Attack
* AIMERS - Somebody
* Yves - LOOP (ft Lil Cherry)
* ILLIT - Magnetic
* ONEW - Maestro
* ARTMS - Birth
* ALL(H)OURS - SHOCK
* BABYMONSTER - DRIP
* Billlie - trampoline
* IVE - Accendio
* ATEEZ - Selfish Waltz
* TXT - Deja Vu (Anemoia remix)
* KISS OF LIFE - Back to Me
* RM - Groin
* TAEMIN - Deja Vu
* NAYEON - ABCD
* BADVILLAIN - +82
* JAEHYUN - Roses
* MADEIN - DOPAMINE
* NewJeans - Bubble Gum
* SEVENTEEN - Spell
* YEONJUN - GGUM
* xikers - Bittersweet
* Stray Kids - Chk Chk Boom
* Dreamcatcher - JUSTICE
* RIIZE - Boom Boom Base
* ZICO - SPOT! (feat. JENNIE)
* Red Velvet - Cosmic
* CHUNG HA - I'm Ready
* TVXQ! - Down
* Jin - Another Level
* Solar - Colors
* ENHYPEN - Scream
* TWICE - I Got You
* CRAVITY - Love or Die
* NCT DREAM - icantfeelanything",46,1734196159,TWICE_Strategy
m21ker0,kpopthoughts,"For Twice,

Best era : Cheer up - it was the era where they got their first win and it started a streak of songs which are now some of the most iconic kpop songs to exist. They even won 3 daesangs for 3 executive yrs starting from this song.

Worst era : Fancy - Music wise 2019 was one of their best yrs but the amount of hate they received and how visibly overworked they looked can't be overlooked. Plus Mina's hiatus is also a reason.

Idk what to put in meh and unique eras",0,1734197744,TWICE_Strategy
m21m77u,kpopthoughts,"deja vu, say less - taemin

te quiero, nothing - kiss of life

shadow, dangerous - ten

the hitchhiker’s guide to the galaxy - artms

ease up - chanyeol

i’m ready - chungha

pinball - rescene

deep ocean - wayv

lazy baby - tzuyu & ph-1

night drive - red velvet

rain - seventeen 

rush - twice

from little wave - doyoung

cold heart - baekhyun

nbdy - i.m

strawberry silhouette - irene

truman show - loossemble

about time - doh kyungsoo

came and left me - minho

afterglow - yves

mayday - suho

something -  nayeon

overthink - key

red light sign, but we go - nmixx

focus - onew

best ever - wendy

fall in love again - chen

time capsule - nct 127

flowers - aespa",5,1734198353,TWICE_Strategy
m22kckd,kpopthoughts,Nayeon,6,1734210196,TWICE_Strategy
m22krbk,kpopthoughts,"BTS, BIGBANG, BLACKPINK, SHINee, Girls’ Generation, IVE, TWICE. Special mentions to INFINITE I do think their discography is really underrated, they deserve more…",2,1734210340,TWICE_Strategy
m22ldyo,kpopthoughts,Jihyo,3,1734210564,TWICE_Strategy
m23bo22,kpopthoughts,"(I'm not calling NU'EST a group that never stood a chance in the industry; I could, but that's not the point I want to make, though I will be bringing them up)

To address the rest of it, there were more groups that debuted in 2022 ALONE than all of first gen K-Pop counting from 1988-2002. \~59 groups in first gen. \~74 in 2022. \~90 groups that have already debuted *this* year. That's part of the problem.  There literally is a revolving doors of debuts. There are groups that debuted in the last year that have already disbanded for whatever reason. The market is severely oversaturated, and combined with the pandemic that took out established groups, right now is not a good time to debut as a K-Pop group unless you're under one of the Big 4 or a handful of the smaller companies. It's getting slightly better as the groups are able to go and do things to get more fans in person, but the numbers alone mean that for every TWS, there are about fifteen no one knows anything about. And HYBE alone has put out four groups in the span of a single year, which is more than some companies put out in their entire careers. BOYNEXTDOOR, &TEAM, TWS, ILLIT (Katseye if we count them as K-Pop would make it five.) 

The only magic formula I can see working best when you aren't part of the Big 4 is having the right story and putting out the right song at the right time, which is entirely unhelpful if you're looking to debut a group. It may take years to get that magic first win, even though you've got a genuinely talented group and a good team behind them, even longer to start making waves. But it still takes an obscene amount of luck (and money) and good management (and money) to capitalize on the good luck.

Take NU'EST for example. Killer debut. Arguably the best debut of 2012. Highest number of views for a debut music video until, I think, TWICE debuted, and highest number of views for a boy group until BTS and TXT bumped them out long after they debuted. But Pledis's famous mismanagement brought them down to selling less than a thousand albums total for the second of their 2016 mini albums. The *only* reason they weren't disbanded then was because Pledis took their suggestion and put them on Produce 101 S2 in 2017. That was the single best decision that Pledis made regarding them, because then NU'EST was essentially crowned the kings of being ""reverse-dols"". Everything they touched was golden. Then between HYBE and the pandemic, they weren't able to weather the changes. If Pledis hadn't listened to them, NU'EST would have been remembered only as Seventeen's older brothers, if people happened to think of them at all. I found a [Billboard interview from 2018](https://www.billboard.com/music/music-news/nuest-w-discuss-artistry-career-resurgance-8491642/) where Ren describes the rare resurgence they had as ""like catching stars.""

So they prove that it's possible, but they also know that they got lucky. I'm really grateful for posts like yours because these groups deserve to be remembered, and my heart aches for the groups that don't manage to change their stars like NU'EST did.",38,1734220254,TWICE_Strategy
m23g3hg,kpopthoughts,"He’s like the East Asian Chico lachowski . And he’s all natural, if not, 99% natural which is incredibly rare in kpop industry. If I’m not mistaken only idols like Tzuyu and Nancy are mostly natural in comparison.",6,1734221975,TWICE_Strategy
m23ivgy,kpopthoughts,Jihyo,3,1734223058,TWICE_Strategy
m23ljda,kpopthoughts,Tzuyu,1,1734224102,TWICE_Strategy
m23luiq,kpopthoughts,"* Voyager - Purple Kiss
* Push Button - Kep1er 
* One Love - Tzuyu
* Bahama - Aespa
* His Car Isn't Yours - Wendy
* Sunflower - Red Velvet",4,1734224225,TWICE_Strategy
m23tbs5,kpopthoughts,Nayeon,6,1734227217,TWICE_Strategy
m23ugzk,kpopthoughts,"Same OP, Cosmic is a song that warms my heart and gives me goosebumps every time, even after the 1000th re-listen

Similar songs to me are SNSD - Into The New World, f(x) - Beautiful Goodbye, Gfriend - Me Gustas Tu, TWICE - Feel Special, 2NE1 - Lonely, BLACKPINK - Stay  among others",6,1734227678,TWICE_Strategy
m23w762,kpopthoughts,Jihyo,3,1734228384,TWICE_Strategy
m245bvu,kpopthoughts,Jihyo,6,1734232196,TWICE_Strategy
m24ab14,Aespa,"Yup! In the 10th image, Winter looks exactly like Mina from Twice to me, until she turns her head.",1,1734234410,TWICE_Strategy
m24hqwt,Aespa,"Since when did K-Pop groups need to pander to the west for K-Pop fans to like em? Lol the girls don't need the west. They've already conquered K-Pop and the world as a whole. Yesterday it was Blackpink and TWICE. Today it will be aespa. Why are people so obsessed with numbers, awards, and whether or not so & so group performs at Coachella? I love aespa and just want to spend every moment with them as they're. I don't want them to westernize like Blackpink. The whole reason I got into them in the first place was well..cuz they reminded me of a younger SNSD a whole lot. Since SNSD is gone I was looking for another girl group to fill the void and aespa was the one 🥺 They remind me of why I love and became a K-Pop fan in the first place!!",10,1734237878,TWICE_Strategy
m250vmm,kpopthoughts,"Gotta be Dive by TWICE. It's a full album, and you can just put it on and listen to the whole thing while going about your day. Very high quality overall.",7,1734248543,TWICE_Strategy
m255hvt,kpopthoughts,"* IVE - Crush
* NewJeans - Supernatural
* STAYC - GPT 
* tripleS - Untitled 
* TWICE - Dive",7,1734251606,TWICE_Strategy
m25urqi,unpopularkpopopinions,"Yeah um, no. Far, *far* more people know of TWICE and are fans of them more than there are people who know/follow SKZ.",12,1734267821,TWICE_Strategy
m25v610,kpop,"I've made an assumption that the account size can double amongst the ""genuine"" fans.  But they lose out on the HYBE marketing machinery plus appearance on awards shows.    
  
We can monitor this for a couple of weeks; and what we see as a percentage of the previous 13M is a proxy for the album sales and ""influence"" of this group compared to the last album.

So let's say they sold 1.2M Albums  
 of ""How Sweet"".  So let's say they hit about 5M followers on instagram if they split.  That means they will sell about 5/12\*1.2M albums or 500,000 albums. 

It's pretty good for a girl group - but a far cry from their peak.

Advertisers are not emotionally invested like bunnies are.  (I am ARMY and will buy whatever BTS releases only one copy).  

So now you're looking at a scaled back NJ vs. LSF, Baemon, Aespa, TWICE for advertising deals.  Honestly did the parents even do the math???",3,1734268021,TWICE_Strategy
m25ywza,kpopthoughts,TWICE: Last Waltz. I still haven't found a song that sounds like it,2,1734269816,TWICE_Strategy
m26859x,kpopthoughts,TWICE - Go Hard,1,1734273790,TWICE_Strategy
m26jdkk,unpopularkpopopinions,"Go to any nightclub that plays Kpop music and I guarantee there will be more TWICE songs played, and more people will dance to them than any SKZ song. In fact, there’s a good chance that a SKZ song *won’t* be played",4,1734277949,TWICE_Strategy
m26mxav,kpop,The wish is for another 10 more years of TWICE. At least.,14,1734279179,TWICE_Strategy
m26x688,kpopthoughts,"Title tracks:

1 - Justice (Dreamcatcher)

2 - Nightwalker (Ten)

3 - Imaginary Friend (Itzy)

4 - Run Away (Tzuyu)

5 - Drip (Babymonster)

B-sides:

1 - Cliché (Viviz)

2 - Run for Roses (NMixx)

3 - Red light sign but we go (NMixx)

4 - 2 Rings (Dreamcatcher)

5 - Vay (Itzy)

Honorable mention to Off the Mask by Yuta. My #1 of the whole year, but it's technically not K-pop.",5,1734282612,TWICE_Strategy
m26xlff,IVE,"that how tall Leeseo compared to Jihyo

based on this clip",11,1734282746,TWICE_Strategy
m26yyox,kpopthoughts,"The ones that immediately come to mind:


-  Rush by Twice

-  Heaven by Nayeon ft. Sam Kim

-  Lost by RM

-  Cosmic by Red Velvet

-  Mr. Vampire by ITZY",3,1734283199,TWICE_Strategy
m276dhg,kpopthoughts,"easy by le sserafim 

licorice by aespa

bubblegum by newjeans

drinks or coffee by rosé 

abcd by nayeon",0,1734285609,TWICE_Strategy
m2793vp,kpopthoughts,"TWICE DOMINATION!!! In no particular order :

1. Twice x Sabrina Carpenter Collab 🥺🫶🏻

2. Chaelo

3. MISAMO comeback

4. 2 JP group singles 

5. TWICE 4TH KOREAN STUDIO ALBUM (before their 10th anniversary so anytime in the next 10 months - seeing the pattern and how its 10 months between with youth and strategy maybe the release WILL be ON their 10th anniversary! maybe a mini in the summer anyway and studio album in october)

6. TOUR ANNOUNCEMENT 

7. Debuting a surprsing new song on 10th anniversary fanmeeting (a la candy and sweetest obsession, but I think TW4 will already be out by their 10th anniversary so maybe a subunit debut song or solo? maybe new jp single?)

and 2026 is the tour 💕 or it can start on their anniversary so later in the year after all these releases. I'm also somehow convinced there WILL be a real christmas single next year also as a celebration, maybe again Japanese. Merry & Happy but Japanese",4,1734286482,TWICE_Strategy
m279q4q,IVE,This makes my DIVE and ONCE heart so happy. Leeseo hugging Jihyo is just agahdhahahdbxjsh.,30,1734286680,TWICE_Strategy
m27bm4n,kpopthoughts,"1. Abcd - Nayeon

2. Strategy - Twice

3. Cosmic - Red velvet

4. Swan song - Le Sserafim

5. Gpt - Stayc",4,1734287253,TWICE_Strategy
m27gg2p,kpopthoughts,"1. Walk - NCT 127
2. Deja Vu - TXT
3. TTYL - Loossemble
4. ABCD - Nayeon
5. Box - NCT Dream",2,1734288753,TWICE_Strategy
m27iq12,kpopthoughts,"1. Supernova


2. Virtual Angel 


3. Magnetic


4. Heaven - Nayeon (ft. Sam Kim)


5. Cheeky Icy Thing


Artists:

1. aespa (Ults)

2. StayC (metamorphic aoty)

3. Kiss of life (their works this year have been flawless, specially Midas Touch, Te Quiero and their last album)

4. Red Velvet (what can I say, I'm their number one glazer)

5. Loossemble (flawless run from sensitive to cotton candy and confessions. their disbandment album woah)",3,1734289461,TWICE_Strategy
m27o3b9,kpopthoughts,Huge Dreamcatcher fan and want to say Siyeon or SuA but ultimately I think I’d have to pick Mina from Twice,6,1734291142,TWICE_Strategy
m27oh8r,IVE,Leeseo doing Sana's hug move on Jihyo <3,20,1734291264,TWICE_Strategy
m27q76x,kpopthoughts,Chaeyoung and Jiheon fromis_9,4,1734291813,TWICE_Strategy
m27u06k,kpop,"**TWICE tidbit from the article:**

>TWICE captures its sixth total and consecutive top 10-charting set on the Billboard 200 as STRATEGY debuts at No. 4 with 88,000 equivalent album units earned. It’s the second top 10 for the group in 2024, following their first chart-topper, With YOU-th (March 9-dated chart). Of the new set’s first-week units, album sales comprise 81,000 (it debuts at No. 2 on Top Album Sales), SEA units comprise 6,500 (equaling 8.86 million on-demand official streams of the set’s songs) and TEA units comprise less than 500 units. The album’s first-week sales were aided by its availability across more than 15 CD and vinyl editions, all inclusive of collectible paper ephemera (some randomized).",49,1734293017,TWICE_Strategy
m27u486,kpopthoughts,"1. Who - Jimin

2. Smart - Lesserafim

3. Sticky - Kiss of life

4. Lucky Girl Syndrome - Illit

5. I'll be there - Jin

Hon. mentions 

Groin - Rm, Magnetic - Illit, Supersonic-Fromis9, Crazy & 1 800 Lesserafim, I wonder -Jhope & JK, ABCD - Nayeon, XO - Enhypen , Running wild & heart on window - Jin, Stupid in love - Yunjin, Miracle & Quarter Life - TXT and Cosmic - Red Velvet",8,1734293053,TWICE_Strategy
m27xuhm,kpop,Congrats to Rosé and TWICE.  Kpop Queens dominating the charts! Two incredible albums that closed an amazing Kpop release year,99,1734294257,TWICE_Strategy
m27xwow,IVE,The way Jihyo returned Hyunseo's embrace was so sweet 🥹,14,1734294276,TWICE_Strategy
m283yb9,kpopthoughts,"Live My Life - aespa

Nothing, Te Quiero, Igloo - Kiss of Life

Doll, Revenge, Wife, Last Forever - (G)I-DLE 

Magic (ft Julie of Kiss of Life) - Nayeon

1-800-hot-n-fun - Le Sserafim",0,1734296200,TWICE_Strategy
m28544a,kpop,Yes! Nayeon (both albums) debuted at 7,64,1734296571,TWICE_Strategy
m28m8ei,kpop,"I would've thought Jennie or Lisa would've been up there, so aside from Rose, Nayeon has had the highest charting position on Billboard for a kpop female soloist?",10,1734302118,TWICE_Strategy
m28o00a,kpop,"Rosé is the first BP member to release an actual album eligible for Billboard200 (album) chart. 

Nayeon holds the highest position, followed by Jihyo (#14?)",67,1734302704,TWICE_Strategy
m28sri8,unpopularkpopopinions,"Anyone who says Tzuyu's vocals are hurting the group is insane. Tzuyu is the member who has improved the most and the most consistently since debut. I would argue she is the fourth best singer in TWICE currently. Mina has a similar voice but she refuses to open her mouth when she sings so it is weaker than Tzuyu's. Then there are the people who just categorically don't sing well, Momo and Dahyun. Sana is just a weaker, thinner Nayeon. I don't say this to flame the bottom half of TWICE's vocal line, but lets be realistic.

TWICE is lucky to have Tzuyu.",19,1734304368,TWICE_Strategy
m28t71k,unpopularkpopopinions,"Fr. Even in the early years, Tzuyu had some great vocals",7,1734304519,TWICE_Strategy
m29exsc,IVE,TWICE and IVE interaction?! we won!,17,1734312216,TWICE_Strategy
m29o9v9,kpopthoughts,"You eventually get to that age where you won't have any fucks left to give about what people think of your hobbies. I like SKZ/TWICE, I like Taylor Swift, I like books, I like anime, the list goes on and I bring them up normally in conversations, including convos at work, as if it's no big deal (ex: ""which concert did you go to?"" ""oh I went to see SKZ, they're a k-pop group"").

It's not weird, people are just judgemental (myself included hahaha).",9,1734315742,TWICE_Strategy
m29txqe,kpop,"> Others made jokes about the situation including ""Imagine being peer-reviewed by a Twice member"" and ""Tzuyu took a master's degree to know what's inside Nayeon's mind""",1938,1734317966,TWICE_Strategy
m29xojk,kpop,"Timeline of this is so hilarious.  For those who don't know, Tzuyu's school in Taiwan had a notable alumni thing and highlighted that Tzuyu got her masters.  People scoffed it off thought it was some typo or mistranslation.  Then a couple days ago for a fancall for Strategy promos, a fan asked about it where Tzu confirmed it lol.",521,1734319455,TWICE_Strategy
m29zqsk,kpop,"Some masters in the US at least have had VERY different requirements, some had straight classes (aka no thesis at all), some had project type work, less of a thesis more of a ""look here we built a novel search engine, we call it ""Googol"", and then you had the traditional thesis + classes, but some programs really just had a thesis and would wave the classes for students who would bring them more prestige (usually due to their research and not just because Tzuyu.)

Projects were not uncommon in Engineering and other Applied Physical Sciences.

I went to a prestigious school in my area and TBH, the classes were meh, my advisor got me out of the last 12 hours of them.

If you have a thesis ready to go, you can definitely graduate very quickly, I've heard of PhDs basically being given directly from a paper.",60,1734320300,TWICE_Strategy
m2a4sub,kpop,"I think shes just doing this because she has a huge interest in the field, and maybe even a back up plan when her idol activities slow down. No one’s expecting Tzuyu to be a clinical psychologist or practice psychology at all in the near future. 

Tbh, no academics would respect a 1 year, online part time, no bachelor requiring masters degree. It’s sort of a slap to the face to those who have MA’s and done the whole 9 yards of getting it.",172,1734322422,TWICE_Strategy
m2a598c,kpop,"Omg, my question is - how did she find the time?? TWICE was so busy in the past 2 years. But I'm so happy for her!",4,1734322621,TWICE_Strategy
m2a5olh,kpop,"This account provides some context, explaining how she was able to enroll in a master's program in a Spanish University, that too without having a bachelor's degree: [https://twitter.com/MIYABI\_SaTzu/status/1866496462236078497?t=tn8O66wLgtPytisbo-p6ZQ&s=19](https://twitter.com/MIYABI_SaTzu/status/1866496462236078497?t=tn8O66wLgtPytisbo-p6ZQ&s=19)

""\[Tzuyu Earns Master's Degree in Applied Psychology\]

During a time when group activities were reduced due to the COVID-19 pandemic, Spain's Cervantes University began offering online classes for the first time, including classes in Chinese.

Tzuyu was recommended by a university professor she knew and, because she was interested in human psychology, she chose the university's two-year ""applied psychology"" course, and took advantage of this rare opportunity to earn a Master's Degree in Applied Psychology.

Also, in October, Tzuyu's alma mater, Fuxing Elementary School in Tainan, celebrated its 30th anniversary and awarded Tzuyu as an ""outstanding graduate,"" with her mother accepting the honor on her behalf.

🇪🇸 The full name of the Cervantes University is UNIVERSIDAD EUROPEA MIGUEL DE CERVANTES, abbreviated as UEMC. Since COVID-19, online classes have ended, so you will need to attend classes in person at the university.

Due to differences in the education systems of each country, some universities may allow students to study with outstanding work experience or work history as a qualification equivalent to a university degree. Tzuyu started working at the age of 16, achieved great results in her job, and was recommended by a university professor to earn this degree. ☺️""",327,1734322809,TWICE_Strategy
m2a89ja,kpop,Can Tzuyu finally take over the ‘jobs’ of those kpop armchair psychologists on tiktok and twitter? 🙏🙏,6,1734323982,TWICE_Strategy
m2a9c1y,kpop,"Even in the US, there are a plethora of master degree programs that exist that can be completed via distance learning and even in the course of under 2 years. Even some of the US' most reputable schools facilitate such online distance masters programs, including Columbia, Johns Hopkins, Harvard, Brown, UPenn, Rice, and Cornell.

Furthermore, there are a variety of colleges that offer accelerated distance bachelor degree programs.

Considering that Tzuyu graduated high school from Hanlim Muli Art School back in February 2019, it is quite conceivable that in the almost 6 years since she finished high school that she could have completed both undergraduate and masters level study in said span of time.",7,1734324482,TWICE_Strategy
m2a9jzk,kpop,I think you meant Nayeon.,4,1734324586,TWICE_Strategy
m2ackjh,kpop,"There is nothing to saty that Tzuyu did not complete a bachelors degree prior to pursuing her masters.  It has been nearly 6 years since she graduated high school, so it is possible. Especially if she did online study. 

Taiwanese undergrad degrees typically take 4 years to complete, but can be finished sooner. Same with colleges in the US. Many US colleges even offer accelerated undergrad programs, especially for working and non-traditional students.

We only know about Tzuyu's masters degree because the school kind of advertised it.  It is possible that she has a bachelors too but her undergrad alma mater has not gone and flaunted it.",60,1734326038,TWICE_Strategy
m2addnm,kpop,Now she can learn why Nayeon keeps randomly giggling.,77,1734326440,TWICE_Strategy
m2adolf,kpop,"Nayeons mind is more of an enigma. Momo's mind is mostly ""え? 👁️👄👁️""",102,1734326595,TWICE_Strategy
m2aeiiu,kpop,"The jealousy in the comments lol. Anyways, congrats to Tzuyu.",-8,1734327022,TWICE_Strategy
m2aeoma,kpop,Probably just some overdefensive ONCEs who are annoyed by anyone questioning Tzuyu's degree credibility.,24,1734327111,TWICE_Strategy
m2ag27t,kpop,That's entry to Bachelor's tho. She got Master's. People are saying her work experience as an idol was taken as equivalent to a bachelor's degree for her entry to Master's. Somehow that's crazy to me. Imagine studying and working on thesis for ~4 years when you could just work and earn money instead then just get master's after 4 years. Why is anyone even bothering with a bachelor's degree if we could all just do it like Tzuyu?,102,1734327834,TWICE_Strategy
m2ag5dn,kpop,"Lol I'm not offended. Genuinely, I find it curious that people are doubting a degree about which very little is known, and whose information was almost leaked since Tzuyu had never even mentioned it before. All of this aside, apparently she obtained it some years ago and is clearly not working in that profession. So why would anyone care or worry so much about the validity of the degree? Lmao",-6,1734327881,TWICE_Strategy
m2agk30,kpop,"going to her concert and holding a board like ""TZUYU WE'RE WAITING FOR YOUR POWERPOINT SLIDES""",36,1734328100,TWICE_Strategy
m2agpe6,kpopthoughts,Tzuyu is definitely not mostly natural,0,1734328178,TWICE_Strategy
m2ah6c8,kpop,brb attending twice fanmeet and have Tzuyu to listen to my life problems,17,1734328436,TWICE_Strategy
m2ahnro,kpop,"> So why would anyone care or worry so much about the validity of the degree? Lmao

Why are YOU worrying that people are curious about this degree? It definitely counts as unusual and people are curious about unusual stuff. But you being defensive about this makes it weird. Like, this isn't even an attack on Tzuyu, people literally are just curious about that unusual way of earning a Master's degree.",12,1734328697,TWICE_Strategy
m2ajl0j,kpop,"Well, if your comments are made in good faith, then understand that not every other one is like yours. Some are trying to make a fuss about the fact that a successful idol, even coming from a wealthy family, decided to dedicate her little spare time to studying and getting a degree. Like how can that possibly be something negative?! Tzuyu hadn't even MENTIONED it, let alone bragged about it, and yet there are people here who are jealous lol",1,1734329774,TWICE_Strategy
m2al68v,IVE,Is Jihyo wearing heels? How is Leeseo her height 😭,14,1734330699,TWICE_Strategy
m2ala16,kpop,"I mean, considering the amount of mentally tormenting shit K-Pop idols go through, especially what Tzuyu herself went through...

...there's definitely a ""psychology"" link.",-11,1734330761,TWICE_Strategy
m2ali9n,kpop,"That's why I clarified it's just what I heard! It's good to know it isn't true. And for the record, I don't think it's true for the kind of practical studies Tzuyu has done.",-2,1734330896,TWICE_Strategy
m2aok21,kpop,"You're very emotional about this. No ones making a fuss. We're all just discussing this under the post. People are allowed to do that.

> understand that not every other one is like yours.

Exactly. So why are you being defensive?

> how can that possibly be something negative?!

Is it being negative to think that getting a Master's for a year's worth of classes is unusual and weird? This is the first time I've heard of such a thing and I am surprised that it's even possible. I'm rightly curious about its legitimacy. Nothing against Tzuyu whatsoever. You're the one being weird about this. If this happened to literally anyone other than Tzuyu I will still react the same way. Because it's not about her as a person, but about the way she got the degree.",5,1734332751,TWICE_Strategy
m2asja4,kpop,">Getting a Master's degree in a year with only a high school diploma

There has been a lot of speculation, but no one knows if Tzuyu completed a bachelor's degree before her master's. This is new, and when someone during the fan calls asked her to confirm the rumors, she said they were true and that she studied for over a year to receive the degree. So I don't understand how you are so sure about what you're talking about.

It throws me off seeing people getting arrogant about someone who decided to invest her free time in studying her own interests, regardless of the level of education or the degree she received. From my point of view, it's admirable, especially because it's not something she ""needed"" and on top of that, she kept it private for years! Just go back to Genshin, pick me princess.",0,1734335319,TWICE_Strategy
m2asz80,kpop,"Are your gf and sister doing a four-year or one/two-year Masters? Asking because I know some countries will tack the extra year onto a (3-year) bachelor and call it a masters because it's the same as 3 + 1 years. But what Tzuyu has done is only a 2-year degree. Most universities will not let you do a two-year masters without a bachelor of something. And I have't come across any European unviersities that will let you do a Masters in Psych without an actual bachelor in psych or something related (like medicine).  
(If someone knows a reputable uni that does offer this please lmk!)",38,1734335606,TWICE_Strategy
m2azshs,kpop,"Isn't the university private? No offence to Tzuyu, she probably took this because she's interested and not because this is her future job. 


But one year of master online with no bachelors, no working experience in field and probably no entry test doesn't sound credibility. It genuinely seems like one of those universities that accept and graduate anyone with money and connections.",21,1734340279,TWICE_Strategy
m2b0tfj,kpop,"Yeah, I also think that’s the cool part about it. Not the degree or the school, but that she seems to have some academic interests. That she never spoke about it also shows that she doesn’t care about the degree, but mostly just did it because she had an interest in it and I guess the low effort online courses just fitted her schedule the best.   
  
I followed TWICE in 2018 and consumed all their vlives back then and Tzuyu always had that vibe of being young, shy and innocent but also smart, disciplined and curious. Someone who stays in the background but picks up on everything and then surprises with a very smart comment.  
I think back then TWICE members already said she was the best student of the group.",32,1734341009,TWICE_Strategy
m2b1bzy,kpop,"Right but Tzuyu has an unconventional job that most of us don’t and they found that was enough for the equivalency/make up for the fact she doesn’t have a bachelors. Which imo, only makes her feat more impressive, to be able to do a masters without the basis knowledge you’d get in an undergraduate degree. The university she attended online was offering online courses due to COVID, so it was extraordinary circumstances all round.",-8,1734341376,TWICE_Strategy
m2b1e09,kpop,Can’t believe I am going to have the same degree as Tzuyu.,3,1734341415,TWICE_Strategy
m2b2am8,kpop,"However, non official/uni specific titles, regardless of the level, can essentially teach whatever and require whatever the University fancies. There's no governing body beyond the university reviewing what is taught, there's no consensus with other universities or with any national educational body, and there's no specific set of requirements approved nationally to enter. These titles are mostly offered by private unis. And it means, among other things, that people can apply for a masters without having a uni degree at all, or a relevant uni degree for the masters in question. 

As mentioned, private unis can also offer official titles, but they are a lot more relaxed with requirements, and from what I understand (I went to public uni, but know a couple people that went to private ones), with grading students too. Private unis in Spain have the reputation of letting you get a degree as long as you pay, without actually putting much effort. That's not going to be the case for all, but it is absolutely the general reputation. Basically, in Spain people tend to think of private unis as the easy way to get a degree, often chosen by children of rich/accommodated people when they are 100% getting a job in their family’s company but they need a degree to pretend they earned that high paying managerial role at the age of 20. It's not just rich people going to those unis, I know someone who went private because they couldn't get high enough grades in the national exams to go to public uni. Which should tell you enough about the average student profile in unis like this.

This is where I shade myself a bit: I have an official uni degree from a public uni, but due to career related stuff, I'm currently doing a non official online masters completely unrelated to the topic of my uni degree, in a private uni. And I'm doing it because I need the title to climb a bit, and this type of masters was the easy choice. It is so easy in fact that I don't have to do any exams, thesis or anything like that. I just do some short essays here and there. I work full time, I wanted an option that required no effort but would give me a title, and this was it. I literally have to do nothing but watch some videos from time to time and write a couple of pages about it. For comparison, in public uni I had multiple exams per subject, weekly projects per subject, monthly essays that were about 10 pages long each, and a final thesis that would take over a year of work. Regarding this non official master, they asked me for absolutely nothing to access the masters, not even my uni degree. Well, they asked for my bank account number and my full name. As mentioned, for things like this, they only care about you paying.

So, what about Tzuyu? Well, she's doing a non official online masters in a private Spanish uni, just like me (the one time I'll have something in common with a kpop idol lol). So she's had no requirements to enter, and having looked at the curriculum of the masters, it seems she has no exams either. Now, to give her some credit, I'll say that at least the masters she's chosen has a final thesis. It also seems they ask them for a few essays here and there, but there's no specifics about the length of the essays. Knowing how these unis work, I can make an educated guess and say that it will likely not be more than a page or two every few months. 

As a fun fact, it seems that the master she's chosen is done in collaboration with some Chinese org, and has Chinese professors. That's likely why she's chosen it. It's taught in English though.

Does this mean she has no knowledge whatsoever and just got a masters title for money? Well, not necessarily. Again, having looked at the curriculum, it seems all subjects are 100% introductory to psychology. There's nothing advanced, you have things like basic theory of psychology and history of psychology listed there. Those are 2 of the 8 subjects she's had. And the masters lasts only 1 year, not much time to get into advanced topics if you're literally starting from the basics. To give some perspective, if you did an official uni degree in psychology in Spain, you'd have those two subjects in your first semester of your first year (official degrees last 4 years in Spain).   

Btw you can find some basic details about the masters [here](https://www.uemc.es/p/objetivos-y-metodologia-26).

So what I gather is, if she has actually bothered to put the time, which I assume she has since she has no need for a title and must have signed up due to interest in the subject, she's gotten some basic academic knowledge about psychology. Comparing curriculums, someone at the end of their first year of the official psychology degree in Spain will have more knowledge about the topic than her, and will have done a ton more work. 

Basically, this is like doing an online course in a topic you like, and the course lasts a year. It doesn't put you anywhere near masters level, but because it's a private uni and a non official title, they can call it a masters. In Spain and in the EU, it would also mean she would not qualify to work in psychology anywhere or almost anywhere. I guess maybe in a business environment where they sometimes like having people with psychology titles for business decisions. But definitely not on a clinical environment with patients.

Not taking away the effort and time I'm sure she's put into it, of course, which cannot be easy with how crazy busy this year was for her and Twice, but like I said, this is an introductory course and should be seen as such. I know people are going to picture it as some crazy advanced thing she's managed because she's some sort of genius, and as mentioned, sorry but that's not really what happened here.",143,1734342047,TWICE_Strategy
m2b2ba4,kpop,"No doubt Tzuyu tried her best, but the fact that is a private university and  Tzuyu said she studied whenever she had free time (and Twice isn't known for light schedules) tells me that this university in general have low requirements.
No credible university would use her idol job as work experience for degree such as psychology which is clinical. But I get that she isn't actually going to work as a psychologist.",12,1734342060,TWICE_Strategy
m2b2u6i,kpop,"This is not accurate for Spain, where Tzuyu got this masters from. What she's done is not an official master. See my comments [here](https://www.reddit.com/r/kpop/s/Ly7kCzDcK5) for information on how those titles work in Spain. She would not qualify to work in psychology based on the curriculum of this master.",2,1734342424,TWICE_Strategy
m2b3ep9,kpop,"Thank you. People here are acting like someone hates Tzuyu for saying you need minimal knowledge and money for private universities. Tzuyu clearly has both. 


She's not going to work as a psychologist and she tried to fit in her studies with schedules, which is great.",90,1734342814,TWICE_Strategy
m2b4j1y,kpop,I wish I could write a more detailed comment but this was just a queens fangirling over one another lol. IU doing the choreo point was very cute. The live of Strategy was so damn good. I still can't get over how much Tzuyu has improved as a vocalist and her overall confidence.,60,1734343577,TWICE_Strategy
m2b6glc,kpop,"SM stans have proven to be irrelevant internationally out of Asia time and time again. MHJ was especially 'proud' of NJ’s success in the West, and that’s 100% gone now. There’s no way they’ll get the same amount of autoplay and playlisting with H. We saw how their last four songs performed... it’s pretty telling, and those have huge playlisting from H. They have SK, sure, but let’s not forget how quickly Sk general public move on from their girl groups—GFRIEND, TWICE... These groups used to have #1 after #1, but the moment they changed their concept, they were completely dropped.",28,1734344900,TWICE_Strategy
m2bc2fr,kpop,That Tzuyu proposal lmao.,91,1734348520,TWICE_Strategy
m2bflnu,unpopularkpopopinions,"Everything you said is correct, but I still see so much hate for Tzuyu having boring vocals. I consider her vocals to be the glue that holds the songs together. Remove her voice from almost any twice song, and all of a sudden, the song becomes an unorganized mess that feels like it has no cohesion or flow. For some of the most acclaimed twice verses ever, Tzuyu is the one that sings before them, and I don't think this is a coincidence",1,1734350547,TWICE_Strategy
m2bhqs3,kpop,"Jihyo was embarrassed at everyone fangirling over IU lmao

I’ve never heard that song of IU’s before but my god that shit was a banger, I need to listen to her early stuff",53,1734351690,TWICE_Strategy
m2bi9za,kpop,"I mean it is strange to get master before bachelor's degree and a lot of people got downvoted for asking about that few hours ago.


It's great she chose to study something, but loud fans definitely exaggerate creditably of all of this when Tzuyu in reality passed few exams under loose requirements that are present on first year of bachelor degree at most. 
She has interest and if she chose to step away from entertainment after a while she might study more seriously.",6,1734351964,TWICE_Strategy
m2bkozn,unpopularkpopopinions,"You mean having a voice tone that is easily recognizable? Like, I think Jihyo and Nayeon are easily identifiable in Twice songs. But, again, what is defined as a ""standard singing voice"" and what are the requirements for someone to be considered unique?",1,1734353139,TWICE_Strategy
m2blsjr,unpopularkpopopinions,"Both Nayeon and Jihyo have very unique voices, especially Nayeon (although she does sometimes use a more plain voice). If a voice is easily recognizable, it is unique. When you listen to Tzuyu sing, there are no unique qualities that come to mind about her singing (again this is not a bad thing at all). It would be hard to describe Tzuyu's voice to someone. That is what makes it plain. Maybe the word plain is confusing you so you can just ignore it. Some other words would be like: simple, basic, standard etc. As for where to draw the line between ""plain"" and unique vocals, it can be really hard and there is no clear answer. I would just try to think, do I a) Would I instantly recognize their voice if I heard it on its own randomly. And b) Can I easily describe their voice to someone (although b works better when you know the lingo of how to describe someone's voice). If the answer to those two is yes, they have a unique voice. Else, they probably have a plain voice.",7,1734353649,TWICE_Strategy
m2bnpgc,kpop,"Unless you took the same courses or know Tzuyu personally, I would refrain from making dumb ass comments such as ""this isn't knowledge of masters degree"". My entire family is in academia and I myself have a masters as well, so I have a fair understanding of private and public universities and their requirements. Most of the top engineering schools are private. A university being private doesn't automatically disqualify it from being ""credible"". I know public universities in my country which I can buy my way into, public universities which have faculty that doesn't show up for classes.

You claim to see people exaggerating it beyond simply saying that they're proud of her or that they think it's commendable. If that's exaggeration to you then you're just riding an invisible high horse where you think that going to a better college somehow makes you more ""elite"" than people who've gone to private colleges. I'd love for you to link a few examples of these exaggerations.

I myself went to a private university and can confidently claim that I can run circles around any of my peers from public universities when it comes to my field.

You yourself say 

>knowledge earned heavily depends on student commitment

But then somehow come to the conclusion that

>this isn't knowledge of master degree.

So my conclusion that you and a bunch of other commenters are just being elitist seems to be well founded.",-1,1734354520,TWICE_Strategy
m2bqlaf,kpop,"""this isn't knowledge of master degree""   cause *Spanish*  person explained how *Spanish*  private universities work. They literally explained that Tzuyu took few exams that are on first year of bachelor degree and that someone who finishes first year of bachelor already has more knowledge than her curriculum. Your family works at academia, great I'm talking about Spanish and overall European universities.


""knowledge earned heavily depends on student commitment"" Yes, case some students just pay off their years and some of them pay and actually study. I didn't think it was that complicated to understand that.


Nowhere I was talking about how your degree or your family, stop taking this personality. I'm talking about what has been revealed about this Spanish university as well as how private and public universities work in my home country and other neighbors countries in Europe and I'm the one taking field that is close to psychology and studying various types of psychologies I didn't mention once that public universities have no holes or that private universities don't give you knowledge, I was talking about known requirement.
One of the examples mentioned that public universities for bachelor university in psychology look for your GPA, entry test, IQ test while you can enter bunch of private universities with no entry tests at all.


I don't mind you linking comments of exaggeration, and I'll edit this comment once I get free time to read comments again. No need to call something ""dumbass"" over an idol taking online university, I promise. I'm not planning to call anyone a dumbass either.",3,1734355774,TWICE_Strategy
m2bxunq,kpop,"What does the US have to do with this? Tzuyu is a Taiwanese idol in South Korea, and studied at a Spanish school. Just because it's one way in the US doesn't mean it's the same anywhere else.",15,1734358705,TWICE_Strategy
m2byfq1,kpop,"i was so giddy when they touched on the flower-giving story + the 10th anniversary coincidence. the entire interview was super sweet. each of them having a chance to speak is always precious, but Chaeyoung was just too cute in here. when she got praised for being charismatic + her reaction. 😂

i wanted Turtle, but IU - Alcohol-Free is my jam. i'm so dumb at distinguishing genres, i believed it was bossa nova but the subs corrected me that it was samba-style hahaha whatever you call it, it's a sound she should explore more for real. i remember liking Havana so much among her earlier releases and it's what instantly hit me when the intro started. the AF clips reminded me of what a stunning audiovisual experience Taste of Love era was.

있잖아 is a song of IU's that i probably heard a couple of times at most (i'm familiar but like i wouldn't even remember it if you ask me to list down 30 of IU's songs T\_T) so TWICE choosing this song to cover was a really welcome surprise. it fits them so well! it reminded me of Ponytail. Marshmallow would have been sooo cute, too.

TWICE members being either too freaking shy (shy shy) or showering IU with infinite compliments is so TWICE lol. anw they made this for me. women supporting women is always beautiful. TWIU defines my December.

P.S. the band at Palette is really good - i want all their arrangements on streaming platforms.",29,1734358927,TWICE_Strategy
m2c75qq,kpop,"When I saw this post last night, I figured there'd be some nasty comments about it. Tzuyu is a successful and wealthy k-pop idol, she doesn't need a university degree to make a living now or even when her career as an entertainer starts to wind down. Even so, she decided to invest her free time into studying something she enjoys and has never talked about it since, let alone bragged about the degree. Damn, she might have even done that to avoid this kind of reaction. And yet, people are discrediting 1) the university, 2) the degree, and 3) Tzuyu herself for having the opportunity to do something she enjoys and taking it. This is the first time I've seen so much negativity considering we're talking about someone studying for their own enjoyment and keeping it private ever since. Insane.",3,1734362100,TWICE_Strategy
m2cdpqv,IVE,I'm seriously crying right now. TWICE is the first group I stan and IVE is my current main group.,13,1734364318,TWICE_Strategy
m2cp4gt,kpop,"Fantastic episode to start off the week. Got rid of my Monday blues in a jiffy.

1 hour is too short for IU X TWICE interaction.

So tickled that my favourite TWICE song ""Alcohol Free"" was also IU's choice. She did well, but to be honest, it was too simplified and shortened for my taste, I loved Sejeong's version the best among the solos. And of course, it is a song meant to be danced to, as IU said, it has amazing choreo movements.

And TWICE did a fantastic version of Hey/Well, brimming with energy. True fans of IU to dig that far deep into discography to pick the song, not even many IU fans might know.

Lots of compliments back and forth. To be expected given how long TWICE has been fans of IU,

\-Nayeon recollecting the first encounter, saying she anticipated that her debuting will get her to meet IU

\-Jeongyeon spying on IU practising, getting her phone case signed and more

\- Shy Tzuyu declaring her love and shocking herself,

\- Jihyo catching IU vibing in the back and having a moment.

\- Dahyun giving the best compliment possible to any adult, that she wanted a child like IU in the future

\- Chaeyoung sharing her cool glow up stories

\- even MiSaMo, who I don't recollect gushing on IU, were charmed and charming. 

And IU was absolutely spot on about TWICE, 10 years of solid and strong discography, showing variety and range. Like IU herself, they are no more idols dependent mostly on visuals & image, but solid artists. 

And of course the best is the promise for the future.

A TWICE song, composed or written by IU, may be even a feature?",26,1734367985,TWICE_Strategy
m2cpv44,kpopthoughts,Twice Momo talked about having to lose weight before debut. Eating only ice cubes for a week? I think she said.,20,1734368218,TWICE_Strategy
m2cqdci,kpop,"Update: OMG IU SANG ALCOHOL FREE IM CRYING
TWICE's choice was so good too!! I am truly a happy Oncuena 😭",1,1734368377,TWICE_Strategy
m2d17ai,kpop,"There are parents with full-time jobs who are able to pursue bachelor and masters degrees successfully. So an idol like Tzuyu pursuing a degree is not unreasonable, especially when you consider that during the COVID lockdowns in Korea, Tzuyu had a significant amount of downtime.",1,1734371792,TWICE_Strategy
m2d2x4y,kpop,"Thank you so much for this explanation. I'm actually doing a program similar to Tzuyu soon (an hybrid masters psychology program) but I'm in the US, so it's interesting to see the different changes between countries. 

I'm glad she's passionate about psychology, it's a very interesting topic, but you're correct in that this program is just a title, nothing more. No right minded board would give her accreditation without any practicum or advanced topic experience.",7,1734372325,TWICE_Strategy
m2d9qtn,kpopthoughts,Twice Dahyun or Triple S Dahyun?,4,1734374446,TWICE_Strategy
m2da3cz,kpopthoughts,"Twice Dahyun, its a joke from another post that seriously believed Dahyun should go from Twice to Newjeans",19,1734374554,TWICE_Strategy
m2dazhl,kpopthoughts,[https://www.reddit.com/r/unpopularkpopopinions/comments/zw52f9/dahyun\_should\_leave\_twice\_and\_join\_newjeans/](https://www.reddit.com/r/unpopularkpopopinions/comments/zw52f9/dahyun_should_leave_twice_and_join_newjeans/),6,1734374834,TWICE_Strategy
m2dec3p,kpop,"So the 5-year Masters presumably includes the 3 years of Bachelors, otherwise you’d be doing eight years total to get a masters.
Whereas Tzuyu has done 2 years without doing any bachelors. 

It’s still totally impressive that she wanted to study à difficult subject and successfully did so. But the name of the degree isn’t what’s impressive about it.",4,1734375865,TWICE_Strategy
m2dhmyu,kpop,"From 2017 or earlier. No idea.

https://tenor.com/view/tzuyu-gasp-surprised-kpop-twice-gif-9415051",1,1734376883,TWICE_Strategy
m2diyrc,kpop,"Yes. If you're doing a 5 year degree, you don't need the bachelor. That means you can skip the thesis, and dedicate those hours somewhere else. Or you do a bachelors, and add 2 additional years on top of that, which also results in a master. So it is obviously not the same as with Tzuyu.",1,1734377289,TWICE_Strategy
m2dw5mz,kpop,"Correct! Right now the highest solo female kpops are: Rose #3, Nayeon #7 (twice lol), Jihyo #12, Tzuyu #19",0,1734381402,TWICE_Strategy
m2e0uaa,kpopthoughts,Chaeyoung in Itzy. Love her in Twice but I wouldn't seeing her in a smaller group where she can show the image she had in Sixteen.,2,1734382859,TWICE_Strategy
m2e1i41,unpopularkpopopinions,"If she had a voice it would have been used more.  Her having a plain voice could be carried by the other members of her group, but if she had a singing voice at a performer level then why would they just ignore it.  They don't hurt the group because there aren't enough lines to feed 9 voices to begin with.  She never gets the killing part, never opens, and usually sings the parts that are easiest or just a few notes repeating.  Her plain voice certainly hurt her in her solo debut.  She couldn't carry a tune.  Had undeveloped technique and could not hit her notes.  I think the opinion should be Tzuyu's lack of singing ability could only exist in a group like Twice.",3,1734383066,TWICE_Strategy
m2e2b8p,unpopularkpopopinions,"I heavily disagree with most of this

1. Her voice is quite good. Plain does not mean bad at all. 

2. Jeongyeon has a great voice and barely gets any lines (even considering the fact that she gives up some of them) so your just wrong about your first line.

3. Even early twice songs have some great Tzuyu vocals.

4. Her debut album literally has a song of the year contender and a bop of the year contender so I don't know what your talking about

5. The last line is also dumb because most small groups have at least one member with a worse voice than Tzuyu",3,1734383320,TWICE_Strategy
m2e3wzs,unpopularkpopopinions,"Her voice is quite good compared to me or you.  But not in the kpop industry.   Listen to her sing her song live.  Have you?  Early twice songs have great Tzuyu vocals?  Then why are we talking about her 10 year improvement?  Where the heck are you hearing her sing well taht makes you think she's good.  There's legit very few examples of her even singing without heavy MR or BGM.   Watch her sing live, on variety shows, on music bank, her latest solo.",3,1734383825,TWICE_Strategy
m2e5jid,kpop,">GG's in the future would be in their rookie penthouses listening horrified to previous gen GG's telling stories of how they had to share rooms

Or in the case of TWICE, [Momo and Jeongyeon sharing the same bed](https://www.reddit.com/r/twice/comments/c3xbdn/a_sudden_realisation_about_momo_and_jeongyeon/). There's a picture of that room [here](https://qph.cf2.quoracdn.net/main-qimg-1f8fc05b644ebe91cfd69d4f4e1467ab-lq). That remained the arrangement for at least a year after they debuted.",22,1734384338,TWICE_Strategy
m2e7olv,unpopularkpopopinions,"Biased? You are the one who seems to have an obvious bias. She is not scared about her singing ability, just the pressure of going solo. You clearly have not listened to any twice at all if you say Tzuyu never had good vocals. The people who don't know anything are usually the people who throw around big technical words like you just did. As our good friends on X say: ""Tzuyu hate in what year??""",0,1734385016,TWICE_Strategy
m2e8p59,unpopularkpopopinions,"It's called being realistic and objective and taking emotion out of it.  Am I going to hurt your feelings if I say Momo is a poor singer also?  Would you give all of Jihyo's lines to Momo just cause you think she's a great singer?  Vocal rankings have been out for 10 years on who's good or not in twice, out of the 3rd gen, out of all female groups.  Tzuyu is always bottom 3 of Twice.  You are providing no clear cut examples, you're just making blanket statements with no receipts.  There's no bias here for me.  I know Twice well, and Tzuyu has not had any success in her melody project or her Runaway Debut.  For you to even say that she ""proved"" herself that she can be a soloist shows how little you know.  There dozens of more qualified singers than her but she is one of the most popular idols, in one of the largest companies, who's group is one of the most popular global groups.  You think everyone just debuts on skill?   There's so many factors.  Unless you can hold up a debate, I'd suggest you don't.",3,1734385339,TWICE_Strategy
m2e9ul5,kpopthoughts,"I couldn't resist asking AI. This is what they said: 

No problem at all! Your question isn’t a waste. If you're wondering which idols could fit in another group, it can depend on the group's concept, the idol’s personality, and the skills they bring to the table.

For example:

Wonyoung (IVE) would fit well in Red Velvet due to her elegance and visual appeal, which align with Red Velvet's dual concepts of soft and powerful performances.

Jungkook (BTS) would seamlessly integrate into EXO, especially for their powerful vocals and intense choreography.

Seulgi (Red Velvet) might thrive in a group like TWICE, where her versatility and solid dance skills would complement their vibrant and energetic style.

If you have a specific group in mind or if you're thinking of a different dynamic, let me know, and I can help brainstorm more detailed pairings!",-20,1734385700,TWICE_Strategy
m2ea7nl,unpopularkpopopinions,"Crazy talk from someone who also never really backed up any of their points. Momo is a bad example because she is not a good singer. Tzuyu is. If you listen to abouTZU, it is very clear Tzuyu is worthy of being a soloist. Fly is a masterpiece and easy song of the year contender. One Love is a song only Tzuyu could do from Twice and is a fantastic song. Heartbreak in heaven, while generic, shows how Tzuyu can perfectly match her voice to the background. And Lazy Baby is just a straight up banger. Your reasoning for Tzuyu not becoming a soloist because other artists deserve it more has got to be the saddest mentality ever. Whether Tzuyu becomes a worthy soloist has nothing to do with any other singer. Also you saying Tzuyu is bottom three in twice for vocals is so wrong it is funny. Also, unironically, Momo could crush a ton of Jihyo's lines, especially with her own twist on them.",-2,1734385815,TWICE_Strategy
m2ebijt,kpop,"This does happen, especially for older people. My father did it. He had qualified as a pastor before that was a graduate profession, so his certificate was only equivalent to the first year of university. He had also been working a social worker for several years, so he knew more about the subject than a 21-year-old with a bachelor's degree. When they introduced a requirement for social workers to have degrees, he skipped bachelors and went straight to master's. Remember, in the past few very people went to university (even in the 1990s I had teachers who did not even have bachelor's degrees), so this wasn't unusual.

Obviously his situation was very different from Tzuyu's. His experience was directly relevant, and he was much older. But to answer your question: yes, you can take a master's degree without a bachelor's degree. I have worked at universities that would definitely consider *relevant* experience from older applicants without a bachelor's. See [this example from a university in London](https://www.gre.ac.uk/articles/university/joining-us-as-a-mature-student):

\> If you have no formal qualifications, don't let that stop you. We want you to benefit from learning and study, and complete your programme successfully. So please include any supporting information, for example relevant alternatives to qualifications through career or life experiences, in your personal statement on the application form.

\> You have relevant life skills and work experience, which we will take into account as much as your academic qualifications.",1,1734386229,TWICE_Strategy
m2ebvtn,unpopularkpopopinions,You don't have an argument.  You're just naive and not worth talking to.   Tzuyu ain't a good singer.  You'll learn it one day.  Good bye delusional child.,2,1734386348,TWICE_Strategy
m2ec984,kpop,"It's not sketchy in general. Lots of respectable universities will consider this. Not everyone has the opportunity to do a bachelor's degree. [I write an earlier comment with receipts.](https://www.reddit.com/r/kpop/comments/1hf9hou/comment/m2ebijt/?utm_source=share&utm_medium=web3x&utm_name=web3xcss&utm_term=1&utm_content=share_button)

What *is* questionable is whether Tzuyu's particular experience was relevant enough. That's a fair criticism.",1,1734386468,TWICE_Strategy
m2emzl1,kpop,"I made a short comment, so I kept it brief, and for a while I even pondered if I should have made an edit containing something similar to the train of thought I'll reply with in sequence.

What Mingi said was, to essence, ""actually, this is how it is in the US, and that's how it *really"" works"" - which, in my humble opinion, is a worse form of defaultism in of itself. Because it doesn't come from ignorance of how things operate in other realities (as in wildin's case), but from a conscious disregard of those realities as if they don't matter in the grand scheme of things.

In the case of Tzuyu's degree, wildin's experience is closer to what applies, and the way the degree operated should have been some evidence of that. So it's odd that another person comes saying ""I'm from the US, that's not how it works, this is how it works"" in a case that's not US-centered, evidently different from the scheme of a degree they are envisioning, and so goes on.

If the matter was ""it depends on where you are - for example, I'm from the US and here it works like this:"" it would be a whole different story, but that's not how things were communicated.",2,1734390045,TWICE_Strategy
m2eo51l,kpop,"Thank you for submitting to r/kpop! Unfortunately, your post has been removed for the following reason(s):

* The title of your submission does not comply with [our formatting rules](/r/kpop/wiki/rules). If the content has not already been posted by another user, submit again after correcting your title.

* Post title should be: TWICE Answers Fan Mail @ InStyle (241217) [ENG SUB]

Please review our rules related to titles:

* Artist name(s) on the left - Content name on the right (more details) (YYMMDD) [LANGUAGE]
* Don't forget the dash/hyphen in there!
* Do not use bracketed flair names in your title, like [MV] or [Teaser] or [Discussion]. Flairs are added to your post separately and should not be included when you write your title. The details may include info like this: (Image Teaser #2)
* Avoid including emojis or hashtags.
* Avoid using Hangul alone for names/song titles. Please include romanization of the Hangul for names and an English translation for titles alongside the Hangul unless it's impossible to find.

If you have any questions regarding the ruleset of r/kpop, please refer to the [Rules](https://www.reddit.com/r/kpop/wiki/rules) or [message the moderators](https://www.reddit.com/message/compose/?to=/r/kpop). Thank you!",1,1734390449,TWICE_Strategy
m2eu48s,IVE,"Lord, Jihyo is such a woman. Damn",8,1734392589,TWICE_Strategy
m2exdi4,kpopthoughts,"Personally I wouldn't change ITZY. I like them for what they are. I would add members to them if possible. Like I think Dahyun and Momo would have been an excellent addition to ITZY. They are so under utilized in Twice and both are very good technical dancers and can rap in for ITZY.

Personally I think had JYP known he was going to have a group like ITZY they would have been kept for them.

For Twice, I kind of wish they added Kim Sejeong in their line up. She is the bestie of Jihyo, similar to a better merger of Jeongyeon and Sana as she can pull the vocals and the ageyo of the latter two. 

Actually that makes me think... An JYPE all out rap/dance girl group: Chaeyoung, Dahyun, Momo, Yeji, Ryuujin, Yuna, Mako, Rima & Kyujin? ( I am not familiar with NMIXX rappers). I know Chae be a bit disadvantaged in the dance department but her rap should be good enough to make up for it. 

I kinda wish deep down wish IOI still existed in some form. Like I really like Chunga dancer with Doyeon and Nayong as rappers and Sejeong and Yeunjung as main vocalists. They could have been a wrecking force.

I would also have loved to see a SM Super Group with BoA,  Wendy, Taeyeon, Tiffany, Seulgi, Irene, Hyoyeon as Got the Beat. That should have been the line up not the one we got (No offense to Karina and Winter but they don't belong there as they are still active under AESPA).",-4,1734393755,TWICE_Strategy
m2f1d4l,unpopularkpopopinions,All hail god Jihyo,3,1734395195,TWICE_Strategy
m2f9pbv,straykids,Changbin IS DEFINTLEY THE HIDDEN MEMBER OF TWICE AND ITZY!!,1,1734398204,TWICE_Strategy
m2fkd57,kpopthoughts,Nayeon,2,1734402102,TWICE_Strategy
m2frmeo,unpopularkpopopinions,That os genuinely the stupidest excuse for TWICE’a popularity I’ve ever heard,-1,1734404802,TWICE_Strategy
m2gcli3,kpop,Please Malaysia 😭 You can't have Nayeon as a Malaysian brand ambassador and not have them perform here💔,7,1734413926,TWICE_Strategy
m2gcolr,kpop,does anybody have a link to the program that Tzuyu attended?,3,1734413972,TWICE_Strategy
m2gys39,kpop,"This sounds so pretty, IU's vocals blended well with TWICE's",16,1734427680,TWICE_Strategy
m2hc92w,kpopthoughts,"LE SSERAFIM - I'm not really strongly biased towards any member but if I were to pick, it would be Chaewon. Absolutely love her visuals, stage presence, dance and vocal tone. Her fancams are always my fav to watch!

ILLIT - Wonhee!! Such a cutie pie. I love her smile and she totally fits the concepts and songs of ILLIT. Love her personality as well. 

Fromis_9 - Chaeyoung & Seoyeon! Absolutely love watching Chaeyoung perform and fell for Seoyeon after the Hybe Game Caterers random dance challenge. They're both so stunning as well!",3,1734436318,TWICE_Strategy
m2hctsd,kpop,"People are also rooting for Malaysia, Philippines, Taiwan and more Europe locations to be included in the list lol. Since SKZ's tour will go on till July, I'm guessing their tour will kick off in the later half of 2025 since Chaeyoung's and Jihyo's solos might be coming up next for now. But someone from the group's live band apparently uploaded a small sneak photo of the sound equipment in the room where they train and practice for their tours and concerts, so hey who knows when they might kick it off.",2,1734436631,TWICE_Strategy
m2hddr4,kpopthoughts,"Honestly, same for me. I don’t have a strong bias from Lsfm but Chaewon and Yunjin are always in my top 2. And Chaeyoung is so eye-catching isn’t she??",1,1734436933,TWICE_Strategy
m2hh7tb,kpopthoughts,"Yes but also no, Felix is one of the popular members so sometimes people who aren't completely into kpop will like him, but because he's popular he's an easier target for gg stans who hate bgs and bg stans who hate skz, there were some nasty comments when he featured on Nayeon's song.",26,1734438887,TWICE_Strategy
m2hhd3w,kpopthoughts,Nayeon's laugh will give me a good dream,3,1734438957,TWICE_Strategy
m2hlizf,kpopthoughts,"aespa: Karina, love her since debut specially bc of her personality, she is very sweet and love her extroverted side. Sometimes Ningning takes her spot as my favorite, she is very funny and I love her laughter. Honestly all the girls from aespa are my favorite idols by far. 

I only stan aespa rn but I have biases in other groups I used to stan in the past.

Twice: Mina, she is so pretty and love her voice tone.

Red Velvet: Seulgi, my first kpop bias. I mean she is the complete package, talented and with a great personality.

Loona: Chuu and Yves, Heart Attack sold me on them.

NewJeans: Hanni, amazing stage presence and seems very sweet.",0,1734440854,TWICE_Strategy
m2hwwiu,kpopthoughts,"There's a lot of emphasis on visuals of my biases, but typically I gravitate towards vocals, ability, and personality first. I used to gravitate towards the rappers in various groups, but it's not as defining for me anymore.

Moonbyul of MAMAMOO - She is my ult bias. She's so cool. I love her singing and rap voice. I did not think I would gravitate towards her tomboy aesthetic considering my preference for more cute aesthetics, but alas.

Miyeon of (G)I-DLE - I love her princess persona, and she's a complete goofball - She seems to take teasing well. She has a wonderful voice.

Eunha of Gfriend/VIVIZ - I immediately gravitated towards her when I saw/heard her in the 'Mago' MV.

YooA of Oh My Girl - She's sometimes slightly out of sync with the rest of the group during choreo, and I picked up on that, and she eventually became my favorite because of it.

Joy of Red Velvet - She's the tallest member of the group and stood out to me immediately because of that. She may not have the strongest singing voice, but her voice is my favorite of them all.

Joonie of ICHILLIN - She emotes really well, and is kinda goofy because of it.

Dami was my bias in Dreamcatcher, but I've since become OT7. Nana was my bias in WOOAH, but I've since become OT5. Sana, Jeongyeon, and Chaeyoung are my biases in TWICE, but I've slowly been shifting towards OT9.",6,1734445436,TWICE_Strategy
m2i7lsz,kpopthoughts,"I’ve never seen Chaeyoung hate but even if she did get hate, Sakura and Eunchae were getting violent and disgusting threats daily at one point. There’s no real criticism destructive or otherwise, just intense cruelty and mysogyny.",8,1734449230,TWICE_Strategy
m2ia04z,unpopularkpopopinions,"This is some real powerful delusion right here. TWICE are entirely carried by nostalgia? Hm, then why do they still win awards, and most of them have very successful solo careers? TWICE aren’t even anywhere near my favourite group but downplaying the fact that they’ve won more weekly awards and bigger ones than SKZ has or ever will is insane bruh.",-1,1734450037,TWICE_Strategy
m2iaxwq,kpop,TWICE WORLD DOMINATION,1,1734450345,TWICE_Strategy
m2ibp0i,kpopthoughts,Chaeyoung of Twice and her little humming falsetto voice.,2,1734450595,TWICE_Strategy
m2ig3ok,unpopularkpopopinions,"None of their solos have even touched Spotify global or charted well other than Nayeon’s Pop and you’re just proving what I said earlier about their awards because all of their big ones are from their early days. Not to mention only in Korea, same country in which they currently don’t chart well anymore and can’t sell out venues skz were using for their fanmeetings. The only market Twice are currently still doing much better in is Japan.",3,1734452017,TWICE_Strategy
m2iix12,kpopthoughts,"Gidle's _Wife_ and _Klaxon_ 


Tzuyu's _Run Away_


Taeyong's _Tap_ (tbh I don't remember if it was hated.. but it certainly deserved more appreciation, imo)",19,1734452921,TWICE_Strategy
m2ilxmj,kpopthoughts,"Wendy, RV. Her voice and kindness are unmatched. 

Chaeryeong, Itzy. Her ferocity and foxy eyes are killer.

Ningning, aespa. Exact same as Wendy; Her voice and empathy.

Minnie, Gidle. Her vocal tone is intoxicating.

Tzuyu, Twice. Her visual. I'm nkt a shallow person by anymeans, but goddamn her visuals are intense and it's awesome to see her confidence explode these last few months. 

Lily, Nmixx. Her Aussie accent and amazing singing are tough to beat.",2,1734453885,TWICE_Strategy
m2inn2t,kpopthoughts,"I think my biases all have these things in common - great performers and funny (usually goofy). Usually somebody that catches my eye on stage and makes me laugh. I would also say I like dancers as Chaeryeong, Momo, and SuA are the best dancers of their generations and Haewon is very good also. 

ITZY - Chaeryeong (Ult)

Twice - Momo (Jihyo is a very close bias wrecker)

Dreamcatcher - SuA (my wife says I like her because she looks like Chaeryeong. My phone agrees at it saves her and Chaeryeong’s pictures as the same person)

Nmixx- Haewon",6,1734454428,TWICE_Strategy
m2j4o06,kpopthoughts,"* **BTS:** RM and Suga (aka Namjoon and Yoongi) -- I cannot choose an ult of ults between the two, although Joon started as my main ULT when I first started stanning BTS, but Yoongi made me accept that the double bias life is for me. In general, I have always gravitated towards BTS' rap-heavy songs, I love their love for music and creating, and while I don't necessarily relate to them the most, they are people who inspire me a lot.
* **Twice:** Momo -- her dancing and performance drew me in immediately. Not to be so focused on visuals, but I also find her absolutely beautiful. Jihyo is my Twice bias wrecker as I have a lot of respect for leaders and she is also an amazing performer.",6,1734459817,TWICE_Strategy
m2jjlll,kpop,"Day 1 sold out instantly, Day 2 sat at around 80-90% until the week of the concert.

Also tbf, i met a lot of Seattle ONCEs at TWICE vegas, and they all told me theyd go to Vancouver for a twice concert, especially if the US dollar stays as strong compared to ours (met a lot of americans at Toronto that chose that over NY because its cheaper for them, id assume if vancouver got a concert youd see people from the US side of the PNW do the same)",2,1734464508,TWICE_Strategy
m2jyhf2,kpopthoughts,Those are some great singers! And I agree on what you said about Tzuyu! It's like she broke out of a shell with her solo project.,2,1734469248,TWICE_Strategy
m2ke5m4,kpopthoughts,"I usually pick by the one that makes me laugh the most or the one that catches my attentions the most in MVs.

ATEEZ - Jongho


Red Velvet - Wendy/Seulgi


BTS - Yoongi


Dreamcatcher - SuA/JiU


LOONA - Chuu


WEEEKLY - Jihan 


GFriend - Eunha/SinB


G-idle - Soyeon


æspa - Winter


MAMAMOO - Hwasa/Wheein


BLACKPINK - Lisa/Jennie


TWICE - Nayeon/Sana


IVE - Wonyoung


ITZY - Lia


EVERGLOW - Aisha


LE SSERAFIM - Yunjin",2,1734474295,TWICE_Strategy
m2ki04y,kpopthoughts,"Twice - MINA, she's gorg and I like her tone. Also, we're quite similar - she's super quiet, likes to stay indoors, crochets and can get a bit wild around people she's super comfy with.


ITZY - Lia, love her voice and she just has this expensive vibe. She's also got an almost bitchy takes the piss out of her close people sense of humor with her members which is similar to me


Idle - Miyeon, she's just gorgeous, great singer, she can't dance and owns it and is always in a good mood. 


Ive - Liz, love her voice and blonde hair. Her energy is too much for me tho loll


AESPA - winter, great looks, can pull of any hair style, good singer and dancer 


Le Serrafim - Chaewon, wakes up and just drinks idol juice in the morning. She's perfect. 


Blackpink - Rosé, amazing singer, love her look and she seems quiet too. Also she was the first blackpink member I ever saw and i kinda latched onto her. 


Purple Kiss - Dosie, great dancer, underrated actually 


Kepler - Hikaru, my fave female dancer in kpop


Red Velvet - Selgui, her voice 


Nmix - hard to pick but I like Sullyoon, she's my favorite singer in that group 


Fromis - Hayoung, great singer and dancer 


Bts - Jimin, face, dancing, cutie 


Ateez - Yeosang, he's an elf prince 


Monsta x - Kihyun, I like good singers 


Seventeen - SCOUPS, he just looks like a piece of shit (lovingly) and that's my type lol",1,1734475589,TWICE_Strategy
m2kv5y7,kpop,"This isn’t the sub for this sort of post, and it will be deleted FYI.

That said, if you see this comment, join the subs of each group you mentioned as those places likely have weekly/general discussion threads, [like the one for TWICE](https://www.reddit.com/r/twice/comments/1hf62jp/241216_weekly_discussion_thread/), where you can post this and likely get some responses.

Best of luck.",2,1734480315,TWICE_Strategy
m2l7ehq,kpopthoughts,"Saw a video recently (though the video is about 2 months old), and it was Han from Stray Kids on Jeongyeon from Twices show, and something that really boggled my mind...though its not exactly a secret or new, its just weird how often and common it is that artists never see each other within the same company. This is something thats been shown a couple of times, but just the most recent example to my memory as of now, and its still strange.

They were talking and at one point mentioned that the 1st and last time they met each other was 2 years ago. Thats it. And this was their second time actually meeting each other. Its just strange how a company will have so many groups in the same building, and they will almost never interact with each other, even when they are always using the exact same facilities like the choreo room, and unless some special occasion crops up or they schedule a TikTok challenge together they will likely never cross paths.

Course there are the obvious things like scheduling conflicts and just never being in the same place at the same time, but when you see Momo, occasionally Jihyo, and others doing so many tiktok collabs I guess you would figure surely they may be crossing paths more than that. But only meeting for the 2nd time face to face after 2 years is kind wild.",1,1734484786,TWICE_Strategy
m2lhixx,Aespa,it really just comes down to getting there early. in my experience with TWICE I had gotten to the merch line about 3 1/2 hours before the doors open and i was about 20th in line and got everything i wanted (lightstick and hoodie). lightsticks sold out in about 20-30 minutes 😭,2,1734488553,TWICE_Strategy
m2llv3n,kpopthoughts,"It's incredibly hard to pick a top 10 because it's difficult to take into account the comparison of having a few stand-out tracks vs having a great listening experience. In no particular order, I'd say my favorites are *I burn* and *I trust* by (G)i-dle (*I trust* has the better songs, but *I burn* has more of them), *I've IVE* by IVE, *Oddinary* by Stray Kids, and *Chill Kill* by Red Velvet. I also hold *Misconceptions of Us* by SHINee in high regard, though I'm not very familiar with most of the songs.

Honestly, a lot of 2024's releases *feel* like they're going to threaten that list because this is the first year I've really gone deep into releases. There are a lot of older albums I need to listen to as well (SNSD, f(x), and definitely Red Velvet's greats), and many of my favorite kpop songs of all time are from albums I've not entirely listened to. If I were to predict a few that might take the list, it would be *I've Switch* (IVE) followed by *WALK (NCT 127)* and *Na* (Nayeon).",5,1734490212,TWICE_Strategy
m2lp9z4,kpopthoughts,"'#Cookie Jar' is my favorite JP song from Red Velvet, and a strong contender for my favorite song by them.


Dreamcatcher has some really good JP releases. 'Breaking Out' was my introduction to them as a group.


I don't typically care for re-recordings of songs in different languages. I like TWICE's 'The Feels', but can barely get through the Korean version. I listen to the JP and Korean versions YENA's 'Smiley' pretty consistently, depending upon my mood.",2,1734491526,TWICE_Strategy
m2lteu5,kpop,"Just watched the interview with Twice and IU really established herself as the idol of idols with all of them, particularly jeongyeon and dahyun, fangirling the whole time. Lmao",13,1734493164,TWICE_Strategy
m2m4ee7,kpopthoughts,"Le sserafim - easy, crazy

Gidle - wife

Babymonster - everything(y'all hate these kids so much and for what?)

Rockstar - Lisa

Tzuyu - everything(shocked that this was hated) 

Illit - tiktak

Stray kids - ATE album(haven't listened to their new stuff yet so can't comment there) 

Yuqi - on clap

Eenie menie - chungha

I usually end up with the opposite opinion of the reddit hive mind if you can't tell from how long this is. There's probably some I missed too.",9,1734497896,TWICE_Strategy
m2mifhy,kpopthoughts,"If I can contribute some tracks from Nayeon:

- Sunset (IM NAYEON)

- Happy Birthday (IM NAYEON)

- Something (ABCD)

- Count It (ABCD)

And from OT9 I’d say:

- Doughnut!!! - Should be played in Christmas commercials 

- Up No More

- The entire Perfect World album",2,1734505521,TWICE_Strategy
m2mlrgu,kpop,"Nayeon solo performance??

Love it!",4,1734507625,TWICE_Strategy
m2munu9,kpop,"They did right to change the chorus! Momo & Chaeyoung are so much more impactful on their own at the end.

I wish they’d kept the dreamy Jihyo (?) / Nayeon bit though - at least in the Twice version of strategy. This is a fun idea though- I’ve only heard of tri.be releasing the original version precisely.",34,1734513643,TWICE_Strategy
m2mytfv,kpop,"Proud to be part of that 4.9% of gay men! Hopefully we will keep on growing 🙏🏼

Our top 10 groups makes so much sense:

* TWICE
* aespa
* Red Velvet
* IVE
* SKZ
* LOONA
* LE SSERAFIM
* Girl's Generation
* (G)-IDLE
* Dreamcatcher

Although I gotta admit that I would change Dreamcatcher with OnlyOneOf, they're a little too low considering they make music for us 😭💖

Other groups I loved seeing on our list are ZB1 ofc, Loosemble, CIX, VIVIZ, KARD, A.C.E, SF9... immaculate taste!!",30,1734516516,TWICE_Strategy
m2n6xt8,kpopthoughts,"It's worth noting that Jeongyeon specifically is kind of a hermit. Like even Jihyo, who's her best friend in the same group, has a pretty hard time getting her to hang out. She skips company dinners, cancels stuff last minute, and if she does come, she's known for coming home early. Aside from all that, she also does dance challenges the least out of the other members.

Anyway, all of this is to say that Han and Jeongyeon not meeting much is probably just on Jeongyeon lol.",3,1734521654,TWICE_Strategy
m2n8agn,kpopthoughts,"My friends that enjoy listening to music generally like Oh My Girl's 'Windy Day', TWICE's 'The Feels', CHANMINA's 'Mirror', Red Velvet's 'Ice Cream Cake', and WOOAH's 'Purple'.

One friend really really likes (G)I-DLE, but the rest detest them despite our best efforts. Soyeon's voice is often a point of contention.

One friend really likes MAMAMOO after I shared some of their songs with her.

For the most part, they only like the bright and poppy side of K-pop, compared to the darker, weirder stuff.",4,1734522424,TWICE_Strategy
m2nombj,kpop,"- Jeongyeon and Chaeyoung height difference (big help from Jeongyeon's boots).
- Jeongyeon is Tzuyu's number one fan... run, run away...
- Jeongyeon and Jihyo leads in a KDrama.",5,1734529929,TWICE_Strategy
m2np7v7,kpopthoughts,I would say Sana or Jihyo for Twice,4,1734530164,TWICE_Strategy
m2nts1c,kpopthoughts,"Taehyung, Jungkook, Jimin… Momo, Jihyo, Mina, Sana and really don’t know about Shinee or Got7 since it’s been a while for both. But I’d think for Shinee it’s definitely Minho nowadays since he got SO big and buff and likes to strip now. Lmao",4,1734531923,TWICE_Strategy
m2nw8ru,kpopthoughts,"mina (twice), irene (red velvet), taeyeon (snsd), and krystal (f(x)). i like the ice princess aura.",1,1734532836,TWICE_Strategy
m2oau3j,kpop,"TWICE are my faves, but I’m really shocked that Blackpink is #20 😳",9,1734537779,TWICE_Strategy
m2ohvmf,kpopthoughts,"Last I checked, they didn’t report all the numbers for the TWICE’s 2024 dates. Think they would be no2 otherwise",14,1734540045,TWICE_Strategy
m2oj719,unpopularkpopopinions,"My unpopular opinion:

There is no 5th gen. leader and a lot of the discourse regarding that is heavily biased, just because xyz group is stan twts fav at the moment doesn’t meant their IT girls or IT group. The real discussion of who leads in 5th gen will start once the big 3 starts debuting their 5th gen ggs so far only JYP and SM hasn’t debuted theirs yet and SM has a grip in the Korean market so we’ll see.

JYP hasn’t had their flagship gg besides TWICE, ITZY and NMIXX haven’t managed to grip the GP as of late, although NMIXX has charted better this year they have yet to get PAKS or daesangs and there about to go on tour next year meaning they’ll have less visibility as most groups who go on tour do. There next comeback will have to be really good as they will comeback after the great year they’ve had as a group in order to see the potential. 

ILLIT can not be considered the 5th gen leader until there next couple comebacks do well or almost as well as Magnetic, Cherish underperformed most likely due to the group coming off of a huge hate train and being one of the main face of the corporate battle.",-1,1734540458,TWICE_Strategy
m2ol5ze,unpopularkpopopinions,"I'm pretty sure they're at least Top 3, so wouldn't that qualify them as one of the biggest 5th gen groups? Like who else is in the running after KIOF, Baemon & Illit?

KIOF has a Top 3 Melon hit, multiple viral songs in Korea & abroad (Midas Touch, Sticky, Igloo), a big enough international fanbase to go on a sold-out world tour with more than 30+ stops in their 1st year, consistently selling over 100K for their albums, going viral on SNS every other week, performed at Jingle Ball, performed at Valorant championship, got collab with top artists like Nayeon & Jay Park, mingles with Speed & Tyla - all this despite coming from a very small nugu company.",1,1734541072,TWICE_Strategy
m2olbte,unpopularkpopopinions,"I'm pretty sure they're at least Top 3, so wouldn't that qualify them as one of the biggest 5th gen groups? Like who else is in the running after KIOF, Baemon & Illit?

KIOF has a Top 3 Melon hit, multiple viral songs in Korea & abroad (Midas Touch, Sticky, Igloo), a big enough international fanbase to go on a sold-out world tour with more than 30+ stops in their 1st year, consistently selling over 100K for their albums, higher Spotify monthly listeners than many Big 4 groups, going viral on SNS every other week, performed at Jingle Ball, performed at Valorant championship, got collab with top artists like Nayeon & Jay Park, mingles with Speed & Tyla - all this despite coming from a very small nugu company.",1,1734541122,TWICE_Strategy
m2olz6e,kpopthoughts,TWICE at #5 with shows!! Icons OMG,12,1734541329,TWICE_Strategy
m2om455,kpopthoughts,"Sadly JYPE didn't report for TWICE or they could have been higher 

Sigh still impressive nonetheless for all the acts here !!",32,1734541373,TWICE_Strategy
m2p4hk4,kpopthoughts,Jihyo the stage presence queen,5,1734547138,TWICE_Strategy
m2p9x2w,kpopthoughts,"WJSN OT10 Comeback

1 member of TWICE leaves JYP but stays in the group",5,1734548831,TWICE_Strategy
m2phor5,kpop,"It's Jihyo, Jeongyeon and Nayeon doing that bit, finishing with Sana",7,1734551280,TWICE_Strategy
m2pp6m9,kpop,"It's not necessarily sketchy, at least in Europe. I went to Oxford and there are several subjects there where you get a Master's without a Bachelor's. It's [normal for Engineering](https://www.ox.ac.uk/admissions/undergraduate/courses/course-listing/engineering-science), for example, because it's a four-year course (the UK standard is three years for a Bachelor's) so you have enough time to meet the professional requirements. If you have an Oxford Bachelor's in Engineering it means you dropped out early and didn't finish the full course

I used to work at a large public university in London and on our Master's application form, there was a box you could tick for ""no previous qualifications"". Not everybody is blessed with following the normal path in life. It also happens, for example, with senior military officers in the British Army. E.g. [Lieutenant-General Douglas Chalmers](https://en.wikipedia.org/wiki/Douglas_Chalmers). He never did a Bachelor's but went straight to a Master's at the School of Advanced Military Studies. He went on to do a second Masters at the University of Cambridge and is now Master of Emmanuel College there.

And as I explain in the comment I linked, it's what my own father did.

There are legitimate questions about whether Tzuyu has the same brains as General Chalmers, but skipping a Bachelor's in itself isn't unheard of.",1,1734553625,TWICE_Strategy
m2s09e9,kpopthoughts,"Also interesting when you divide ticket's sold by concerts held to find the average number of attendants per concert.

  
TWICE is in top spot with 44,000 average. 

Seventeen comes next with 36,000.

TXT drew 17,500 people on average to each concert.

ATEEZ with 14,750 comes next.

IU with an average of 11,500 followed close by ENHYPEN with 11,250.

IVE performed in front of an average of 9,250 people.

Finally we have I-DLE, NXT, and ITZY with 7,750 ,  7,500 ,  and 7000 respectively.

  
Factor in the the ticket prices and you can have fun speculating who could've sold out a larger venue",10,1734583637,TWICE_Strategy
m2sm28i,kpop,You were correct! I figured out the bloop I caused when copying over the list. Just a few artist names starting with 'T' got knocked out during an edit. Made sure I checked the numbers again and re-copied the whole list. So it was Red Velvet and TWICE getting the same votes at the top with aespa just a couple votes below them.,6,1734596001,TWICE_Strategy
m2sy9tt,kpopthoughts,"Domino by Nayeon, Jeongyeon, and Jihyo!",2,1734604381,TWICE_Strategy
m2t132d,kpopthoughts,"Dreamcatcher - ['Havana' (Camila Cabello feat. Young Thug)](https://www.youtube.com/watch?v=xL9FL7Sd6ds)

Dreamcatcher - ['Lucky Strike' (Maroon 5)](https://www.youtube.com/watch?v=AM7ro_nBCHI)

Dreamcatcher - ['You Don't Know You're Beautiful' (One Direction)](https://www.youtube.com/watch?v=EvuvWdDJLdc&t=91s)

Siyeon (Dreamcatcher) - ['Faded' (Alan Walker)](https://www.youtube.com/watch?v=ntC3YPWVHKY)

Siyeon (Dreamcatcher) - ['Speechless' (Aladdin OST)](https://www.youtube.com/watch?v=tOBZjPuAKMQ)

SuA (Dreamcatcher) - ['Standing Next to You' (Jungkook)](https://www.youtube.com/watch?v=uJ2fZYYj7tI)

Gfriend - ['Like Ooh-Ahh' (TWICE)](https://www.youtube.com/watch?v=8Os5wuyPEks)

TWICE - ['Me Gustas Tu' (Gfriend)](https://www.youtube.com/watch?v=BAM_swBFUSM)

WOOAH - ['Love Dive' (IVE)](https://www.youtube.com/watch?v=YrT4sWXsngk)

WOOAH - ['Power Up' (Red Velvet)](https://www.youtube.com/watch?v=TtyrmxW8oY4)

Nana (WOOAH) - ['ABCDEFU' (GAYLE)](https://www.youtube.com/watch?v=RBKwlCm1eI4)

Sora (WOOAH) - ['Uchiage Hanabi/Fireworks' (DAOKO x Kenshi Yonezu)](https://www.youtube.com/watch?v=uypRg03o-zY)",2,1734606189,TWICE_Strategy
m2tckb1,kpopthoughts,"In terms of group leaders, I think Once and TWICE themselves do a really good job of acknowledging, valuing, and appreciating God Jihyo. 😄😄",4,1734612407,TWICE_Strategy
m2tiqp9,kpopthoughts,"Twice Nayeon, she's not the group's center for nothing.",10,1734615068,TWICE_Strategy
m2tiuy3,kpopthoughts,"Badvillain - Vin. She has that aura that gives main character even with limited lines. 

Lesserafim - Chaewon. Commanding presence and just dominating the whole performance and MV.

Viviz - Eunha, just oozing charisma and slaying any concept from cute to sexy. One of the best idols in the industry

Twice- Jihyo. The nickname God Jihyo explains everything. But twice has a hidden main character Chaeyoung, amazing screen presence in MVs and just steals the spotlight.",13,1734615115,TWICE_Strategy
m2u0mo1,kpopthoughts,Im Nayeon lol.,7,1734621637,TWICE_Strategy
m2u1w2n,kpopthoughts,"The great thing about Kpop is that it’s normalized idols being soloists without having to choose between their group and solo work. Nayeon, Rosé, etc. can all be successful soloists while also being valuable members of a group. So I don’t think anyone is “better off” as a soloist because they don’t need to leave their group if they don’t want to.",34,1734622050,TWICE_Strategy
m2u7vsg,kpopthoughts,Nayeon,8,1734623993,TWICE_Strategy
m2uezvs,kpopthoughts,"Jihyo (beautiful voice and one of my favorites in Twice, but not what I would consider angelic) is one of the first people I thought of for this.",6,1734626282,TWICE_Strategy
m2uf98r,kpop,"I've been a ONCE since debut and Twice has always held a stronghold with the queer community. Sana started it off strong but the Chaeyoung/Mina friendship and Nayeon's skinship affinity really established them as such. And then when Fancy hit they got a big influx of fans of the diva/slay queen aesthetic which showed through in the memes for I Can't Stop Me and The Feels. Even when their aesthetic was bubblegumpop, the hot members have always been flaunted and the funny members were highlighted in variety content.

But mainly their friendship dynamic as a group is amazing to watch, their concert performances are spectacular and that shows through in everything they put together, so it makes complete sense they've continued to dominate.",3,1734626364,TWICE_Strategy
m2uk3kr,kpopthoughts,"Taeyeon, Jihyo, Namjoon, Soyeon can't relate.",11,1734627897,TWICE_Strategy
m2v6cp3,kpopthoughts,"Most group’s center, like Nayeon, Wonyoung, Jennie…",4,1734635679,TWICE_Strategy
m2vz0mu,kpopthoughts,"i would sell my soul for more city pop songs from red velvet and twice, bamboleo and say something are easily top 5 b-side material imo

joy and sana specifically …… i’m looking at you!",6,1734644832,TWICE_Strategy
m2wgplj,kpopthoughts,"BLACKPINK, TWICE, and Red Velvet solos.",-4,1734650960,TWICE_Strategy
m2wgt83,kpopthoughts,"Taehyung with RnB/Soul! Bro cooked w Singularity and Christmas Tree. Honestly, if he and Colde made a collab, it would send me somewhere! Similarly, I think NewJeans have shown great potential to RnB too with ""Get Up"". On the other hand, More & More was somewhat one of the weak comebacks of TWICE, I think they have a potential for an afrobeat/dancehall songs. EXO needs to have a comeback with Sexy RnB songs again. With Kiss of Life, since they have that mature baddie concept from the start, I think a Justin Timberlake funk track (similar to 3D) would work!",6,1734650997,TWICE_Strategy
